epoch,aggregation_latency_ms,recovery_latency_ms,aggregation_completeness,loss_exposure_fraction,communication_overhead_KB,system_availability,queue_utilization,recovery_frequency,scheduling_latency_ms,state_refresh_ms,workload_imbalance,processing_overhead_ms,energy_joules,scheduling_comm_kb,recomputation_overhead_ms,reused_microslot_count
0,10.125082,0.000662,1.007671,0.000000,0.000000,1.000000,0.802636,1,0.000279,0.000548,2.101888,9.999969,1.499995,0.312500,0.000000,0.000000
1,10.031859,0.001220,1.007724,0.000000,0.000000,1.000000,0.817696,1,0.000070,0.000557,1.864534,9.919194,1.487879,0.312500,0.000000,0.000000
2,10.346786,0.000000,0.991511,0.000000,0.000000,1.000000,0.832266,0,0.000068,0.000504,1.655985,10.245198,1.536780,0.312500,0.000000,0.000000
3,10.217721,0.000000,0.993087,0.000000,0.000000,1.000000,0.846864,0,0.000060,0.000866,1.466843,10.126117,1.518918,0.312500,0.000000,0.000000
4,10.111033,0.000000,0.997938,0.000000,0.000000,1.000000,0.861618,0,0.000330,0.000857,1.297449,10.028435,1.504265,0.312500,0.000000,0.000000
5,10.472500,0.000000,0.998704,0.000000,0.000000,1.000000,0.871257,0,0.000061,0.000667,1.147776,10.397904,1.559686,0.312500,0.000000,0.000000
6,10.355902,0.000000,0.997114,0.000000,0.000000,1.000000,0.880528,0,0.000141,0.000864,1.017664,10.288309,1.543246,0.312500,0.000000,0.000000
7,10.311144,0.000000,1.000474,0.000000,0.000000,1.000000,0.892678,0,0.000144,0.000684,0.897910,10.250050,1.537507,0.312500,0.000000,0.000000
8,10.172321,0.000000,1.002714,0.000000,0.000000,1.000000,0.901437,0,0.000138,0.001262,0.788592,10.117221,1.517583,0.312500,0.000000,0.000000
9,10.098653,0.000000,1.003284,0.000000,0.000000,1.000000,0.908722,0,0.000136,0.000712,0.690432,10.048059,1.507209,0.312500,0.000000,0.000000
10,10.000758,0.000000,1.002929,0.000000,0.000000,1.000000,0.914143,0,0.000142,0.000569,0.611486,9.950164,1.492525,0.312500,0.000000,0.000000
11,9.935479,0.000000,1.003267,0.000000,0.000000,1.000000,0.921520,0,0.000063,0.001069,0.535001,9.935383,1.490307,0.312500,0.000000,0.000000
12,10.296593,0.000000,1.005642,0.000000,0.000000,1.000000,0.928997,0,0.000145,0.000623,0.470556,10.238999,1.535850,0.312500,0.000000,0.000000
13,10.227678,0.000000,1.003258,0.000000,0.000000,1.000000,0.933214,0,0.000141,0.000736,0.416776,10.170082,1.525512,0.312500,0.000000,0.000000
14,10.232955,0.000000,1.005939,0.000000,0.000000,1.000000,0.939736,0,0.000059,0.000662,0.374498,10.054849,1.508227,0.312500,0.000000,0.000000
15,10.585000,0.000000,1.004022,0.000000,0.000000,1.000000,0.944654,0,0.000062,0.000701,0.336867,10.409900,1.561485,0.312500,0.000000,0.000000
16,10.391145,0.000000,1.006528,0.000000,0.000000,1.000000,0.950493,0,0.000070,0.000644,0.300113,10.203052,1.530458,0.312500,0.000000,0.000000
17,10.418711,0.000000,1.005415,0.000000,0.000000,1.000000,0.953804,0,0.000135,0.001006,0.269457,10.238112,1.535717,0.312500,0.000000,0.000000
18,10.268239,0.000000,1.006032,0.000000,0.000000,1.000000,0.958021,0,0.000063,0.000612,0.238516,10.028635,1.504295,0.312500,0.000000,0.000000
19,10.218516,0.000000,1.004069,0.000000,0.000000,1.000000,0.960670,0,0.000062,0.000550,0.215292,10.046924,1.507039,0.312500,0.000000,0.000000
20,10.184152,0.000000,1.006606,0.000000,0.000000,1.000000,0.963474,0,0.000136,0.000638,0.192711,9.920553,1.488083,0.312500,0.000000,0.000000
21,10.142959,0.000000,1.002419,0.000000,0.000000,1.000000,0.966394,0,0.000281,0.000985,0.171610,9.885858,1.482879,0.312500,0.000000,0.000000
22,10.525710,0.000000,1.005608,0.000000,0.000000,1.000000,0.969655,0,0.000183,0.000687,0.150577,10.205102,1.530765,0.312500,0.000000,0.000000
23,10.318585,0.000000,1.006213,0.000000,0.000000,1.000000,0.974573,0,0.000136,0.000605,0.127757,10.055987,1.508398,0.312500,0.000000,0.000000
24,10.336774,0.000000,1.005778,0.000000,0.000000,1.000000,0.974573,0,0.000150,0.000666,0.114437,10.013170,1.501975,0.312500,0.000000,0.000000
25,10.635919,0.000000,1.006167,0.000000,0.000000,1.000000,0.978789,0,0.000360,0.000690,0.094928,10.386309,1.557946,0.312500,0.000000,0.000000
26,10.627932,0.000000,0.999600,0.000000,0.000000,1.000000,0.982101,0,0.000067,0.000807,0.076941,10.298336,1.544750,0.312500,0.000000,0.000000
27,10.619462,0.000000,1.002005,0.000000,0.000000,1.000000,0.982101,0,0.000148,0.000728,0.091721,10.289866,1.543480,0.312500,0.000000,0.000000
28,10.463430,0.000000,1.004657,0.000000,0.000000,1.000000,0.982101,0,0.000135,0.000793,0.077035,10.133828,1.520074,0.312500,0.000000,0.000000
29,10.418187,0.000000,1.005545,0.000000,0.000000,1.000000,0.982101,0,0.000134,0.000722,0.076984,10.088593,1.513289,0.312500,0.000000,0.000000
30,10.193090,0.000935,1.007671,0.000000,0.000000,1.000000,0.802636,1,0.000144,0.000731,2.101888,10.067942,1.510191,0.312500,0.000000,0.000000
31,10.108409,0.000936,1.007724,0.000000,0.000000,1.000000,0.817696,1,0.000068,0.000673,1.864534,9.995767,1.499365,0.312500,0.000000,0.000000
32,10.368930,0.000000,0.991511,0.000000,0.000000,1.000000,0.832266,0,0.000069,0.000668,1.655985,10.267334,1.540100,0.312500,0.000000,0.000000
33,10.218857,0.000000,0.993087,0.000000,0.000000,1.000000,0.846864,0,0.000061,0.000644,1.466843,10.127264,1.519090,0.312500,0.000000,0.000000
34,10.180778,0.000000,0.997938,0.000000,0.000000,1.000000,0.861618,0,0.000061,0.000522,1.297449,10.098176,1.514726,0.312500,0.000000,0.000000
35,10.371737,0.000000,0.998704,0.000000,0.000000,1.000000,0.871257,0,0.000062,0.001121,1.147776,10.297142,1.544571,0.312500,0.000000,0.000000
36,10.245339,0.000000,0.997114,0.000000,0.000000,1.000000,0.880528,0,0.000161,0.000810,1.017664,10.177739,1.526661,0.312500,0.000000,0.000000
37,10.247916,0.000000,1.000474,0.000000,0.000000,1.000000,0.892678,0,0.000141,0.000783,0.897910,10.186816,1.528022,0.312500,0.000000,0.000000
38,10.242888,0.000000,1.003023,0.000000,0.000000,1.000000,0.901437,0,0.000152,0.000659,0.788592,10.187772,1.528166,0.312500,0.000000,0.000000
39,10.170082,0.000000,1.003023,0.000000,0.000000,1.000000,0.908063,0,0.000062,0.000501,0.690169,10.119489,1.517923,0.312500,0.000000,0.000000
40,10.071479,0.000000,1.002929,0.000000,0.000000,1.000000,0.914024,0,0.000069,0.000614,0.611421,10.020868,1.503130,0.312500,0.000000,0.000000
41,10.011452,0.000000,1.003267,0.000000,0.000000,1.000000,0.921401,0,0.000060,0.000684,0.534927,10.011354,1.501703,0.312500,0.000000,0.000000
42,10.317699,0.000000,1.004623,0.000000,0.000000,1.000000,0.928877,0,0.000136,0.000845,0.470471,10.260094,1.539014,0.312500,0.000000,0.000000
43,10.165852,0.000000,1.005775,0.000000,0.000000,1.000000,0.934615,0,0.000059,0.000483,0.417433,10.108255,1.516238,0.312500,0.000000,0.000000
44,10.187029,0.000000,1.004370,0.000000,0.000000,1.000000,0.938230,0,0.000062,0.000769,0.374837,10.064928,1.509739,0.312500,0.000000,0.000000
45,10.614960,0.000000,1.004687,0.000000,0.000000,1.000000,0.944751,0,0.000132,0.000554,0.337037,10.440862,1.566129,0.312500,0.000000,0.000000
46,10.443398,0.000000,1.006037,0.000000,0.000000,1.000000,0.950049,0,0.000164,0.000829,0.300759,10.262797,1.539420,0.312500,0.000000,0.000000
47,10.527042,0.000000,1.004633,0.000000,0.000000,1.000000,0.953699,0,0.000143,0.000627,0.269673,10.345425,1.551814,0.312500,0.000000,0.000000
48,10.258275,0.000000,1.006149,0.000000,0.000000,1.000000,0.958808,0,0.000172,0.001070,0.238918,10.076666,1.511500,0.312500,0.000000,0.000000
49,10.299084,0.000000,1.005328,0.000000,0.000000,1.000000,0.961218,0,0.000148,0.000867,0.215324,10.119988,1.517998,0.312500,0.000000,0.000000
50,10.195997,0.000000,1.006052,0.000000,0.000000,1.000000,0.965192,0,0.000223,0.000652,0.191297,10.012397,1.501859,0.312500,0.000000,0.000000
51,10.154784,0.000000,1.002419,0.000000,0.000000,1.000000,0.967995,0,0.000147,0.001094,0.171277,9.905676,1.485851,0.312500,0.000000,0.000000
52,10.655488,0.000000,1.005648,0.000000,0.000000,1.000000,0.971256,0,0.000137,0.000782,0.150198,10.334881,1.550232,0.312500,0.000000,0.000000
53,10.448133,0.000000,1.008144,0.000000,0.000000,1.000000,0.975355,0,0.000098,0.000631,0.127623,10.186021,1.527903,0.312500,0.000000,0.000000
54,10.503043,0.000000,1.002516,0.000000,0.000000,1.000000,0.977764,0,0.000054,0.000672,0.107253,10.177429,1.526614,0.312500,0.000000,0.000000
55,10.718934,0.000000,1.005191,0.000000,0.000000,1.000000,0.977764,0,0.000145,0.001130,0.101589,10.393326,1.558999,0.312500,0.000000,0.000000
56,10.501610,0.000000,0.999423,0.000000,0.000000,1.000000,0.977764,0,0.000161,0.000653,0.088810,10.173506,1.526026,0.312500,0.000000,0.000000
57,10.538884,0.000000,1.002045,0.000000,0.000000,1.000000,0.977764,0,0.000139,0.000633,0.100856,10.210777,1.531617,0.312500,0.000000,0.000000
58,10.464438,0.000000,0.999744,0.000000,0.000000,1.000000,0.977764,0,0.000138,0.000520,0.088321,10.136325,1.520449,0.312500,0.000000,0.000000
59,10.543597,0.000000,1.001813,0.000000,0.000000,1.000000,0.977764,0,0.000134,0.000608,0.104165,10.215487,1.532323,0.312500,0.000000,0.000000
60,10.127284,0.000926,1.007671,0.000000,0.000000,1.000000,0.802636,1,0.000061,0.000870,2.101888,10.002141,1.500321,0.312500,0.000000,0.000000
61,10.068734,0.001135,1.007724,0.000000,0.000000,1.000000,0.817696,1,0.000060,0.000534,1.864534,9.956076,1.493411,0.312500,0.000000,0.000000
62,10.344025,0.000000,0.991511,0.000000,0.000000,1.000000,0.832266,0,0.000059,0.000560,1.655985,10.242431,1.536365,0.312500,0.000000,0.000000
63,10.328673,0.000000,0.993087,0.000000,0.000000,1.000000,0.846864,0,0.000061,0.000572,1.466843,10.237068,1.535560,0.312500,0.000000,0.000000
64,10.149376,0.000000,0.997938,0.000000,0.000000,1.000000,0.861618,0,0.000142,0.001078,1.297449,10.066786,1.510018,0.312500,0.000000,0.000000
65,10.387481,0.000000,0.998704,0.000000,0.000000,1.000000,0.871257,0,0.000139,0.000763,1.147776,10.312883,1.546932,0.312500,0.000000,0.000000
66,10.216341,0.000000,0.997114,0.000000,0.000000,1.000000,0.880528,0,0.000060,0.000681,1.017664,10.148745,1.522312,0.312500,0.000000,0.000000
67,10.293876,0.000000,1.000474,0.000000,0.000000,1.000000,0.892678,0,0.000239,0.000701,0.897910,10.232776,1.534916,0.312500,0.000000,0.000000
68,10.169306,0.000000,1.003023,0.000000,0.000000,1.000000,0.901437,0,0.000140,0.000703,0.788592,10.114214,1.517132,0.312500,0.000000,0.000000
69,10.118837,0.000000,1.003023,0.000000,0.000000,1.000000,0.908063,0,0.000136,0.000767,0.690169,10.068245,1.510237,0.312500,0.000000,0.000000
70,10.019522,0.000000,1.002929,0.000000,0.000000,1.000000,0.914024,0,0.000060,0.000723,0.611421,9.968925,1.495339,0.312500,0.000000,0.000000
71,9.974951,0.000000,1.003267,0.000000,0.000000,1.000000,0.921401,0,0.000064,0.000554,0.534927,9.974858,1.496229,0.312500,0.000000,0.000000
72,10.320601,0.000000,1.004623,0.000000,0.000000,1.000000,0.928877,0,0.000057,0.000569,0.470471,10.262989,1.539448,0.312500,0.000000,0.000000
73,10.145504,0.000000,1.005775,0.000000,0.000000,1.000000,0.934615,0,0.000138,0.000491,0.417433,10.087901,1.513185,0.312500,0.000000,0.000000
74,10.158393,0.000000,1.004370,0.000000,0.000000,1.000000,0.938230,0,0.000136,0.000835,0.374837,10.036298,1.505445,0.312500,0.000000,0.000000
75,10.473592,0.000000,1.004687,0.000000,0.000000,1.000000,0.944751,0,0.000069,0.000669,0.337037,10.299490,1.544924,0.312500,0.000000,0.000000
76,10.338799,0.000000,1.006037,0.000000,0.000000,1.000000,0.950049,0,0.000140,0.000554,0.300759,10.158197,1.523730,0.312500,0.000000,0.000000
77,10.375847,0.000000,1.004633,0.000000,0.000000,1.000000,0.953699,0,0.000070,0.000667,0.269673,10.194248,1.529137,0.312500,0.000000,0.000000
78,10.207154,0.000000,1.006149,0.000000,0.000000,1.000000,0.958808,0,0.000059,0.000794,0.238918,10.025551,1.503833,0.312500,0.000000,0.000000
79,10.146285,0.000000,1.005328,0.000000,0.000000,1.000000,0.961218,0,0.000061,0.000699,0.215324,9.967184,1.495078,0.312500,0.000000,0.000000
80,10.104227,0.000000,1.006052,0.000000,0.000000,1.000000,0.965192,0,0.000062,0.001290,0.191297,9.920623,1.488093,0.312500,0.000000,0.000000
81,10.132631,0.000000,1.002419,0.000000,0.000000,1.000000,0.967995,0,0.000061,0.000579,0.171277,9.883522,1.482528,0.312500,0.000000,0.000000
82,10.486997,0.000000,1.005648,0.000000,0.000000,1.000000,0.971256,0,0.000143,0.000788,0.150198,10.166396,1.524959,0.312500,0.000000,0.000000
83,10.318394,0.000000,1.008144,0.000000,0.000000,1.000000,0.975355,0,0.000171,0.000782,0.127623,10.056290,1.508443,0.312500,0.000000,0.000000
84,10.482857,0.000000,1.002516,0.000000,0.000000,1.000000,0.977764,0,0.000059,0.000786,0.107253,10.157250,1.523587,0.312500,0.000000,0.000000
85,10.697814,0.000000,1.005191,0.000000,0.000000,1.000000,0.977764,0,0.000062,0.000831,0.101589,10.372198,1.555830,0.312500,0.000000,0.000000
86,10.492456,0.000000,0.999423,0.000000,0.000000,1.000000,0.977764,0,0.000057,0.000786,0.088810,10.164346,1.524652,0.312500,0.000000,0.000000
87,10.507343,0.000000,1.002045,0.000000,0.000000,1.000000,0.977764,0,0.000041,0.000727,0.100856,10.179245,1.526887,0.312500,0.000000,0.000000
88,10.636362,0.000000,0.999744,0.000000,0.000000,1.000000,0.977764,0,0.000043,0.000705,0.088321,10.308265,1.546240,0.312500,0.000000,0.000000
89,10.700338,0.000000,1.001813,0.000000,0.000000,1.000000,0.977764,0,0.000060,0.000829,0.104165,10.372231,1.555835,0.312500,0.000000,0.000000
90,10.439619,0.001439,1.007671,0.000000,0.000000,1.000000,0.802636,1,0.000065,0.001389,2.101888,10.314400,1.547160,0.312500,0.000000,0.000000
91,10.248166,0.001109,1.007724,0.000000,0.000000,1.000000,0.817696,1,0.000141,0.000818,1.864534,10.135503,1.520325,0.312500,0.000000,0.000000
92,10.476549,0.000000,0.991511,0.000000,0.000000,1.000000,0.832266,0,0.000140,0.000846,1.655985,10.374940,1.556241,0.312500,0.000000,0.000000
93,10.206193,0.000000,0.993087,0.000000,0.000000,1.000000,0.846864,0,0.000140,0.001190,1.466843,10.114592,1.517189,0.312500,0.000000,0.000000
94,10.114886,0.000000,0.997938,0.000000,0.000000,1.000000,0.861618,0,0.000171,0.000830,1.297449,10.032288,1.504843,0.312500,0.000000,0.000000
95,10.386290,0.000000,0.998704,0.000000,0.000000,1.000000,0.871257,0,0.000168,0.000890,1.147776,10.311699,1.546755,0.312500,0.000000,0.000000
96,10.257301,0.000000,0.997114,0.000000,0.000000,1.000000,0.880528,0,0.000068,0.000592,1.017664,10.189691,1.528454,0.312500,0.000000,0.000000
97,10.280610,0.000000,1.000474,0.000000,0.000000,1.000000,0.892678,0,0.000062,0.000702,0.897910,10.219512,1.532927,0.312500,0.000000,0.000000
98,10.081686,0.000000,1.003023,0.000000,0.000000,1.000000,0.901437,0,0.000144,0.000659,0.788592,10.026592,1.503989,0.312500,0.000000,0.000000
99,10.064125,0.000000,1.003023,0.000000,0.000000,1.000000,0.908063,0,0.000168,0.000837,0.690169,10.013534,1.502030,0.312500,0.000000,0.000000
100,10.050013,0.000000,1.002929,0.000000,0.000000,1.000000,0.914024,0,0.000139,0.000670,0.611421,9.999410,1.499912,0.312500,0.000000,0.000000
101,9.977841,0.000000,1.003267,0.000000,0.000000,1.000000,0.921401,0,0.000189,0.000713,0.534927,9.977742,1.496661,0.312500,0.000000,0.000000
102,10.290033,0.000000,1.004623,0.000000,0.000000,1.000000,0.928877,0,0.000135,0.000630,0.470471,10.232434,1.534865,0.312500,0.000000,0.000000
103,10.197527,0.000000,1.005775,0.000000,0.000000,1.000000,0.934615,0,0.000176,0.001112,0.417433,10.139920,1.520988,0.312500,0.000000,0.000000
104,10.186166,0.000000,1.004370,0.000000,0.000000,1.000000,0.938230,0,0.000326,0.000825,0.374837,10.064067,1.509610,0.312500,0.000000,0.000000
105,10.540994,0.000000,1.004687,0.000000,0.000000,1.000000,0.944751,0,0.000060,0.000667,0.337037,10.366889,1.555033,0.312500,0.000000,0.000000
106,10.339635,0.000000,1.006037,0.000000,0.000000,1.000000,0.950049,0,0.000149,0.000808,0.300759,10.159038,1.523856,0.312500,0.000000,0.000000
107,10.393327,0.000000,1.004633,0.000000,0.000000,1.000000,0.953699,0,0.000057,0.000585,0.269673,10.211720,1.531758,0.312500,0.000000,0.000000
108,10.283143,0.000000,1.006149,0.000000,0.000000,1.000000,0.958808,0,0.000063,0.000718,0.238918,10.101545,1.515232,0.312500,0.000000,0.000000
109,10.281420,0.000000,1.005328,0.000000,0.000000,1.000000,0.961218,0,0.000049,0.000662,0.215324,10.102314,1.515347,0.312500,0.000000,0.000000
110,10.121375,0.000000,1.006052,0.000000,0.000000,1.000000,0.965192,0,0.000041,0.000622,0.191297,9.937785,1.490668,0.312500,0.000000,0.000000
111,10.286119,0.000000,1.002419,0.000000,0.000000,1.000000,0.967995,0,0.000062,0.001116,0.171277,10.037020,1.505553,0.312500,0.000000,0.000000
112,10.586463,0.000000,1.005648,0.000000,0.000000,1.000000,0.971256,0,0.000357,0.000831,0.150198,10.265865,1.539880,0.312500,0.000000,0.000000
113,10.466222,0.000000,1.008144,0.000000,0.000000,1.000000,0.975355,0,0.000166,0.000735,0.127623,10.204126,1.530619,0.312500,0.000000,0.000000
114,10.416972,0.000000,1.002516,0.000000,0.000000,1.000000,0.977764,0,0.000135,0.000640,0.107253,10.091374,1.513706,0.312500,0.000000,0.000000
115,10.594118,0.000000,1.005191,0.000000,0.000000,1.000000,0.977764,0,0.000063,0.000779,0.101589,10.268526,1.540279,0.312500,0.000000,0.000000
116,10.407680,0.000000,0.999423,0.000000,0.000000,1.000000,0.977764,0,0.000068,0.000711,0.088810,10.079590,1.511938,0.312500,0.000000,0.000000
117,10.478505,0.000000,1.002045,0.000000,0.000000,1.000000,0.977764,0,0.000106,0.000678,0.100856,10.150405,1.522561,0.312500,0.000000,0.000000
118,10.382583,0.000000,0.999744,0.000000,0.000000,1.000000,0.977764,0,0.000216,0.000666,0.088321,10.054490,1.508174,0.312500,0.000000,0.000000
119,10.366438,0.000000,1.001813,0.000000,0.000000,1.000000,0.977764,0,0.000064,0.000771,0.104165,10.038330,1.505749,0.312500,0.000000,0.000000
120,10.116599,0.001055,1.007671,0.000000,0.000000,1.000000,0.802636,1,0.000067,0.000927,2.101888,9.991444,1.498717,0.312500,0.000000,0.000000
121,10.073460,0.000785,1.007724,0.000000,0.000000,1.000000,0.817696,1,0.000061,0.000636,1.864534,9.960835,1.494125,0.312500,0.000000,0.000000
122,10.321929,0.000000,0.991511,0.000000,0.000000,1.000000,0.832266,0,0.000059,0.000804,1.655985,10.220332,1.533050,0.312500,0.000000,0.000000
123,10.158347,0.000000,0.993087,0.000000,0.000000,1.000000,0.846864,0,0.000070,0.000907,1.466843,10.066753,1.510013,0.312500,0.000000,0.000000
124,10.065916,0.000000,0.997938,0.000000,0.000000,1.000000,0.861618,0,0.000059,0.000672,1.297449,9.983323,1.497498,0.312500,0.000000,0.000000
125,10.338610,0.000000,0.998704,0.000000,0.000000,1.000000,0.871257,0,0.000061,0.000954,1.147776,10.264022,1.539603,0.312500,0.000000,0.000000
126,10.171269,0.000000,0.997114,0.000000,0.000000,1.000000,0.880528,0,0.000062,0.000757,1.017664,10.103672,1.515551,0.312500,0.000000,0.000000
127,10.166233,0.000000,1.000474,0.000000,0.000000,1.000000,0.892678,0,0.000069,0.000575,0.897910,10.105140,1.515771,0.312500,0.000000,0.000000
128,10.102135,0.000000,1.003023,0.000000,0.000000,1.000000,0.901437,0,0.000067,0.000584,0.788592,10.047038,1.507056,0.312500,0.000000,0.000000
129,10.091384,0.000000,1.003023,0.000000,0.000000,1.000000,0.908063,0,0.000061,0.000579,0.690169,10.040793,1.506119,0.312500,0.000000,0.000000
130,9.988020,0.000000,1.002929,0.000000,0.000000,1.000000,0.914024,0,0.000063,0.000627,0.611421,9.937418,1.490613,0.312500,0.000000,0.000000
131,9.868441,0.000000,1.003267,0.000000,0.000000,1.000000,0.921401,0,0.000059,0.000675,0.534927,9.868351,1.480253,0.312500,0.000000,0.000000
132,10.277051,0.000000,1.004623,0.000000,0.000000,1.000000,0.928877,0,0.000058,0.000865,0.470471,10.219453,1.532918,0.312500,0.000000,0.000000
133,10.119544,0.000000,1.005775,0.000000,0.000000,1.000000,0.934615,0,0.000063,0.000647,0.417433,10.061951,1.509293,0.312500,0.000000,0.000000
134,10.099525,0.000000,1.004370,0.000000,0.000000,1.000000,0.938230,0,0.000130,0.000467,0.374837,9.977423,1.496613,0.312500,0.000000,0.000000
135,10.487100,0.000000,1.004687,0.000000,0.000000,1.000000,0.944751,0,0.000149,0.001015,0.337037,10.312992,1.546949,0.312500,0.000000,0.000000
136,10.312823,0.000000,1.006037,0.000000,0.000000,1.000000,0.950049,0,0.000146,0.000687,0.300759,10.132231,1.519835,0.312500,0.000000,0.000000
137,10.341430,0.000000,1.004633,0.000000,0.000000,1.000000,0.953699,0,0.000137,0.000611,0.269673,10.159838,1.523976,0.312500,0.000000,0.000000
138,10.326462,0.000000,1.006149,0.000000,0.000000,1.000000,0.958808,0,0.000143,0.000773,0.238918,10.144867,1.521730,0.312500,0.000000,0.000000
139,10.406956,0.000000,1.005328,0.000000,0.000000,1.000000,0.961218,0,0.000129,0.000730,0.215324,10.227861,1.534179,0.312500,0.000000,0.000000
140,10.402502,0.000000,1.006052,0.000000,0.000000,1.000000,0.965192,0,0.000142,0.001034,0.191297,10.218890,1.532834,0.312500,0.000000,0.000000
141,10.251728,0.000000,1.002419,0.000000,0.000000,1.000000,0.967995,0,0.000183,0.000824,0.171277,10.002625,1.500394,0.312500,0.000000,0.000000
142,10.635029,0.000000,1.005648,0.000000,0.000000,1.000000,0.971256,0,0.000139,0.000814,0.150198,10.314425,1.547164,0.312500,0.000000,0.000000
143,10.451845,0.000000,1.008144,0.000000,0.000000,1.000000,0.975355,0,0.000163,0.000582,0.127623,10.189740,1.528461,0.312500,0.000000,0.000000
144,10.395682,0.000000,1.002516,0.000000,0.000000,1.000000,0.977764,0,0.000151,0.000736,0.107253,10.070084,1.510513,0.312500,0.000000,0.000000
145,10.589446,0.000000,1.005191,0.000000,0.000000,1.000000,0.977764,0,0.000163,0.000813,0.101589,10.263849,1.539577,0.312500,0.000000,0.000000
146,10.478997,0.000000,0.999423,0.000000,0.000000,1.000000,0.977764,0,0.000138,0.000914,0.088810,10.150896,1.522634,0.312500,0.000000,0.000000
147,10.494542,0.000000,1.002045,0.000000,0.000000,1.000000,0.977764,0,0.000204,0.001239,0.100856,10.166446,1.524967,0.312500,0.000000,0.000000
148,10.425571,0.000000,0.999744,0.000000,0.000000,1.000000,0.977764,0,0.000143,0.000694,0.088321,10.097478,1.514622,0.312500,0.000000,0.000000
149,10.367912,0.000000,1.001813,0.000000,0.000000,1.000000,0.977764,0,0.000136,0.000889,0.104165,10.039812,1.505972,0.312500,0.000000,0.000000
150,10.064153,0.001003,1.007671,0.000000,0.000000,1.000000,0.802636,1,0.000140,0.000808,2.101888,9.938998,1.490850,0.312500,0.000000,0.000000
151,10.028826,0.000778,1.007724,0.000000,0.000000,1.000000,0.817696,1,0.000061,0.000782,1.864534,9.916198,1.487430,0.312500,0.000000,0.000000
152,10.341423,0.000000,0.991511,0.000000,0.000000,1.000000,0.832266,0,0.000140,0.000707,1.655985,10.239828,1.535974,0.312500,0.000000,0.000000
153,10.229048,0.000000,0.993087,0.000000,0.000000,1.000000,0.846864,0,0.000060,0.000890,1.466843,10.137441,1.520616,0.312500,0.000000,0.000000
154,10.073729,0.000000,0.997938,0.000000,0.000000,1.000000,0.861618,0,0.000059,0.000600,1.297449,9.991131,1.498670,0.312500,0.000000,0.000000
155,10.379299,0.000000,0.998704,0.000000,0.000000,1.000000,0.871257,0,0.000260,0.000825,1.147776,10.304699,1.545705,0.312500,0.000000,0.000000
156,10.215815,0.000000,0.997114,0.000000,0.000000,1.000000,0.880528,0,0.000134,0.000615,1.017664,10.148197,1.522230,0.312500,0.000000,0.000000
157,10.238619,0.000000,1.000474,0.000000,0.000000,1.000000,0.892678,0,0.000135,0.000624,0.897910,10.177502,1.526625,0.312500,0.000000,0.000000
158,10.134969,0.000000,1.003023,0.000000,0.000000,1.000000,0.901437,0,0.000176,0.000873,0.788592,10.079853,1.511978,0.312500,0.000000,0.000000
159,10.093904,0.000000,1.003023,0.000000,0.000000,1.000000,0.908063,0,0.000143,0.000651,0.690169,10.043299,1.506495,0.312500,0.000000,0.000000
160,9.960392,0.000000,1.002929,0.000000,0.000000,1.000000,0.914024,0,0.000130,0.000630,0.611421,9.909785,1.486468,0.312500,0.000000,0.000000
161,9.902802,0.000000,1.003267,0.000000,0.000000,1.000000,0.921401,0,0.000145,0.000739,0.534927,9.902704,1.485406,0.312500,0.000000,0.000000
162,10.230973,0.000000,1.004623,0.000000,0.000000,1.000000,0.928877,0,0.000138,0.000689,0.470471,10.173364,1.526005,0.312500,0.000000,0.000000
163,10.105774,0.000000,1.005775,0.000000,0.000000,1.000000,0.934615,0,0.000288,0.000699,0.417433,10.048143,1.507221,0.312500,0.000000,0.000000
164,10.104428,0.000000,1.004370,0.000000,0.000000,1.000000,0.938230,0,0.000058,0.000686,0.374837,9.982316,1.497347,0.312500,0.000000,0.000000
165,10.413253,0.000000,1.004687,0.000000,0.000000,1.000000,0.944751,0,0.000061,0.000642,0.337037,10.239125,1.535869,0.312500,0.000000,0.000000
166,10.238619,0.000000,1.006037,0.000000,0.000000,1.000000,0.950049,0,0.000062,0.000743,0.300759,10.058007,1.508701,0.312500,0.000000,0.000000
167,10.311260,0.000000,1.004633,0.000000,0.000000,1.000000,0.953699,0,0.000060,0.000759,0.269673,10.129642,1.519446,0.312500,0.000000,0.000000
168,10.213699,0.000000,1.006149,0.000000,0.000000,1.000000,0.958808,0,0.000065,0.000695,0.238918,10.032077,1.504812,0.312500,0.000000,0.000000
169,10.273435,0.000000,1.005328,0.000000,0.000000,1.000000,0.961218,0,0.000060,0.000997,0.215324,10.094323,1.514149,0.312500,0.000000,0.000000
170,10.235810,0.000000,1.006052,0.000000,0.000000,1.000000,0.965192,0,0.000061,0.000922,0.191297,10.052192,1.507829,0.312500,0.000000,0.000000
171,10.279277,0.000000,1.002419,0.000000,0.000000,1.000000,0.967995,0,0.000144,0.000801,0.171277,10.030157,1.504524,0.312500,0.000000,0.000000
172,10.628627,0.000000,1.005648,0.000000,0.000000,1.000000,0.971256,0,0.000149,0.001110,0.150198,10.307715,1.546157,0.312500,0.000000,0.000000
173,10.349172,0.000000,1.008144,0.000000,0.000000,1.000000,0.975355,0,0.000067,0.000671,0.127623,10.087074,1.513061,0.312500,0.000000,0.000000
174,10.321651,0.000000,1.002516,0.000000,0.000000,1.000000,0.977764,0,0.000129,0.000728,0.107253,9.996057,1.499408,0.312500,0.000000,0.000000
175,10.577854,0.000000,1.005191,0.000000,0.000000,1.000000,0.977764,0,0.000065,0.000724,0.101589,10.252249,1.537837,0.312500,0.000000,0.000000
176,10.413509,0.000000,0.999423,0.000000,0.000000,1.000000,0.977764,0,0.000135,0.000756,0.088810,10.085406,1.512811,0.312500,0.000000,0.000000
177,10.460530,0.000000,1.002045,0.000000,0.000000,1.000000,0.977764,0,0.000065,0.000640,0.100856,10.132424,1.519864,0.312500,0.000000,0.000000
178,10.349687,0.000000,0.999744,0.000000,0.000000,1.000000,0.977764,0,0.000149,0.000583,0.088321,10.021578,1.503237,0.312500,0.000000,0.000000
179,10.353457,0.000000,1.001813,0.000000,0.000000,1.000000,0.977764,0,0.000058,0.000568,0.104165,10.025357,1.503804,0.312500,0.000000,0.000000
180,10.020537,0.001020,1.007671,0.000000,0.000000,1.000000,0.802636,1,0.000144,0.000945,2.101888,9.895380,1.484307,0.312500,0.000000,0.000000
181,10.012882,0.001008,1.007724,0.000000,0.000000,1.000000,0.817696,1,0.000069,0.000796,1.864534,9.900231,1.485035,0.312500,0.000000,0.000000
182,10.263745,0.000000,0.991511,0.000000,0.000000,1.000000,0.832266,0,0.000071,0.000729,1.655985,10.162152,1.524323,0.312500,0.000000,0.000000
183,10.149908,0.000000,0.993087,0.000000,0.000000,1.000000,0.846864,0,0.000068,0.000591,1.466843,10.058313,1.508747,0.312500,0.000000,0.000000
184,10.045381,0.000000,0.997938,0.000000,0.000000,1.000000,0.861618,0,0.000062,0.000578,1.297449,9.962784,1.494418,0.312500,0.000000,0.000000
185,10.302303,0.000000,0.998704,0.000000,0.000000,1.000000,0.871257,0,0.000059,0.000709,1.147776,10.227704,1.534156,0.312500,0.000000,0.000000
186,10.147015,0.000000,0.997114,0.000000,0.000000,1.000000,0.880528,0,0.000077,0.000843,1.017664,10.079425,1.511914,0.312500,0.000000,0.000000
187,10.206810,0.000000,1.000474,0.000000,0.000000,1.000000,0.892678,0,0.000150,0.000590,0.897910,10.145716,1.521857,0.312500,0.000000,0.000000
188,10.109396,0.000000,1.003023,0.000000,0.000000,1.000000,0.901437,0,0.000145,0.000612,0.788592,10.054288,1.508143,0.312500,0.000000,0.000000
189,10.098969,0.000000,1.003023,0.000000,0.000000,1.000000,0.908063,0,0.000135,0.000626,0.690169,10.048365,1.507255,0.312500,0.000000,0.000000
190,9.989429,0.000000,1.002929,0.000000,0.000000,1.000000,0.914024,0,0.000129,0.000532,0.611421,9.938827,1.490824,0.312500,0.000000,0.000000
191,9.920384,0.000000,1.003267,0.000000,0.000000,1.000000,0.921401,0,0.000140,0.000894,0.534927,9.920285,1.488043,0.312500,0.000000,0.000000
192,10.221747,0.000000,1.004623,0.000000,0.000000,1.000000,0.928877,0,0.000136,0.000625,0.470471,10.164150,1.524623,0.312500,0.000000,0.000000
193,10.083594,0.000000,1.005775,0.000000,0.000000,1.000000,0.934615,0,0.000135,0.000575,0.417433,10.025994,1.503899,0.312500,0.000000,0.000000
194,10.146970,0.000000,1.004370,0.000000,0.000000,1.000000,0.938230,0,0.000160,0.000544,0.374837,10.024857,1.503729,0.312500,0.000000,0.000000
195,10.483449,0.000000,1.004687,0.000000,0.000000,1.000000,0.944751,0,0.000163,0.001134,0.337037,10.309352,1.546403,0.312500,0.000000,0.000000
196,10.284415,0.000000,1.006037,0.000000,0.000000,1.000000,0.950049,0,0.000133,0.000820,0.300759,10.103816,1.515572,0.312500,0.000000,0.000000
197,10.343886,0.000000,1.004633,0.000000,0.000000,1.000000,0.953699,0,0.000137,0.000638,0.269673,10.162289,1.524343,0.312500,0.000000,0.000000
198,10.260845,0.000000,1.006149,0.000000,0.000000,1.000000,0.958808,0,0.000137,0.000974,0.238918,10.079245,1.511887,0.312500,0.000000,0.000000
199,10.203243,0.000000,1.005328,0.000000,0.000000,1.000000,0.961218,0,0.000135,0.000553,0.215324,10.024141,1.503621,0.312500,0.000000,0.000000
200,10.241200,0.000000,1.006052,0.000000,0.000000,1.000000,0.965192,0,0.000056,0.001029,0.191297,10.057602,1.508640,0.312500,0.000000,0.000000
201,10.275592,0.000000,1.002419,0.000000,0.000000,1.000000,0.967995,0,0.000149,0.000902,0.171277,10.026487,1.503973,0.312500,0.000000,0.000000
202,10.513127,0.000000,1.006579,0.000000,0.000000,1.000000,0.971256,0,0.000152,0.000606,0.150198,10.192522,1.528878,0.312500,0.000000,0.000000
203,10.317502,0.000000,1.007505,0.000000,0.000000,1.000000,0.974871,0,0.000154,0.000727,0.125408,10.069892,1.510484,0.312500,0.000000,0.000000
204,10.313838,0.000000,1.002516,0.000000,0.000000,1.000000,0.978149,0,0.000142,0.000800,0.106263,9.988225,1.498234,0.312500,0.000000,0.000000
205,10.605451,0.000000,1.005191,0.000000,0.000000,1.000000,0.978149,0,0.000140,0.000608,0.100544,10.279841,1.541976,0.312500,0.000000,0.000000
206,10.437451,0.000000,0.999423,0.000000,0.000000,1.000000,0.978149,0,0.000184,0.000540,0.087612,10.109349,1.516402,0.312500,0.000000,0.000000
207,10.436585,0.000000,1.002045,0.000000,0.000000,1.000000,0.978149,0,0.000060,0.000675,0.099803,10.108486,1.516273,0.312500,0.000000,0.000000
208,10.433212,0.000000,0.999744,0.000000,0.000000,1.000000,0.978149,0,0.000062,0.000840,0.087117,10.105107,1.515766,0.312500,0.000000,0.000000
209,10.330568,0.000000,1.001813,0.000000,0.000000,1.000000,0.978149,0,0.000092,0.000881,0.103146,10.002458,1.500369,0.312500,0.000000,0.000000
210,10.007818,0.000905,1.007671,0.000000,0.000000,1.000000,0.802636,1,0.000061,0.000738,2.101888,9.882670,1.482401,0.312500,0.000000,0.000000
211,9.977967,0.000946,1.007724,0.000000,0.000000,1.000000,0.817696,1,0.000061,0.000702,1.864534,9.865326,1.479799,0.312500,0.000000,0.000000
212,10.257806,0.000000,0.991511,0.000000,0.000000,1.000000,0.832266,0,0.000140,0.000816,1.655985,10.156198,1.523430,0.312500,0.000000,0.000000
213,10.113858,0.000000,0.993087,0.000000,0.000000,1.000000,0.846864,0,0.000140,0.000567,1.466843,10.022263,1.503340,0.312500,0.000000,0.000000
214,10.049145,0.000000,0.997938,0.000000,0.000000,1.000000,0.861618,0,0.000059,0.000786,1.297449,9.966540,1.494981,0.312500,0.000000,0.000000
215,10.303275,0.000000,0.998704,0.000000,0.000000,1.000000,0.871257,0,0.000058,0.000748,1.147776,10.228668,1.534300,0.312500,0.000000,0.000000
216,10.218239,0.000000,0.997114,0.000000,0.000000,1.000000,0.880528,0,0.000061,0.000957,1.017664,10.150615,1.522592,0.312500,0.000000,0.000000
217,10.166435,0.000000,1.000474,0.000000,0.000000,1.000000,0.892678,0,0.000060,0.000597,0.897910,10.105328,1.515799,0.312500,0.000000,0.000000
218,10.134300,0.000000,1.003023,0.000000,0.000000,1.000000,0.901437,0,0.000063,0.000546,0.788592,10.079201,1.511880,0.312500,0.000000,0.000000
219,10.057630,0.000000,1.003023,0.000000,0.000000,1.000000,0.908063,0,0.000064,0.000820,0.690169,10.007034,1.501055,0.312500,0.000000,0.000000
220,9.952378,0.000000,1.002929,0.000000,0.000000,1.000000,0.914024,0,0.000155,0.000688,0.611421,9.901775,1.485266,0.312500,0.000000,0.000000
221,9.900919,0.000000,1.003267,0.000000,0.000000,1.000000,0.921401,0,0.000060,0.000653,0.534927,9.900814,1.485122,0.312500,0.000000,0.000000
222,10.265335,0.000000,1.004623,0.000000,0.000000,1.000000,0.928877,0,0.000061,0.000758,0.470471,10.207735,1.531160,0.312500,0.000000,0.000000
223,10.114839,0.000000,1.005775,0.000000,0.000000,1.000000,0.934615,0,0.000060,0.000698,0.417433,10.057239,1.508586,0.312500,0.000000,0.000000
224,10.074643,0.000000,1.004370,0.000000,0.000000,1.000000,0.938230,0,0.000061,0.000710,0.374837,9.952523,1.492878,0.312500,0.000000,0.000000
225,10.411812,0.000000,1.004687,0.000000,0.000000,1.000000,0.944751,0,0.000138,0.000620,0.337037,10.237693,1.535654,0.312500,0.000000,0.000000
226,10.249891,0.000000,1.006037,0.000000,0.000000,1.000000,0.950049,0,0.000133,0.000547,0.300759,10.069283,1.510392,0.312500,0.000000,0.000000
227,10.335053,0.000000,1.004633,0.000000,0.000000,1.000000,0.953699,0,0.000061,0.000537,0.269673,10.153452,1.523018,0.312500,0.000000,0.000000
228,10.292629,0.000000,1.006149,0.000000,0.000000,1.000000,0.958808,0,0.000063,0.000513,0.238918,10.111025,1.516654,0.312500,0.000000,0.000000
229,10.304708,0.000000,1.005328,0.000000,0.000000,1.000000,0.961218,0,0.000133,0.000696,0.215324,10.125573,1.518836,0.312500,0.000000,0.000000
230,10.170569,0.000000,1.006052,0.000000,0.000000,1.000000,0.965192,0,0.000140,0.000617,0.191297,9.986958,1.498044,0.312500,0.000000,0.000000
231,10.138871,0.000000,1.002419,0.000000,0.000000,1.000000,0.967995,0,0.000138,0.001027,0.171277,9.889742,1.483461,0.312500,0.000000,0.000000
232,10.507984,0.000000,1.005648,0.000000,0.000000,1.000000,0.971256,0,0.000138,0.000527,0.150198,10.187358,1.528104,0.312500,0.000000,0.000000
233,10.331000,0.000000,1.008144,0.000000,0.000000,1.000000,0.975355,0,0.000065,0.000519,0.127623,10.068886,1.510333,0.312500,0.000000,0.000000
234,10.406821,0.000000,1.002516,0.000000,0.000000,1.000000,0.977764,0,0.000079,0.000948,0.107253,10.081204,1.512181,0.312500,0.000000,0.000000
235,10.748248,0.000000,1.005191,0.000000,0.000000,1.000000,0.977764,0,0.000127,0.000547,0.101589,10.422623,1.563393,0.312500,0.000000,0.000000
236,10.476733,0.000000,0.999423,0.000000,0.000000,1.000000,0.977764,0,0.000132,0.000710,0.088810,10.148622,1.522293,0.312500,0.000000,0.000000
237,10.422507,0.000000,1.002045,0.000000,0.000000,1.000000,0.977764,0,0.000132,0.000539,0.100856,10.094402,1.514160,0.312500,0.000000,0.000000
238,10.420899,0.000000,0.999744,0.000000,0.000000,1.000000,0.977764,0,0.000131,0.000545,0.088321,10.092767,1.513915,0.312500,0.000000,0.000000
239,10.355924,0.000000,1.001813,0.000000,0.000000,1.000000,0.977764,0,0.000061,0.000649,0.104165,10.027824,1.504174,0.312500,0.000000,0.000000
240,10.031377,0.000978,1.007671,0.000000,0.000000,1.000000,0.802636,1,0.000063,0.000630,2.101888,9.906213,1.485932,0.312500,0.000000,0.000000
241,9.994571,0.000770,1.007724,0.000000,0.000000,1.000000,0.817696,1,0.000062,0.000852,1.864534,9.881919,1.482288,0.312500,0.000000,0.000000
242,10.315207,0.000000,0.991511,0.000000,0.000000,1.000000,0.832266,0,0.000061,0.001044,1.655985,10.213595,1.532039,0.312500,0.000000,0.000000
243,10.138188,0.000000,0.993087,0.000000,0.000000,1.000000,0.846864,0,0.000062,0.000868,1.466843,10.046591,1.506989,0.312500,0.000000,0.000000
244,10.041659,0.000000,0.997938,0.000000,0.000000,1.000000,0.861618,0,0.000059,0.000640,1.297449,9.959048,1.493857,0.312500,0.000000,0.000000
245,10.317327,0.000000,0.998704,0.000000,0.000000,1.000000,0.871257,0,0.000069,0.000691,1.147776,10.242719,1.536408,0.312500,0.000000,0.000000
246,10.195191,0.000000,0.997114,0.000000,0.000000,1.000000,0.880528,0,0.000063,0.000983,1.017664,10.127596,1.519139,0.312500,0.000000,0.000000
247,10.270013,0.000000,1.000474,0.000000,0.000000,1.000000,0.892678,0,0.000060,0.000908,0.897910,10.208911,1.531337,0.312500,0.000000,0.000000
248,10.109791,0.000000,1.003023,0.000000,0.000000,1.000000,0.901437,0,0.000062,0.000525,0.788592,10.054693,1.508204,0.312500,0.000000,0.000000
249,10.124540,0.000000,1.003023,0.000000,0.000000,1.000000,0.908063,0,0.000062,0.000605,0.690169,10.073935,1.511090,0.312500,0.000000,0.000000
250,10.048203,0.000000,1.002929,0.000000,0.000000,1.000000,0.914024,0,0.000059,0.000436,0.611421,9.997604,1.499641,0.312500,0.000000,0.000000
251,9.925920,0.000000,1.003267,0.000000,0.000000,1.000000,0.921401,0,0.000137,0.000808,0.534927,9.925818,1.488873,0.312500,0.000000,0.000000
252,10.226927,0.000000,1.004623,0.000000,0.000000,1.000000,0.928877,0,0.000211,0.000685,0.470471,10.169335,1.525400,0.312500,0.000000,0.000000
253,10.083305,0.000000,1.005775,0.000000,0.000000,1.000000,0.934615,0,0.000061,0.000520,0.417433,10.025708,1.503856,0.312500,0.000000,0.000000
254,10.072791,0.000000,1.004370,0.000000,0.000000,1.000000,0.938230,0,0.000131,0.000628,0.374837,9.950691,1.492604,0.312500,0.000000,0.000000
255,10.400216,0.000000,1.004687,0.000000,0.000000,1.000000,0.944751,0,0.000060,0.000694,0.337037,10.226114,1.533917,0.312500,0.000000,0.000000
256,10.280686,0.000000,1.006037,0.000000,0.000000,1.000000,0.950049,0,0.000063,0.000673,0.300759,10.100082,1.515012,0.312500,0.000000,0.000000
257,10.313794,0.000000,1.004633,0.000000,0.000000,1.000000,0.953699,0,0.000066,0.000817,0.269673,10.132189,1.519828,0.312500,0.000000,0.000000
258,10.252684,0.000000,1.006149,0.000000,0.000000,1.000000,0.958808,0,0.000060,0.000709,0.238918,10.071086,1.510663,0.312500,0.000000,0.000000
259,10.276789,0.000000,1.005328,0.000000,0.000000,1.000000,0.961218,0,0.000071,0.000674,0.215324,10.097684,1.514653,0.312500,0.000000,0.000000
260,10.206079,0.000000,1.006052,0.000000,0.000000,1.000000,0.965192,0,0.000147,0.001012,0.191297,10.022480,1.503372,0.312500,0.000000,0.000000
261,10.172832,0.000000,1.002419,0.000000,0.000000,1.000000,0.967995,0,0.000148,0.000810,0.171277,9.923731,1.488560,0.312500,0.000000,0.000000
262,10.483213,0.000000,1.005648,0.000000,0.000000,1.000000,0.971256,0,0.000150,0.000633,0.150198,10.162605,1.524391,0.312500,0.000000,0.000000
263,10.317157,0.000000,1.008144,0.000000,0.000000,1.000000,0.975355,0,0.000144,0.000714,0.127623,10.055051,1.508258,0.312500,0.000000,0.000000
264,10.276308,0.000000,1.002516,0.000000,0.000000,1.000000,0.977764,0,0.000199,0.000809,0.107253,9.950712,1.492607,0.312500,0.000000,0.000000
265,10.595738,0.000000,1.005191,0.000000,0.000000,1.000000,0.977764,0,0.000136,0.001041,0.101589,10.270132,1.540520,0.312500,0.000000,0.000000
266,10.408396,0.000000,0.999423,0.000000,0.000000,1.000000,0.977764,0,0.000135,0.000855,0.088810,10.080290,1.512044,0.312500,0.000000,0.000000
267,10.488521,0.000000,1.002045,0.000000,0.000000,1.000000,0.977764,0,0.000059,0.000700,0.100856,10.160410,1.524062,0.312500,0.000000,0.000000
268,10.383261,0.000000,0.999744,0.000000,0.000000,1.000000,0.977764,0,0.000058,0.000667,0.088321,10.055154,1.508273,0.312500,0.000000,0.000000
269,10.350540,0.000000,1.001813,0.000000,0.000000,1.000000,0.977764,0,0.000062,0.000838,0.104165,10.022441,1.503366,0.312500,0.000000,0.000000
270,10.050611,0.000944,1.007671,0.000000,0.000000,1.000000,0.802636,1,0.000060,0.000765,2.101888,9.925462,1.488819,0.312500,0.000000,0.000000
271,10.032826,0.000568,1.007724,0.000000,0.000000,1.000000,0.817696,1,0.000058,0.000621,1.864534,9.920221,1.488033,0.312500,0.000000,0.000000
272,10.353746,0.000000,0.991511,0.000000,0.000000,1.000000,0.832266,0,0.000060,0.000919,1.655985,10.252146,1.537822,0.312500,0.000000,0.000000
273,10.171606,0.000000,0.993087,0.000000,0.000000,1.000000,0.846864,0,0.000068,0.000821,1.466843,10.080011,1.512002,0.312500,0.000000,0.000000
274,10.099742,0.000000,0.997938,0.000000,0.000000,1.000000,0.861618,0,0.000061,0.000738,1.297449,10.017150,1.502572,0.312500,0.000000,0.000000
275,10.321851,0.000000,0.998704,0.000000,0.000000,1.000000,0.871257,0,0.000062,0.000769,1.147776,10.247253,1.537088,0.312500,0.000000,0.000000
276,10.183489,0.000000,0.997114,0.000000,0.000000,1.000000,0.880528,0,0.000060,0.000624,1.017664,10.115882,1.517382,0.312500,0.000000,0.000000
277,10.232519,0.000000,1.000474,0.000000,0.000000,1.000000,0.892678,0,0.000062,0.000986,0.897910,10.171412,1.525712,0.312500,0.000000,0.000000
278,10.120359,0.000000,1.003023,0.000000,0.000000,1.000000,0.901437,0,0.000060,0.001035,0.788592,10.065264,1.509790,0.312500,0.000000,0.000000
279,10.059567,0.000000,1.003023,0.000000,0.000000,1.000000,0.908063,0,0.000067,0.000815,0.690169,10.008974,1.501346,0.312500,0.000000,0.000000
280,9.994509,0.000000,1.002929,0.000000,0.000000,1.000000,0.914024,0,0.000061,0.000646,0.611421,9.943912,1.491587,0.312500,0.000000,0.000000
281,9.918718,0.000000,1.003267,0.000000,0.000000,1.000000,0.921401,0,0.000133,0.000536,0.534927,9.918626,1.487794,0.312500,0.000000,0.000000
282,10.213242,0.000000,1.004623,0.000000,0.000000,1.000000,0.928877,0,0.000137,0.000631,0.470471,10.155640,1.523346,0.312500,0.000000,0.000000
283,10.161976,0.000000,1.005775,0.000000,0.000000,1.000000,0.934615,0,0.000062,0.000619,0.417433,10.104376,1.515656,0.312500,0.000000,0.000000
284,10.109719,0.000000,1.004370,0.000000,0.000000,1.000000,0.938230,0,0.000130,0.000795,0.374837,9.987623,1.498143,0.312500,0.000000,0.000000
285,10.461336,0.000000,1.004687,0.000000,0.000000,1.000000,0.944751,0,0.000146,0.000745,0.337037,10.287239,1.543086,0.312500,0.000000,0.000000
286,10.363546,0.000000,1.006037,0.000000,0.000000,1.000000,0.950049,0,0.000060,0.000736,0.300759,10.182945,1.527442,0.312500,0.000000,0.000000
287,10.451379,0.000000,1.004633,0.000000,0.000000,1.000000,0.953699,0,0.000062,0.000943,0.269673,10.269757,1.540464,0.312500,0.000000,0.000000
288,10.471622,0.000000,1.006149,0.000000,0.000000,1.000000,0.958808,0,0.000133,0.001270,0.238918,10.290011,1.543502,0.312500,0.000000,0.000000
289,10.341987,0.000000,1.005328,0.000000,0.000000,1.000000,0.961218,0,0.000140,0.000796,0.215324,10.162878,1.524432,0.312500,0.000000,0.000000
290,10.153322,0.000000,1.006052,0.000000,0.000000,1.000000,0.965192,0,0.000145,0.000804,0.191297,9.969710,1.495457,0.312500,0.000000,0.000000
291,10.185026,0.000000,1.002419,0.000000,0.000000,1.000000,0.967995,0,0.000195,0.000830,0.171277,9.935922,1.490388,0.312500,0.000000,0.000000
292,10.574774,0.000000,1.005648,0.000000,0.000000,1.000000,0.971256,0,0.000197,0.000910,0.150198,10.254157,1.538124,0.312500,0.000000,0.000000
293,10.388802,0.000000,1.008144,0.000000,0.000000,1.000000,0.975355,0,0.000154,0.000769,0.127623,10.126689,1.519003,0.312500,0.000000,0.000000
294,10.338744,0.000000,1.002516,0.000000,0.000000,1.000000,0.977764,0,0.000069,0.000777,0.107253,10.013143,1.501971,0.312500,0.000000,0.000000
295,10.604967,0.000000,1.005191,0.000000,0.000000,1.000000,0.977764,0,0.000070,0.000582,0.101589,10.279365,1.541905,0.312500,0.000000,0.000000
296,10.599263,0.000000,0.999423,0.000000,0.000000,1.000000,0.977764,0,0.000140,0.000661,0.088810,10.271156,1.540673,0.312500,0.000000,0.000000
297,10.560094,0.000000,1.002045,0.000000,0.000000,1.000000,0.977764,0,0.000135,0.000706,0.100856,10.231988,1.534798,0.312500,0.000000,0.000000
298,10.475784,0.000000,0.999744,0.000000,0.000000,1.000000,0.977764,0,0.000134,0.000961,0.088321,10.147687,1.522153,0.312500,0.000000,0.000000
299,10.385028,0.000000,1.001813,0.000000,0.000000,1.000000,0.977764,0,0.000136,0.000535,0.104165,10.056917,1.508538,0.312500,0.000000,0.000000
300,10.106289,0.000936,1.007671,0.000000,0.000000,1.000000,0.802636,1,0.000143,0.000776,2.101888,9.981137,1.497171,0.312500,0.000000,0.000000
301,10.006379,0.001026,1.007724,0.000000,0.000000,1.000000,0.817696,1,0.000149,0.000844,1.864534,9.893730,1.484060,0.312500,0.000000,0.000000
302,10.355617,0.000000,0.991511,0.000000,0.000000,1.000000,0.832266,0,0.000140,0.000914,1.655985,10.254017,1.538103,0.312500,0.000000,0.000000
303,10.178205,0.000000,0.993087,0.000000,0.000000,1.000000,0.846864,0,0.000138,0.000649,1.466843,10.086600,1.512990,0.312500,0.000000,0.000000
304,10.028539,0.000000,0.997938,0.000000,0.000000,1.000000,0.861618,0,0.000140,0.000590,1.297449,9.945941,1.491891,0.312500,0.000000,0.000000
305,10.364038,0.000000,0.998704,0.000000,0.000000,1.000000,0.871257,0,0.000147,0.000567,1.147776,10.289438,1.543416,0.312500,0.000000,0.000000
306,10.152187,0.000000,0.997114,0.000000,0.000000,1.000000,0.880528,0,0.000149,0.000655,1.017664,10.084583,1.512687,0.312500,0.000000,0.000000
307,10.203583,0.000000,1.000474,0.000000,0.000000,1.000000,0.892678,0,0.000134,0.000629,0.897910,10.142492,1.521374,0.312500,0.000000,0.000000
308,10.065113,0.000000,1.003023,0.000000,0.000000,1.000000,0.901437,0,0.000136,0.000986,0.788592,10.010016,1.501502,0.312500,0.000000,0.000000
309,10.029187,0.000000,1.003023,0.000000,0.000000,1.000000,0.908063,0,0.000133,0.000797,0.690169,9.978588,1.496788,0.312500,0.000000,0.000000
310,9.992626,0.000000,1.002929,0.000000,0.000000,1.000000,0.914024,0,0.000060,0.000618,0.611421,9.942035,1.491305,0.312500,0.000000,0.000000
311,9.877053,0.000000,1.003267,0.000000,0.000000,1.000000,0.921401,0,0.000059,0.000704,0.534927,9.876957,1.481544,0.312500,0.000000,0.000000
312,10.237983,0.000000,1.004623,0.000000,0.000000,1.000000,0.928877,0,0.000060,0.000517,0.470471,10.180393,1.527059,0.312500,0.000000,0.000000
313,10.111324,0.000000,1.005775,0.000000,0.000000,1.000000,0.934615,0,0.000061,0.000645,0.417433,10.053733,1.508060,0.312500,0.000000,0.000000
314,10.071650,0.000000,1.004370,0.000000,0.000000,1.000000,0.938230,0,0.000058,0.000736,0.374837,9.949528,1.492429,0.312500,0.000000,0.000000
315,10.471940,0.000000,1.004687,0.000000,0.000000,1.000000,0.944751,0,0.000058,0.000590,0.337037,10.297844,1.544677,0.312500,0.000000,0.000000
316,10.322802,0.000000,1.006037,0.000000,0.000000,1.000000,0.950049,0,0.000138,0.000726,0.300759,10.142205,1.521331,0.312500,0.000000,0.000000
317,10.317288,0.000000,1.004633,0.000000,0.000000,1.000000,0.953699,0,0.000145,0.000808,0.269673,10.135693,1.520354,0.312500,0.000000,0.000000
318,10.292721,0.000000,1.006149,0.000000,0.000000,1.000000,0.958808,0,0.000154,0.000837,0.238918,10.111122,1.516668,0.312500,0.000000,0.000000
319,10.297691,0.000000,1.005328,0.000000,0.000000,1.000000,0.961218,0,0.000061,0.000552,0.215324,10.118586,1.517788,0.312500,0.000000,0.000000
320,10.101626,0.000000,1.006052,0.000000,0.000000,1.000000,0.965192,0,0.000265,0.000906,0.191297,9.918031,1.487705,0.312500,0.000000,0.000000
321,10.172661,0.000000,1.002419,0.000000,0.000000,1.000000,0.967995,0,0.000138,0.000875,0.171277,9.923564,1.488535,0.312500,0.000000,0.000000
322,10.464898,0.000000,1.005648,0.000000,0.000000,1.000000,0.971256,0,0.000063,0.000725,0.150198,10.144307,1.521646,0.312500,0.000000,0.000000
323,10.294997,0.000000,1.008144,0.000000,0.000000,1.000000,0.975355,0,0.000061,0.000793,0.127623,10.032903,1.504935,0.312500,0.000000,0.000000
324,10.279233,0.000000,1.002516,0.000000,0.000000,1.000000,0.977764,0,0.000061,0.000691,0.107253,9.953633,1.493045,0.312500,0.000000,0.000000
325,10.662635,0.000000,1.005191,0.000000,0.000000,1.000000,0.977764,0,0.000060,0.000500,0.101589,10.337037,1.550556,0.312500,0.000000,0.000000
326,10.417044,0.000000,0.999423,0.000000,0.000000,1.000000,0.977764,0,0.000147,0.000711,0.088810,10.088941,1.513341,0.312500,0.000000,0.000000
327,10.422522,0.000000,1.002045,0.000000,0.000000,1.000000,0.977764,0,0.000070,0.000795,0.100856,10.094426,1.514164,0.312500,0.000000,0.000000
328,10.337494,0.000000,0.999744,0.000000,0.000000,1.000000,0.977764,0,0.000069,0.001195,0.088321,10.009382,1.501407,0.312500,0.000000,0.000000
329,10.333067,0.000000,1.001813,0.000000,0.000000,1.000000,0.977764,0,0.000126,0.000590,0.104165,10.004965,1.500745,0.312500,0.000000,0.000000
330,10.039474,0.000934,1.007671,0.000000,0.000000,1.000000,0.802636,1,0.000144,0.000750,2.101888,9.914328,1.487149,0.312500,0.000000,0.000000
331,9.975523,0.000741,1.007724,0.000000,0.000000,1.000000,0.817696,1,0.000077,0.000757,1.864534,9.862906,1.479436,0.312500,0.000000,0.000000
332,10.297963,0.000000,0.991511,0.000000,0.000000,1.000000,0.832266,0,0.000060,0.000607,1.655985,10.196366,1.529455,0.312500,0.000000,0.000000
333,10.158563,0.000000,0.993087,0.000000,0.000000,1.000000,0.846864,0,0.000060,0.000800,1.466843,10.066965,1.510045,0.312500,0.000000,0.000000
334,10.041558,0.000000,0.997938,0.000000,0.000000,1.000000,0.861618,0,0.000064,0.000477,1.297449,9.958961,1.493844,0.312500,0.000000,0.000000
335,10.432194,0.000000,0.998704,0.000000,0.000000,1.000000,0.871257,0,0.000060,0.000580,1.147776,10.357594,1.553639,0.312500,0.000000,0.000000
336,10.247369,0.000000,0.997114,0.000000,0.000000,1.000000,0.880528,0,0.000137,0.000685,1.017664,10.179772,1.526966,0.312500,0.000000,0.000000
337,10.182738,0.000000,1.000474,0.000000,0.000000,1.000000,0.892678,0,0.000381,0.000765,0.897910,10.121641,1.518246,0.312500,0.000000,0.000000
338,10.097988,0.000000,1.003023,0.000000,0.000000,1.000000,0.901437,0,0.000137,0.000700,0.788592,10.042893,1.506434,0.312500,0.000000,0.000000
339,10.099025,0.000000,1.003023,0.000000,0.000000,1.000000,0.908063,0,0.000143,0.000693,0.690169,10.048422,1.507263,0.312500,0.000000,0.000000
340,10.090887,0.000000,1.002929,0.000000,0.000000,1.000000,0.914024,0,0.000069,0.000790,0.611421,10.040290,1.506044,0.312500,0.000000,0.000000
341,9.913113,0.000000,1.003267,0.000000,0.000000,1.000000,0.921401,0,0.000060,0.000565,0.534927,9.913008,1.486951,0.312500,0.000000,0.000000
342,10.261521,0.000000,1.004623,0.000000,0.000000,1.000000,0.928877,0,0.000070,0.000925,0.470471,10.203912,1.530587,0.312500,0.000000,0.000000
343,10.165505,0.000000,1.005775,0.000000,0.000000,1.000000,0.934615,0,0.000060,0.000525,0.417433,10.107916,1.516187,0.312500,0.000000,0.000000
344,10.155834,0.000000,1.004370,0.000000,0.000000,1.000000,0.938230,0,0.000060,0.000605,0.374837,10.033736,1.505060,0.312500,0.000000,0.000000
345,10.540157,0.000000,1.004687,0.000000,0.000000,1.000000,0.944751,0,0.000065,0.000836,0.337037,10.366058,1.554909,0.312500,0.000000,0.000000
346,10.467565,0.000000,1.006037,0.000000,0.000000,1.000000,0.950049,0,0.000058,0.001271,0.300759,10.286971,1.543046,0.312500,0.000000,0.000000
347,10.312272,0.000000,1.004633,0.000000,0.000000,1.000000,0.953699,0,0.000140,0.000740,0.269673,10.130665,1.519600,0.312500,0.000000,0.000000
348,10.227753,0.000000,1.006149,0.000000,0.000000,1.000000,0.958808,0,0.000141,0.000714,0.238918,10.046148,1.506922,0.312500,0.000000,0.000000
349,10.212971,0.000000,1.005328,0.000000,0.000000,1.000000,0.961218,0,0.000059,0.000692,0.215324,10.033870,1.505081,0.312500,0.000000,0.000000
350,10.142193,0.000000,1.006052,0.000000,0.000000,1.000000,0.965192,0,0.000059,0.000723,0.191297,9.958594,1.493789,0.312500,0.000000,0.000000
351,10.100914,0.000000,1.002419,0.000000,0.000000,1.000000,0.967995,0,0.000061,0.000956,0.171277,9.851817,1.477773,0.312500,0.000000,0.000000
352,10.520395,0.000000,1.005648,0.000000,0.000000,1.000000,0.971256,0,0.000070,0.000956,0.150198,10.199799,1.529970,0.312500,0.000000,0.000000
353,10.273443,0.000000,1.008144,0.000000,0.000000,1.000000,0.975355,0,0.000067,0.000672,0.127623,10.011346,1.501702,0.312500,0.000000,0.000000
354,10.307255,0.000000,1.002516,0.000000,0.000000,1.000000,0.977764,0,0.000062,0.000626,0.107253,9.981652,1.497248,0.312500,0.000000,0.000000
355,10.569145,0.000000,1.005191,0.000000,0.000000,1.000000,0.977764,0,0.000063,0.000927,0.101589,10.243541,1.536531,0.312500,0.000000,0.000000
356,10.444564,0.000000,0.999423,0.000000,0.000000,1.000000,0.977764,0,0.000061,0.000604,0.088810,10.116464,1.517470,0.312500,0.000000,0.000000
357,10.476021,0.000000,1.002045,0.000000,0.000000,1.000000,0.977764,0,0.000410,0.000995,0.100856,10.147912,1.522187,0.312500,0.000000,0.000000
358,10.367565,0.000000,0.999744,0.000000,0.000000,1.000000,0.977764,0,0.000130,0.000740,0.088321,10.039457,1.505919,0.312500,0.000000,0.000000
359,10.345269,0.000000,1.001813,0.000000,0.000000,1.000000,0.977764,0,0.000061,0.000733,0.104165,10.017166,1.502575,0.312500,0.000000,0.000000
360,10.065062,0.000861,1.007671,0.000000,0.000000,1.000000,0.802636,1,0.000069,0.000887,2.101888,9.939909,1.490986,0.312500,0.000000,0.000000
361,9.974063,0.000687,1.007724,0.000000,0.000000,1.000000,0.817696,1,0.000063,0.000766,1.864534,9.861431,1.479215,0.312500,0.000000,0.000000
362,10.297861,0.000000,0.991511,0.000000,0.000000,1.000000,0.832266,0,0.000070,0.001039,1.655985,10.196268,1.529440,0.312500,0.000000,0.000000
363,10.138723,0.000000,0.993087,0.000000,0.000000,1.000000,0.846864,0,0.000073,0.000684,1.466843,10.047125,1.507069,0.312500,0.000000,0.000000
364,10.057965,0.000000,0.997938,0.000000,0.000000,1.000000,0.861618,0,0.000066,0.000750,1.297449,9.975361,1.496304,0.312500,0.000000,0.000000
365,10.295970,0.000000,0.998704,0.000000,0.000000,1.000000,0.871257,0,0.000145,0.000552,1.147776,10.221374,1.533206,0.312500,0.000000,0.000000
366,10.170825,0.000000,0.997114,0.000000,0.000000,1.000000,0.880528,0,0.000136,0.000840,1.017664,10.103219,1.515483,0.312500,0.000000,0.000000
367,10.187638,0.000000,1.000474,0.000000,0.000000,1.000000,0.892678,0,0.000062,0.000675,0.897910,10.126542,1.518981,0.312500,0.000000,0.000000
368,10.106384,0.000000,1.003023,0.000000,0.000000,1.000000,0.901437,0,0.000050,0.000652,0.788592,10.051285,1.507693,0.312500,0.000000,0.000000
369,10.089446,0.000000,1.003023,0.000000,0.000000,1.000000,0.908063,0,0.000070,0.000851,0.690169,10.038848,1.505827,0.312500,0.000000,0.000000
370,9.937874,0.000000,1.002929,0.000000,0.000000,1.000000,0.914024,0,0.000141,0.000817,0.611421,9.887280,1.483092,0.312500,0.000000,0.000000
371,9.872477,0.000000,1.003267,0.000000,0.000000,1.000000,0.921401,0,0.000141,0.001169,0.534927,9.872379,1.480857,0.312500,0.000000,0.000000
372,10.229298,0.000000,1.004623,0.000000,0.000000,1.000000,0.928877,0,0.000089,0.000797,0.470471,10.171700,1.525755,0.312500,0.000000,0.000000
373,10.092965,0.000000,1.005775,0.000000,0.000000,1.000000,0.934615,0,0.000045,0.000797,0.417433,10.035358,1.505304,0.312500,0.000000,0.000000
374,10.086662,0.000000,1.004370,0.000000,0.000000,1.000000,0.938230,0,0.000131,0.000987,0.374837,9.964567,1.494685,0.312500,0.000000,0.000000
375,10.487077,0.000000,1.004687,0.000000,0.000000,1.000000,0.944751,0,0.000150,0.000684,0.337037,10.312968,1.546945,0.312500,0.000000,0.000000
376,10.352669,0.000000,1.006037,0.000000,0.000000,1.000000,0.950049,0,0.000175,0.000672,0.300759,10.172065,1.525810,0.312500,0.000000,0.000000
377,10.354443,0.000000,1.004633,0.000000,0.000000,1.000000,0.953699,0,0.000066,0.000750,0.269673,10.172838,1.525926,0.312500,0.000000,0.000000
378,10.215789,0.000000,1.006149,0.000000,0.000000,1.000000,0.958808,0,0.000140,0.001015,0.238918,10.034188,1.505128,0.312500,0.000000,0.000000
379,10.401027,0.000000,1.005328,0.000000,0.000000,1.000000,0.961218,0,0.000062,0.000738,0.215324,10.221925,1.533289,0.312500,0.000000,0.000000
380,10.365040,0.000000,1.006052,0.000000,0.000000,1.000000,0.965192,0,0.000409,0.000865,0.191297,10.181438,1.527216,0.312500,0.000000,0.000000
381,10.308389,0.000000,1.002419,0.000000,0.000000,1.000000,0.967995,0,0.000140,0.000667,0.171277,10.059287,1.508893,0.312500,0.000000,0.000000
382,10.691733,0.000000,1.005648,0.000000,0.000000,1.000000,0.971256,0,0.000121,0.000799,0.150198,10.371126,1.555669,0.312500,0.000000,0.000000
383,10.438895,0.000000,1.008144,0.000000,0.000000,1.000000,0.975355,0,0.000042,0.001066,0.127623,10.176791,1.526519,0.312500,0.000000,0.000000
384,10.360506,0.000000,1.002516,0.000000,0.000000,1.000000,0.977764,0,0.000068,0.000753,0.107253,10.034906,1.505236,0.312500,0.000000,0.000000
385,10.605018,0.000000,1.005191,0.000000,0.000000,1.000000,0.977764,0,0.000141,0.000647,0.101589,10.279417,1.541913,0.312500,0.000000,0.000000
386,10.548157,0.000000,0.999423,0.000000,0.000000,1.000000,0.977764,0,0.000053,0.001085,0.088810,10.220048,1.533007,0.312500,0.000000,0.000000
387,10.686101,0.000000,1.002045,0.000000,0.000000,1.000000,0.977764,0,0.000068,0.000521,0.100856,10.357985,1.553698,0.312500,0.000000,0.000000
388,10.518562,0.000000,0.999744,0.000000,0.000000,1.000000,0.977764,0,0.000054,0.000562,0.088321,10.190448,1.528567,0.312500,0.000000,0.000000
389,10.344858,0.000000,1.001813,0.000000,0.000000,1.000000,0.977764,0,0.000051,0.000751,0.104165,10.016744,1.502512,0.312500,0.000000,0.000000
390,10.093108,0.001653,1.007671,0.000000,0.000000,1.000000,0.802636,1,0.000054,0.000793,2.101888,9.967893,1.495184,0.312500,0.000000,0.000000
391,10.117427,0.000801,1.007724,0.000000,0.000000,1.000000,0.817696,1,0.000070,0.000722,1.864534,10.004798,1.500720,0.312500,0.000000,0.000000
392,10.628958,0.000000,0.991511,0.000000,0.000000,1.000000,0.832266,0,0.000072,0.001192,1.655985,10.527362,1.579104,0.312500,0.000000,0.000000
393,10.488601,0.000000,0.993087,0.000000,0.000000,1.000000,0.846864,0,0.000064,0.000834,1.466843,10.397009,1.559551,0.312500,0.000000,0.000000
394,10.321352,0.000000,0.997938,0.000000,0.000000,1.000000,0.861618,0,0.000137,0.001145,1.297449,10.238756,1.535813,0.312500,0.000000,0.000000
395,10.683863,0.000000,0.998704,0.000000,0.000000,1.000000,0.871257,0,0.000145,0.000625,1.147776,10.609264,1.591390,0.312500,0.000000,0.000000
396,10.498933,0.000000,0.997114,0.000000,0.000000,1.000000,0.880528,0,0.000142,0.000666,1.017664,10.431330,1.564700,0.312500,0.000000,0.000000
397,10.515202,0.000000,1.000474,0.000000,0.000000,1.000000,0.892678,0,0.000143,0.000856,0.897910,10.454106,1.568116,0.312500,0.000000,0.000000
398,10.321715,0.000000,1.003023,0.000000,0.000000,1.000000,0.901437,0,0.000140,0.000981,0.788592,10.266616,1.539992,0.312500,0.000000,0.000000
399,10.281564,0.000000,1.003023,0.000000,0.000000,1.000000,0.908063,0,0.000147,0.000911,0.690169,10.230959,1.534644,0.312500,0.000000,0.000000
400,10.191606,0.000000,1.002929,0.000000,0.000000,1.000000,0.914024,0,0.000137,0.000877,0.611421,10.141008,1.521151,0.312500,0.000000,0.000000
401,10.164213,0.000000,1.003267,0.000000,0.000000,1.000000,0.921401,0,0.000139,0.000806,0.534927,10.164111,1.524617,0.312500,0.000000,0.000000
402,10.554225,0.000000,1.004623,0.000000,0.000000,1.000000,0.928877,0,0.000141,0.001509,0.470471,10.496626,1.574494,0.312500,0.000000,0.000000
403,10.299540,0.000000,1.005775,0.000000,0.000000,1.000000,0.934615,0,0.000135,0.000878,0.417433,10.241942,1.536291,0.312500,0.000000,0.000000
404,10.347493,0.000000,1.004370,0.000000,0.000000,1.000000,0.938230,0,0.000064,0.001260,0.374837,10.225384,1.533808,0.312500,0.000000,0.000000
405,10.711769,0.000000,1.004687,0.000000,0.000000,1.000000,0.944751,0,0.000143,0.000862,0.337037,10.537665,1.580650,0.312500,0.000000,0.000000
406,10.472575,0.000000,1.006037,0.000000,0.000000,1.000000,0.950049,0,0.000146,0.000718,0.300759,10.291968,1.543795,0.312500,0.000000,0.000000
407,10.598456,0.000000,1.004633,0.000000,0.000000,1.000000,0.953699,0,0.000139,0.000985,0.269673,10.416852,1.562528,0.312500,0.000000,0.000000
408,10.510748,0.000000,1.006149,0.000000,0.000000,1.000000,0.958808,0,0.000173,0.000680,0.238918,10.329144,1.549372,0.312500,0.000000,0.000000
409,10.364012,0.000000,1.004069,0.000000,0.000000,1.000000,0.961218,0,0.000143,0.000765,0.215324,10.184910,1.527737,0.312500,0.000000,0.000000
410,10.320154,0.000000,1.006919,0.000000,0.000000,1.000000,0.964022,0,0.000140,0.000810,0.192747,10.120050,1.518007,0.312500,0.000000,0.000000
411,10.296107,0.000000,1.002419,0.000000,0.000000,1.000000,0.966671,0,0.000155,0.000776,0.171918,10.046000,1.506900,0.312500,0.000000,0.000000
412,10.783062,0.000000,1.005648,0.000000,0.000000,1.000000,0.969932,0,0.000062,0.000950,0.150929,10.462454,1.569368,0.312500,0.000000,0.000000
413,10.468222,0.000000,1.008144,0.000000,0.000000,1.000000,0.974030,0,0.000063,0.000913,0.128482,10.206111,1.530917,0.312500,0.000000,0.000000
414,10.517290,0.000000,1.002516,0.000000,0.000000,1.000000,0.976440,0,0.000131,0.001121,0.108274,10.191686,1.528753,0.312500,0.000000,0.000000
415,10.705041,0.000000,1.002766,0.000000,0.000000,1.000000,0.976440,0,0.000172,0.000910,0.102667,10.379440,1.556916,0.312500,0.000000,0.000000
416,10.613274,0.000000,1.004623,0.000000,0.000000,1.000000,0.976440,0,0.000140,0.000680,0.099800,10.287672,1.543151,0.312500,0.000000,0.000000
417,10.615565,0.000000,0.999111,0.000000,0.000000,1.000000,0.976440,0,0.000190,0.000922,0.089944,10.344952,1.551743,0.312500,0.000000,0.000000
418,10.604157,0.000000,1.005564,0.000000,0.000000,1.000000,0.976440,0,0.000142,0.000704,0.097198,10.275049,1.541257,0.312500,0.000000,0.000000
419,10.437012,0.000000,1.004598,0.000000,0.000000,1.000000,0.981075,0,0.000232,0.000916,0.075453,10.178409,1.526761,0.312500,0.000000,0.000000
420,10.120223,0.000925,1.007671,0.000000,0.000000,1.000000,0.802636,1,0.000140,0.000836,2.101888,9.995074,1.499261,0.312500,0.000000,0.000000
421,10.075981,0.000675,1.007724,0.000000,0.000000,1.000000,0.817696,1,0.000061,0.000797,1.864534,9.963365,1.494505,0.312500,0.000000,0.000000
422,10.411428,0.000000,0.991511,0.000000,0.000000,1.000000,0.832266,0,0.000143,0.000656,1.655985,10.309828,1.546474,0.312500,0.000000,0.000000
423,10.278512,0.000000,0.993087,0.000000,0.000000,1.000000,0.846864,0,0.000159,0.000875,1.466843,10.186914,1.528037,0.312500,0.000000,0.000000
424,10.151297,0.000000,0.997938,0.000000,0.000000,1.000000,0.861618,0,0.000135,0.001015,1.297449,10.068702,1.510305,0.312500,0.000000,0.000000
425,10.525413,0.000000,0.998704,0.000000,0.000000,1.000000,0.871257,0,0.000148,0.000649,1.147776,10.450815,1.567622,0.312500,0.000000,0.000000
426,10.321392,0.000000,0.997114,0.000000,0.000000,1.000000,0.880528,0,0.000059,0.000759,1.017664,10.253794,1.538069,0.312500,0.000000,0.000000
427,10.457250,0.000000,1.000474,0.000000,0.000000,1.000000,0.892678,0,0.000141,0.000996,0.897910,10.396147,1.559422,0.312500,0.000000,0.000000
428,10.302086,0.000000,1.003023,0.000000,0.000000,1.000000,0.901437,0,0.000137,0.000900,0.788592,10.246986,1.537048,0.312500,0.000000,0.000000
429,10.418990,0.000000,1.003023,0.000000,0.000000,1.000000,0.908063,0,0.000062,0.000582,0.690169,10.368395,1.555259,0.312500,0.000000,0.000000
430,10.298952,0.000000,1.002929,0.000000,0.000000,1.000000,0.914024,0,0.000149,0.000690,0.611421,10.248352,1.537253,0.312500,0.000000,0.000000
431,10.159491,0.000000,1.003267,0.000000,0.000000,1.000000,0.921401,0,0.000134,0.000916,0.534927,10.159391,1.523909,0.312500,0.000000,0.000000
432,10.568877,0.000000,1.004623,0.000000,0.000000,1.000000,0.928877,0,0.000139,0.001069,0.470471,10.511282,1.576692,0.312500,0.000000,0.000000
433,10.453626,0.000000,1.005775,0.000000,0.000000,1.000000,0.934615,0,0.000141,0.000928,0.417433,10.396020,1.559403,0.312500,0.000000,0.000000
434,10.359363,0.000000,1.004370,0.000000,0.000000,1.000000,0.938230,0,0.000192,0.000661,0.374837,10.237246,1.535587,0.312500,0.000000,0.000000
435,10.692384,0.000000,1.004687,0.000000,0.000000,1.000000,0.944751,0,0.000141,0.000599,0.337037,10.518284,1.577743,0.312500,0.000000,0.000000
436,10.615108,0.000000,1.006037,0.000000,0.000000,1.000000,0.950049,0,0.000139,0.000755,0.300759,10.434505,1.565176,0.312500,0.000000,0.000000
437,10.603220,0.000000,1.004633,0.000000,0.000000,1.000000,0.953699,0,0.000138,0.000791,0.269673,10.421630,1.563245,0.312500,0.000000,0.000000
438,10.452699,0.000000,1.006149,0.000000,0.000000,1.000000,0.958808,0,0.000138,0.001066,0.238918,10.271091,1.540664,0.312500,0.000000,0.000000
439,10.415251,0.000000,1.004069,0.000000,0.000000,1.000000,0.961218,0,0.000143,0.000775,0.215324,10.236148,1.535422,0.312500,0.000000,0.000000
440,10.347098,0.000000,1.006919,0.000000,0.000000,1.000000,0.964022,0,0.000138,0.000837,0.192747,10.146990,1.522049,0.312500,0.000000,0.000000
441,10.369158,0.000000,1.002419,0.000000,0.000000,1.000000,0.966671,0,0.000141,0.000686,0.171918,10.119060,1.517859,0.312500,0.000000,0.000000
442,10.712126,0.000000,1.005648,0.000000,0.000000,1.000000,0.969932,0,0.000064,0.000950,0.150929,10.391524,1.558729,0.312500,0.000000,0.000000
443,10.467088,0.000000,1.008144,0.000000,0.000000,1.000000,0.974030,0,0.000145,0.000897,0.128482,10.204982,1.530747,0.312500,0.000000,0.000000
444,10.538044,0.000000,1.002516,0.000000,0.000000,1.000000,0.976440,0,0.000143,0.000793,0.108274,10.212443,1.531866,0.312500,0.000000,0.000000
445,10.780057,0.000000,1.002766,0.000000,0.000000,1.000000,0.976440,0,0.000139,0.000564,0.102667,10.454451,1.568168,0.312500,0.000000,0.000000
446,10.600058,0.000000,1.004623,0.000000,0.000000,1.000000,0.976440,0,0.000137,0.000724,0.099800,10.274447,1.541167,0.312500,0.000000,0.000000
447,10.680942,0.000000,0.999111,0.000000,0.000000,1.000000,0.976440,0,0.000139,0.000645,0.089944,10.410326,1.561549,0.312500,0.000000,0.000000
448,10.531010,0.000000,1.005564,0.000000,0.000000,1.000000,0.976440,0,0.000141,0.000582,0.097198,10.201899,1.530285,0.312500,0.000000,0.000000
449,10.408733,0.000000,1.004598,0.000000,0.000000,1.000000,0.981075,0,0.000138,0.000732,0.075453,10.150134,1.522520,0.312500,0.000000,0.000000
450,10.202424,0.000905,1.007671,0.000000,0.000000,1.000000,0.802636,1,0.000138,0.000797,2.101888,10.077273,1.511591,0.312500,0.000000,0.000000
451,10.129990,0.000867,1.007724,0.000000,0.000000,1.000000,0.817696,1,0.000138,0.000614,1.864534,10.017352,1.502603,0.312500,0.000000,0.000000
452,10.440311,0.000000,0.991511,0.000000,0.000000,1.000000,0.832266,0,0.000139,0.000846,1.655985,10.338714,1.550807,0.312500,0.000000,0.000000
453,10.245588,0.000000,0.993087,0.000000,0.000000,1.000000,0.846864,0,0.000064,0.000655,1.466843,10.153992,1.523099,0.312500,0.000000,0.000000
454,10.209981,0.000000,0.997938,0.000000,0.000000,1.000000,0.861618,0,0.000063,0.000637,1.297449,10.127384,1.519108,0.312500,0.000000,0.000000
455,10.350027,0.000000,0.998704,0.000000,0.000000,1.000000,0.871257,0,0.000068,0.000820,1.147776,10.275430,1.541315,0.312500,0.000000,0.000000
456,10.330794,0.000000,0.997114,0.000000,0.000000,1.000000,0.880528,0,0.000136,0.000590,1.017664,10.263192,1.539479,0.312500,0.000000,0.000000
457,10.261330,0.000000,1.000474,0.000000,0.000000,1.000000,0.892678,0,0.000141,0.000560,0.897910,10.200228,1.530034,0.312500,0.000000,0.000000
458,10.212862,0.000000,1.003023,0.000000,0.000000,1.000000,0.901437,0,0.000060,0.000727,0.788592,10.157759,1.523664,0.312500,0.000000,0.000000
459,10.225633,0.000000,1.003023,0.000000,0.000000,1.000000,0.908063,0,0.000140,0.000774,0.690169,10.175032,1.526255,0.312500,0.000000,0.000000
460,10.097764,0.000000,1.002929,0.000000,0.000000,1.000000,0.914024,0,0.000132,0.000608,0.611421,10.047152,1.507073,0.312500,0.000000,0.000000
461,9.989189,0.000000,1.003267,0.000000,0.000000,1.000000,0.921401,0,0.000069,0.000861,0.534927,9.989097,1.498365,0.312500,0.000000,0.000000
462,10.388513,0.000000,1.004623,0.000000,0.000000,1.000000,0.928877,0,0.000058,0.000967,0.470471,10.330914,1.549637,0.312500,0.000000,0.000000
463,10.219408,0.000000,1.005775,0.000000,0.000000,1.000000,0.934615,0,0.000130,0.000589,0.417433,10.161810,1.524271,0.312500,0.000000,0.000000
464,10.132203,0.000000,1.004370,0.000000,0.000000,1.000000,0.938230,0,0.000143,0.000787,0.374837,10.010111,1.501517,0.312500,0.000000,0.000000
465,10.511221,0.000000,1.004687,0.000000,0.000000,1.000000,0.944751,0,0.000133,0.000990,0.337037,10.337113,1.550567,0.312500,0.000000,0.000000
466,10.304074,0.000000,1.006037,0.000000,0.000000,1.000000,0.950049,0,0.000228,0.001120,0.300759,10.123468,1.518520,0.312500,0.000000,0.000000
467,10.381504,0.000000,1.004633,0.000000,0.000000,1.000000,0.953699,0,0.000146,0.000647,0.269673,10.199909,1.529986,0.312500,0.000000,0.000000
468,10.230772,0.000000,1.006149,0.000000,0.000000,1.000000,0.958808,0,0.000350,0.000506,0.238918,10.049172,1.507376,0.312500,0.000000,0.000000
469,10.249741,0.000000,1.005328,0.000000,0.000000,1.000000,0.961218,0,0.000132,0.000653,0.215324,10.070645,1.510597,0.312500,0.000000,0.000000
470,10.247231,0.000000,1.006052,0.000000,0.000000,1.000000,0.965192,0,0.000132,0.000573,0.191297,10.063636,1.509545,0.312500,0.000000,0.000000
471,10.162115,0.000000,1.002419,0.000000,0.000000,1.000000,0.967995,0,0.000133,0.000952,0.171277,9.913024,1.486954,0.312500,0.000000,0.000000
472,10.545384,0.000000,1.005648,0.000000,0.000000,1.000000,0.971256,0,0.000128,0.000704,0.150198,10.224779,1.533717,0.312500,0.000000,0.000000
473,10.455128,0.000000,1.008144,0.000000,0.000000,1.000000,0.975355,0,0.000120,0.000828,0.127623,10.193036,1.528955,0.312500,0.000000,0.000000
474,10.395561,0.000000,1.002516,0.000000,0.000000,1.000000,0.977764,0,0.000289,0.000752,0.107253,10.069958,1.510494,0.312500,0.000000,0.000000
475,10.644272,0.000000,1.005191,0.000000,0.000000,1.000000,0.977764,0,0.000131,0.000687,0.101589,10.318664,1.547800,0.312500,0.000000,0.000000
476,10.446072,0.000000,0.999423,0.000000,0.000000,1.000000,0.977764,0,0.000066,0.000808,0.088810,10.117980,1.517697,0.312500,0.000000,0.000000
477,10.542391,0.000000,1.002045,0.000000,0.000000,1.000000,0.977764,0,0.000133,0.000672,0.100856,10.214279,1.532142,0.312500,0.000000,0.000000
478,10.419798,0.000000,0.999744,0.000000,0.000000,1.000000,0.977764,0,0.000057,0.000962,0.088321,10.091694,1.513754,0.312500,0.000000,0.000000
479,10.515003,0.000000,1.001813,0.000000,0.000000,1.000000,0.977764,0,0.000061,0.000772,0.104165,10.186905,1.528036,0.312500,0.000000,0.000000
480,10.124632,0.000858,1.007671,0.000000,0.000000,1.000000,0.802636,1,0.000370,0.000816,2.101888,9.999499,1.499925,0.312500,0.000000,0.000000
481,10.065368,0.000790,1.007724,0.000000,0.000000,1.000000,0.817696,1,0.000064,0.000890,1.864534,9.952743,1.492911,0.312500,0.000000,0.000000
482,10.303773,0.000000,0.991511,0.000000,0.000000,1.000000,0.832266,0,0.000060,0.001218,1.655985,10.202182,1.530327,0.312500,0.000000,0.000000
483,10.248406,0.000000,0.993087,0.000000,0.000000,1.000000,0.846864,0,0.000139,0.000564,1.466843,10.156812,1.523522,0.312500,0.000000,0.000000
484,10.225564,0.000000,0.997938,0.000000,0.000000,1.000000,0.861618,0,0.000063,0.000738,1.297449,10.142969,1.521445,0.312500,0.000000,0.000000
485,10.452884,0.000000,0.998704,0.000000,0.000000,1.000000,0.871257,0,0.000061,0.000582,1.147776,10.378289,1.556743,0.312500,0.000000,0.000000
486,10.294827,0.000000,0.997114,0.000000,0.000000,1.000000,0.880528,0,0.000060,0.000837,1.017664,10.227228,1.534084,0.312500,0.000000,0.000000
487,10.309550,0.000000,1.000474,0.000000,0.000000,1.000000,0.892678,0,0.000056,0.000886,0.897910,10.248457,1.537269,0.312500,0.000000,0.000000
488,10.127107,0.000000,1.003023,0.000000,0.000000,1.000000,0.901437,0,0.000065,0.000752,0.788592,10.072016,1.510802,0.312500,0.000000,0.000000
489,10.163154,0.000000,1.003023,0.000000,0.000000,1.000000,0.908063,0,0.000139,0.001043,0.690169,10.112543,1.516881,0.312500,0.000000,0.000000
490,10.172493,0.000000,1.002929,0.000000,0.000000,1.000000,0.914024,0,0.000138,0.001034,0.611421,10.121895,1.518284,0.312500,0.000000,0.000000
491,10.053658,0.000000,1.003267,0.000000,0.000000,1.000000,0.921401,0,0.000300,0.001116,0.534927,10.053565,1.508035,0.312500,0.000000,0.000000
492,10.442441,0.000000,1.004623,0.000000,0.000000,1.000000,0.928877,0,0.000080,0.000839,0.470471,10.384844,1.557727,0.312500,0.000000,0.000000
493,10.208568,0.000000,1.005775,0.000000,0.000000,1.000000,0.934615,0,0.000143,0.000891,0.417433,10.150965,1.522645,0.312500,0.000000,0.000000
494,10.138416,0.000000,1.004370,0.000000,0.000000,1.000000,0.938230,0,0.000148,0.000888,0.374837,10.016315,1.502447,0.312500,0.000000,0.000000
495,10.545894,0.000000,1.004687,0.000000,0.000000,1.000000,0.944751,0,0.000155,0.000835,0.337037,10.371795,1.555769,0.312500,0.000000,0.000000
496,10.386488,0.000000,1.006037,0.000000,0.000000,1.000000,0.950049,0,0.000141,0.001048,0.300759,10.205888,1.530883,0.312500,0.000000,0.000000
497,10.369901,0.000000,1.004633,0.000000,0.000000,1.000000,0.953699,0,0.000062,0.000824,0.269673,10.188301,1.528245,0.312500,0.000000,0.000000
498,10.353976,0.000000,1.006149,0.000000,0.000000,1.000000,0.958808,0,0.000060,0.000910,0.238918,10.172373,1.525856,0.312500,0.000000,0.000000
499,10.231184,0.000000,1.004069,0.000000,0.000000,1.000000,0.961218,0,0.000138,0.000591,0.215324,10.052084,1.507813,0.312500,0.000000,0.000000
500,10.207427,0.000000,1.006919,0.000000,0.000000,1.000000,0.964022,0,0.000136,0.000658,0.192747,10.007329,1.501099,0.312500,0.000000,0.000000
501,10.290945,0.000000,1.002419,0.000000,0.000000,1.000000,0.966671,0,0.000309,0.000663,0.171918,10.040844,1.506127,0.312500,0.000000,0.000000
502,10.641407,0.000000,1.005648,0.000000,0.000000,1.000000,0.969932,0,0.000331,0.000759,0.150929,10.320802,1.548120,0.312500,0.000000,0.000000
503,10.403292,0.000000,1.008144,0.000000,0.000000,1.000000,0.974030,0,0.000144,0.000620,0.128482,10.141186,1.521178,0.312500,0.000000,0.000000
504,10.386481,0.000000,1.002516,0.000000,0.000000,1.000000,0.976440,0,0.000165,0.000520,0.108274,10.060872,1.509131,0.312500,0.000000,0.000000
505,10.616451,0.000000,1.002766,0.000000,0.000000,1.000000,0.976440,0,0.000141,0.000705,0.102667,10.290840,1.543626,0.312500,0.000000,0.000000
506,10.499653,0.000000,1.004623,0.000000,0.000000,1.000000,0.976440,0,0.000062,0.000651,0.099800,10.174048,1.526107,0.312500,0.000000,0.000000
507,10.589178,0.000000,0.999111,0.000000,0.000000,1.000000,0.976440,0,0.000062,0.000710,0.089944,10.318573,1.547786,0.312500,0.000000,0.000000
508,10.598435,0.000000,1.005564,0.000000,0.000000,1.000000,0.976440,0,0.000135,0.000743,0.097198,10.269327,1.540399,0.312500,0.000000,0.000000
509,10.354531,0.000000,1.004598,0.000000,0.000000,1.000000,0.981075,0,0.000140,0.000970,0.075453,10.095933,1.514390,0.312500,0.000000,0.000000
510,10.097524,0.001308,1.007671,0.000000,0.000000,1.000000,0.802636,1,0.000150,0.000991,2.101888,9.972337,1.495851,0.312500,0.000000,0.000000
511,10.087606,0.001117,1.007724,0.000000,0.000000,1.000000,0.817696,1,0.000147,0.000857,1.864534,9.974948,1.496242,0.312500,0.000000,0.000000
512,10.417276,0.000000,0.991511,0.000000,0.000000,1.000000,0.832266,0,0.000397,0.000595,1.655985,10.315684,1.547353,0.312500,0.000000,0.000000
513,10.203342,0.000000,0.993087,0.000000,0.000000,1.000000,0.846864,0,0.000145,0.001264,1.466843,10.111744,1.516762,0.312500,0.000000,0.000000
514,10.195635,0.000000,0.997938,0.000000,0.000000,1.000000,0.861618,0,0.000139,0.001045,1.297449,10.113029,1.516954,0.312500,0.000000,0.000000
515,10.438485,0.000000,0.998704,0.000000,0.000000,1.000000,0.871257,0,0.000059,0.001015,1.147776,10.363892,1.554584,0.312500,0.000000,0.000000
516,10.197352,0.000000,0.997114,0.000000,0.000000,1.000000,0.880528,0,0.000146,0.000945,1.017664,10.129751,1.519463,0.312500,0.000000,0.000000
517,10.293193,0.000000,1.000474,0.000000,0.000000,1.000000,0.892678,0,0.000141,0.000762,0.897910,10.232094,1.534814,0.312500,0.000000,0.000000
518,10.178903,0.000000,1.003023,0.000000,0.000000,1.000000,0.901437,0,0.000139,0.000972,0.788592,10.123807,1.518571,0.312500,0.000000,0.000000
519,10.277421,0.000000,1.003023,0.000000,0.000000,1.000000,0.908063,0,0.000059,0.000828,0.690169,10.226827,1.534024,0.312500,0.000000,0.000000
520,10.131360,0.000000,1.002929,0.000000,0.000000,1.000000,0.914024,0,0.000061,0.000854,0.611421,10.080765,1.512115,0.312500,0.000000,0.000000
521,9.994785,0.000000,1.003267,0.000000,0.000000,1.000000,0.921401,0,0.000144,0.001106,0.534927,9.994692,1.499204,0.312500,0.000000,0.000000
522,10.317743,0.000000,1.004623,0.000000,0.000000,1.000000,0.928877,0,0.000369,0.000942,0.470471,10.260143,1.539021,0.312500,0.000000,0.000000
523,10.328153,0.000000,1.005775,0.000000,0.000000,1.000000,0.934615,0,0.000142,0.000976,0.417433,10.270544,1.540582,0.312500,0.000000,0.000000
524,10.354941,0.000000,1.004370,0.000000,0.000000,1.000000,0.938230,0,0.000062,0.000872,0.374837,10.232843,1.534926,0.312500,0.000000,0.000000
525,10.625306,0.000000,1.004687,0.000000,0.000000,1.000000,0.944751,0,0.000226,0.000830,0.337037,10.451202,1.567680,0.312500,0.000000,0.000000
526,10.353055,0.000000,1.006037,0.000000,0.000000,1.000000,0.950049,0,0.000413,0.000743,0.300759,10.172453,1.525868,0.312500,0.000000,0.000000
527,10.379632,0.000000,1.004633,0.000000,0.000000,1.000000,0.953699,0,0.000139,0.000762,0.269673,10.198033,1.529705,0.312500,0.000000,0.000000
528,10.272697,0.000000,1.006149,0.000000,0.000000,1.000000,0.958808,0,0.000147,0.001159,0.238918,10.091094,1.513664,0.312500,0.000000,0.000000
529,10.262172,0.000000,1.005328,0.000000,0.000000,1.000000,0.961218,0,0.000073,0.000718,0.215324,10.083060,1.512459,0.312500,0.000000,0.000000
530,10.158224,0.000000,1.006052,0.000000,0.000000,1.000000,0.965192,0,0.000066,0.000947,0.191297,9.974629,1.496194,0.312500,0.000000,0.000000
531,10.194552,0.000000,1.002419,0.000000,0.000000,1.000000,0.967995,0,0.000384,0.000960,0.171277,9.945455,1.491818,0.312500,0.000000,0.000000
532,10.581496,0.000000,1.005648,0.000000,0.000000,1.000000,0.971256,0,0.000410,0.000697,0.150198,10.260896,1.539134,0.312500,0.000000,0.000000
533,10.271856,0.000000,1.008144,0.000000,0.000000,1.000000,0.975355,0,0.000060,0.000751,0.127623,10.009751,1.501463,0.312500,0.000000,0.000000
534,10.336729,0.000000,1.002516,0.000000,0.000000,1.000000,0.977764,0,0.000062,0.000850,0.107253,10.011128,1.501669,0.312500,0.000000,0.000000
535,10.627677,0.000000,1.005191,0.000000,0.000000,1.000000,0.977764,0,0.000140,0.000579,0.101589,10.302081,1.545312,0.312500,0.000000,0.000000
536,10.462967,0.000000,0.999423,0.000000,0.000000,1.000000,0.977764,0,0.000062,0.000550,0.088810,10.134877,1.520232,0.312500,0.000000,0.000000
537,10.604412,0.000000,1.002045,0.000000,0.000000,1.000000,0.977764,0,0.000058,0.000569,0.100856,10.276317,1.541448,0.312500,0.000000,0.000000
538,10.361918,0.000000,0.999744,0.000000,0.000000,1.000000,0.977764,0,0.000061,0.000668,0.088321,10.033822,1.505073,0.312500,0.000000,0.000000
539,10.340352,0.000000,1.001813,0.000000,0.000000,1.000000,0.977764,0,0.000060,0.000650,0.104165,10.012252,1.501838,0.312500,0.000000,0.000000
540,10.072031,0.000801,1.007671,0.000000,0.000000,1.000000,0.802636,1,0.000062,0.000678,2.101888,9.946898,1.492035,0.312500,0.000000,0.000000
541,10.031104,0.000771,1.007724,0.000000,0.000000,1.000000,0.817696,1,0.000063,0.000841,1.864534,9.918479,1.487772,0.312500,0.000000,0.000000
542,10.320850,0.000000,0.991511,0.000000,0.000000,1.000000,0.832266,0,0.000062,0.000928,1.655985,10.219246,1.532887,0.312500,0.000000,0.000000
543,10.166243,0.000000,0.993087,0.000000,0.000000,1.000000,0.846864,0,0.000060,0.000972,1.466843,10.074642,1.511196,0.312500,0.000000,0.000000
544,10.048078,0.000000,0.997938,0.000000,0.000000,1.000000,0.861618,0,0.000140,0.000659,1.297449,9.965487,1.494823,0.312500,0.000000,0.000000
545,10.319880,0.000000,0.998704,0.000000,0.000000,1.000000,0.871257,0,0.000073,0.000897,1.147776,10.245277,1.536792,0.312500,0.000000,0.000000
546,10.166913,0.000000,0.997114,0.000000,0.000000,1.000000,0.880528,0,0.000066,0.000653,1.017664,10.099314,1.514897,0.312500,0.000000,0.000000
547,10.249788,0.000000,1.000474,0.000000,0.000000,1.000000,0.892678,0,0.000069,0.000584,0.897910,10.188693,1.528304,0.312500,0.000000,0.000000
548,10.257798,0.000000,1.003023,0.000000,0.000000,1.000000,0.901437,0,0.000143,0.000644,0.788592,10.202691,1.530404,0.312500,0.000000,0.000000
549,10.120641,0.000000,1.003023,0.000000,0.000000,1.000000,0.908063,0,0.000140,0.000777,0.690169,10.070045,1.510507,0.312500,0.000000,0.000000
550,9.942191,0.000000,1.002929,0.000000,0.000000,1.000000,0.914024,0,0.000140,0.000671,0.611421,9.891585,1.483738,0.312500,0.000000,0.000000
551,9.900718,0.000000,1.003267,0.000000,0.000000,1.000000,0.921401,0,0.000148,0.000954,0.534927,9.900614,1.485092,0.312500,0.000000,0.000000
552,10.348758,0.000000,1.004623,0.000000,0.000000,1.000000,0.928877,0,0.000214,0.000928,0.470471,10.291155,1.543673,0.312500,0.000000,0.000000
553,10.214337,0.000000,1.005775,0.000000,0.000000,1.000000,0.934615,0,0.000068,0.000707,0.417433,10.156743,1.523511,0.312500,0.000000,0.000000
554,10.177835,0.000000,1.004370,0.000000,0.000000,1.000000,0.938230,0,0.000062,0.000616,0.374837,10.055728,1.508359,0.312500,0.000000,0.000000
555,10.538784,0.000000,1.004687,0.000000,0.000000,1.000000,0.944751,0,0.000150,0.000628,0.337037,10.364675,1.554701,0.312500,0.000000,0.000000
556,10.369079,0.000000,1.006037,0.000000,0.000000,1.000000,0.950049,0,0.000129,0.000726,0.300759,10.188476,1.528271,0.312500,0.000000,0.000000
557,10.409047,0.000000,1.004633,0.000000,0.000000,1.000000,0.953699,0,0.000239,0.000867,0.269673,10.227449,1.534117,0.312500,0.000000,0.000000
558,10.403125,0.000000,1.006149,0.000000,0.000000,1.000000,0.958808,0,0.000370,0.000819,0.238918,10.221525,1.533229,0.312500,0.000000,0.000000
559,10.429845,0.000000,1.005328,0.000000,0.000000,1.000000,0.961218,0,0.000140,0.000990,0.215324,10.250736,1.537610,0.312500,0.000000,0.000000
560,10.350697,0.000000,1.006052,0.000000,0.000000,1.000000,0.965192,0,0.000078,0.001072,0.191297,10.167092,1.525064,0.312500,0.000000,0.000000
561,10.238662,0.000000,1.002419,0.000000,0.000000,1.000000,0.967995,0,0.000070,0.000971,0.171277,9.989559,1.498434,0.312500,0.000000,0.000000
562,10.654085,0.000000,1.005648,0.000000,0.000000,1.000000,0.971256,0,0.000058,0.000543,0.150198,10.333479,1.550022,0.312500,0.000000,0.000000
563,10.435197,0.000000,1.008144,0.000000,0.000000,1.000000,0.975355,0,0.000062,0.000622,0.127623,10.173093,1.525964,0.312500,0.000000,0.000000
564,10.524573,0.000000,1.002516,0.000000,0.000000,1.000000,0.977764,0,0.000132,0.000557,0.107253,10.198977,1.529847,0.312500,0.000000,0.000000
565,10.701027,0.000000,1.005191,0.000000,0.000000,1.000000,0.977764,0,0.000161,0.000681,0.101589,10.375424,1.556314,0.312500,0.000000,0.000000
566,10.563760,0.000000,0.999423,0.000000,0.000000,1.000000,0.977764,0,0.000134,0.000637,0.088810,10.235661,1.535349,0.312500,0.000000,0.000000
567,10.594149,0.000000,1.002045,0.000000,0.000000,1.000000,0.977764,0,0.000139,0.000860,0.100856,10.266053,1.539908,0.312500,0.000000,0.000000
568,10.421105,0.000000,0.999744,0.000000,0.000000,1.000000,0.977764,0,0.000134,0.000774,0.088321,10.093010,1.513951,0.312500,0.000000,0.000000
569,10.383340,0.000000,1.001813,0.000000,0.000000,1.000000,0.977764,0,0.000137,0.000950,0.104165,10.055222,1.508283,0.312500,0.000000,0.000000
570,10.191546,0.000840,1.007671,0.000000,0.000000,1.000000,0.802636,1,0.000135,0.001043,2.101888,10.066408,1.509961,0.312500,0.000000,0.000000
571,10.192520,0.000705,1.007724,0.000000,0.000000,1.000000,0.817696,1,0.000064,0.001022,1.864534,10.079879,1.511982,0.312500,0.000000,0.000000
572,10.448413,0.000000,0.991511,0.000000,0.000000,1.000000,0.832266,0,0.000064,0.000840,1.655985,10.346771,1.552016,0.312500,0.000000,0.000000
573,10.199297,0.000000,0.993087,0.000000,0.000000,1.000000,0.846864,0,0.000060,0.001073,1.466843,10.107697,1.516155,0.312500,0.000000,0.000000
574,10.160400,0.000000,0.997938,0.000000,0.000000,1.000000,0.861618,0,0.000139,0.000744,1.297449,10.077792,1.511669,0.312500,0.000000,0.000000
575,10.429299,0.000000,0.998704,0.000000,0.000000,1.000000,0.871257,0,0.000144,0.000864,1.147776,10.354704,1.553206,0.312500,0.000000,0.000000
576,10.305334,0.000000,0.997114,0.000000,0.000000,1.000000,0.880528,0,0.000141,0.001138,1.017664,10.237737,1.535661,0.312500,0.000000,0.000000
577,10.378020,0.000000,1.000474,0.000000,0.000000,1.000000,0.892678,0,0.000140,0.000578,0.897910,10.316923,1.547538,0.312500,0.000000,0.000000
578,10.119531,0.000000,1.003023,0.000000,0.000000,1.000000,0.901437,0,0.000141,0.000649,0.788592,10.064433,1.509665,0.312500,0.000000,0.000000
579,10.103063,0.000000,1.003023,0.000000,0.000000,1.000000,0.908063,0,0.000142,0.000647,0.690169,10.052468,1.507870,0.312500,0.000000,0.000000
580,10.009267,0.000000,1.002929,0.000000,0.000000,1.000000,0.914024,0,0.000356,0.000791,0.611421,9.958667,1.493800,0.312500,0.000000,0.000000
581,10.045716,0.000000,1.003267,0.000000,0.000000,1.000000,0.921401,0,0.000136,0.000963,0.534927,10.045618,1.506843,0.312500,0.000000,0.000000
582,10.360117,0.000000,1.004623,0.000000,0.000000,1.000000,0.928877,0,0.000134,0.001041,0.470471,10.302518,1.545378,0.312500,0.000000,0.000000
583,10.257562,0.000000,1.005775,0.000000,0.000000,1.000000,0.934615,0,0.000058,0.000884,0.417433,10.199969,1.529995,0.312500,0.000000,0.000000
584,10.169053,0.000000,1.004370,0.000000,0.000000,1.000000,0.938230,0,0.000059,0.000624,0.374837,10.046962,1.507044,0.312500,0.000000,0.000000
585,10.562895,0.000000,1.004687,0.000000,0.000000,1.000000,0.944751,0,0.000138,0.000811,0.337037,10.388792,1.558319,0.312500,0.000000,0.000000
586,10.377187,0.000000,1.006037,0.000000,0.000000,1.000000,0.950049,0,0.000143,0.000689,0.300759,10.196587,1.529488,0.312500,0.000000,0.000000
587,10.357771,0.000000,1.004633,0.000000,0.000000,1.000000,0.953699,0,0.000172,0.000788,0.269673,10.176171,1.526426,0.312500,0.000000,0.000000
588,10.377110,0.000000,1.006149,0.000000,0.000000,1.000000,0.958808,0,0.000136,0.000755,0.238918,10.195496,1.529324,0.312500,0.000000,0.000000
589,10.271907,0.000000,1.005328,0.000000,0.000000,1.000000,0.961218,0,0.000142,0.000565,0.215324,10.092816,1.513922,0.312500,0.000000,0.000000
590,10.245216,0.000000,1.006052,0.000000,0.000000,1.000000,0.965192,0,0.000139,0.000865,0.191297,10.061611,1.509242,0.312500,0.000000,0.000000
591,10.220644,0.000000,1.002419,0.000000,0.000000,1.000000,0.967995,0,0.000413,0.000762,0.171277,9.971538,1.495731,0.312500,0.000000,0.000000
592,10.626133,0.000000,1.005648,0.000000,0.000000,1.000000,0.971256,0,0.000300,0.000579,0.150198,10.305536,1.545830,0.312500,0.000000,0.000000
593,10.362734,0.000000,1.008144,0.000000,0.000000,1.000000,0.975355,0,0.000244,0.000600,0.127623,10.100637,1.515096,0.312500,0.000000,0.000000
594,10.320834,0.000000,1.002516,0.000000,0.000000,1.000000,0.977764,0,0.000146,0.000585,0.107253,9.995223,1.499284,0.312500,0.000000,0.000000
595,10.705826,0.000000,1.005191,0.000000,0.000000,1.000000,0.977764,0,0.000143,0.000738,0.101589,10.380224,1.557034,0.312500,0.000000,0.000000
596,10.429730,0.000000,0.999423,0.000000,0.000000,1.000000,0.977764,0,0.000169,0.001020,0.088810,10.101638,1.515246,0.312500,0.000000,0.000000
597,10.497571,0.000000,1.002045,0.000000,0.000000,1.000000,0.977764,0,0.000137,0.000645,0.100856,10.169471,1.525421,0.312500,0.000000,0.000000
598,10.344576,0.000000,0.999744,0.000000,0.000000,1.000000,0.977764,0,0.000160,0.000889,0.088321,10.016483,1.502473,0.312500,0.000000,0.000000
599,10.380925,0.000000,1.001813,0.000000,0.000000,1.000000,0.977764,0,0.000061,0.000621,0.104165,10.052829,1.507924,0.312500,0.000000,0.000000
600,10.098702,0.000998,1.007671,0.000000,0.000000,1.000000,0.802636,1,0.000070,0.000728,2.101888,9.973553,1.496033,0.312500,0.000000,0.000000
601,10.013600,0.000986,1.007724,0.000000,0.000000,1.000000,0.817696,1,0.000059,0.000645,1.864534,9.900953,1.485143,0.312500,0.000000,0.000000
602,10.272484,0.000000,0.991511,0.000000,0.000000,1.000000,0.832266,0,0.000062,0.000699,1.655985,10.170889,1.525633,0.312500,0.000000,0.000000
603,10.224770,0.000000,0.993087,0.000000,0.000000,1.000000,0.846864,0,0.000063,0.000673,1.466843,10.133171,1.519976,0.312500,0.000000,0.000000
604,10.082876,0.000000,0.997938,0.000000,0.000000,1.000000,0.861618,0,0.000061,0.000851,1.297449,10.000274,1.500041,0.312500,0.000000,0.000000
605,10.456610,0.000000,0.998704,0.000000,0.000000,1.000000,0.871257,0,0.000135,0.000748,1.147776,10.382006,1.557301,0.312500,0.000000,0.000000
606,10.261823,0.000000,0.997114,0.000000,0.000000,1.000000,0.880528,0,0.000142,0.001321,1.017664,10.194218,1.529133,0.312500,0.000000,0.000000
607,10.308168,0.000000,1.000474,0.000000,0.000000,1.000000,0.892678,0,0.000139,0.000664,0.897910,10.247027,1.537054,0.312500,0.000000,0.000000
608,10.112680,0.000000,1.003023,0.000000,0.000000,1.000000,0.901437,0,0.000414,0.000578,0.788592,10.057583,1.508637,0.312500,0.000000,0.000000
609,10.095102,0.000000,1.003023,0.000000,0.000000,1.000000,0.908063,0,0.000156,0.001041,0.690169,10.044510,1.506676,0.312500,0.000000,0.000000
610,10.040724,0.000000,1.002929,0.000000,0.000000,1.000000,0.914024,0,0.000137,0.001121,0.611421,9.990119,1.498518,0.312500,0.000000,0.000000
611,9.897144,0.000000,1.003267,0.000000,0.000000,1.000000,0.921401,0,0.000152,0.000807,0.534927,9.897041,1.484556,0.312500,0.000000,0.000000
612,10.329746,0.000000,1.004623,0.000000,0.000000,1.000000,0.928877,0,0.000166,0.000630,0.470471,10.272130,1.540820,0.312500,0.000000,0.000000
613,10.091825,0.000000,1.005775,0.000000,0.000000,1.000000,0.934615,0,0.000130,0.000628,0.417433,10.034234,1.505135,0.312500,0.000000,0.000000
614,10.202201,0.000000,1.004370,0.000000,0.000000,1.000000,0.938230,0,0.000062,0.000692,0.374837,10.080100,1.512015,0.312500,0.000000,0.000000
615,10.444462,0.000000,1.004687,0.000000,0.000000,1.000000,0.944751,0,0.000260,0.000742,0.337037,10.270350,1.540552,0.312500,0.000000,0.000000
616,10.308626,0.000000,1.006037,0.000000,0.000000,1.000000,0.950049,0,0.000136,0.000895,0.300759,10.128022,1.519203,0.312500,0.000000,0.000000
617,10.369798,0.000000,1.004633,0.000000,0.000000,1.000000,0.953699,0,0.000135,0.000619,0.269673,10.188176,1.528226,0.312500,0.000000,0.000000
618,10.229767,0.000000,1.006149,0.000000,0.000000,1.000000,0.958808,0,0.000138,0.000901,0.238918,10.048156,1.507223,0.312500,0.000000,0.000000
619,10.228784,0.000000,1.005328,0.000000,0.000000,1.000000,0.961218,0,0.000059,0.000649,0.215324,10.049678,1.507452,0.312500,0.000000,0.000000
620,10.134318,0.000000,1.006052,0.000000,0.000000,1.000000,0.965192,0,0.000060,0.000836,0.191297,9.950709,1.492606,0.312500,0.000000,0.000000
621,10.170967,0.000000,1.002419,0.000000,0.000000,1.000000,0.967995,0,0.000133,0.000759,0.171277,9.921869,1.488280,0.312500,0.000000,0.000000
622,10.652745,0.000000,1.005648,0.000000,0.000000,1.000000,0.971256,0,0.000062,0.000757,0.150198,10.332138,1.549821,0.312500,0.000000,0.000000
623,10.332891,0.000000,1.008144,0.000000,0.000000,1.000000,0.975355,0,0.000057,0.000691,0.127623,10.070785,1.510618,0.312500,0.000000,0.000000
624,10.305385,0.000000,1.002516,0.000000,0.000000,1.000000,0.977764,0,0.000136,0.000638,0.107253,9.979792,1.496969,0.312500,0.000000,0.000000
625,10.679320,0.000000,1.005191,0.000000,0.000000,1.000000,0.977764,0,0.000141,0.000727,0.101589,10.353718,1.553058,0.312500,0.000000,0.000000
626,10.501020,0.000000,0.999423,0.000000,0.000000,1.000000,0.977764,0,0.000140,0.000890,0.088810,10.172925,1.525939,0.312500,0.000000,0.000000
627,10.521792,0.000000,1.002045,0.000000,0.000000,1.000000,0.977764,0,0.000139,0.000580,0.100856,10.193691,1.529054,0.312500,0.000000,0.000000
628,10.452572,0.000000,0.999744,0.000000,0.000000,1.000000,0.977764,0,0.000146,0.000506,0.088321,10.124467,1.518670,0.312500,0.000000,0.000000
629,10.466139,0.000000,1.001813,0.000000,0.000000,1.000000,0.977764,0,0.000149,0.000734,0.104165,10.138038,1.520706,0.312500,0.000000,0.000000
630,10.122224,0.000900,1.007671,0.000000,0.000000,1.000000,0.802636,1,0.000347,0.000751,2.101888,9.997086,1.499563,0.312500,0.000000,0.000000
631,10.053359,0.000578,1.007724,0.000000,0.000000,1.000000,0.817696,1,0.000061,0.000543,1.864534,9.940750,1.491113,0.312500,0.000000,0.000000
632,10.460651,0.000000,0.991511,0.000000,0.000000,1.000000,0.832266,0,0.000068,0.000588,1.655985,10.359059,1.553859,0.312500,0.000000,0.000000
633,10.228617,0.000000,0.993087,0.000000,0.000000,1.000000,0.846864,0,0.000071,0.000947,1.466843,10.137014,1.520552,0.312500,0.000000,0.000000
634,10.346801,0.000000,0.997938,0.000000,0.000000,1.000000,0.861618,0,0.000141,0.000836,1.297449,10.264196,1.539629,0.312500,0.000000,0.000000
635,10.602782,0.000000,0.998704,0.000000,0.000000,1.000000,0.871257,0,0.000412,0.000791,1.147776,10.528181,1.579227,0.312500,0.000000,0.000000
636,10.307160,0.000000,0.997114,0.000000,0.000000,1.000000,0.880528,0,0.000224,0.000629,1.017664,10.239558,1.535934,0.312500,0.000000,0.000000
637,10.342312,0.000000,1.000474,0.000000,0.000000,1.000000,0.892678,0,0.000189,0.000999,0.897910,10.281216,1.542182,0.312500,0.000000,0.000000
638,10.201160,0.000000,1.003023,0.000000,0.000000,1.000000,0.901437,0,0.000134,0.001081,0.788592,10.146056,1.521908,0.312500,0.000000,0.000000
639,10.175546,0.000000,1.003023,0.000000,0.000000,1.000000,0.908063,0,0.000137,0.000685,0.690169,10.124953,1.518743,0.312500,0.000000,0.000000
640,10.026806,0.000000,1.002929,0.000000,0.000000,1.000000,0.914024,0,0.000061,0.000579,0.611421,9.976212,1.496432,0.312500,0.000000,0.000000
641,9.911259,0.000000,1.003267,0.000000,0.000000,1.000000,0.921401,0,0.000059,0.000740,0.534927,9.911152,1.486673,0.312500,0.000000,0.000000
642,10.310407,0.000000,1.004623,0.000000,0.000000,1.000000,0.928877,0,0.000061,0.000740,0.470471,10.252813,1.537922,0.312500,0.000000,0.000000
643,10.241828,0.000000,1.005775,0.000000,0.000000,1.000000,0.934615,0,0.000062,0.000613,0.417433,10.184236,1.527635,0.312500,0.000000,0.000000
644,10.228259,0.000000,1.004370,0.000000,0.000000,1.000000,0.938230,0,0.000138,0.000927,0.374837,10.106162,1.515924,0.312500,0.000000,0.000000
645,10.471447,0.000000,1.004687,0.000000,0.000000,1.000000,0.944751,0,0.000059,0.000878,0.337037,10.297350,1.544602,0.312500,0.000000,0.000000
646,10.335261,0.000000,1.006037,0.000000,0.000000,1.000000,0.950049,0,0.000062,0.000600,0.300759,10.154664,1.523200,0.312500,0.000000,0.000000
647,10.373428,0.000000,1.004633,0.000000,0.000000,1.000000,0.953699,0,0.000065,0.000684,0.269673,10.191825,1.528774,0.312500,0.000000,0.000000
648,10.286788,0.000000,1.006149,0.000000,0.000000,1.000000,0.958808,0,0.000070,0.000905,0.238918,10.105185,1.515778,0.312500,0.000000,0.000000
649,10.304903,0.000000,1.005328,0.000000,0.000000,1.000000,0.961218,0,0.000059,0.000856,0.215324,10.125792,1.518869,0.312500,0.000000,0.000000
650,10.134374,0.000000,1.006052,0.000000,0.000000,1.000000,0.965192,0,0.000060,0.000547,0.191297,9.950761,1.492614,0.312500,0.000000,0.000000
651,10.185769,0.000000,1.002419,0.000000,0.000000,1.000000,0.967995,0,0.000059,0.000690,0.171277,9.936663,1.490499,0.312500,0.000000,0.000000
652,10.481898,0.000000,1.005648,0.000000,0.000000,1.000000,0.971256,0,0.000059,0.000712,0.150198,10.161294,1.524194,0.312500,0.000000,0.000000
653,10.380362,0.000000,1.008144,0.000000,0.000000,1.000000,0.975355,0,0.000137,0.000880,0.127623,10.118252,1.517738,0.312500,0.000000,0.000000
654,10.313855,0.000000,1.002516,0.000000,0.000000,1.000000,0.977764,0,0.000140,0.000745,0.107253,9.988249,1.498237,0.312500,0.000000,0.000000
655,10.670004,0.000000,1.005191,0.000000,0.000000,1.000000,0.977764,0,0.000140,0.000666,0.101589,10.344402,1.551660,0.312500,0.000000,0.000000
656,10.503883,0.000000,0.999423,0.000000,0.000000,1.000000,0.977764,0,0.000135,0.000923,0.088810,10.175782,1.526367,0.312500,0.000000,0.000000
657,10.556143,0.000000,1.002045,0.000000,0.000000,1.000000,0.977764,0,0.000060,0.001024,0.100856,10.228036,1.534205,0.312500,0.000000,0.000000
658,10.415989,0.000000,0.999744,0.000000,0.000000,1.000000,0.977764,0,0.000062,0.000591,0.088321,10.087876,1.513181,0.312500,0.000000,0.000000
659,10.396772,0.000000,1.001813,0.000000,0.000000,1.000000,0.977764,0,0.000068,0.000873,0.104165,10.068670,1.510301,0.312500,0.000000,0.000000
660,10.068994,0.001343,1.007671,0.000000,0.000000,1.000000,0.802636,1,0.000062,0.000687,2.101888,9.943809,1.491571,0.312500,0.000000,0.000000
661,10.061820,0.001113,1.007724,0.000000,0.000000,1.000000,0.817696,1,0.000061,0.000720,1.864534,9.949152,1.492373,0.312500,0.000000,0.000000
662,10.296956,0.000000,0.991511,0.000000,0.000000,1.000000,0.832266,0,0.000057,0.000683,1.655985,10.195361,1.529304,0.312500,0.000000,0.000000
663,10.159523,0.000000,0.993087,0.000000,0.000000,1.000000,0.846864,0,0.000059,0.000988,1.466843,10.067924,1.510189,0.312500,0.000000,0.000000
664,10.292016,0.000000,0.997938,0.000000,0.000000,1.000000,0.861618,0,0.000138,0.001076,1.297449,10.209404,1.531411,0.312500,0.000000,0.000000
665,10.437627,0.000000,0.998704,0.000000,0.000000,1.000000,0.871257,0,0.000140,0.000845,1.147776,10.363030,1.554454,0.312500,0.000000,0.000000
666,10.321083,0.000000,0.997114,0.000000,0.000000,1.000000,0.880528,0,0.000061,0.000672,1.017664,10.253480,1.538022,0.312500,0.000000,0.000000
667,10.324229,0.000000,1.000474,0.000000,0.000000,1.000000,0.892678,0,0.000060,0.000640,0.897910,10.263135,1.539470,0.312500,0.000000,0.000000
668,10.289943,0.000000,1.003023,0.000000,0.000000,1.000000,0.901437,0,0.000147,0.000755,0.788592,10.234849,1.535227,0.312500,0.000000,0.000000
669,10.334481,0.000000,1.003023,0.000000,0.000000,1.000000,0.908063,0,0.000141,0.000546,0.690169,10.283881,1.542582,0.312500,0.000000,0.000000
670,10.269577,0.000000,1.002929,0.000000,0.000000,1.000000,0.914024,0,0.000141,0.000610,0.611421,10.218963,1.532844,0.312500,0.000000,0.000000
671,10.158076,0.000000,1.003267,0.000000,0.000000,1.000000,0.921401,0,0.000158,0.000796,0.534927,10.157968,1.523695,0.312500,0.000000,0.000000
672,10.496653,0.000000,1.004623,0.000000,0.000000,1.000000,0.928877,0,0.000263,0.000904,0.470471,10.439042,1.565856,0.312500,0.000000,0.000000
673,10.201549,0.000000,1.005775,0.000000,0.000000,1.000000,0.934615,0,0.000143,0.001165,0.417433,10.143931,1.521590,0.312500,0.000000,0.000000
674,10.065139,0.000000,1.004370,0.000000,0.000000,1.000000,0.938230,0,0.000140,0.001284,0.374837,9.943035,1.491455,0.312500,0.000000,0.000000
675,10.447417,0.000000,1.004687,0.000000,0.000000,1.000000,0.944751,0,0.000134,0.000640,0.337037,10.273309,1.540996,0.312500,0.000000,0.000000
676,10.346765,0.000000,1.006037,0.000000,0.000000,1.000000,0.950049,0,0.000063,0.000636,0.300759,10.166152,1.524923,0.312500,0.000000,0.000000
677,10.349017,0.000000,1.004633,0.000000,0.000000,1.000000,0.953699,0,0.000135,0.000908,0.269673,10.167410,1.525111,0.312500,0.000000,0.000000
678,10.251442,0.000000,1.006149,0.000000,0.000000,1.000000,0.958808,0,0.000071,0.000904,0.238918,10.069840,1.510476,0.312500,0.000000,0.000000
679,10.241313,0.000000,1.005328,0.000000,0.000000,1.000000,0.961218,0,0.000080,0.001025,0.215324,10.062193,1.509329,0.312500,0.000000,0.000000
680,10.149668,0.000000,1.006052,0.000000,0.000000,1.000000,0.965192,0,0.000132,0.000891,0.191297,9.966061,1.494909,0.312500,0.000000,0.000000
681,10.201809,0.000000,1.002419,0.000000,0.000000,1.000000,0.967995,0,0.000141,0.000842,0.171277,9.952701,1.492905,0.312500,0.000000,0.000000
682,10.576773,0.000000,1.005648,0.000000,0.000000,1.000000,0.971256,0,0.000131,0.000858,0.150198,10.256153,1.538423,0.312500,0.000000,0.000000
683,10.344948,0.000000,1.008144,0.000000,0.000000,1.000000,0.975355,0,0.000060,0.000680,0.127623,10.082835,1.512425,0.312500,0.000000,0.000000
684,10.376133,0.000000,1.002516,0.000000,0.000000,1.000000,0.977764,0,0.000060,0.000619,0.107253,10.050516,1.507577,0.312500,0.000000,0.000000
685,10.587356,0.000000,1.005191,0.000000,0.000000,1.000000,0.977764,0,0.000254,0.000527,0.101589,10.261745,1.539262,0.312500,0.000000,0.000000
686,10.502104,0.000000,0.999423,0.000000,0.000000,1.000000,0.977764,0,0.000365,0.000675,0.088810,10.173988,1.526098,0.312500,0.000000,0.000000
687,10.508609,0.000000,1.002045,0.000000,0.000000,1.000000,0.977764,0,0.000134,0.000520,0.100856,10.180500,1.527075,0.312500,0.000000,0.000000
688,10.362519,0.000000,0.999744,0.000000,0.000000,1.000000,0.977764,0,0.000135,0.000678,0.088321,10.034410,1.505161,0.312500,0.000000,0.000000
689,10.356193,0.000000,1.001813,0.000000,0.000000,1.000000,0.977764,0,0.000139,0.000631,0.104165,10.028085,1.504213,0.312500,0.000000,0.000000
690,10.070386,0.000874,1.007671,0.000000,0.000000,1.000000,0.802636,1,0.000141,0.000737,2.101888,9.945242,1.491786,0.312500,0.000000,0.000000
691,10.055026,0.000982,1.007724,0.000000,0.000000,1.000000,0.817696,1,0.000159,0.000577,1.864534,9.942376,1.491356,0.312500,0.000000,0.000000
692,10.463662,0.000000,0.991511,0.000000,0.000000,1.000000,0.832266,0,0.000139,0.000665,1.655985,10.362055,1.554308,0.312500,0.000000,0.000000
693,10.274556,0.000000,0.993087,0.000000,0.000000,1.000000,0.846864,0,0.000063,0.000552,1.466843,10.182949,1.527442,0.312500,0.000000,0.000000
694,10.173786,0.000000,0.997938,0.000000,0.000000,1.000000,0.861618,0,0.000132,0.000515,1.297449,10.091184,1.513678,0.312500,0.000000,0.000000
695,10.344824,0.000000,0.998704,0.000000,0.000000,1.000000,0.871257,0,0.000133,0.000504,1.147776,10.270226,1.540534,0.312500,0.000000,0.000000
696,10.197297,0.000000,0.997114,0.000000,0.000000,1.000000,0.880528,0,0.000135,0.000655,1.017664,10.129689,1.519453,0.312500,0.000000,0.000000
697,10.230685,0.000000,1.000474,0.000000,0.000000,1.000000,0.892678,0,0.000136,0.000614,0.897910,10.169592,1.525439,0.312500,0.000000,0.000000
698,10.143632,0.000000,1.003023,0.000000,0.000000,1.000000,0.901437,0,0.000136,0.000568,0.788592,10.088535,1.513280,0.312500,0.000000,0.000000
699,10.149114,0.000000,1.003023,0.000000,0.000000,1.000000,0.908063,0,0.000142,0.000541,0.690169,10.098520,1.514778,0.312500,0.000000,0.000000
700,10.003873,0.000000,1.002929,0.000000,0.000000,1.000000,0.914024,0,0.000059,0.000574,0.611421,9.953271,1.492991,0.312500,0.000000,0.000000
701,9.961334,0.000000,1.003267,0.000000,0.000000,1.000000,0.921401,0,0.000136,0.000823,0.534927,9.961243,1.494186,0.312500,0.000000,0.000000
702,10.264732,0.000000,1.004623,0.000000,0.000000,1.000000,0.928877,0,0.000135,0.001034,0.470471,10.207136,1.531070,0.312500,0.000000,0.000000
703,10.201453,0.000000,1.005775,0.000000,0.000000,1.000000,0.934615,0,0.000138,0.001043,0.417433,10.143862,1.521579,0.312500,0.000000,0.000000
704,10.132829,0.000000,1.004370,0.000000,0.000000,1.000000,0.938230,0,0.000139,0.000788,0.374837,10.010737,1.501610,0.312500,0.000000,0.000000
705,10.474245,0.000000,1.004687,0.000000,0.000000,1.000000,0.944751,0,0.000160,0.000648,0.337037,10.300143,1.545021,0.312500,0.000000,0.000000
706,10.370350,0.000000,1.006037,0.000000,0.000000,1.000000,0.950049,0,0.000137,0.001071,0.300759,10.189754,1.528463,0.312500,0.000000,0.000000
707,10.316381,0.000000,1.004633,0.000000,0.000000,1.000000,0.953699,0,0.000140,0.000830,0.269673,10.134787,1.520218,0.312500,0.000000,0.000000
708,10.301819,0.000000,1.006149,0.000000,0.000000,1.000000,0.958808,0,0.000137,0.000675,0.238918,10.120211,1.518032,0.312500,0.000000,0.000000
709,10.347125,0.000000,1.005328,0.000000,0.000000,1.000000,0.961218,0,0.000079,0.000742,0.215324,10.168009,1.525201,0.312500,0.000000,0.000000
710,10.175920,0.000000,1.006052,0.000000,0.000000,1.000000,0.965192,0,0.000069,0.000601,0.191297,9.992311,1.498847,0.312500,0.000000,0.000000
711,10.182654,0.000000,1.002419,0.000000,0.000000,1.000000,0.967995,0,0.000060,0.000783,0.171277,9.933561,1.490034,0.312500,0.000000,0.000000
712,10.491767,0.000000,1.005648,0.000000,0.000000,1.000000,0.971256,0,0.000136,0.000735,0.150198,10.171170,1.525675,0.312500,0.000000,0.000000
713,10.343760,0.000000,1.008144,0.000000,0.000000,1.000000,0.975355,0,0.000057,0.000611,0.127623,10.081663,1.512249,0.312500,0.000000,0.000000
714,10.323850,0.000000,1.002516,0.000000,0.000000,1.000000,0.977764,0,0.000137,0.000914,0.107253,9.998254,1.499738,0.312500,0.000000,0.000000
715,10.692364,0.000000,1.005191,0.000000,0.000000,1.000000,0.977764,0,0.000137,0.000531,0.101589,10.366759,1.555014,0.312500,0.000000,0.000000
716,10.548227,0.000000,0.999423,0.000000,0.000000,1.000000,0.977764,0,0.000133,0.000503,0.088810,10.220117,1.533018,0.312500,0.000000,0.000000
717,10.503996,0.000000,1.002045,0.000000,0.000000,1.000000,0.977764,0,0.000140,0.000560,0.100856,10.175897,1.526385,0.312500,0.000000,0.000000
718,10.418176,0.000000,0.999744,0.000000,0.000000,1.000000,0.977764,0,0.000131,0.000634,0.088321,10.090069,1.513510,0.312500,0.000000,0.000000
719,10.615963,0.000000,1.001813,0.000000,0.000000,1.000000,0.977764,0,0.000166,0.000941,0.104165,10.287857,1.543179,0.312500,0.000000,0.000000
720,10.308859,0.001023,1.007671,0.000000,0.000000,1.000000,0.802636,1,0.000138,0.000863,2.101888,10.183690,1.527554,0.312500,0.000000,0.000000
721,10.137686,0.000886,1.007724,0.000000,0.000000,1.000000,0.817696,1,0.000271,0.000941,1.864534,10.025042,1.503756,0.312500,0.000000,0.000000
722,10.435200,0.000000,0.991511,0.000000,0.000000,1.000000,0.832266,0,0.000150,0.000930,1.655985,10.333572,1.550036,0.312500,0.000000,0.000000
723,10.210981,0.000000,0.993087,0.000000,0.000000,1.000000,0.846864,0,0.000139,0.000891,1.466843,10.119370,1.517905,0.312500,0.000000,0.000000
724,10.081921,0.000000,0.997938,0.000000,0.000000,1.000000,0.861618,0,0.000159,0.000696,1.297449,9.999331,1.499900,0.312500,0.000000,0.000000
725,10.343281,0.000000,0.998704,0.000000,0.000000,1.000000,0.871257,0,0.000141,0.000603,1.147776,10.268683,1.540302,0.312500,0.000000,0.000000
726,10.192501,0.000000,0.997114,0.000000,0.000000,1.000000,0.880528,0,0.000157,0.000486,1.017664,10.124904,1.518736,0.312500,0.000000,0.000000
727,10.260857,0.000000,1.000474,0.000000,0.000000,1.000000,0.892678,0,0.000273,0.000567,0.897910,10.199755,1.529963,0.312500,0.000000,0.000000
728,10.171450,0.000000,1.003023,0.000000,0.000000,1.000000,0.901437,0,0.000150,0.000983,0.788592,10.116346,1.517452,0.312500,0.000000,0.000000
729,10.067073,0.000000,1.003023,0.000000,0.000000,1.000000,0.908063,0,0.000131,0.000562,0.690169,10.016472,1.502471,0.312500,0.000000,0.000000
730,10.081284,0.000000,1.002929,0.000000,0.000000,1.000000,0.914024,0,0.000137,0.000828,0.611421,10.030688,1.504603,0.312500,0.000000,0.000000
731,9.894704,0.000000,1.003267,0.000000,0.000000,1.000000,0.921401,0,0.000132,0.000838,0.534927,9.894612,1.484192,0.312500,0.000000,0.000000
732,10.337373,0.000000,1.004623,0.000000,0.000000,1.000000,0.928877,0,0.000068,0.000865,0.470471,10.279773,1.541966,0.312500,0.000000,0.000000
733,10.172156,0.000000,1.005775,0.000000,0.000000,1.000000,0.934615,0,0.000139,0.000694,0.417433,10.114559,1.517184,0.312500,0.000000,0.000000
734,10.104630,0.000000,1.004370,0.000000,0.000000,1.000000,0.938230,0,0.000140,0.000722,0.374837,9.982531,1.497380,0.312500,0.000000,0.000000
735,10.459689,0.000000,1.004687,0.000000,0.000000,1.000000,0.944751,0,0.000139,0.000727,0.337037,10.285588,1.542838,0.312500,0.000000,0.000000
736,10.349214,0.000000,1.006037,0.000000,0.000000,1.000000,0.950049,0,0.000139,0.000767,0.300759,10.168621,1.525293,0.312500,0.000000,0.000000
737,10.493601,0.000000,1.004633,0.000000,0.000000,1.000000,0.953699,0,0.000139,0.000919,0.269673,10.312002,1.546800,0.312500,0.000000,0.000000
738,10.319806,0.000000,1.006149,0.000000,0.000000,1.000000,0.958808,0,0.000138,0.000564,0.238918,10.138210,1.520731,0.312500,0.000000,0.000000
739,10.217530,0.000000,1.005328,0.000000,0.000000,1.000000,0.961218,0,0.000069,0.000576,0.215324,10.038438,1.505766,0.312500,0.000000,0.000000
740,10.184001,0.000000,1.006052,0.000000,0.000000,1.000000,0.965192,0,0.000136,0.000558,0.191297,10.000405,1.500061,0.312500,0.000000,0.000000
741,10.187493,0.000000,1.002419,0.000000,0.000000,1.000000,0.967995,0,0.000062,0.000919,0.171277,9.938385,1.490758,0.312500,0.000000,0.000000
742,10.500664,0.000000,1.005648,0.000000,0.000000,1.000000,0.971256,0,0.000131,0.000573,0.150198,10.180066,1.527010,0.312500,0.000000,0.000000
743,10.331460,0.000000,1.008144,0.000000,0.000000,1.000000,0.975355,0,0.000059,0.000442,0.127623,10.069355,1.510403,0.312500,0.000000,0.000000
744,10.336855,0.000000,1.002516,0.000000,0.000000,1.000000,0.977764,0,0.000143,0.000477,0.107253,10.011257,1.501688,0.312500,0.000000,0.000000
745,10.561481,0.000000,1.005191,0.000000,0.000000,1.000000,0.977764,0,0.000139,0.000545,0.101589,10.235881,1.535382,0.312500,0.000000,0.000000
746,10.426236,0.000000,0.999423,0.000000,0.000000,1.000000,0.977764,0,0.000408,0.000576,0.088810,10.098138,1.514721,0.312500,0.000000,0.000000
747,10.478294,0.000000,1.002045,0.000000,0.000000,1.000000,0.977764,0,0.000125,0.000508,0.100856,10.150196,1.522529,0.312500,0.000000,0.000000
748,10.406846,0.000000,0.999744,0.000000,0.000000,1.000000,0.977764,0,0.000062,0.000507,0.088321,10.078743,1.511811,0.312500,0.000000,0.000000
749,10.360682,0.000000,1.001813,0.000000,0.000000,1.000000,0.977764,0,0.000063,0.000769,0.104165,10.032585,1.504888,0.312500,0.000000,0.000000
750,10.166171,0.000898,1.007671,0.000000,0.000000,1.000000,0.802636,1,0.000062,0.000745,2.101888,10.041027,1.506154,0.312500,0.000000,0.000000
751,10.188794,0.000948,1.007724,0.000000,0.000000,1.000000,0.817696,1,0.000061,0.000794,1.864534,10.076153,1.511423,0.312500,0.000000,0.000000
752,10.456439,0.000000,0.991511,0.000000,0.000000,1.000000,0.832266,0,0.000062,0.000662,1.655985,10.354831,1.553225,0.312500,0.000000,0.000000
753,10.246181,0.000000,0.993087,0.000000,0.000000,1.000000,0.846864,0,0.000063,0.000908,1.466843,10.154579,1.523187,0.312500,0.000000,0.000000
754,10.051553,0.000000,0.997938,0.000000,0.000000,1.000000,0.861618,0,0.000140,0.000504,1.297449,9.968960,1.495344,0.312500,0.000000,0.000000
755,10.307177,0.000000,0.998704,0.000000,0.000000,1.000000,0.871257,0,0.000148,0.000602,1.147776,10.232587,1.534888,0.312500,0.000000,0.000000
756,10.148684,0.000000,0.997114,0.000000,0.000000,1.000000,0.880528,0,0.000067,0.000630,1.017664,10.081094,1.512164,0.312500,0.000000,0.000000
757,10.205192,0.000000,1.000474,0.000000,0.000000,1.000000,0.892678,0,0.000137,0.000495,0.897910,10.144084,1.521613,0.312500,0.000000,0.000000
758,10.120602,0.000000,1.003023,0.000000,0.000000,1.000000,0.901437,0,0.000137,0.000552,0.788592,10.065514,1.509827,0.312500,0.000000,0.000000
759,10.096772,0.000000,1.003023,0.000000,0.000000,1.000000,0.908063,0,0.000059,0.000625,0.690169,10.046177,1.506927,0.312500,0.000000,0.000000
760,10.003943,0.000000,1.002929,0.000000,0.000000,1.000000,0.914024,0,0.000061,0.000799,0.611421,9.953340,1.493001,0.312500,0.000000,0.000000
761,9.959611,0.000000,1.003267,0.000000,0.000000,1.000000,0.921401,0,0.000062,0.000572,0.534927,9.959503,1.493925,0.312500,0.000000,0.000000
762,10.277074,0.000000,1.004623,0.000000,0.000000,1.000000,0.928877,0,0.000061,0.000837,0.470471,10.219485,1.532923,0.312500,0.000000,0.000000
763,10.114475,0.000000,1.005775,0.000000,0.000000,1.000000,0.934615,0,0.000060,0.000549,0.417433,10.056881,1.508532,0.312500,0.000000,0.000000
764,10.091728,0.000000,1.004370,0.000000,0.000000,1.000000,0.938230,0,0.000138,0.000506,0.374837,9.969630,1.495445,0.312500,0.000000,0.000000
765,10.462537,0.000000,1.004687,0.000000,0.000000,1.000000,0.944751,0,0.000144,0.000632,0.337037,10.288443,1.543266,0.312500,0.000000,0.000000
766,10.263764,0.000000,1.006037,0.000000,0.000000,1.000000,0.950049,0,0.000143,0.000527,0.300759,10.083160,1.512474,0.312500,0.000000,0.000000
767,10.300897,0.000000,1.004633,0.000000,0.000000,1.000000,0.953699,0,0.000199,0.000775,0.269673,10.119296,1.517894,0.312500,0.000000,0.000000
768,10.202674,0.000000,1.006149,0.000000,0.000000,1.000000,0.958808,0,0.000139,0.000676,0.238918,10.021067,1.503160,0.312500,0.000000,0.000000
769,10.304909,0.000000,1.005328,0.000000,0.000000,1.000000,0.961218,0,0.000062,0.000843,0.215324,10.125812,1.518872,0.312500,0.000000,0.000000
770,10.121797,0.000000,1.006052,0.000000,0.000000,1.000000,0.965192,0,0.000137,0.000815,0.191297,9.938198,1.490730,0.312500,0.000000,0.000000
771,10.133640,0.000000,1.002419,0.000000,0.000000,1.000000,0.967995,0,0.000061,0.000734,0.171277,9.884543,1.482681,0.312500,0.000000,0.000000
772,10.523677,0.000000,1.005648,0.000000,0.000000,1.000000,0.971256,0,0.000130,0.000967,0.150198,10.203082,1.530462,0.312500,0.000000,0.000000
773,10.315347,0.000000,1.008144,0.000000,0.000000,1.000000,0.975355,0,0.000055,0.000554,0.127623,10.053253,1.507988,0.312500,0.000000,0.000000
774,10.369917,0.000000,1.002516,0.000000,0.000000,1.000000,0.977764,0,0.000293,0.000665,0.107253,10.044318,1.506648,0.312500,0.000000,0.000000
775,10.602513,0.000000,1.005191,0.000000,0.000000,1.000000,0.977764,0,0.000201,0.000718,0.101589,10.276916,1.541537,0.312500,0.000000,0.000000
776,10.485935,0.000000,0.999423,0.000000,0.000000,1.000000,0.977764,0,0.000140,0.000809,0.088810,10.157833,1.523675,0.312500,0.000000,0.000000
777,10.513477,0.000000,1.002045,0.000000,0.000000,1.000000,0.977764,0,0.000140,0.000768,0.100856,10.185379,1.527807,0.312500,0.000000,0.000000
778,10.394345,0.000000,0.999744,0.000000,0.000000,1.000000,0.977764,0,0.000151,0.000757,0.088321,10.066229,1.509934,0.312500,0.000000,0.000000
779,10.411055,0.000000,1.001813,0.000000,0.000000,1.000000,0.977764,0,0.000059,0.000699,0.104165,10.082961,1.512444,0.312500,0.000000,0.000000
780,10.152750,0.000947,1.007671,0.000000,0.000000,1.000000,0.802636,1,0.000136,0.000730,2.101888,10.027604,1.504141,0.312500,0.000000,0.000000
781,10.139470,0.000970,1.007724,0.000000,0.000000,1.000000,0.817696,1,0.000138,0.000639,1.864534,10.026829,1.504024,0.312500,0.000000,0.000000
782,10.378992,0.000000,0.991511,0.000000,0.000000,1.000000,0.832266,0,0.000140,0.000877,1.655985,10.277398,1.541610,0.312500,0.000000,0.000000
783,10.144847,0.000000,0.993087,0.000000,0.000000,1.000000,0.846864,0,0.000136,0.000708,1.466843,10.053257,1.507989,0.312500,0.000000,0.000000
784,10.074783,0.000000,0.997938,0.000000,0.000000,1.000000,0.861618,0,0.000153,0.000651,1.297449,9.992181,1.498827,0.312500,0.000000,0.000000
785,10.333038,0.000000,0.998704,0.000000,0.000000,1.000000,0.871257,0,0.000226,0.000880,1.147776,10.258446,1.538767,0.312500,0.000000,0.000000
786,10.185437,0.000000,0.997114,0.000000,0.000000,1.000000,0.880528,0,0.000138,0.000867,1.017664,10.117837,1.517676,0.312500,0.000000,0.000000
787,10.249621,0.000000,1.000474,0.000000,0.000000,1.000000,0.892678,0,0.000158,0.000981,0.897910,10.188515,1.528277,0.312500,0.000000,0.000000
788,10.134587,0.000000,1.003023,0.000000,0.000000,1.000000,0.901437,0,0.000060,0.000708,0.788592,10.079489,1.511923,0.312500,0.000000,0.000000
789,10.076720,0.000000,1.003023,0.000000,0.000000,1.000000,0.908063,0,0.000067,0.000670,0.690169,10.026122,1.503918,0.312500,0.000000,0.000000
790,9.964187,0.000000,1.002929,0.000000,0.000000,1.000000,0.914024,0,0.000061,0.000646,0.611421,9.913588,1.487038,0.312500,0.000000,0.000000
791,9.969537,0.000000,1.003267,0.000000,0.000000,1.000000,0.921401,0,0.000126,0.000553,0.534927,9.969436,1.495415,0.312500,0.000000,0.000000
792,10.274088,0.000000,1.004623,0.000000,0.000000,1.000000,0.928877,0,0.000133,0.000567,0.470471,10.216494,1.532474,0.312500,0.000000,0.000000
793,10.158397,0.000000,1.005775,0.000000,0.000000,1.000000,0.934615,0,0.000136,0.000642,0.417433,10.100789,1.515118,0.312500,0.000000,0.000000
794,10.166241,0.000000,1.004370,0.000000,0.000000,1.000000,0.938230,0,0.000063,0.000695,0.374837,10.044138,1.506621,0.312500,0.000000,0.000000
795,10.468341,0.000000,1.004687,0.000000,0.000000,1.000000,0.944751,0,0.000171,0.000667,0.337037,10.294236,1.544135,0.312500,0.000000,0.000000
796,10.358671,0.000000,1.006037,0.000000,0.000000,1.000000,0.950049,0,0.000137,0.000833,0.300759,10.178062,1.526709,0.312500,0.000000,0.000000
797,10.449267,0.000000,1.004633,0.000000,0.000000,1.000000,0.953699,0,0.000134,0.000737,0.269673,10.267664,1.540150,0.312500,0.000000,0.000000
798,10.317681,0.000000,1.006149,0.000000,0.000000,1.000000,0.958808,0,0.000062,0.000613,0.238918,10.136072,1.520411,0.312500,0.000000,0.000000
799,10.229812,0.000000,1.005328,0.000000,0.000000,1.000000,0.961218,0,0.000073,0.000727,0.215324,10.050715,1.507607,0.312500,0.000000,0.000000
800,10.111875,0.000000,1.006052,0.000000,0.000000,1.000000,0.965192,0,0.000143,0.001316,0.191297,9.928279,1.489242,0.312500,0.000000,0.000000
801,10.170373,0.000000,1.002419,0.000000,0.000000,1.000000,0.967995,0,0.000143,0.000815,0.171277,9.921271,1.488191,0.312500,0.000000,0.000000
802,10.569009,0.000000,1.005648,0.000000,0.000000,1.000000,0.971256,0,0.000139,0.000977,0.150198,10.248405,1.537261,0.312500,0.000000,0.000000
803,10.310571,0.000000,1.008144,0.000000,0.000000,1.000000,0.975355,0,0.000139,0.000717,0.127623,10.048476,1.507271,0.312500,0.000000,0.000000
804,10.278310,0.000000,1.002516,0.000000,0.000000,1.000000,0.977764,0,0.000147,0.000538,0.107253,9.952713,1.492907,0.312500,0.000000,0.000000
805,10.587389,0.000000,1.005191,0.000000,0.000000,1.000000,0.977764,0,0.000140,0.000586,0.101589,10.261795,1.539269,0.312500,0.000000,0.000000
806,10.490881,0.000000,0.999423,0.000000,0.000000,1.000000,0.977764,0,0.000138,0.000685,0.088810,10.162778,1.524417,0.312500,0.000000,0.000000
807,10.474201,0.000000,1.002045,0.000000,0.000000,1.000000,0.977764,0,0.000060,0.000655,0.100856,10.146091,1.521914,0.312500,0.000000,0.000000
808,10.510390,0.000000,0.999744,0.000000,0.000000,1.000000,0.977764,0,0.000062,0.000635,0.088321,10.182289,1.527343,0.312500,0.000000,0.000000
809,10.413944,0.000000,1.001813,0.000000,0.000000,1.000000,0.977764,0,0.000134,0.000677,0.104165,10.085845,1.512877,0.312500,0.000000,0.000000
810,10.179393,0.001114,1.007671,0.000000,0.000000,1.000000,0.802636,1,0.000138,0.000933,2.101888,10.054225,1.508134,0.312500,0.000000,0.000000
811,10.054239,0.001169,1.007724,0.000000,0.000000,1.000000,0.817696,1,0.000144,0.000880,1.864534,9.941576,1.491236,0.312500,0.000000,0.000000
812,10.293439,0.000000,0.991511,0.000000,0.000000,1.000000,0.832266,0,0.000138,0.001369,1.655985,10.191819,1.528773,0.312500,0.000000,0.000000
813,10.281735,0.000000,0.993087,0.000000,0.000000,1.000000,0.846864,0,0.000064,0.000955,1.466843,10.190136,1.528520,0.312500,0.000000,0.000000
814,10.229695,0.000000,0.997938,0.000000,0.000000,1.000000,0.861618,0,0.000162,0.000814,1.297449,10.147098,1.522065,0.312500,0.000000,0.000000
815,10.475384,0.000000,0.998704,0.000000,0.000000,1.000000,0.871257,0,0.000139,0.000687,1.147776,10.400781,1.560117,0.312500,0.000000,0.000000
816,10.206887,0.000000,0.997114,0.000000,0.000000,1.000000,0.880528,0,0.000138,0.000792,1.017664,10.139278,1.520892,0.312500,0.000000,0.000000
817,10.203184,0.000000,1.000474,0.000000,0.000000,1.000000,0.892678,0,0.000141,0.000723,0.897910,10.142083,1.521312,0.312500,0.000000,0.000000
818,10.130735,0.000000,1.003023,0.000000,0.000000,1.000000,0.901437,0,0.000126,0.001138,0.788592,10.075639,1.511346,0.312500,0.000000,0.000000
819,10.149997,0.000000,1.003023,0.000000,0.000000,1.000000,0.908063,0,0.000134,0.000804,0.690169,10.099405,1.514911,0.312500,0.000000,0.000000
820,9.963635,0.000000,1.002929,0.000000,0.000000,1.000000,0.914024,0,0.000141,0.000768,0.611421,9.913040,1.486956,0.312500,0.000000,0.000000
821,9.877930,0.000000,1.003267,0.000000,0.000000,1.000000,0.921401,0,0.000060,0.000560,0.534927,9.877833,1.481675,0.312500,0.000000,0.000000
822,10.272571,0.000000,1.004623,0.000000,0.000000,1.000000,0.928877,0,0.000057,0.000596,0.470471,10.214977,1.532247,0.312500,0.000000,0.000000
823,10.101212,0.000000,1.005775,0.000000,0.000000,1.000000,0.934615,0,0.000126,0.000552,0.417433,10.043616,1.506542,0.312500,0.000000,0.000000
824,10.094781,0.000000,1.004370,0.000000,0.000000,1.000000,0.938230,0,0.000193,0.000825,0.374837,9.972675,1.495901,0.312500,0.000000,0.000000
825,10.432190,0.000000,1.004687,0.000000,0.000000,1.000000,0.944751,0,0.000210,0.000742,0.337037,10.258097,1.538715,0.312500,0.000000,0.000000
826,10.320869,0.000000,1.006037,0.000000,0.000000,1.000000,0.950049,0,0.000141,0.000944,0.300759,10.140265,1.521040,0.312500,0.000000,0.000000
827,10.406744,0.000000,1.004633,0.000000,0.000000,1.000000,0.953699,0,0.000139,0.000503,0.269673,10.225139,1.533771,0.312500,0.000000,0.000000
828,10.223957,0.000000,1.006149,0.000000,0.000000,1.000000,0.958808,0,0.000131,0.000640,0.238918,10.042353,1.506353,0.312500,0.000000,0.000000
829,10.175996,0.000000,1.005328,0.000000,0.000000,1.000000,0.961218,0,0.000062,0.000662,0.215324,9.996903,1.499535,0.312500,0.000000,0.000000
830,10.082339,0.000000,1.006052,0.000000,0.000000,1.000000,0.965192,0,0.000060,0.000829,0.191297,9.898742,1.484811,0.312500,0.000000,0.000000
831,10.143906,0.000000,1.002419,0.000000,0.000000,1.000000,0.967995,0,0.000059,0.000770,0.171277,9.894812,1.484222,0.312500,0.000000,0.000000
832,10.570539,0.000000,1.005648,0.000000,0.000000,1.000000,0.971256,0,0.000060,0.000517,0.150198,10.249935,1.537490,0.312500,0.000000,0.000000
833,10.296598,0.000000,1.008144,0.000000,0.000000,1.000000,0.975355,0,0.000058,0.000780,0.127623,10.034490,1.505173,0.312500,0.000000,0.000000
834,10.308033,0.000000,1.002516,0.000000,0.000000,1.000000,0.977764,0,0.000058,0.000833,0.107253,9.982430,1.497365,0.312500,0.000000,0.000000
835,10.612946,0.000000,1.005191,0.000000,0.000000,1.000000,0.977764,0,0.000060,0.000569,0.101589,10.287339,1.543101,0.312500,0.000000,0.000000
836,10.408262,0.000000,0.999423,0.000000,0.000000,1.000000,0.977764,0,0.000058,0.001174,0.088810,10.080161,1.512024,0.312500,0.000000,0.000000
837,10.540441,0.000000,1.002045,0.000000,0.000000,1.000000,0.977764,0,0.000133,0.000519,0.100856,10.212330,1.531849,0.312500,0.000000,0.000000
838,10.434067,0.000000,0.999744,0.000000,0.000000,1.000000,0.977764,0,0.000140,0.001026,0.088321,10.105954,1.515893,0.312500,0.000000,0.000000
839,10.456062,0.000000,1.001813,0.000000,0.000000,1.000000,0.977764,0,0.000139,0.000826,0.104165,10.127959,1.519194,0.312500,0.000000,0.000000
840,10.129275,0.001144,1.007671,0.000000,0.000000,1.000000,0.802636,1,0.000259,0.000965,2.101888,10.004113,1.500617,0.312500,0.000000,0.000000
841,10.081659,0.000939,1.007724,0.000000,0.000000,1.000000,0.817696,1,0.000213,0.000926,1.864534,9.969020,1.495353,0.312500,0.000000,0.000000
842,10.394172,0.000000,0.991511,0.000000,0.000000,1.000000,0.832266,0,0.000142,0.001105,1.655985,10.292576,1.543886,0.312500,0.000000,0.000000
843,10.220589,0.000000,0.993087,0.000000,0.000000,1.000000,0.846864,0,0.000178,0.000854,1.466843,10.128991,1.519349,0.312500,0.000000,0.000000
844,10.088752,0.000000,0.997938,0.000000,0.000000,1.000000,0.861618,0,0.000144,0.000814,1.297449,10.006156,1.500923,0.312500,0.000000,0.000000
845,10.361096,0.000000,0.998704,0.000000,0.000000,1.000000,0.871257,0,0.000139,0.000696,1.147776,10.286495,1.542974,0.312500,0.000000,0.000000
846,10.169942,0.000000,0.997114,0.000000,0.000000,1.000000,0.880528,0,0.000061,0.000762,1.017664,10.102343,1.515351,0.312500,0.000000,0.000000
847,10.317324,0.000000,1.000474,0.000000,0.000000,1.000000,0.892678,0,0.000142,0.000904,0.897910,10.256216,1.538432,0.312500,0.000000,0.000000
848,10.153479,0.000000,1.003023,0.000000,0.000000,1.000000,0.901437,0,0.000139,0.000720,0.788592,10.098376,1.514756,0.312500,0.000000,0.000000
849,10.125240,0.000000,1.003023,0.000000,0.000000,1.000000,0.908063,0,0.000142,0.000632,0.690169,10.074644,1.511197,0.312500,0.000000,0.000000
850,10.020466,0.000000,1.002929,0.000000,0.000000,1.000000,0.914024,0,0.000143,0.000999,0.611421,9.969873,1.495481,0.312500,0.000000,0.000000
851,9.909310,0.000000,1.003267,0.000000,0.000000,1.000000,0.921401,0,0.000144,0.001148,0.534927,9.909215,1.486382,0.312500,0.000000,0.000000
852,10.276973,0.000000,1.004623,0.000000,0.000000,1.000000,0.928877,0,0.000330,0.000717,0.470471,10.219370,1.532906,0.312500,0.000000,0.000000
853,10.075600,0.000000,1.005775,0.000000,0.000000,1.000000,0.934615,0,0.000152,0.000732,0.417433,10.018003,1.502700,0.312500,0.000000,0.000000
854,10.095841,0.000000,1.004370,0.000000,0.000000,1.000000,0.938230,0,0.000146,0.000766,0.374837,9.973744,1.496062,0.312500,0.000000,0.000000
855,10.416442,0.000000,1.004687,0.000000,0.000000,1.000000,0.944751,0,0.000061,0.001013,0.337037,10.242347,1.536352,0.312500,0.000000,0.000000
856,10.306171,0.000000,1.006037,0.000000,0.000000,1.000000,0.950049,0,0.000057,0.000863,0.300759,10.125568,1.518835,0.312500,0.000000,0.000000
857,10.386053,0.000000,1.004633,0.000000,0.000000,1.000000,0.953699,0,0.000059,0.000916,0.269673,10.204456,1.530668,0.312500,0.000000,0.000000
858,10.266026,0.000000,1.006149,0.000000,0.000000,1.000000,0.958808,0,0.000062,0.000774,0.238918,10.084423,1.512663,0.312500,0.000000,0.000000
859,10.242618,0.000000,1.005328,0.000000,0.000000,1.000000,0.961218,0,0.000062,0.000794,0.215324,10.063516,1.509527,0.312500,0.000000,0.000000
860,10.112749,0.000000,1.006052,0.000000,0.000000,1.000000,0.965192,0,0.000131,0.000993,0.191297,9.929147,1.489372,0.312500,0.000000,0.000000
861,10.151709,0.000000,1.002419,0.000000,0.000000,1.000000,0.967995,0,0.000140,0.000742,0.171277,9.902607,1.485391,0.312500,0.000000,0.000000
862,10.581053,0.000000,1.005648,0.000000,0.000000,1.000000,0.971256,0,0.000140,0.000692,0.150198,10.260445,1.539067,0.312500,0.000000,0.000000
863,10.320970,0.000000,1.008144,0.000000,0.000000,1.000000,0.975355,0,0.000060,0.000531,0.127623,10.058863,1.508829,0.312500,0.000000,0.000000
864,10.302313,0.000000,1.002516,0.000000,0.000000,1.000000,0.977764,0,0.000138,0.000783,0.107253,9.976718,1.496508,0.312500,0.000000,0.000000
865,10.618778,0.000000,1.005191,0.000000,0.000000,1.000000,0.977764,0,0.000140,0.000938,0.101589,10.293169,1.543975,0.312500,0.000000,0.000000
866,10.590438,0.000000,0.999423,0.000000,0.000000,1.000000,0.977764,0,0.000134,0.000676,0.088810,10.262331,1.539350,0.312500,0.000000,0.000000
867,10.574687,0.000000,1.002045,0.000000,0.000000,1.000000,0.977764,0,0.000415,0.001099,0.100856,10.246570,1.536986,0.312500,0.000000,0.000000
868,10.443490,0.000000,0.999744,0.000000,0.000000,1.000000,0.977764,0,0.000138,0.000577,0.088321,10.115380,1.517307,0.312500,0.000000,0.000000
869,10.376732,0.000000,1.001813,0.000000,0.000000,1.000000,0.977764,0,0.000134,0.000713,0.104165,10.048629,1.507294,0.312500,0.000000,0.000000
870,10.046827,0.000814,1.007671,0.000000,0.000000,1.000000,0.802636,1,0.000215,0.000910,2.101888,9.921688,1.488253,0.312500,0.000000,0.000000
871,10.030985,0.000961,1.007724,0.000000,0.000000,1.000000,0.817696,1,0.000141,0.000704,1.864534,9.918344,1.487752,0.312500,0.000000,0.000000
872,10.372969,0.000000,0.991511,0.000000,0.000000,1.000000,0.832266,0,0.000153,0.001054,1.655985,10.271364,1.540705,0.312500,0.000000,0.000000
873,10.156878,0.000000,0.993087,0.000000,0.000000,1.000000,0.846864,0,0.000139,0.000726,1.466843,10.065286,1.509793,0.312500,0.000000,0.000000
874,10.067079,0.000000,0.997938,0.000000,0.000000,1.000000,0.861618,0,0.000195,0.000879,1.297449,9.984484,1.497673,0.312500,0.000000,0.000000
875,10.344950,0.000000,0.998704,0.000000,0.000000,1.000000,0.871257,0,0.000146,0.000788,1.147776,10.270355,1.540553,0.312500,0.000000,0.000000
876,10.299562,0.000000,0.997114,0.000000,0.000000,1.000000,0.880528,0,0.000156,0.000799,1.017664,10.231965,1.534795,0.312500,0.000000,0.000000
877,10.236630,0.000000,1.000474,0.000000,0.000000,1.000000,0.892678,0,0.000142,0.000777,0.897910,10.175534,1.526330,0.312500,0.000000,0.000000
878,10.132194,0.000000,1.003023,0.000000,0.000000,1.000000,0.901437,0,0.000148,0.000794,0.788592,10.077100,1.511565,0.312500,0.000000,0.000000
879,10.080396,0.000000,1.003023,0.000000,0.000000,1.000000,0.908063,0,0.000154,0.000781,0.690169,10.029802,1.504470,0.312500,0.000000,0.000000
880,9.996533,0.000000,1.002929,0.000000,0.000000,1.000000,0.914024,0,0.000058,0.000764,0.611421,9.945934,1.491890,0.312500,0.000000,0.000000
881,9.900792,0.000000,1.003267,0.000000,0.000000,1.000000,0.921401,0,0.000068,0.000730,0.534927,9.900695,1.485104,0.312500,0.000000,0.000000
882,10.266614,0.000000,1.004623,0.000000,0.000000,1.000000,0.928877,0,0.000062,0.000713,0.470471,10.209022,1.531353,0.312500,0.000000,0.000000
883,10.224106,0.000000,1.005775,0.000000,0.000000,1.000000,0.934615,0,0.000148,0.000652,0.417433,10.166504,1.524976,0.312500,0.000000,0.000000
884,10.136470,0.000000,1.004370,0.000000,0.000000,1.000000,0.938230,0,0.000143,0.000633,0.374837,10.014367,1.502155,0.312500,0.000000,0.000000
885,10.479305,0.000000,1.004687,0.000000,0.000000,1.000000,0.944751,0,0.000133,0.000876,0.337037,10.305197,1.545780,0.312500,0.000000,0.000000
886,10.346692,0.000000,1.006037,0.000000,0.000000,1.000000,0.950049,0,0.000177,0.000752,0.300759,10.166087,1.524913,0.312500,0.000000,0.000000
887,10.323947,0.000000,1.004633,0.000000,0.000000,1.000000,0.953699,0,0.000145,0.000778,0.269673,10.142339,1.521351,0.312500,0.000000,0.000000
888,10.233054,0.000000,1.006149,0.000000,0.000000,1.000000,0.958808,0,0.000139,0.000850,0.238918,10.051448,1.507717,0.312500,0.000000,0.000000
889,10.182051,0.000000,1.005328,0.000000,0.000000,1.000000,0.961218,0,0.000159,0.000691,0.215324,10.002947,1.500442,0.312500,0.000000,0.000000
890,10.122884,0.000000,1.006052,0.000000,0.000000,1.000000,0.965192,0,0.000150,0.000635,0.191297,9.939267,1.490890,0.312500,0.000000,0.000000
891,10.164743,0.000000,1.002419,0.000000,0.000000,1.000000,0.967995,0,0.000160,0.000590,0.171277,9.915649,1.487347,0.312500,0.000000,0.000000
892,10.484062,0.000000,1.005648,0.000000,0.000000,1.000000,0.971256,0,0.000170,0.000690,0.150198,10.163458,1.524519,0.312500,0.000000,0.000000
893,10.320490,0.000000,1.008144,0.000000,0.000000,1.000000,0.975355,0,0.000134,0.000650,0.127623,10.058386,1.508758,0.312500,0.000000,0.000000
894,10.339576,0.000000,1.002516,0.000000,0.000000,1.000000,0.977764,0,0.000135,0.000551,0.107253,10.013973,1.502096,0.312500,0.000000,0.000000
895,10.653789,0.000000,1.005191,0.000000,0.000000,1.000000,0.977764,0,0.000165,0.000675,0.101589,10.328180,1.549227,0.312500,0.000000,0.000000
896,10.537413,0.000000,0.999423,0.000000,0.000000,1.000000,0.977764,0,0.000140,0.000519,0.088810,10.209305,1.531396,0.312500,0.000000,0.000000
897,10.514252,0.000000,1.002045,0.000000,0.000000,1.000000,0.977764,0,0.000145,0.000638,0.100856,10.186147,1.527922,0.312500,0.000000,0.000000
898,10.409525,0.000000,0.999744,0.000000,0.000000,1.000000,0.977764,0,0.000135,0.000529,0.088321,10.081417,1.512213,0.312500,0.000000,0.000000
899,10.393645,0.000000,1.001813,0.000000,0.000000,1.000000,0.977764,0,0.000140,0.000613,0.104165,10.065543,1.509831,0.312500,0.000000,0.000000
