epoch,aggregation_latency_ms,recovery_latency_ms,aggregation_completeness,loss_exposure_fraction,communication_overhead_KB,system_availability,queue_utilization,recovery_frequency,scheduling_latency_ms,state_refresh_ms,workload_imbalance,processing_overhead_ms,energy_joules,scheduling_comm_kb,recomputation_overhead_ms,reused_microslot_count
0,10.133450,0.002571,1.000659,0.000000,0.000000,1.000000,0.773761,1,0.000244,0.001819,4.629822,10.008341,1.501251,1.250000,0.000000,0.000000
1,10.082565,0.003140,1.000757,0.000000,0.000000,1.000000,0.787164,1,0.000234,0.002227,4.154583,9.969937,1.495490,1.250000,0.000000,0.000000
2,10.367021,0.002960,1.000855,0.000000,0.000000,1.000000,0.800354,1,0.000191,0.002245,3.727119,10.265648,1.539847,1.250000,0.000000,0.000000
3,10.223060,0.002317,1.000928,0.000000,0.000000,1.000000,0.813090,1,0.000184,0.001764,3.342692,10.131832,1.519775,1.250000,0.000000,0.000000
4,10.122022,0.002842,1.001028,0.000000,0.000000,1.000000,0.824905,1,0.000182,0.001941,3.001406,10.039777,1.505967,1.250000,0.000000,0.000000
5,10.412553,0.003098,1.001141,0.000000,0.000000,1.000000,0.835322,1,0.000176,0.002079,2.693514,10.338425,1.550764,1.250000,0.000000,0.000000
6,10.251795,0.002849,1.001232,0.000000,0.000000,1.000000,0.845709,1,0.000259,0.002217,2.414572,10.185047,1.527757,1.250000,0.000000,0.000000
7,10.252475,0.003040,1.001338,0.000000,0.000000,1.000000,0.854426,1,0.000124,0.002483,2.164308,10.192348,1.528852,1.250000,0.000000,0.000000
8,10.187948,0.002787,1.001420,0.000000,0.000000,1.000000,0.863060,1,0.000353,0.002753,1.938272,10.133825,1.520074,1.250000,0.000000,0.000000
9,10.146881,0.002643,1.001467,0.000000,0.000000,1.000000,0.871393,1,0.000262,0.002480,1.736485,10.098139,1.514721,1.250000,0.000000,0.000000
10,9.980149,0.002562,1.001597,0.000000,0.000000,1.000000,0.878430,1,0.000203,0.002020,1.558674,9.936158,1.490424,1.250000,0.000000,0.000000
11,9.989320,0.002631,1.001643,0.000000,0.000000,1.000000,0.885430,1,0.000186,0.002375,1.395779,9.927578,1.489137,1.250000,0.000000,0.000000
12,10.390298,0.002534,1.001724,0.000000,0.000000,1.000000,0.891782,1,0.000182,0.001826,1.252352,10.291808,1.543771,1.250000,0.000000,0.000000
13,10.233011,0.002639,1.001775,0.000000,0.000000,1.000000,0.896480,1,0.000315,0.002058,1.123393,10.119395,1.517909,1.250000,0.000000,0.000000
14,10.158622,0.003137,1.001880,0.000000,0.000000,1.000000,0.901215,1,0.000187,0.001898,1.009350,10.030366,1.504555,1.250000,0.000000,0.000000
15,10.450328,0.000000,0.997437,0.000000,0.000000,1.000000,0.906088,0,0.000186,0.001985,0.905755,10.291727,1.543759,1.250000,0.000000,0.000000
16,10.374622,0.000000,0.997895,0.000000,0.000000,1.000000,0.910436,0,0.000187,0.002149,0.816955,10.202894,1.530434,1.250000,0.000000,0.000000
17,10.370658,0.000000,0.998238,0.000000,0.000000,1.000000,0.914603,0,0.000200,0.001786,0.738616,10.171805,1.525771,1.250000,0.000000,0.000000
18,10.312258,0.000000,0.998577,0.000000,0.000000,1.000000,0.918650,0,0.000206,0.002313,0.666395,10.088036,1.513205,1.250000,0.000000,0.000000
19,10.323836,0.000000,0.998968,0.000000,0.000000,1.000000,0.922029,0,0.000486,0.002037,0.604248,10.088360,1.513254,1.250000,0.000000,0.000000
20,10.215377,0.000000,0.999261,0.000000,0.000000,1.000000,0.925246,0,0.000204,0.001976,0.552522,9.968773,1.495316,1.250000,0.000000,0.000000
21,10.219569,0.000000,0.999545,0.000000,0.000000,1.000000,0.928308,0,0.000323,0.002144,0.506910,9.974468,1.496170,1.250000,0.000000,0.000000
22,10.516263,0.000000,0.999815,0.000000,0.000000,1.000000,0.931233,0,0.000253,0.002090,0.467495,10.272529,1.540879,1.250000,0.000000,0.000000
23,10.350348,0.000000,1.000705,0.000000,0.000000,1.000000,0.934074,0,0.000483,0.002128,0.434360,10.119502,1.517925,1.250000,0.000000,0.000000
24,10.223109,0.000000,1.000813,0.000000,0.000000,1.000000,0.935584,0,0.000228,0.002126,0.406477,10.005383,1.500807,1.250000,0.000000,0.000000
25,10.446082,0.000000,1.000885,0.000000,0.000000,1.000000,0.937099,0,0.000200,0.002369,0.384170,10.241106,1.536166,1.250000,0.000000,0.000000
26,10.377190,0.000000,1.000801,0.000000,0.000000,1.000000,0.938582,0,0.000212,0.001796,0.366975,10.157967,1.523695,1.250000,0.000000,0.000000
27,10.415267,0.000000,1.000574,0.000000,0.000000,1.000000,0.940104,0,0.000313,0.001701,0.352521,10.182290,1.527344,1.250000,0.000000,0.000000
28,10.342539,0.000000,1.000992,0.000000,0.000000,1.000000,0.941752,0,0.000463,0.002285,0.338977,10.096312,1.514447,1.250000,0.000000,0.000000
29,10.293510,0.000000,1.000417,0.000000,0.000000,1.000000,0.943329,0,0.000203,0.001635,0.326067,10.034411,1.505162,1.250000,0.000000,0.000000
30,10.134173,0.003306,1.000659,0.000000,0.000000,1.000000,0.773761,1,0.000238,0.003072,4.629822,10.009039,1.501356,1.250000,0.000000,0.000000
31,10.252637,0.003086,1.000757,0.000000,0.000000,1.000000,0.787164,1,0.000199,0.001918,4.154583,10.140007,1.521001,1.250000,0.000000,0.000000
32,10.342232,0.002761,1.000855,0.000000,0.000000,1.000000,0.800354,1,0.000207,0.001819,3.727119,10.240861,1.536129,1.250000,0.000000,0.000000
33,10.166273,0.003045,1.000928,0.000000,0.000000,1.000000,0.813090,1,0.000183,0.001932,3.342692,10.075019,1.511253,1.250000,0.000000,0.000000
34,10.058607,0.002622,1.001028,0.000000,0.000000,1.000000,0.824905,1,0.000125,0.002094,3.001406,9.976365,1.496455,1.250000,0.000000,0.000000
35,10.337340,0.002639,1.001141,0.000000,0.000000,1.000000,0.835322,1,0.000206,0.002216,2.693514,10.263223,1.539483,1.250000,0.000000,0.000000
36,10.213310,0.002700,1.001232,0.000000,0.000000,1.000000,0.845709,1,0.000241,0.001870,2.414572,10.146568,1.521985,1.250000,0.000000,0.000000
37,10.255384,0.002522,1.001338,0.000000,0.000000,1.000000,0.854426,1,0.000238,0.002566,2.164308,10.195268,1.529290,1.250000,0.000000,0.000000
38,10.195246,0.002886,1.001420,0.000000,0.000000,1.000000,0.863060,1,0.000190,0.002116,1.938272,10.141124,1.521169,1.250000,0.000000,0.000000
39,10.080275,0.002381,1.001467,0.000000,0.000000,1.000000,0.871393,1,0.000450,0.001926,1.736485,10.031544,1.504732,1.250000,0.000000,0.000000
40,9.990509,0.002583,1.001597,0.000000,0.000000,1.000000,0.878430,1,0.000212,0.002504,1.558674,9.946523,1.491978,1.250000,0.000000,0.000000
41,9.937390,0.002633,1.001643,0.000000,0.000000,1.000000,0.885430,1,0.000217,0.001630,1.395779,9.875648,1.481347,1.250000,0.000000,0.000000
42,10.305722,0.002771,1.001724,0.000000,0.000000,1.000000,0.891782,1,0.000207,0.001928,1.252352,10.207228,1.531084,1.250000,0.000000,0.000000
43,10.172902,0.002626,1.001775,0.000000,0.000000,1.000000,0.896480,1,0.000189,0.002159,1.123393,10.059287,1.508893,1.250000,0.000000,0.000000
44,10.280313,0.002854,1.001880,0.000000,0.000000,1.000000,0.901215,1,0.000181,0.002262,1.009350,10.152069,1.522810,1.250000,0.000000,0.000000
45,10.484015,0.000000,0.997437,0.000000,0.000000,1.000000,0.906088,0,0.000187,0.002171,0.905755,10.325409,1.548811,1.250000,0.000000,0.000000
46,10.275022,0.000000,0.997895,0.000000,0.000000,1.000000,0.910436,0,0.000213,0.001884,0.816955,10.103294,1.515494,1.250000,0.000000,0.000000
47,10.362559,0.000000,0.998238,0.000000,0.000000,1.000000,0.914603,0,0.000359,0.003151,0.738616,10.163713,1.524557,1.250000,0.000000,0.000000
48,10.293943,0.000000,0.998577,0.000000,0.000000,1.000000,0.918650,0,0.000305,0.001875,0.666395,10.069717,1.510458,1.250000,0.000000,0.000000
49,10.258270,0.000000,0.998968,0.000000,0.000000,1.000000,0.922029,0,0.000200,0.002081,0.604248,10.022795,1.503419,1.250000,0.000000,0.000000
50,10.164686,0.000000,0.999261,0.000000,0.000000,1.000000,0.925246,0,0.000249,0.002523,0.552522,9.918086,1.487713,1.250000,0.000000,0.000000
51,10.151951,0.000000,0.999545,0.000000,0.000000,1.000000,0.928308,0,0.000377,0.001765,0.506910,9.906852,1.486028,1.250000,0.000000,0.000000
52,10.435556,0.000000,0.999815,0.000000,0.000000,1.000000,0.931233,0,0.000200,0.002543,0.467495,10.191833,1.528775,1.250000,0.000000,0.000000
53,10.302842,0.000000,1.000705,0.000000,0.000000,1.000000,0.934074,0,0.000209,0.002080,0.434360,10.071992,1.510799,1.250000,0.000000,0.000000
54,10.184750,0.000000,1.000813,0.000000,0.000000,1.000000,0.935584,0,0.000228,0.002216,0.406477,9.967026,1.495054,1.250000,0.000000,0.000000
55,10.453960,0.000000,1.000885,0.000000,0.000000,1.000000,0.937099,0,0.000313,0.002101,0.384170,10.248984,1.537348,1.250000,0.000000,0.000000
56,10.356407,0.000000,1.000801,0.000000,0.000000,1.000000,0.938582,0,0.000185,0.001804,0.366975,10.137185,1.520578,1.250000,0.000000,0.000000
57,10.371222,0.000000,1.000574,0.000000,0.000000,1.000000,0.940104,0,0.000195,0.001912,0.352521,10.138251,1.520738,1.250000,0.000000,0.000000
58,10.261133,0.000000,1.000992,0.000000,0.000000,1.000000,0.941752,0,0.000217,0.002035,0.338977,10.014913,1.502237,1.250000,0.000000,0.000000
59,10.262217,0.000000,1.000417,0.000000,0.000000,1.000000,0.943329,0,0.000184,0.002590,0.326067,10.003112,1.500467,1.250000,0.000000,0.000000
60,10.059626,0.003008,1.000659,0.000000,0.000000,1.000000,0.773761,1,0.000184,0.002056,4.629822,9.934499,1.490175,1.250000,0.000000,0.000000
61,9.985642,0.003013,1.000757,0.000000,0.000000,1.000000,0.787164,1,0.000200,0.001661,4.154583,9.873017,1.480952,1.250000,0.000000,0.000000
62,10.268563,0.002519,1.000855,0.000000,0.000000,1.000000,0.800354,1,0.000396,0.002328,3.727119,10.167204,1.525081,1.250000,0.000000,0.000000
63,10.088414,0.002515,1.000928,0.000000,0.000000,1.000000,0.813090,1,0.000188,0.001959,3.342692,9.997184,1.499578,1.250000,0.000000,0.000000
64,10.030514,0.002497,1.001028,0.000000,0.000000,1.000000,0.824905,1,0.000363,0.002159,3.001406,9.948279,1.492242,1.250000,0.000000,0.000000
65,10.294025,0.002566,1.001141,0.000000,0.000000,1.000000,0.835322,1,0.000215,0.002512,2.693514,10.219915,1.532987,1.250000,0.000000,0.000000
66,10.166595,0.002899,1.001232,0.000000,0.000000,1.000000,0.845709,1,0.000296,0.002005,2.414572,10.099842,1.514976,1.250000,0.000000,0.000000
67,10.298250,0.002596,1.001338,0.000000,0.000000,1.000000,0.854426,1,0.000184,0.001654,2.164308,10.238137,1.535721,1.250000,0.000000,0.000000
68,10.147202,0.002773,1.001420,0.000000,0.000000,1.000000,0.863060,1,0.000203,0.001811,1.938272,10.093087,1.513963,1.250000,0.000000,0.000000
69,10.086282,0.002479,1.001467,0.000000,0.000000,1.000000,0.871393,1,0.000423,0.002146,1.736485,10.037540,1.505631,1.250000,0.000000,0.000000
70,9.960843,0.002588,1.001597,0.000000,0.000000,1.000000,0.878430,1,0.000240,0.002370,1.558674,9.916855,1.487528,1.250000,0.000000,0.000000
71,9.955241,0.002730,1.001643,0.000000,0.000000,1.000000,0.885430,1,0.000197,0.001916,1.395779,9.893499,1.484025,1.250000,0.000000,0.000000
72,10.308125,0.002768,1.001724,0.000000,0.000000,1.000000,0.891782,1,0.000211,0.002161,1.252352,10.209635,1.531445,1.250000,0.000000,0.000000
73,10.166463,0.002421,1.001775,0.000000,0.000000,1.000000,0.896480,1,0.000445,0.001865,1.123393,10.052854,1.507928,1.250000,0.000000,0.000000
74,10.134059,0.002407,1.001880,0.000000,0.000000,1.000000,0.901215,1,0.000185,0.001972,1.009350,10.005828,1.500874,1.250000,0.000000,0.000000
75,10.407725,0.000000,0.997437,0.000000,0.000000,1.000000,0.906088,0,0.000391,0.001742,0.905755,10.249123,1.537368,1.250000,0.000000,0.000000
76,10.255617,0.000000,0.997895,0.000000,0.000000,1.000000,0.910436,0,0.000360,0.002244,0.816955,10.083892,1.512584,1.250000,0.000000,0.000000
77,10.337382,0.000000,0.998238,0.000000,0.000000,1.000000,0.914603,0,0.000221,0.002326,0.738616,10.138535,1.520780,1.250000,0.000000,0.000000
78,10.225755,0.000000,0.998577,0.000000,0.000000,1.000000,0.918650,0,0.000317,0.002522,0.666395,10.001530,1.500230,1.250000,0.000000,0.000000
79,10.238820,0.000000,0.998968,0.000000,0.000000,1.000000,0.922029,0,0.000330,0.002367,0.604248,10.003347,1.500502,1.250000,0.000000,0.000000
80,10.154864,0.000000,0.999261,0.000000,0.000000,1.000000,0.925246,0,0.000234,0.001699,0.552522,9.908261,1.486239,1.250000,0.000000,0.000000
81,10.136119,0.000000,0.999545,0.000000,0.000000,1.000000,0.928308,0,0.000238,0.002172,0.506910,9.891017,1.483653,1.250000,0.000000,0.000000
82,10.444475,0.000000,0.999815,0.000000,0.000000,1.000000,0.931233,0,0.000200,0.001664,0.467495,10.200759,1.530114,1.250000,0.000000,0.000000
83,10.253670,0.000000,1.000705,0.000000,0.000000,1.000000,0.934074,0,0.000589,0.002474,0.434360,10.022824,1.503424,1.250000,0.000000,0.000000
84,10.202428,0.000000,1.000813,0.000000,0.000000,1.000000,0.935584,0,0.000559,0.002159,0.406477,9.984705,1.497706,1.250000,0.000000,0.000000
85,10.429254,0.000000,1.000885,0.000000,0.000000,1.000000,0.937099,0,0.000393,0.002237,0.384170,10.224284,1.533643,1.250000,0.000000,0.000000
86,10.329140,0.000000,1.000801,0.000000,0.000000,1.000000,0.938582,0,0.000243,0.002079,0.366975,10.109918,1.516488,1.250000,0.000000,0.000000
87,10.324936,0.000000,1.000574,0.000000,0.000000,1.000000,0.940104,0,0.000315,0.002094,0.352521,10.091960,1.513794,1.250000,0.000000,0.000000
88,10.235866,0.000000,1.000992,0.000000,0.000000,1.000000,0.941752,0,0.000337,0.002367,0.338977,9.989642,1.498446,1.250000,0.000000,0.000000
89,10.286572,0.000000,1.000417,0.000000,0.000000,1.000000,0.943329,0,0.000410,0.002386,0.326067,10.027474,1.504121,1.250000,0.000000,0.000000
90,10.032916,0.003341,1.000659,0.000000,0.000000,1.000000,0.773761,1,0.000566,0.001784,4.629822,9.907777,1.486167,1.250000,0.000000,0.000000
91,9.985056,0.003053,1.000757,0.000000,0.000000,1.000000,0.787164,1,0.000183,0.002070,4.154583,9.872426,1.480864,1.250000,0.000000,0.000000
92,10.248808,0.002654,1.000855,0.000000,0.000000,1.000000,0.800354,1,0.000191,0.002109,3.727119,10.147442,1.522116,1.250000,0.000000,0.000000
93,10.121469,0.002596,1.000928,0.000000,0.000000,1.000000,0.813090,1,0.000190,0.002073,3.342692,10.030228,1.504534,1.250000,0.000000,0.000000
94,10.049190,0.002438,1.001028,0.000000,0.000000,1.000000,0.824905,1,0.000217,0.002302,3.001406,9.966953,1.495043,1.250000,0.000000,0.000000
95,10.312271,0.002684,1.001141,0.000000,0.000000,1.000000,0.835322,1,0.000184,0.002005,2.693514,10.238151,1.535723,1.250000,0.000000,0.000000
96,10.198014,0.002626,1.001232,0.000000,0.000000,1.000000,0.845709,1,0.000195,0.002544,2.414572,10.131274,1.519691,1.250000,0.000000,0.000000
97,10.188567,0.002929,1.001338,0.000000,0.000000,1.000000,0.854426,1,0.000196,0.002067,2.164308,10.128444,1.519267,1.250000,0.000000,0.000000
98,10.061935,0.002705,1.001420,0.000000,0.000000,1.000000,0.863060,1,0.000226,0.002040,1.938272,10.007818,1.501173,1.250000,0.000000,0.000000
99,10.053460,0.002370,1.001467,0.000000,0.000000,1.000000,0.871393,1,0.000181,0.001738,1.736485,10.004728,1.500709,1.250000,0.000000,0.000000
100,9.935828,0.002601,1.001597,0.000000,0.000000,1.000000,0.878430,1,0.000178,0.002199,1.558674,9.891836,1.483775,1.250000,0.000000,0.000000
101,9.934394,0.002884,1.001643,0.000000,0.000000,1.000000,0.885430,1,0.000230,0.001927,1.395779,9.872646,1.480897,1.250000,0.000000,0.000000
102,10.236836,0.002677,1.001724,0.000000,0.000000,1.000000,0.891782,1,0.000193,0.002086,1.252352,10.138344,1.520752,1.250000,0.000000,0.000000
103,10.177261,0.002468,1.001775,0.000000,0.000000,1.000000,0.896480,1,0.000187,0.002043,1.123393,10.063647,1.509547,1.250000,0.000000,0.000000
104,10.386470,0.002816,1.001880,0.000000,0.000000,1.000000,0.901215,1,0.000241,0.002025,1.009350,10.258221,1.538733,1.250000,0.000000,0.000000
105,10.436416,0.000000,0.997437,0.000000,0.000000,1.000000,0.906088,0,0.000220,0.002068,0.905755,10.277815,1.541672,1.250000,0.000000,0.000000
106,10.335215,0.000000,0.997895,0.000000,0.000000,1.000000,0.910436,0,0.000214,0.001758,0.816955,10.163490,1.524524,1.250000,0.000000,0.000000
107,10.377246,0.000000,0.998238,0.000000,0.000000,1.000000,0.914603,0,0.000211,0.001757,0.738616,10.178389,1.526758,1.250000,0.000000,0.000000
108,10.375614,0.000000,0.998577,0.000000,0.000000,1.000000,0.918650,0,0.000599,0.002066,0.666395,10.151390,1.522708,1.250000,0.000000,0.000000
109,10.362141,0.000000,0.998968,0.000000,0.000000,1.000000,0.922029,0,0.000218,0.002180,0.604248,10.126665,1.519000,1.250000,0.000000,0.000000
110,10.173173,0.000000,0.999261,0.000000,0.000000,1.000000,0.925246,0,0.000200,0.002010,0.552522,9.926574,1.488986,1.250000,0.000000,0.000000
111,10.171231,0.000000,0.999545,0.000000,0.000000,1.000000,0.928308,0,0.000200,0.002354,0.506910,9.926133,1.488920,1.250000,0.000000,0.000000
112,10.420185,0.000000,0.999815,0.000000,0.000000,1.000000,0.931233,0,0.000238,0.002070,0.467495,10.176459,1.526469,1.250000,0.000000,0.000000
113,10.312718,0.000000,1.000705,0.000000,0.000000,1.000000,0.934074,0,0.000233,0.002479,0.434360,10.081869,1.512280,1.250000,0.000000,0.000000
114,10.201368,0.000000,1.000813,0.000000,0.000000,1.000000,0.935584,0,0.000204,0.002056,0.406477,9.983643,1.497546,1.250000,0.000000,0.000000
115,10.431620,0.000000,1.000885,0.000000,0.000000,1.000000,0.937099,0,0.000194,0.002555,0.384170,10.226651,1.533998,1.250000,0.000000,0.000000
116,10.339756,0.000000,1.000801,0.000000,0.000000,1.000000,0.938582,0,0.000463,0.001792,0.366975,10.120533,1.518080,1.250000,0.000000,0.000000
117,10.417407,0.000000,1.000574,0.000000,0.000000,1.000000,0.940104,0,0.000205,0.001820,0.352521,10.184436,1.527665,1.250000,0.000000,0.000000
118,10.283158,0.000000,1.000992,0.000000,0.000000,1.000000,0.941752,0,0.000200,0.002337,0.338977,10.036933,1.505540,1.250000,0.000000,0.000000
119,10.273701,0.000000,1.000784,0.000000,0.000000,1.000000,0.943329,0,0.000413,0.001744,0.326067,10.014598,1.502190,1.250000,0.000000,0.000000
120,10.029634,0.002863,1.000659,0.000000,0.000000,1.000000,0.773761,1,0.000319,0.002360,4.629822,9.904512,1.485677,1.250000,0.000000,0.000000
121,9.979766,0.002700,1.000757,0.000000,0.000000,1.000000,0.787164,1,0.000185,0.002218,4.154583,9.867151,1.480073,1.250000,0.000000,0.000000
122,10.240065,0.002166,1.000855,0.000000,0.000000,1.000000,0.800354,1,0.000104,0.002958,3.727119,10.138712,1.520807,1.250000,0.000000,0.000000
123,10.139215,0.002592,1.000928,0.000000,0.000000,1.000000,0.813090,1,0.000186,0.002073,3.342692,10.047980,1.507197,1.250000,0.000000,0.000000
124,10.018222,0.002721,1.001028,0.000000,0.000000,1.000000,0.824905,1,0.000222,0.001749,3.001406,9.935985,1.490398,1.250000,0.000000,0.000000
125,10.299466,0.002745,1.001141,0.000000,0.000000,1.000000,0.835322,1,0.000196,0.002872,2.693514,10.225353,1.533803,1.250000,0.000000,0.000000
126,10.298237,0.002679,1.001232,0.000000,0.000000,1.000000,0.845709,1,0.000267,0.002080,2.414572,10.231502,1.534725,1.250000,0.000000,0.000000
127,10.220854,0.002517,1.001338,0.000000,0.000000,1.000000,0.854426,1,0.000258,0.002315,2.164308,10.160746,1.524112,1.250000,0.000000,0.000000
128,10.118978,0.002748,1.001420,0.000000,0.000000,1.000000,0.863060,1,0.000242,0.002242,1.938272,10.064862,1.509729,1.250000,0.000000,0.000000
129,10.062656,0.002412,1.001467,0.000000,0.000000,1.000000,0.871393,1,0.000238,0.001937,1.736485,10.013922,1.502088,1.250000,0.000000,0.000000
130,9.967624,0.002729,1.001597,0.000000,0.000000,1.000000,0.878430,1,0.000200,0.002168,1.558674,9.923637,1.488546,1.250000,0.000000,0.000000
131,9.921580,0.002215,1.001643,0.000000,0.000000,1.000000,0.885430,1,0.000402,0.002397,1.395779,9.859855,1.478978,1.250000,0.000000,0.000000
132,10.253188,0.002703,1.001724,0.000000,0.000000,1.000000,0.891782,1,0.000185,0.002296,1.252352,10.154699,1.523205,1.250000,0.000000,0.000000
133,10.171570,0.002867,1.001775,0.000000,0.000000,1.000000,0.896480,1,0.000126,0.002561,1.123393,10.057950,1.508693,1.250000,0.000000,0.000000
134,10.055657,0.002368,1.001880,0.000000,0.000000,1.000000,0.901215,1,0.000426,0.002741,1.009350,9.927426,1.489114,1.250000,0.000000,0.000000
135,10.369623,0.000000,0.997437,0.000000,0.000000,1.000000,0.906088,0,0.000205,0.002019,0.905755,10.211024,1.531654,1.250000,0.000000,0.000000
136,10.241689,0.000000,0.997895,0.000000,0.000000,1.000000,0.910436,0,0.000378,0.002053,0.816955,10.069962,1.510494,1.250000,0.000000,0.000000
137,10.312500,0.000000,0.998238,0.000000,0.000000,1.000000,0.914603,0,0.000186,0.002371,0.738616,10.113648,1.517047,1.250000,0.000000,0.000000
138,10.226482,0.000000,0.998577,0.000000,0.000000,1.000000,0.918650,0,0.000205,0.002185,0.666395,10.002249,1.500337,1.250000,0.000000,0.000000
139,10.263540,0.000000,0.998968,0.000000,0.000000,1.000000,0.922029,0,0.000207,0.001930,0.604248,10.028067,1.504210,1.250000,0.000000,0.000000
140,10.216546,0.000000,0.999261,0.000000,0.000000,1.000000,0.925246,0,0.000213,0.002202,0.552522,9.969950,1.495493,1.250000,0.000000,0.000000
141,10.160407,0.000000,0.999545,0.000000,0.000000,1.000000,0.928308,0,0.000187,0.003024,0.506910,9.915309,1.487296,1.250000,0.000000,0.000000
142,10.431793,0.000000,0.999815,0.000000,0.000000,1.000000,0.931233,0,0.000456,0.002200,0.467495,10.188067,1.528210,1.250000,0.000000,0.000000
143,10.265662,0.000000,1.000705,0.000000,0.000000,1.000000,0.934074,0,0.000206,0.002204,0.434360,10.034813,1.505222,1.250000,0.000000,0.000000
144,10.162824,0.000000,1.000813,0.000000,0.000000,1.000000,0.935584,0,0.000198,0.002753,0.406477,9.945098,1.491765,1.250000,0.000000,0.000000
145,10.447151,0.000000,1.000885,0.000000,0.000000,1.000000,0.937099,0,0.000186,0.002455,0.384170,10.242175,1.536326,1.250000,0.000000,0.000000
146,10.304661,0.000000,1.000801,0.000000,0.000000,1.000000,0.938582,0,0.000208,0.002045,0.366975,10.085437,1.512816,1.250000,0.000000,0.000000
147,10.356071,0.000000,1.000574,0.000000,0.000000,1.000000,0.940104,0,0.000324,0.002174,0.352521,10.123099,1.518465,1.250000,0.000000,0.000000
148,10.309564,0.000000,1.000992,0.000000,0.000000,1.000000,0.941752,0,0.000404,0.002171,0.338977,10.063339,1.509501,1.250000,0.000000,0.000000
149,10.261405,0.000000,1.000784,0.000000,0.000000,1.000000,0.943329,0,0.000413,0.002702,0.326067,10.002306,1.500346,1.250000,0.000000,0.000000
150,10.018017,0.002943,1.000659,0.000000,0.000000,1.000000,0.773761,1,0.000392,0.002217,4.629822,9.892895,1.483934,1.250000,0.000000,0.000000
151,9.958645,0.002742,1.000757,0.000000,0.000000,1.000000,0.787164,1,0.000182,0.001883,4.154583,9.846030,1.476905,1.250000,0.000000,0.000000
152,10.274307,0.003012,1.000855,0.000000,0.000000,1.000000,0.800354,1,0.000205,0.001758,3.727119,10.172930,1.525940,1.250000,0.000000,0.000000
153,10.093330,0.002756,1.000928,0.000000,0.000000,1.000000,0.813090,1,0.000189,0.002089,3.342692,10.002086,1.500313,1.250000,0.000000,0.000000
154,10.021584,0.003119,1.001028,0.000000,0.000000,1.000000,0.824905,1,0.000184,0.001672,3.001406,9.939332,1.490900,1.250000,0.000000,0.000000
155,10.335249,0.002951,1.001141,0.000000,0.000000,1.000000,0.835322,1,0.000231,0.002128,2.693514,10.261126,1.539169,1.250000,0.000000,0.000000
156,10.139260,0.002418,1.001232,0.000000,0.000000,1.000000,0.845709,1,0.000199,0.001650,2.414572,10.072529,1.510879,1.250000,0.000000,0.000000
157,10.206542,0.002792,1.001338,0.000000,0.000000,1.000000,0.854426,1,0.000181,0.001966,2.164308,10.146428,1.521964,1.250000,0.000000,0.000000
158,10.076292,0.002638,1.001420,0.000000,0.000000,1.000000,0.863060,1,0.000203,0.001942,1.938272,10.022183,1.503327,1.250000,0.000000,0.000000
159,10.073297,0.002942,1.001467,0.000000,0.000000,1.000000,0.871393,1,0.000320,0.002048,1.736485,10.024554,1.503683,1.250000,0.000000,0.000000
160,9.939042,0.002361,1.001597,0.000000,0.000000,1.000000,0.878430,1,0.000202,0.002020,1.558674,9.895066,1.484260,1.250000,0.000000,0.000000
161,9.923385,0.002644,1.001643,0.000000,0.000000,1.000000,0.885430,1,0.000249,0.002152,1.395779,9.861643,1.479246,1.250000,0.000000,0.000000
162,10.283980,0.002541,1.001724,0.000000,0.000000,1.000000,0.891782,1,0.000234,0.001925,1.252352,10.185497,1.527825,1.250000,0.000000,0.000000
163,10.136819,0.002630,1.001775,0.000000,0.000000,1.000000,0.896480,1,0.000219,0.001974,1.123393,10.023202,1.503480,1.250000,0.000000,0.000000
164,10.064361,0.002396,1.001880,0.000000,0.000000,1.000000,0.901215,1,0.000186,0.001965,1.009350,9.936127,1.490419,1.250000,0.000000,0.000000
165,10.385340,0.000000,0.997437,0.000000,0.000000,1.000000,0.906088,0,0.000313,0.002042,0.905755,10.226744,1.534012,1.250000,0.000000,0.000000
166,10.253546,0.000000,0.997895,0.000000,0.000000,1.000000,0.910436,0,0.000202,0.001725,0.816955,10.081819,1.512273,1.250000,0.000000,0.000000
167,10.346302,0.000000,0.998238,0.000000,0.000000,1.000000,0.914603,0,0.000235,0.001864,0.738616,10.147455,1.522118,1.250000,0.000000,0.000000
168,10.244557,0.000000,0.998577,0.000000,0.000000,1.000000,0.918650,0,0.000219,0.001807,0.666395,10.020331,1.503050,1.250000,0.000000,0.000000
169,10.297761,0.000000,0.998968,0.000000,0.000000,1.000000,0.922029,0,0.000324,0.002056,0.604248,10.062291,1.509344,1.250000,0.000000,0.000000
170,10.156748,0.000000,0.999261,0.000000,0.000000,1.000000,0.925246,0,0.000338,0.001949,0.552522,9.910149,1.486522,1.250000,0.000000,0.000000
171,10.089885,0.000000,0.999545,0.000000,0.000000,1.000000,0.928308,0,0.000201,0.001985,0.506910,9.844785,1.476718,1.250000,0.000000,0.000000
172,10.404185,0.000000,0.999815,0.000000,0.000000,1.000000,0.931233,0,0.000387,0.002077,0.467495,10.160465,1.524070,1.250000,0.000000,0.000000
173,10.256427,0.000000,1.000705,0.000000,0.000000,1.000000,0.934074,0,0.000232,0.002532,0.434360,10.025583,1.503837,1.250000,0.000000,0.000000
174,10.179367,0.000000,1.000813,0.000000,0.000000,1.000000,0.935584,0,0.000317,0.002087,0.406477,9.961646,1.494247,1.250000,0.000000,0.000000
175,10.450717,0.000000,1.000885,0.000000,0.000000,1.000000,0.937099,0,0.000399,0.002889,0.384170,10.245743,1.536861,1.250000,0.000000,0.000000
176,10.314817,0.000000,1.000801,0.000000,0.000000,1.000000,0.938582,0,0.000204,0.002341,0.366975,10.095597,1.514339,1.250000,0.000000,0.000000
177,10.633519,0.000000,1.000574,0.000000,0.000000,1.000000,0.940104,0,0.000219,0.002349,0.352521,10.400546,1.560082,1.250000,0.000000,0.000000
178,10.281075,0.000000,1.000992,0.000000,0.000000,1.000000,0.941752,0,0.000446,0.001674,0.338977,10.034839,1.505226,1.250000,0.000000,0.000000
179,10.266135,0.000000,1.000417,0.000000,0.000000,1.000000,0.943329,0,0.000200,0.002070,0.326067,10.007038,1.501056,1.250000,0.000000,0.000000
180,10.083429,0.003158,1.000659,0.000000,0.000000,1.000000,0.773761,1,0.000210,0.002146,4.629822,9.958302,1.493745,1.250000,0.000000,0.000000
181,9.983795,0.002579,1.000757,0.000000,0.000000,1.000000,0.787164,1,0.000182,0.002577,4.154583,9.871184,1.480678,1.250000,0.000000,0.000000
182,10.245595,0.002930,1.000855,0.000000,0.000000,1.000000,0.800354,1,0.000198,0.002208,3.727119,10.144226,1.521634,1.250000,0.000000,0.000000
183,10.105419,0.002775,1.000928,0.000000,0.000000,1.000000,0.813090,1,0.000193,0.003638,3.342692,10.014177,1.502127,1.250000,0.000000,0.000000
184,10.015433,0.002634,1.001028,0.000000,0.000000,1.000000,0.824905,1,0.000323,0.002353,3.001406,9.933191,1.489979,1.250000,0.000000,0.000000
185,10.281669,0.002371,1.001141,0.000000,0.000000,1.000000,0.835322,1,0.000185,0.001997,2.693514,10.207557,1.531134,1.250000,0.000000,0.000000
186,10.140580,0.002777,1.001232,0.000000,0.000000,1.000000,0.845709,1,0.000296,0.002464,2.414572,10.073838,1.511076,1.250000,0.000000,0.000000
187,10.173202,0.002710,1.001338,0.000000,0.000000,1.000000,0.854426,1,0.000212,0.001810,2.164308,10.113088,1.516963,1.250000,0.000000,0.000000
188,10.056787,0.002592,1.001420,0.000000,0.000000,1.000000,0.863060,1,0.000196,0.001862,1.938272,10.002670,1.500401,1.250000,0.000000,0.000000
189,10.020140,0.002460,1.001467,0.000000,0.000000,1.000000,0.871393,1,0.000187,0.001998,1.736485,9.971405,1.495711,1.250000,0.000000,0.000000
190,10.080901,0.002879,1.001597,0.000000,0.000000,1.000000,0.878430,1,0.000547,0.002196,1.558674,10.036888,1.505533,1.250000,0.000000,0.000000
191,9.930852,0.002610,1.001643,0.000000,0.000000,1.000000,0.885430,1,0.000328,0.003055,1.395779,9.869113,1.480367,1.250000,0.000000,0.000000
192,10.271185,0.002672,1.001724,0.000000,0.000000,1.000000,0.891782,1,0.000270,0.001978,1.252352,10.172691,1.525904,1.250000,0.000000,0.000000
193,10.143836,0.002349,1.001775,0.000000,0.000000,1.000000,0.896480,1,0.000183,0.002487,1.123393,10.030225,1.504534,1.250000,0.000000,0.000000
194,10.053131,0.002720,1.001880,0.000000,0.000000,1.000000,0.901215,1,0.000230,0.002070,1.009350,9.924891,1.488734,1.250000,0.000000,0.000000
195,10.379813,0.000000,0.997437,0.000000,0.000000,1.000000,0.906088,0,0.000183,0.002655,0.905755,10.221218,1.533183,1.250000,0.000000,0.000000
196,10.243966,0.000000,0.997895,0.000000,0.000000,1.000000,0.910436,0,0.000188,0.002059,0.816955,10.072244,1.510837,1.250000,0.000000,0.000000
197,10.289710,0.000000,0.998238,0.000000,0.000000,1.000000,0.914603,0,0.000134,0.002056,0.738616,10.090862,1.513629,1.250000,0.000000,0.000000
198,10.225916,0.000000,0.998577,0.000000,0.000000,1.000000,0.918650,0,0.000267,0.001851,0.666395,10.001692,1.500254,1.250000,0.000000,0.000000
199,10.255946,0.000000,0.998968,0.000000,0.000000,1.000000,0.922029,0,0.000439,0.002010,0.604248,10.020470,1.503071,1.250000,0.000000,0.000000
200,10.144091,0.000000,0.999261,0.000000,0.000000,1.000000,0.925246,0,0.000376,0.002980,0.552522,9.897494,1.484624,1.250000,0.000000,0.000000
201,10.107985,0.000000,0.999545,0.000000,0.000000,1.000000,0.928308,0,0.000296,0.002321,0.506910,9.862883,1.479432,1.250000,0.000000,0.000000
202,10.395133,0.000000,0.999815,0.000000,0.000000,1.000000,0.931233,0,0.000450,0.002033,0.467495,10.151408,1.522711,1.250000,0.000000,0.000000
203,10.268011,0.000000,1.000705,0.000000,0.000000,1.000000,0.934074,0,0.000330,0.002296,0.434360,10.037158,1.505574,1.250000,0.000000,0.000000
204,10.153654,0.000000,1.000813,0.000000,0.000000,1.000000,0.935584,0,0.000399,0.002479,0.406477,9.935929,1.490389,1.250000,0.000000,0.000000
205,10.440892,0.000000,1.000885,0.000000,0.000000,1.000000,0.937099,0,0.000202,0.002513,0.384170,10.235919,1.535388,1.250000,0.000000,0.000000
206,10.366932,0.000000,1.000801,0.000000,0.000000,1.000000,0.938582,0,0.000363,0.002296,0.366975,10.147704,1.522156,1.250000,0.000000,0.000000
207,10.351824,0.000000,1.000574,0.000000,0.000000,1.000000,0.940104,0,0.000210,0.002329,0.352521,10.118849,1.517827,1.250000,0.000000,0.000000
208,10.284547,0.000000,1.000992,0.000000,0.000000,1.000000,0.941752,0,0.000317,0.001945,0.338977,10.038324,1.505749,1.250000,0.000000,0.000000
209,10.256754,0.000000,1.000784,0.000000,0.000000,1.000000,0.943329,0,0.000337,0.002161,0.326067,9.997652,1.499648,1.250000,0.000000,0.000000
210,10.041523,0.002836,1.000659,0.000000,0.000000,1.000000,0.773761,1,0.000319,0.001991,4.629822,9.916403,1.487461,1.250000,0.000000,0.000000
211,9.984520,0.002770,1.000757,0.000000,0.000000,1.000000,0.787164,1,0.000385,0.002173,4.154583,9.871903,1.480786,1.250000,0.000000,0.000000
212,10.258981,0.002309,1.000855,0.000000,0.000000,1.000000,0.800354,1,0.000220,0.001740,3.727119,10.157628,1.523644,1.250000,0.000000,0.000000
213,10.169457,0.002866,1.000928,0.000000,0.000000,1.000000,0.813090,1,0.000189,0.002484,3.342692,10.078212,1.511732,1.250000,0.000000,0.000000
214,10.106890,0.002822,1.001028,0.000000,0.000000,1.000000,0.824905,1,0.000236,0.001992,3.001406,10.024647,1.503697,1.250000,0.000000,0.000000
215,10.301953,0.002494,1.001141,0.000000,0.000000,1.000000,0.835322,1,0.000396,0.002087,2.693514,10.227844,1.534177,1.250000,0.000000,0.000000
216,10.141302,0.002634,1.001232,0.000000,0.000000,1.000000,0.845709,1,0.000277,0.002196,2.414572,10.074559,1.511184,1.250000,0.000000,0.000000
217,10.175032,0.002757,1.001338,0.000000,0.000000,1.000000,0.854426,1,0.000103,0.001850,2.164308,10.114919,1.517238,1.250000,0.000000,0.000000
218,10.080470,0.002618,1.001420,0.000000,0.000000,1.000000,0.863060,1,0.000210,0.002323,1.938272,10.026357,1.503954,1.250000,0.000000,0.000000
219,10.047842,0.002656,1.001467,0.000000,0.000000,1.000000,0.871393,1,0.000222,0.001957,1.736485,9.999102,1.499865,1.250000,0.000000,0.000000
220,9.922578,0.002402,1.001597,0.000000,0.000000,1.000000,0.878430,1,0.000228,0.002330,1.558674,9.878595,1.481789,1.250000,0.000000,0.000000
221,9.953116,0.002465,1.001643,0.000000,0.000000,1.000000,0.885430,1,0.000218,0.001896,1.395779,9.891383,1.483707,1.250000,0.000000,0.000000
222,10.240283,0.002504,1.001724,0.000000,0.000000,1.000000,0.891782,1,0.000220,0.002444,1.252352,10.141797,1.521270,1.250000,0.000000,0.000000
223,10.125175,0.002385,1.001775,0.000000,0.000000,1.000000,0.896480,1,0.000198,0.002364,1.123393,10.011566,1.501735,1.250000,0.000000,0.000000
224,10.073103,0.002373,1.001880,0.000000,0.000000,1.000000,0.901215,1,0.000185,0.001782,1.009350,9.944872,1.491731,1.250000,0.000000,0.000000
225,10.369894,0.000000,0.997437,0.000000,0.000000,1.000000,0.906088,0,0.000330,0.002294,0.905755,10.211295,1.531694,1.250000,0.000000,0.000000
226,10.246254,0.000000,0.997895,0.000000,0.000000,1.000000,0.910436,0,0.000220,0.002129,0.816955,10.074531,1.511180,1.250000,0.000000,0.000000
227,10.323255,0.000000,0.998238,0.000000,0.000000,1.000000,0.914603,0,0.000215,0.001874,0.738616,10.124402,1.518660,1.250000,0.000000,0.000000
228,10.246041,0.000000,0.998577,0.000000,0.000000,1.000000,0.918650,0,0.000310,0.002198,0.666395,10.021815,1.503272,1.250000,0.000000,0.000000
229,10.220401,0.000000,0.998968,0.000000,0.000000,1.000000,0.922029,0,0.000183,0.002392,0.604248,9.984925,1.497739,1.250000,0.000000,0.000000
230,10.169970,0.000000,0.999261,0.000000,0.000000,1.000000,0.925246,0,0.000184,0.002574,0.552522,9.923368,1.488505,1.250000,0.000000,0.000000
231,10.095123,0.000000,0.999545,0.000000,0.000000,1.000000,0.928308,0,0.000212,0.002153,0.506910,9.850027,1.477504,1.250000,0.000000,0.000000
232,10.385804,0.000000,0.999815,0.000000,0.000000,1.000000,0.931233,0,0.000200,0.002220,0.467495,10.142076,1.521311,1.250000,0.000000,0.000000
233,10.263264,0.000000,1.000705,0.000000,0.000000,1.000000,0.934074,0,0.000414,0.002148,0.434360,10.032414,1.504862,1.250000,0.000000,0.000000
234,10.147590,0.000000,1.000813,0.000000,0.000000,1.000000,0.935584,0,0.000233,0.001960,0.406477,9.929864,1.489480,1.250000,0.000000,0.000000
235,10.429829,0.000000,1.000885,0.000000,0.000000,1.000000,0.937099,0,0.000208,0.002584,0.384170,10.224854,1.533728,1.250000,0.000000,0.000000
236,10.303491,0.000000,1.000801,0.000000,0.000000,1.000000,0.938582,0,0.000238,0.001892,0.366975,10.084269,1.512640,1.250000,0.000000,0.000000
237,10.356424,0.000000,1.000574,0.000000,0.000000,1.000000,0.940104,0,0.000217,0.002331,0.352521,10.123446,1.518517,1.250000,0.000000,0.000000
238,10.253729,0.000000,1.000992,0.000000,0.000000,1.000000,0.941752,0,0.000200,0.001888,0.338977,10.007504,1.501126,1.250000,0.000000,0.000000
239,10.277932,0.000000,1.000784,0.000000,0.000000,1.000000,0.943329,0,0.000349,0.002445,0.326067,10.018833,1.502825,1.250000,0.000000,0.000000
240,10.044084,0.002743,1.000659,0.000000,0.000000,1.000000,0.773761,1,0.000316,0.002720,4.629822,9.918963,1.487844,1.250000,0.000000,0.000000
241,9.997090,0.002841,1.000757,0.000000,0.000000,1.000000,0.787164,1,0.000201,0.002320,4.154583,9.884473,1.482671,1.250000,0.000000,0.000000
242,10.307034,0.002178,1.000855,0.000000,0.000000,1.000000,0.800354,1,0.000184,0.002390,3.727119,10.205677,1.530852,1.250000,0.000000,0.000000
243,10.164193,0.002632,1.000928,0.000000,0.000000,1.000000,0.813090,1,0.000387,0.002277,3.342692,10.072947,1.510942,1.250000,0.000000,0.000000
244,10.003346,0.002373,1.001028,0.000000,0.000000,1.000000,0.824905,1,0.000185,0.002051,3.001406,9.921112,1.488167,1.250000,0.000000,0.000000
245,10.297063,0.002881,1.001141,0.000000,0.000000,1.000000,0.835322,1,0.000184,0.002205,2.693514,10.222941,1.533441,1.250000,0.000000,0.000000
246,10.128473,0.003016,1.001232,0.000000,0.000000,1.000000,0.845709,1,0.000187,0.002073,2.414572,10.061719,1.509258,1.250000,0.000000,0.000000
247,10.191116,0.002365,1.001338,0.000000,0.000000,1.000000,0.854426,1,0.000305,0.002270,2.164308,10.131009,1.519651,1.250000,0.000000,0.000000
248,10.131129,0.002515,1.001420,0.000000,0.000000,1.000000,0.863060,1,0.000248,0.001898,1.938272,10.077018,1.511553,1.250000,0.000000,0.000000
249,10.021141,0.002376,1.001467,0.000000,0.000000,1.000000,0.871393,1,0.000435,0.001865,1.736485,9.972406,1.495861,1.250000,0.000000,0.000000
250,10.123414,0.002424,1.001597,0.000000,0.000000,1.000000,0.878430,1,0.000181,0.002330,1.558674,10.079426,1.511914,1.250000,0.000000,0.000000
251,9.969229,0.002889,1.001643,0.000000,0.000000,1.000000,0.885430,1,0.000206,0.002105,1.395779,9.907473,1.486121,1.250000,0.000000,0.000000
252,10.271665,0.002599,1.001724,0.000000,0.000000,1.000000,0.891782,1,0.000418,0.002815,1.252352,10.173175,1.525976,1.250000,0.000000,0.000000
253,10.192001,0.002502,1.001775,0.000000,0.000000,1.000000,0.896480,1,0.000260,0.001972,1.123393,10.078385,1.511758,1.250000,0.000000,0.000000
254,10.216910,0.002248,1.001880,0.000000,0.000000,1.000000,0.901215,1,0.000381,0.002265,1.009350,10.088679,1.513302,1.250000,0.000000,0.000000
255,10.732311,0.000000,0.997437,0.000000,0.000000,1.000000,0.906088,0,0.000129,0.002117,0.905755,10.573707,1.586056,1.250000,0.000000,0.000000
256,10.468895,0.000000,0.997895,0.000000,0.000000,1.000000,0.910436,0,0.000224,0.002020,0.816955,10.297171,1.544576,1.250000,0.000000,0.000000
257,10.483911,0.000000,0.998238,0.000000,0.000000,1.000000,0.914603,0,0.000404,0.002576,0.738616,10.285057,1.542759,1.250000,0.000000,0.000000
258,10.392342,0.000000,0.998577,0.000000,0.000000,1.000000,0.918650,0,0.000227,0.001745,0.666395,10.168114,1.525217,1.250000,0.000000,0.000000
259,10.387629,0.000000,0.998968,0.000000,0.000000,1.000000,0.922029,0,0.000198,0.002301,0.604248,10.152154,1.522823,1.250000,0.000000,0.000000
260,10.204619,0.000000,0.999261,0.000000,0.000000,1.000000,0.925246,0,0.000219,0.002160,0.552522,9.958020,1.493703,1.250000,0.000000,0.000000
261,10.180470,0.000000,0.999545,0.000000,0.000000,1.000000,0.928308,0,0.000204,0.002042,0.506910,9.935370,1.490306,1.250000,0.000000,0.000000
262,10.506045,0.000000,0.999815,0.000000,0.000000,1.000000,0.931233,0,0.000199,0.002130,0.467495,10.262324,1.539349,1.250000,0.000000,0.000000
263,10.410444,0.000000,1.000705,0.000000,0.000000,1.000000,0.934074,0,0.000314,0.002105,0.434360,10.179593,1.526939,1.250000,0.000000,0.000000
264,10.253273,0.000000,1.000813,0.000000,0.000000,1.000000,0.935584,0,0.000220,0.002380,0.406477,10.035537,1.505330,1.250000,0.000000,0.000000
265,10.599118,0.000000,1.000885,0.000000,0.000000,1.000000,0.937099,0,0.000446,0.002220,0.384170,10.394143,1.559121,1.250000,0.000000,0.000000
266,10.402387,0.000000,1.000801,0.000000,0.000000,1.000000,0.938582,0,0.000341,0.002970,0.366975,10.183157,1.527474,1.250000,0.000000,0.000000
267,10.435901,0.000000,1.000574,0.000000,0.000000,1.000000,0.940104,0,0.000220,0.002008,0.352521,10.202926,1.530439,1.250000,0.000000,0.000000
268,10.386865,0.000000,1.000992,0.000000,0.000000,1.000000,0.941752,0,0.000381,0.002796,0.338977,10.140628,1.521094,1.250000,0.000000,0.000000
269,10.306313,0.000000,1.000417,0.000000,0.000000,1.000000,0.943329,0,0.000254,0.002048,0.326067,10.047212,1.507082,1.250000,0.000000,0.000000
270,10.073646,0.002517,1.000659,0.000000,0.000000,1.000000,0.773761,1,0.000285,0.002332,4.629822,9.948534,1.492280,1.250000,0.000000,0.000000
271,9.991710,0.003143,1.000757,0.000000,0.000000,1.000000,0.787164,1,0.000184,0.002171,4.154583,9.879078,1.481862,1.250000,0.000000,0.000000
272,10.307556,0.002984,1.000855,0.000000,0.000000,1.000000,0.800354,1,0.000253,0.002257,3.727119,10.206177,1.530927,1.250000,0.000000,0.000000
273,10.139797,0.002482,1.000928,0.000000,0.000000,1.000000,0.813090,1,0.000203,0.002210,3.342692,10.048559,1.507284,1.250000,0.000000,0.000000
274,10.058454,0.002323,1.001028,0.000000,0.000000,1.000000,0.824905,1,0.000186,0.002602,3.001406,9.976222,1.496433,1.250000,0.000000,0.000000
275,10.311512,0.002695,1.001141,0.000000,0.000000,1.000000,0.835322,1,0.000185,0.003305,2.693514,10.237400,1.535610,1.250000,0.000000,0.000000
276,10.165662,0.002619,1.001232,0.000000,0.000000,1.000000,0.845709,1,0.000180,0.002024,2.414572,10.098925,1.514839,1.250000,0.000000,0.000000
277,10.205067,0.002886,1.001338,0.000000,0.000000,1.000000,0.854426,1,0.000217,0.002594,2.164308,10.144945,1.521742,1.250000,0.000000,0.000000
278,10.100284,0.002634,1.001420,0.000000,0.000000,1.000000,0.863060,1,0.000233,0.002114,1.938272,10.046170,1.506926,1.250000,0.000000,0.000000
279,10.145206,0.002549,1.001467,0.000000,0.000000,1.000000,0.871393,1,0.000348,0.002105,1.736485,10.096467,1.514470,1.250000,0.000000,0.000000
280,9.978307,0.002484,1.001597,0.000000,0.000000,1.000000,0.878430,1,0.000225,0.002092,1.558674,9.934322,1.490148,1.250000,0.000000,0.000000
281,9.993997,0.002717,1.001643,0.000000,0.000000,1.000000,0.885430,1,0.000213,0.002117,1.395779,9.932255,1.489838,1.250000,0.000000,0.000000
282,10.363690,0.002950,1.001724,0.000000,0.000000,1.000000,0.891782,1,0.000205,0.002646,1.252352,10.265187,1.539778,1.250000,0.000000,0.000000
283,10.141327,0.002713,1.001775,0.000000,0.000000,1.000000,0.896480,1,0.000223,0.002489,1.123393,10.027707,1.504156,1.250000,0.000000,0.000000
284,10.086947,0.002635,1.001880,0.000000,0.000000,1.000000,0.901215,1,0.000350,0.002513,1.009350,9.958699,1.493805,1.250000,0.000000,0.000000
285,10.399828,0.000000,0.997437,0.000000,0.000000,1.000000,0.906088,0,0.000282,0.001902,0.905755,10.241225,1.536184,1.250000,0.000000,0.000000
286,10.329167,0.000000,0.997895,0.000000,0.000000,1.000000,0.910436,0,0.000200,0.002715,0.816955,10.157441,1.523616,1.250000,0.000000,0.000000
287,10.396262,0.000000,0.998238,0.000000,0.000000,1.000000,0.914603,0,0.000216,0.002526,0.738616,10.197409,1.529611,1.250000,0.000000,0.000000
288,10.275023,0.000000,0.998577,0.000000,0.000000,1.000000,0.918650,0,0.000494,0.002354,0.666395,10.050794,1.507619,1.250000,0.000000,0.000000
289,10.230350,0.000000,0.998968,0.000000,0.000000,1.000000,0.922029,0,0.000201,0.002502,0.604248,9.994879,1.499232,1.250000,0.000000,0.000000
290,10.159518,0.000000,0.999261,0.000000,0.000000,1.000000,0.925246,0,0.000314,0.001946,0.552522,9.912919,1.486938,1.250000,0.000000,0.000000
291,10.167267,0.000000,0.999545,0.000000,0.000000,1.000000,0.928308,0,0.000202,0.002410,0.506910,9.922167,1.488325,1.250000,0.000000,0.000000
292,10.413697,0.000000,0.999815,0.000000,0.000000,1.000000,0.931233,0,0.000406,0.002356,0.467495,10.169976,1.525496,1.250000,0.000000,0.000000
293,10.284448,0.000000,1.000705,0.000000,0.000000,1.000000,0.934074,0,0.000338,0.002253,0.434360,10.053602,1.508040,1.250000,0.000000,0.000000
294,10.237661,0.000000,1.000813,0.000000,0.000000,1.000000,0.935584,0,0.000353,0.002433,0.406477,10.019935,1.502990,1.250000,0.000000,0.000000
295,10.448812,0.000000,1.000885,0.000000,0.000000,1.000000,0.937099,0,0.000471,0.001804,0.384170,10.243836,1.536575,1.250000,0.000000,0.000000
296,10.319376,0.000000,1.000801,0.000000,0.000000,1.000000,0.938582,0,0.000216,0.002617,0.366975,10.100150,1.515022,1.250000,0.000000,0.000000
297,10.371568,0.000000,1.000574,0.000000,0.000000,1.000000,0.940104,0,0.000553,0.002058,0.352521,10.138593,1.520789,1.250000,0.000000,0.000000
298,10.302530,0.000000,1.000992,0.000000,0.000000,1.000000,0.941752,0,0.000242,0.002666,0.338977,10.056307,1.508446,1.250000,0.000000,0.000000
299,10.282282,0.000000,1.000784,0.000000,0.000000,1.000000,0.943329,0,0.000318,0.002177,0.326067,10.022989,1.503448,1.250000,0.000000,0.000000
300,10.082701,0.002680,1.000659,0.000000,0.000000,1.000000,0.773761,1,0.000211,0.002155,4.629822,9.957585,1.493638,1.250000,0.000000,0.000000
301,10.024640,0.002609,1.000757,0.000000,0.000000,1.000000,0.787164,1,0.000184,0.001659,4.154583,9.912028,1.486804,1.250000,0.000000,0.000000
302,10.291618,0.003006,1.000855,0.000000,0.000000,1.000000,0.800354,1,0.000197,0.002705,3.727119,10.190242,1.528536,1.250000,0.000000,0.000000
303,10.143786,0.002367,1.000928,0.000000,0.000000,1.000000,0.813090,1,0.000171,0.002459,3.342692,10.052554,1.507883,1.250000,0.000000,0.000000
304,10.055062,0.003132,1.001028,0.000000,0.000000,1.000000,0.824905,1,0.000200,0.002173,3.001406,9.972808,1.495921,1.250000,0.000000,0.000000
305,10.359028,0.002899,1.001141,0.000000,0.000000,1.000000,0.835322,1,0.000199,0.002221,2.693514,10.284906,1.542736,1.250000,0.000000,0.000000
306,10.145019,0.002772,1.001232,0.000000,0.000000,1.000000,0.845709,1,0.000186,0.002315,2.414572,10.078279,1.511742,1.250000,0.000000,0.000000
307,10.194864,0.002419,1.001338,0.000000,0.000000,1.000000,0.854426,1,0.000233,0.002269,2.164308,10.134755,1.520213,1.250000,0.000000,0.000000
308,10.133339,0.002538,1.001420,0.000000,0.000000,1.000000,0.863060,1,0.000294,0.002317,1.938272,10.079224,1.511884,1.250000,0.000000,0.000000
309,10.078142,0.002552,1.001467,0.000000,0.000000,1.000000,0.871393,1,0.000475,0.002632,1.736485,10.029405,1.504411,1.250000,0.000000,0.000000
310,10.053536,0.002325,1.001597,0.000000,0.000000,1.000000,0.878430,1,0.000200,0.002399,1.558674,10.009551,1.501433,1.250000,0.000000,0.000000
311,10.033018,0.002652,1.001643,0.000000,0.000000,1.000000,0.885430,1,0.000197,0.001988,1.395779,9.971280,1.495692,1.250000,0.000000,0.000000
312,10.402146,0.002669,1.001724,0.000000,0.000000,1.000000,0.891782,1,0.000386,0.002228,1.252352,10.303658,1.545549,1.250000,0.000000,0.000000
313,10.245376,0.002880,1.001775,0.000000,0.000000,1.000000,0.896480,1,0.000184,0.002105,1.123393,10.131756,1.519763,1.250000,0.000000,0.000000
314,10.137403,0.002441,1.001880,0.000000,0.000000,1.000000,0.901215,1,0.000214,0.002070,1.009350,10.009170,1.501375,1.250000,0.000000,0.000000
315,10.474152,0.000000,0.997437,0.000000,0.000000,1.000000,0.906088,0,0.000352,0.002182,0.905755,10.315555,1.547333,1.250000,0.000000,0.000000
316,10.366301,0.000000,0.997895,0.000000,0.000000,1.000000,0.910436,0,0.000209,0.001668,0.816955,10.194575,1.529186,1.250000,0.000000,0.000000
317,10.334242,0.000000,0.998238,0.000000,0.000000,1.000000,0.914603,0,0.000377,0.002445,0.738616,10.135389,1.520308,1.250000,0.000000,0.000000
318,10.251799,0.000000,0.998577,0.000000,0.000000,1.000000,0.918650,0,0.000212,0.002711,0.666395,10.027571,1.504136,1.250000,0.000000,0.000000
319,10.257262,0.000000,0.998968,0.000000,0.000000,1.000000,0.922029,0,0.000363,0.002114,0.604248,10.021788,1.503268,1.250000,0.000000,0.000000
320,10.205003,0.000000,0.999261,0.000000,0.000000,1.000000,0.925246,0,0.000447,0.002016,0.552522,9.958408,1.493761,1.250000,0.000000,0.000000
321,10.106679,0.000000,0.999545,0.000000,0.000000,1.000000,0.928308,0,0.000192,0.002071,0.506910,9.861582,1.479237,1.250000,0.000000,0.000000
322,10.422799,0.000000,0.999815,0.000000,0.000000,1.000000,0.931233,0,0.000265,0.002087,0.467495,10.179076,1.526861,1.250000,0.000000,0.000000
323,10.560700,0.000000,1.000705,0.000000,0.000000,1.000000,0.934074,0,0.000220,0.002495,0.434360,10.329849,1.549477,1.250000,0.000000,0.000000
324,10.181984,0.000000,1.000813,0.000000,0.000000,1.000000,0.935584,0,0.000185,0.001937,0.406477,9.964260,1.494639,1.250000,0.000000,0.000000
325,10.444555,0.000000,1.000885,0.000000,0.000000,1.000000,0.937099,0,0.000185,0.002401,0.384170,10.239583,1.535937,1.250000,0.000000,0.000000
326,10.321270,0.000000,1.000801,0.000000,0.000000,1.000000,0.938582,0,0.000184,0.002471,0.366975,10.102042,1.515306,1.250000,0.000000,0.000000
327,10.400015,0.000000,1.000574,0.000000,0.000000,1.000000,0.940104,0,0.000407,0.002528,0.352521,10.167039,1.525056,1.250000,0.000000,0.000000
328,10.285746,0.000000,1.000992,0.000000,0.000000,1.000000,0.941752,0,0.000182,0.002355,0.338977,10.039517,1.505928,1.250000,0.000000,0.000000
329,10.275031,0.000000,1.000784,0.000000,0.000000,1.000000,0.943329,0,0.000185,0.002148,0.326067,10.015935,1.502390,1.250000,0.000000,0.000000
330,10.079889,0.002897,1.000659,0.000000,0.000000,1.000000,0.773761,1,0.000196,0.002052,4.629822,9.954769,1.493215,1.250000,0.000000,0.000000
331,9.984578,0.002519,1.000757,0.000000,0.000000,1.000000,0.787164,1,0.000379,0.002231,4.154583,9.871969,1.480795,1.250000,0.000000,0.000000
332,10.290155,0.002592,1.000855,0.000000,0.000000,1.000000,0.800354,1,0.000182,0.002766,3.727119,10.188794,1.528319,1.250000,0.000000,0.000000
333,10.126794,0.002373,1.000928,0.000000,0.000000,1.000000,0.813090,1,0.000330,0.001959,3.342692,10.035566,1.505335,1.250000,0.000000,0.000000
334,10.031009,0.002515,1.001028,0.000000,0.000000,1.000000,0.824905,1,0.000178,0.002742,3.001406,9.948773,1.492316,1.250000,0.000000,0.000000
335,10.371557,0.002473,1.001141,0.000000,0.000000,1.000000,0.835322,1,0.000192,0.002117,2.693514,10.297448,1.544617,1.250000,0.000000,0.000000
336,10.313082,0.003222,1.001232,0.000000,0.000000,1.000000,0.845709,1,0.000187,0.002107,2.414572,10.246322,1.536948,1.250000,0.000000,0.000000
337,10.236453,0.002575,1.001338,0.000000,0.000000,1.000000,0.854426,1,0.000183,0.002208,2.164308,10.176342,1.526451,1.250000,0.000000,0.000000
338,10.086668,0.002571,1.001420,0.000000,0.000000,1.000000,0.863060,1,0.000203,0.002082,1.938272,10.032556,1.504883,1.250000,0.000000,0.000000
339,10.076524,0.002522,1.001467,0.000000,0.000000,1.000000,0.871393,1,0.000219,0.002043,1.736485,10.027789,1.504168,1.250000,0.000000,0.000000
340,9.968658,0.002958,1.001597,0.000000,0.000000,1.000000,0.878430,1,0.000200,0.002197,1.558674,9.924659,1.488699,1.250000,0.000000,0.000000
341,9.970555,0.002832,1.001643,0.000000,0.000000,1.000000,0.885430,1,0.000199,0.002743,1.395779,9.908802,1.486320,1.250000,0.000000,0.000000
342,10.271387,0.002822,1.001724,0.000000,0.000000,1.000000,0.891782,1,0.000235,0.002175,1.252352,10.172892,1.525934,1.250000,0.000000,0.000000
343,10.177702,0.002880,1.001775,0.000000,0.000000,1.000000,0.896480,1,0.000403,0.002289,1.123393,10.064083,1.509612,1.250000,0.000000,0.000000
344,10.091701,0.002394,1.001880,0.000000,0.000000,1.000000,0.901215,1,0.000294,0.002238,1.009350,9.963470,1.494520,1.250000,0.000000,0.000000
345,10.423878,0.000000,0.997437,0.000000,0.000000,1.000000,0.906088,0,0.000435,0.002023,0.905755,10.265281,1.539792,1.250000,0.000000,0.000000
346,10.252947,0.000000,0.997895,0.000000,0.000000,1.000000,0.910436,0,0.000299,0.002209,0.816955,10.081216,1.512182,1.250000,0.000000,0.000000
347,10.322442,0.000000,0.998238,0.000000,0.000000,1.000000,0.914603,0,0.000220,0.002610,0.738616,10.123589,1.518538,1.250000,0.000000,0.000000
348,10.230797,0.000000,0.998577,0.000000,0.000000,1.000000,0.918650,0,0.000204,0.002198,0.666395,10.006573,1.500986,1.250000,0.000000,0.000000
349,10.255188,0.000000,0.998968,0.000000,0.000000,1.000000,0.922029,0,0.000182,0.002311,0.604248,10.019720,1.502958,1.250000,0.000000,0.000000
350,10.150331,0.000000,0.999261,0.000000,0.000000,1.000000,0.925246,0,0.000237,0.002140,0.552522,9.903731,1.485560,1.250000,0.000000,0.000000
351,10.135534,0.000000,0.999545,0.000000,0.000000,1.000000,0.928308,0,0.000201,0.002562,0.506910,9.890439,1.483566,1.250000,0.000000,0.000000
352,10.485058,0.000000,0.999815,0.000000,0.000000,1.000000,0.931233,0,0.000175,0.002825,0.467495,10.241338,1.536201,1.250000,0.000000,0.000000
353,10.254351,0.000000,1.000705,0.000000,0.000000,1.000000,0.934074,0,0.000203,0.002069,0.434360,10.023513,1.503527,1.250000,0.000000,0.000000
354,10.159171,0.000000,1.000813,0.000000,0.000000,1.000000,0.935584,0,0.000116,0.002483,0.406477,9.941448,1.491217,1.250000,0.000000,0.000000
355,10.422511,0.000000,1.000885,0.000000,0.000000,1.000000,0.937099,0,0.000545,0.002037,0.384170,10.217536,1.532630,1.250000,0.000000,0.000000
356,10.316265,0.000000,1.000801,0.000000,0.000000,1.000000,0.938582,0,0.000326,0.002028,0.366975,10.097048,1.514557,1.250000,0.000000,0.000000
357,10.338686,0.000000,1.000574,0.000000,0.000000,1.000000,0.940104,0,0.000408,0.001993,0.352521,10.105714,1.515857,1.250000,0.000000,0.000000
358,10.256001,0.000000,1.000992,0.000000,0.000000,1.000000,0.941752,0,0.000236,0.002403,0.338977,10.009778,1.501467,1.250000,0.000000,0.000000
359,10.399936,0.000000,1.000784,0.000000,0.000000,1.000000,0.943329,0,0.000105,0.002227,0.326067,10.140840,1.521126,1.250000,0.000000,0.000000
360,10.092710,0.002996,1.000659,0.000000,0.000000,1.000000,0.773761,1,0.000188,0.002269,4.629822,9.967584,1.495138,1.250000,0.000000,0.000000
361,9.981567,0.002886,1.000757,0.000000,0.000000,1.000000,0.787164,1,0.000205,0.002431,4.154583,9.868950,1.480343,1.250000,0.000000,0.000000
362,10.249848,0.002497,1.000855,0.000000,0.000000,1.000000,0.800354,1,0.000182,0.002513,3.727119,10.148488,1.522273,1.250000,0.000000,0.000000
363,10.105752,0.002836,1.000928,0.000000,0.000000,1.000000,0.813090,1,0.000119,0.001846,3.342692,10.014507,1.502176,1.250000,0.000000,0.000000
364,10.044179,0.002466,1.001028,0.000000,0.000000,1.000000,0.824905,1,0.000184,0.002083,3.001406,9.961945,1.494292,1.250000,0.000000,0.000000
365,10.279208,0.002313,1.001141,0.000000,0.000000,1.000000,0.835322,1,0.000204,0.001908,2.693514,10.205102,1.530765,1.250000,0.000000,0.000000
366,10.166771,0.002652,1.001232,0.000000,0.000000,1.000000,0.845709,1,0.000242,0.002569,2.414572,10.100024,1.515004,1.250000,0.000000,0.000000
367,10.191399,0.002840,1.001338,0.000000,0.000000,1.000000,0.854426,1,0.000228,0.002585,2.164308,10.131278,1.519692,1.250000,0.000000,0.000000
368,10.058091,0.002391,1.001420,0.000000,0.000000,1.000000,0.863060,1,0.000286,0.002349,1.938272,10.003984,1.500598,1.250000,0.000000,0.000000
369,10.050049,0.002278,1.001467,0.000000,0.000000,1.000000,0.871393,1,0.000234,0.001632,1.736485,10.001320,1.500198,1.250000,0.000000,0.000000
370,9.937190,0.002354,1.001597,0.000000,0.000000,1.000000,0.878430,1,0.000202,0.002347,1.558674,9.893208,1.483981,1.250000,0.000000,0.000000
371,9.935753,0.002432,1.001643,0.000000,0.000000,1.000000,0.885430,1,0.000201,0.002243,1.395779,9.874020,1.481103,1.250000,0.000000,0.000000
372,10.270038,0.003010,1.001724,0.000000,0.000000,1.000000,0.891782,1,0.000202,0.001769,1.252352,10.171540,1.525731,1.250000,0.000000,0.000000
373,10.152154,0.002346,1.001775,0.000000,0.000000,1.000000,0.896480,1,0.000196,0.002374,1.123393,10.038545,1.505782,1.250000,0.000000,0.000000
374,10.102427,0.002392,1.001880,0.000000,0.000000,1.000000,0.901215,1,0.000252,0.002199,1.009350,9.974190,1.496128,1.250000,0.000000,0.000000
375,10.385316,0.000000,0.997437,0.000000,0.000000,1.000000,0.906088,0,0.000474,0.002708,0.905755,10.226713,1.534007,1.250000,0.000000,0.000000
376,10.269815,0.000000,0.997895,0.000000,0.000000,1.000000,0.910436,0,0.000182,0.002411,0.816955,10.098087,1.514713,1.250000,0.000000,0.000000
377,10.340348,0.000000,0.998238,0.000000,0.000000,1.000000,0.914603,0,0.000223,0.001919,0.738616,10.141499,1.521225,1.250000,0.000000,0.000000
378,10.247327,0.000000,0.998577,0.000000,0.000000,1.000000,0.918650,0,0.000322,0.002736,0.666395,10.023105,1.503466,1.250000,0.000000,0.000000
379,10.234859,0.000000,0.998968,0.000000,0.000000,1.000000,0.922029,0,0.000209,0.002475,0.604248,9.999382,1.499907,1.250000,0.000000,0.000000
380,10.158785,0.000000,0.999261,0.000000,0.000000,1.000000,0.925246,0,0.000315,0.002318,0.552522,9.912187,1.486828,1.250000,0.000000,0.000000
381,10.161310,0.000000,0.999545,0.000000,0.000000,1.000000,0.928308,0,0.000212,0.001980,0.506910,9.916209,1.487431,1.250000,0.000000,0.000000
382,10.408197,0.000000,0.999815,0.000000,0.000000,1.000000,0.931233,0,0.000121,0.002182,0.467495,10.164479,1.524672,1.250000,0.000000,0.000000
383,10.284270,0.000000,1.000705,0.000000,0.000000,1.000000,0.934074,0,0.000192,0.002041,0.434360,10.053423,1.508013,1.250000,0.000000,0.000000
384,10.157199,0.000000,1.000813,0.000000,0.000000,1.000000,0.935584,0,0.000185,0.002016,0.406477,9.939473,1.490921,1.250000,0.000000,0.000000
385,10.449944,0.000000,1.000885,0.000000,0.000000,1.000000,0.937099,0,0.000203,0.002506,0.384170,10.244969,1.536745,1.250000,0.000000,0.000000
386,10.324487,0.000000,1.000801,0.000000,0.000000,1.000000,0.938582,0,0.000186,0.002119,0.366975,10.105261,1.515789,1.250000,0.000000,0.000000
387,10.384600,0.000000,1.000574,0.000000,0.000000,1.000000,0.940104,0,0.000250,0.002173,0.352521,10.151622,1.522743,1.250000,0.000000,0.000000
388,10.291379,0.000000,1.000992,0.000000,0.000000,1.000000,0.941752,0,0.000189,0.002797,0.338977,10.045148,1.506772,1.250000,0.000000,0.000000
389,10.260947,0.000000,1.000417,0.000000,0.000000,1.000000,0.943329,0,0.000311,0.002097,0.326067,10.001852,1.500278,1.250000,0.000000,0.000000
390,10.010739,0.003128,1.000659,0.000000,0.000000,1.000000,0.773761,1,0.000196,0.002837,4.629822,9.885610,1.482842,1.250000,0.000000,0.000000
391,9.970709,0.002408,1.000757,0.000000,0.000000,1.000000,0.787164,1,0.000301,0.002123,4.154583,9.858100,1.478715,1.250000,0.000000,0.000000
392,10.235204,0.002444,1.000855,0.000000,0.000000,1.000000,0.800354,1,0.000107,0.001925,3.727119,10.133846,1.520077,1.250000,0.000000,0.000000
393,10.115812,0.002539,1.000928,0.000000,0.000000,1.000000,0.813090,1,0.000188,0.002295,3.342692,10.024577,1.503687,1.250000,0.000000,0.000000
394,10.005309,0.002619,1.001028,0.000000,0.000000,1.000000,0.824905,1,0.000156,0.002366,3.001406,9.923070,1.488460,1.250000,0.000000,0.000000
395,10.280452,0.002330,1.001141,0.000000,0.000000,1.000000,0.835322,1,0.000180,0.002294,2.693514,10.206345,1.530952,1.250000,0.000000,0.000000
396,10.406028,0.002456,1.001232,0.000000,0.000000,1.000000,0.845709,1,0.000202,0.002135,2.414572,10.339293,1.550894,1.250000,0.000000,0.000000
397,10.175581,0.002641,1.001338,0.000000,0.000000,1.000000,0.854426,1,0.000243,0.002819,2.164308,10.115466,1.517320,1.250000,0.000000,0.000000
398,10.111463,0.002736,1.001420,0.000000,0.000000,1.000000,0.863060,1,0.000186,0.002546,1.938272,10.057347,1.508602,1.250000,0.000000,0.000000
399,10.037883,0.002553,1.001467,0.000000,0.000000,1.000000,0.871393,1,0.000183,0.002250,1.736485,9.989145,1.498372,1.250000,0.000000,0.000000
400,9.976214,0.002571,1.001597,0.000000,0.000000,1.000000,0.878430,1,0.000182,0.002459,1.558674,9.932225,1.489834,1.250000,0.000000,0.000000
401,10.124621,0.002733,1.001643,0.000000,0.000000,1.000000,0.885430,1,0.000202,0.002343,1.395779,10.062879,1.509432,1.250000,0.000000,0.000000
402,10.446330,0.003200,1.001724,0.000000,0.000000,1.000000,0.891782,1,0.000197,0.002211,1.252352,10.347828,1.552174,1.250000,0.000000,0.000000
403,10.284006,0.002902,1.001775,0.000000,0.000000,1.000000,0.896480,1,0.000201,0.002352,1.123393,10.170377,1.525557,1.250000,0.000000,0.000000
404,10.115415,0.002489,1.001880,0.000000,0.000000,1.000000,0.901215,1,0.000202,0.002074,1.009350,9.987180,1.498077,1.250000,0.000000,0.000000
405,10.448402,0.000000,0.997437,0.000000,0.000000,1.000000,0.906088,0,0.000198,0.002362,0.905755,10.289809,1.543471,1.250000,0.000000,0.000000
406,10.291756,0.000000,0.997895,0.000000,0.000000,1.000000,0.910436,0,0.000331,0.002526,0.816955,10.120028,1.518004,1.250000,0.000000,0.000000
407,10.349325,0.000000,0.998238,0.000000,0.000000,1.000000,0.914603,0,0.000187,0.002247,0.738616,10.150476,1.522571,1.250000,0.000000,0.000000
408,10.241817,0.000000,0.998577,0.000000,0.000000,1.000000,0.918650,0,0.000204,0.001904,0.666395,10.017593,1.502639,1.250000,0.000000,0.000000
409,10.327663,0.000000,0.998968,0.000000,0.000000,1.000000,0.922029,0,0.000182,0.002081,0.604248,10.092190,1.513828,1.250000,0.000000,0.000000
410,10.224530,0.000000,0.999261,0.000000,0.000000,1.000000,0.925246,0,0.000307,0.002404,0.552522,9.977935,1.496690,1.250000,0.000000,0.000000
411,10.122705,0.000000,0.999545,0.000000,0.000000,1.000000,0.928308,0,0.000263,0.002067,0.506910,9.877602,1.481640,1.250000,0.000000,0.000000
412,10.438061,0.000000,0.999815,0.000000,0.000000,1.000000,0.931233,0,0.000181,0.002455,0.467495,10.194338,1.529151,1.250000,0.000000,0.000000
413,10.280652,0.000000,1.000705,0.000000,0.000000,1.000000,0.934074,0,0.000116,0.002079,0.434360,10.049803,1.507470,1.250000,0.000000,0.000000
414,10.172585,0.000000,1.000813,0.000000,0.000000,1.000000,0.935584,0,0.000183,0.002583,0.406477,9.954864,1.493230,1.250000,0.000000,0.000000
415,10.427651,0.000000,1.000885,0.000000,0.000000,1.000000,0.937099,0,0.000183,0.002147,0.384170,10.222673,1.533401,1.250000,0.000000,0.000000
416,10.303649,0.000000,1.000801,0.000000,0.000000,1.000000,0.938582,0,0.000212,0.002508,0.366975,10.084427,1.512664,1.250000,0.000000,0.000000
417,10.354288,0.000000,1.000574,0.000000,0.000000,1.000000,0.940104,0,0.000208,0.002442,0.352521,10.121315,1.518197,1.250000,0.000000,0.000000
418,10.277259,0.000000,1.000992,0.000000,0.000000,1.000000,0.941752,0,0.000234,0.002252,0.338977,10.031039,1.504656,1.250000,0.000000,0.000000
419,10.249503,0.000000,1.000417,0.000000,0.000000,1.000000,0.943329,0,0.000202,0.002129,0.326067,9.990390,1.498559,1.250000,0.000000,0.000000
420,10.040676,0.003081,1.000659,0.000000,0.000000,1.000000,0.773761,1,0.000237,0.001759,4.629822,9.915549,1.487332,1.250000,0.000000,0.000000
421,9.978513,0.002463,1.000757,0.000000,0.000000,1.000000,0.787164,1,0.000221,0.002425,4.154583,9.865900,1.479885,1.250000,0.000000,0.000000
422,10.278671,0.002388,1.000855,0.000000,0.000000,1.000000,0.800354,1,0.000185,0.002151,3.727119,10.177314,1.526597,1.250000,0.000000,0.000000
423,10.174538,0.002893,1.000928,0.000000,0.000000,1.000000,0.813090,1,0.000223,0.002156,3.342692,10.083292,1.512494,1.250000,0.000000,0.000000
424,10.041637,0.002978,1.001028,0.000000,0.000000,1.000000,0.824905,1,0.000185,0.002482,3.001406,9.959389,1.493908,1.250000,0.000000,0.000000
425,10.388209,0.002744,1.001141,0.000000,0.000000,1.000000,0.835322,1,0.000204,0.002015,2.693514,10.314089,1.547113,1.250000,0.000000,0.000000
426,10.129167,0.002697,1.001232,0.000000,0.000000,1.000000,0.845709,1,0.000224,0.002041,2.414572,10.062428,1.509364,1.250000,0.000000,0.000000
427,10.190512,0.002634,1.001338,0.000000,0.000000,1.000000,0.854426,1,0.000185,0.002337,2.164308,10.130396,1.519559,1.250000,0.000000,0.000000
428,10.077176,0.002761,1.001420,0.000000,0.000000,1.000000,0.863060,1,0.000183,0.002355,1.938272,10.023053,1.503458,1.250000,0.000000,0.000000
429,10.053121,0.002551,1.001467,0.000000,0.000000,1.000000,0.871393,1,0.000182,0.001911,1.736485,10.004384,1.500658,1.250000,0.000000,0.000000
430,9.943337,0.002304,1.001597,0.000000,0.000000,1.000000,0.878430,1,0.000429,0.002290,1.558674,9.899358,1.484904,1.250000,0.000000,0.000000
431,9.907133,0.002217,1.001643,0.000000,0.000000,1.000000,0.885430,1,0.000217,0.002082,1.395779,9.845401,1.476810,1.250000,0.000000,0.000000
432,10.370903,0.002503,1.001724,0.000000,0.000000,1.000000,0.891782,1,0.000185,0.002796,1.252352,10.272415,1.540862,1.250000,0.000000,0.000000
433,10.176298,0.002720,1.001775,0.000000,0.000000,1.000000,0.896480,1,0.000187,0.002119,1.123393,10.062679,1.509402,1.250000,0.000000,0.000000
434,10.068873,0.002325,1.001880,0.000000,0.000000,1.000000,0.901215,1,0.000181,0.002467,1.009350,9.940640,1.491096,1.250000,0.000000,0.000000
435,10.409689,0.000000,0.997437,0.000000,0.000000,1.000000,0.906088,0,0.000203,0.001947,0.905755,10.251094,1.537664,1.250000,0.000000,0.000000
436,10.272652,0.000000,0.997895,0.000000,0.000000,1.000000,0.910436,0,0.000187,0.002206,0.816955,10.100926,1.515139,1.250000,0.000000,0.000000
437,10.328997,0.000000,0.998238,0.000000,0.000000,1.000000,0.914603,0,0.000310,0.002782,0.738616,10.130139,1.519521,1.250000,0.000000,0.000000
438,10.234315,0.000000,0.998577,0.000000,0.000000,1.000000,0.918650,0,0.000270,0.002349,0.666395,10.010088,1.501513,1.250000,0.000000,0.000000
439,10.254334,0.000000,0.998968,0.000000,0.000000,1.000000,0.922029,0,0.000198,0.002704,0.604248,10.018859,1.502829,1.250000,0.000000,0.000000
440,10.160109,0.000000,0.999261,0.000000,0.000000,1.000000,0.925246,0,0.000184,0.002314,0.552522,9.913512,1.487027,1.250000,0.000000,0.000000
441,10.158672,0.000000,0.999545,0.000000,0.000000,1.000000,0.928308,0,0.000197,0.002654,0.506910,9.913572,1.487036,1.250000,0.000000,0.000000
442,10.421769,0.000000,0.999815,0.000000,0.000000,1.000000,0.931233,0,0.000203,0.002291,0.467495,10.178048,1.526707,1.250000,0.000000,0.000000
443,10.286433,0.000000,1.000705,0.000000,0.000000,1.000000,0.934074,0,0.000231,0.001996,0.434360,10.055581,1.508337,1.250000,0.000000,0.000000
444,10.168977,0.000000,1.000813,0.000000,0.000000,1.000000,0.935584,0,0.000369,0.002812,0.406477,9.951250,1.492687,1.250000,0.000000,0.000000
445,10.443074,0.000000,1.000885,0.000000,0.000000,1.000000,0.937099,0,0.000251,0.002621,0.384170,10.238103,1.535715,1.250000,0.000000,0.000000
446,10.314610,0.000000,1.000801,0.000000,0.000000,1.000000,0.938582,0,0.000262,0.002878,0.366975,10.095391,1.514309,1.250000,0.000000,0.000000
447,10.396226,0.000000,1.000574,0.000000,0.000000,1.000000,0.940104,0,0.000239,0.002387,0.352521,10.163258,1.524489,1.250000,0.000000,0.000000
448,10.270203,0.000000,1.000992,0.000000,0.000000,1.000000,0.941752,0,0.000233,0.002432,0.338977,10.023982,1.503597,1.250000,0.000000,0.000000
449,10.266269,0.000000,1.000417,0.000000,0.000000,1.000000,0.943329,0,0.000212,0.002206,0.326067,10.007170,1.501075,1.250000,0.000000,0.000000
450,10.025119,0.002965,1.000659,0.000000,0.000000,1.000000,0.773761,1,0.000185,0.002003,4.629822,9.899990,1.484999,1.250000,0.000000,0.000000
451,10.003242,0.003077,1.000757,0.000000,0.000000,1.000000,0.787164,1,0.000243,0.002241,4.154583,9.890616,1.483592,1.250000,0.000000,0.000000
452,10.242261,0.002279,1.000855,0.000000,0.000000,1.000000,0.800354,1,0.000213,0.002311,3.727119,10.140908,1.521136,1.250000,0.000000,0.000000
453,10.100845,0.002546,1.000928,0.000000,0.000000,1.000000,0.813090,1,0.000186,0.001890,3.342692,10.009610,1.501442,1.250000,0.000000,0.000000
454,10.094996,0.002775,1.001028,0.000000,0.000000,1.000000,0.824905,1,0.000181,0.002092,3.001406,10.012749,1.501912,1.250000,0.000000,0.000000
455,10.295930,0.002390,1.001141,0.000000,0.000000,1.000000,0.835322,1,0.000196,0.002315,2.693514,10.221819,1.533273,1.250000,0.000000,0.000000
456,10.133919,0.002697,1.001232,0.000000,0.000000,1.000000,0.845709,1,0.000205,0.001956,2.414572,10.067179,1.510077,1.250000,0.000000,0.000000
457,10.179319,0.002321,1.001338,0.000000,0.000000,1.000000,0.854426,1,0.000266,0.002190,2.164308,10.119215,1.517882,1.250000,0.000000,0.000000
458,10.071546,0.002367,1.001420,0.000000,0.000000,1.000000,0.863060,1,0.000212,0.002175,1.938272,10.017438,1.502616,1.250000,0.000000,0.000000
459,10.042903,0.002519,1.001467,0.000000,0.000000,1.000000,0.871393,1,0.000183,0.002004,1.736485,9.994168,1.499125,1.250000,0.000000,0.000000
460,9.982362,0.002624,1.001597,0.000000,0.000000,1.000000,0.878430,1,0.000191,0.002482,1.558674,9.938370,1.490756,1.250000,0.000000,0.000000
461,9.960071,0.002570,1.001643,0.000000,0.000000,1.000000,0.885430,1,0.000247,0.002128,1.395779,9.898333,1.484750,1.250000,0.000000,0.000000
462,10.253942,0.002653,1.001724,0.000000,0.000000,1.000000,0.891782,1,0.000211,0.002201,1.252352,10.155449,1.523317,1.250000,0.000000,0.000000
463,10.132053,0.002465,1.001775,0.000000,0.000000,1.000000,0.896480,1,0.000184,0.002318,1.123393,10.018439,1.502766,1.250000,0.000000,0.000000
464,10.068773,0.002638,1.001880,0.000000,0.000000,1.000000,0.901215,1,0.000215,0.002110,1.009350,9.940530,1.491080,1.250000,0.000000,0.000000
465,10.387346,0.000000,0.997437,0.000000,0.000000,1.000000,0.906088,0,0.000186,0.002118,0.905755,10.228746,1.534312,1.250000,0.000000,0.000000
466,10.259513,0.000000,0.997895,0.000000,0.000000,1.000000,0.910436,0,0.000208,0.002283,0.816955,10.087790,1.513169,1.250000,0.000000,0.000000
467,10.308566,0.000000,0.998238,0.000000,0.000000,1.000000,0.914603,0,0.000130,0.002721,0.738616,10.109721,1.516458,1.250000,0.000000,0.000000
468,10.228464,0.000000,0.998577,0.000000,0.000000,1.000000,0.918650,0,0.000228,0.002583,0.666395,10.004235,1.500635,1.250000,0.000000,0.000000
469,10.511066,0.000000,0.998968,0.000000,0.000000,1.000000,0.922029,0,0.000259,0.002249,0.604248,10.275592,1.541339,1.250000,0.000000,0.000000
470,10.182873,0.000000,0.999261,0.000000,0.000000,1.000000,0.925246,0,0.000217,0.002306,0.552522,9.936270,1.490441,1.250000,0.000000,0.000000
471,10.105372,0.000000,0.999545,0.000000,0.000000,1.000000,0.928308,0,0.000199,0.002359,0.506910,9.860276,1.479041,1.250000,0.000000,0.000000
472,10.393174,0.000000,0.999815,0.000000,0.000000,1.000000,0.931233,0,0.000202,0.002138,0.467495,10.149451,1.522418,1.250000,0.000000,0.000000
473,10.251954,0.000000,1.000705,0.000000,0.000000,1.000000,0.934074,0,0.000183,0.002484,0.434360,10.021106,1.503166,1.250000,0.000000,0.000000
474,10.157487,0.000000,1.000813,0.000000,0.000000,1.000000,0.935584,0,0.000196,0.002094,0.406477,9.939758,1.490964,1.250000,0.000000,0.000000
475,10.450460,0.000000,1.000885,0.000000,0.000000,1.000000,0.937099,0,0.000188,0.002743,0.384170,10.245481,1.536822,1.250000,0.000000,0.000000
476,10.350832,0.000000,1.000801,0.000000,0.000000,1.000000,0.938582,0,0.000228,0.002510,0.366975,10.131609,1.519741,1.250000,0.000000,0.000000
477,10.351577,0.000000,1.000574,0.000000,0.000000,1.000000,0.940104,0,0.000223,0.002274,0.352521,10.118604,1.517791,1.250000,0.000000,0.000000
478,10.278452,0.000000,1.000992,0.000000,0.000000,1.000000,0.941752,0,0.000181,0.002330,0.338977,10.032227,1.504834,1.250000,0.000000,0.000000
479,10.244123,0.000000,1.000784,0.000000,0.000000,1.000000,0.943329,0,0.000186,0.002454,0.326067,9.985028,1.497754,1.250000,0.000000,0.000000
480,10.015956,0.002559,1.000659,0.000000,0.000000,1.000000,0.773761,1,0.000137,0.002344,4.629822,9.890843,1.483627,1.250000,0.000000,0.000000
481,10.017852,0.002923,1.000757,0.000000,0.000000,1.000000,0.787164,1,0.000186,0.002057,4.154583,9.905231,1.485785,1.250000,0.000000,0.000000
482,10.413754,0.002772,1.000855,0.000000,0.000000,1.000000,0.800354,1,0.000185,0.002203,3.727119,10.312386,1.546858,1.250000,0.000000,0.000000
483,10.124935,0.002551,1.000928,0.000000,0.000000,1.000000,0.813090,1,0.000117,0.001699,3.342692,10.033696,1.505054,1.250000,0.000000,0.000000
484,10.018606,0.002270,1.001028,0.000000,0.000000,1.000000,0.824905,1,0.000204,0.001878,3.001406,9.936381,1.490457,1.250000,0.000000,0.000000
485,10.275327,0.002197,1.001141,0.000000,0.000000,1.000000,0.835322,1,0.000184,0.002398,2.693514,10.201228,1.530184,1.250000,0.000000,0.000000
486,10.136547,0.002714,1.001232,0.000000,0.000000,1.000000,0.845709,1,0.000225,0.001891,2.414572,10.069807,1.510471,1.250000,0.000000,0.000000
487,10.186557,0.002339,1.001338,0.000000,0.000000,1.000000,0.854426,1,0.000184,0.002651,2.164308,10.126450,1.518968,1.250000,0.000000,0.000000
488,10.070026,0.002587,1.001420,0.000000,0.000000,1.000000,0.863060,1,0.000182,0.002379,1.938272,10.015915,1.502387,1.250000,0.000000,0.000000
489,10.048611,0.002571,1.001467,0.000000,0.000000,1.000000,0.871393,1,0.000223,0.001818,1.736485,9.999768,1.499965,1.250000,0.000000,0.000000
490,9.981680,0.002504,1.001597,0.000000,0.000000,1.000000,0.878430,1,0.000118,0.002078,1.558674,9.937697,1.490655,1.250000,0.000000,0.000000
491,9.969699,0.002683,1.001643,0.000000,0.000000,1.000000,0.885430,1,0.000185,0.002318,1.395779,9.907964,1.486195,1.250000,0.000000,0.000000
492,10.257355,0.002410,1.001724,0.000000,0.000000,1.000000,0.891782,1,0.000359,0.002385,1.252352,10.158874,1.523831,1.250000,0.000000,0.000000
493,10.152400,0.002412,1.001775,0.000000,0.000000,1.000000,0.896480,1,0.000180,0.002038,1.123393,10.038792,1.505819,1.250000,0.000000,0.000000
494,10.068865,0.002539,1.001880,0.000000,0.000000,1.000000,0.901215,1,0.000183,0.002120,1.009350,9.940630,1.491094,1.250000,0.000000,0.000000
495,10.411874,0.000000,0.997437,0.000000,0.000000,1.000000,0.906088,0,0.000178,0.002489,0.905755,10.253276,1.537991,1.250000,0.000000,0.000000
496,10.253414,0.000000,0.997895,0.000000,0.000000,1.000000,0.910436,0,0.000229,0.001737,0.816955,10.081693,1.512254,1.250000,0.000000,0.000000
497,10.319012,0.000000,0.998238,0.000000,0.000000,1.000000,0.914603,0,0.000183,0.002564,0.738616,10.120162,1.518024,1.250000,0.000000,0.000000
498,10.258441,0.000000,0.998577,0.000000,0.000000,1.000000,0.918650,0,0.000201,0.002816,0.666395,10.034226,1.505134,1.250000,0.000000,0.000000
499,10.225734,0.000000,0.998968,0.000000,0.000000,1.000000,0.922029,0,0.000184,0.001820,0.604248,9.990267,1.498540,1.250000,0.000000,0.000000
500,10.145430,0.000000,0.999261,0.000000,0.000000,1.000000,0.925246,0,0.000379,0.002275,0.552522,9.898839,1.484826,1.250000,0.000000,0.000000
501,10.103590,0.000000,0.999545,0.000000,0.000000,1.000000,0.928308,0,0.000193,0.001629,0.506910,9.858499,1.478775,1.250000,0.000000,0.000000
502,10.397516,0.000000,0.999815,0.000000,0.000000,1.000000,0.931233,0,0.000272,0.002387,0.467495,10.153798,1.523070,1.250000,0.000000,0.000000
503,10.255297,0.000000,1.000705,0.000000,0.000000,1.000000,0.934074,0,0.000127,0.002393,0.434360,10.024449,1.503667,1.250000,0.000000,0.000000
504,10.160573,0.000000,1.000813,0.000000,0.000000,1.000000,0.935584,0,0.000104,0.002246,0.406477,9.942851,1.491428,1.250000,0.000000,0.000000
505,10.497086,0.000000,1.000885,0.000000,0.000000,1.000000,0.937099,0,0.000180,0.002132,0.384170,10.292117,1.543818,1.250000,0.000000,0.000000
506,10.355057,0.000000,1.000801,0.000000,0.000000,1.000000,0.938582,0,0.000220,0.001974,0.366975,10.135839,1.520376,1.250000,0.000000,0.000000
507,10.373453,0.000000,1.000574,0.000000,0.000000,1.000000,0.940104,0,0.000241,0.002155,0.352521,10.140483,1.521072,1.250000,0.000000,0.000000
508,10.264627,0.000000,1.000992,0.000000,0.000000,1.000000,0.941752,0,0.000270,0.002302,0.338977,10.018407,1.502761,1.250000,0.000000,0.000000
509,10.248981,0.000000,1.000784,0.000000,0.000000,1.000000,0.943329,0,0.000181,0.001715,0.326067,9.989881,1.498482,1.250000,0.000000,0.000000
510,10.090963,0.002865,1.000659,0.000000,0.000000,1.000000,0.773761,1,0.000185,0.002055,4.629822,9.965832,1.494875,1.250000,0.000000,0.000000
511,10.014235,0.002714,1.000757,0.000000,0.000000,1.000000,0.787164,1,0.000218,0.002009,4.154583,9.901620,1.485243,1.250000,0.000000,0.000000
512,10.288649,0.002587,1.000855,0.000000,0.000000,1.000000,0.800354,1,0.000390,0.002450,3.727119,10.187285,1.528093,1.250000,0.000000,0.000000
513,10.176395,0.002682,1.000928,0.000000,0.000000,1.000000,0.813090,1,0.000239,0.002115,3.342692,10.085151,1.512773,1.250000,0.000000,0.000000
514,10.028053,0.002522,1.001028,0.000000,0.000000,1.000000,0.824905,1,0.000219,0.002130,3.001406,9.945813,1.491872,1.250000,0.000000,0.000000
515,10.317462,0.002484,1.001141,0.000000,0.000000,1.000000,0.835322,1,0.000185,0.002019,2.693514,10.243343,1.536501,1.250000,0.000000,0.000000
516,10.143634,0.002379,1.001232,0.000000,0.000000,1.000000,0.845709,1,0.000199,0.002031,2.414572,10.076898,1.511535,1.250000,0.000000,0.000000
517,10.165280,0.002736,1.001338,0.000000,0.000000,1.000000,0.854426,1,0.000178,0.002697,2.164308,10.105165,1.515775,1.250000,0.000000,0.000000
518,10.081498,0.002341,1.001420,0.000000,0.000000,1.000000,0.863060,1,0.000254,0.001935,1.938272,10.027391,1.504109,1.250000,0.000000,0.000000
519,10.052394,0.002757,1.001467,0.000000,0.000000,1.000000,0.871393,1,0.000231,0.002270,1.736485,10.003651,1.500548,1.250000,0.000000,0.000000
520,9.982370,0.002643,1.001597,0.000000,0.000000,1.000000,0.878430,1,0.000181,0.001936,1.558674,9.938382,1.490757,1.250000,0.000000,0.000000
521,9.930641,0.002533,1.001643,0.000000,0.000000,1.000000,0.885430,1,0.000196,0.002136,1.395779,9.868904,1.480336,1.250000,0.000000,0.000000
522,10.291734,0.002526,1.001724,0.000000,0.000000,1.000000,0.891782,1,0.000202,0.002682,1.252352,10.193246,1.528987,1.250000,0.000000,0.000000
523,10.136921,0.002439,1.001775,0.000000,0.000000,1.000000,0.896480,1,0.000292,0.002256,1.123393,10.023307,1.503496,1.250000,0.000000,0.000000
524,10.072486,0.002554,1.001880,0.000000,0.000000,1.000000,0.901215,1,0.000194,0.002227,1.009350,9.944244,1.491637,1.250000,0.000000,0.000000
525,10.377105,0.000000,0.997437,0.000000,0.000000,1.000000,0.906088,0,0.000217,0.002064,0.905755,10.218507,1.532776,1.250000,0.000000,0.000000
526,10.246055,0.000000,0.997895,0.000000,0.000000,1.000000,0.910436,0,0.000386,0.002128,0.816955,10.074326,1.511149,1.250000,0.000000,0.000000
527,10.340290,0.000000,0.998238,0.000000,0.000000,1.000000,0.914603,0,0.000328,0.002307,0.738616,10.141440,1.521216,1.250000,0.000000,0.000000
528,10.221093,0.000000,0.998577,0.000000,0.000000,1.000000,0.918650,0,0.000298,0.001866,0.666395,9.996868,1.499530,1.250000,0.000000,0.000000
529,10.265273,0.000000,0.998968,0.000000,0.000000,1.000000,0.922029,0,0.000186,0.002268,0.604248,10.029797,1.504470,1.250000,0.000000,0.000000
530,10.160101,0.000000,0.999261,0.000000,0.000000,1.000000,0.925246,0,0.000202,0.001876,0.552522,9.913502,1.487025,1.250000,0.000000,0.000000
531,10.112531,0.000000,0.999545,0.000000,0.000000,1.000000,0.928308,0,0.000180,0.002185,0.506910,9.867427,1.480114,1.250000,0.000000,0.000000
532,10.463947,0.000000,0.999815,0.000000,0.000000,1.000000,0.931233,0,0.000185,0.002104,0.467495,10.220219,1.533033,1.250000,0.000000,0.000000
533,10.287190,0.000000,1.000705,0.000000,0.000000,1.000000,0.934074,0,0.000223,0.001790,0.434360,10.056342,1.508451,1.250000,0.000000,0.000000
534,10.190357,0.000000,1.000813,0.000000,0.000000,1.000000,0.935584,0,0.000339,0.002159,0.406477,9.972629,1.495894,1.250000,0.000000,0.000000
535,10.437428,0.000000,1.000885,0.000000,0.000000,1.000000,0.937099,0,0.000257,0.002206,0.384170,10.232455,1.534868,1.250000,0.000000,0.000000
536,10.286376,0.000000,1.000801,0.000000,0.000000,1.000000,0.938582,0,0.000186,0.002195,0.366975,10.067152,1.510073,1.250000,0.000000,0.000000
537,10.359193,0.000000,1.000574,0.000000,0.000000,1.000000,0.940104,0,0.000240,0.002555,0.352521,10.126215,1.518932,1.250000,0.000000,0.000000
538,10.258057,0.000000,1.000992,0.000000,0.000000,1.000000,0.941752,0,0.000205,0.001834,0.338977,10.011828,1.501774,1.250000,0.000000,0.000000
539,10.252752,0.000000,1.000784,0.000000,0.000000,1.000000,0.943329,0,0.000206,0.002200,0.326067,9.993654,1.499048,1.250000,0.000000,0.000000
540,10.028842,0.003107,1.000659,0.000000,0.000000,1.000000,0.773761,1,0.000261,0.002299,4.629822,9.903719,1.485558,1.250000,0.000000,0.000000
541,9.970505,0.002687,1.000757,0.000000,0.000000,1.000000,0.787164,1,0.000176,0.001935,4.154583,9.857888,1.478683,1.250000,0.000000,0.000000
542,10.447876,0.002485,1.000855,0.000000,0.000000,1.000000,0.800354,1,0.000220,0.002680,3.727119,10.346517,1.551978,1.250000,0.000000,0.000000
543,10.177091,0.002579,1.000928,0.000000,0.000000,1.000000,0.813090,1,0.000190,0.002484,3.342692,10.085851,1.512878,1.250000,0.000000,0.000000
544,10.076382,0.002555,1.001028,0.000000,0.000000,1.000000,0.824905,1,0.000185,0.002334,3.001406,9.994148,1.499122,1.250000,0.000000,0.000000
545,10.305198,0.002723,1.001141,0.000000,0.000000,1.000000,0.835322,1,0.000234,0.002377,2.693514,10.231080,1.534662,1.250000,0.000000,0.000000
546,10.175371,0.002751,1.001232,0.000000,0.000000,1.000000,0.845709,1,0.000214,0.002467,2.414572,10.108628,1.516294,1.250000,0.000000,0.000000
547,10.509275,0.003005,1.001338,0.000000,0.000000,1.000000,0.854426,1,0.000297,0.002438,2.164308,10.449150,1.567373,1.250000,0.000000,0.000000
548,10.261288,0.002956,1.001420,0.000000,0.000000,1.000000,0.863060,1,0.000189,0.002242,1.938272,10.207166,1.531075,1.250000,0.000000,0.000000
549,10.310343,0.002675,1.001467,0.000000,0.000000,1.000000,0.871393,1,0.000255,0.002522,1.736485,10.261597,1.539240,1.250000,0.000000,0.000000
550,10.051388,0.002433,1.001597,0.000000,0.000000,1.000000,0.878430,1,0.000298,0.002326,1.558674,10.007402,1.501110,1.250000,0.000000,0.000000
551,10.016776,0.002974,1.001643,0.000000,0.000000,1.000000,0.885430,1,0.000110,0.002945,1.395779,9.955025,1.493254,1.250000,0.000000,0.000000
552,10.382080,0.002896,1.001724,0.000000,0.000000,1.000000,0.891782,1,0.000406,0.002270,1.252352,10.283581,1.542537,1.250000,0.000000,0.000000
553,10.303399,0.002717,1.001775,0.000000,0.000000,1.000000,0.896480,1,0.000185,0.002754,1.123393,10.189779,1.528467,1.250000,0.000000,0.000000
554,10.178725,0.002424,1.001880,0.000000,0.000000,1.000000,0.901215,1,0.000434,0.001901,1.009350,10.050486,1.507573,1.250000,0.000000,0.000000
555,10.559884,0.000000,0.997437,0.000000,0.000000,1.000000,0.906088,0,0.000292,0.002139,0.905755,10.401281,1.560192,1.250000,0.000000,0.000000
556,10.422218,0.000000,0.997895,0.000000,0.000000,1.000000,0.910436,0,0.000544,0.002384,0.816955,10.250489,1.537573,1.250000,0.000000,0.000000
557,10.473892,0.000000,0.998238,0.000000,0.000000,1.000000,0.914603,0,0.000228,0.002096,0.738616,10.275033,1.541255,1.250000,0.000000,0.000000
558,10.387194,0.000000,0.998577,0.000000,0.000000,1.000000,0.918650,0,0.000229,0.002475,0.666395,10.162960,1.524444,1.250000,0.000000,0.000000
559,10.380124,0.000000,0.998968,0.000000,0.000000,1.000000,0.922029,0,0.000375,0.002137,0.604248,10.144640,1.521696,1.250000,0.000000,0.000000
560,10.278817,0.000000,0.999261,0.000000,0.000000,1.000000,0.925246,0,0.000239,0.002636,0.552522,10.032218,1.504833,1.250000,0.000000,0.000000
561,10.156996,0.000000,0.999545,0.000000,0.000000,1.000000,0.928308,0,0.000255,0.002279,0.506910,9.911896,1.486784,1.250000,0.000000,0.000000
562,10.431982,0.000000,0.999815,0.000000,0.000000,1.000000,0.931233,0,0.000236,0.002215,0.467495,10.188254,1.528238,1.250000,0.000000,0.000000
563,10.374808,0.000000,1.000705,0.000000,0.000000,1.000000,0.934074,0,0.000458,0.002360,0.434360,10.143955,1.521593,1.250000,0.000000,0.000000
564,10.314707,0.000000,1.000813,0.000000,0.000000,1.000000,0.935584,0,0.000242,0.002120,0.406477,10.096984,1.514548,1.250000,0.000000,0.000000
565,10.634924,0.000000,1.000885,0.000000,0.000000,1.000000,0.937099,0,0.000203,0.002003,0.384170,10.429948,1.564492,1.250000,0.000000,0.000000
566,10.363916,0.000000,1.000801,0.000000,0.000000,1.000000,0.938582,0,0.000189,0.002473,0.366975,10.144689,1.521703,1.250000,0.000000,0.000000
567,10.414347,0.000000,1.000574,0.000000,0.000000,1.000000,0.940104,0,0.000120,0.002175,0.352521,10.181368,1.527205,1.250000,0.000000,0.000000
568,10.389327,0.000000,1.000992,0.000000,0.000000,1.000000,0.941752,0,0.000183,0.002364,0.338977,10.143097,1.521464,1.250000,0.000000,0.000000
569,10.414312,0.000000,1.000417,0.000000,0.000000,1.000000,0.943329,0,0.000200,0.002091,0.326067,10.155214,1.523282,1.250000,0.000000,0.000000
570,10.217490,0.002944,1.000659,0.000000,0.000000,1.000000,0.773761,1,0.000211,0.002516,4.629822,10.092369,1.513855,1.250000,0.000000,0.000000
571,10.206554,0.002516,1.000757,0.000000,0.000000,1.000000,0.787164,1,0.000251,0.002953,4.154583,10.093947,1.514092,1.250000,0.000000,0.000000
572,10.405189,0.002534,1.000855,0.000000,0.000000,1.000000,0.800354,1,0.000222,0.002806,3.727119,10.303824,1.545574,1.250000,0.000000,0.000000
573,10.299632,0.002963,1.000928,0.000000,0.000000,1.000000,0.813090,1,0.000199,0.002773,3.342692,10.208389,1.531258,1.250000,0.000000,0.000000
574,10.250247,0.002941,1.001028,0.000000,0.000000,1.000000,0.824905,1,0.000188,0.002209,3.001406,10.168001,1.525200,1.250000,0.000000,0.000000
575,10.547596,0.002837,1.001141,0.000000,0.000000,1.000000,0.835322,1,0.000186,0.002848,2.693514,10.473474,1.571021,1.250000,0.000000,0.000000
576,10.353765,0.002852,1.001232,0.000000,0.000000,1.000000,0.845709,1,0.000187,0.002728,2.414572,10.287017,1.543053,1.250000,0.000000,0.000000
577,10.325725,0.002851,1.001338,0.000000,0.000000,1.000000,0.854426,1,0.000250,0.001730,2.164308,10.265598,1.539840,1.250000,0.000000,0.000000
578,10.335145,0.002970,1.001420,0.000000,0.000000,1.000000,0.863060,1,0.000265,0.002122,1.938272,10.281014,1.542152,1.250000,0.000000,0.000000
579,10.171802,0.002811,1.001467,0.000000,0.000000,1.000000,0.871393,1,0.000219,0.002274,1.736485,10.123052,1.518458,1.250000,0.000000,0.000000
580,10.079008,0.002971,1.001597,0.000000,0.000000,1.000000,0.878430,1,0.000290,0.002477,1.558674,10.035010,1.505252,1.250000,0.000000,0.000000
581,10.004090,0.002571,1.001643,0.000000,0.000000,1.000000,0.885430,1,0.000219,0.002564,1.395779,9.942352,1.491353,1.250000,0.000000,0.000000
582,10.332618,0.003024,1.001724,0.000000,0.000000,1.000000,0.891782,1,0.000220,0.002180,1.252352,10.234117,1.535118,1.250000,0.000000,0.000000
583,10.165801,0.002855,1.001775,0.000000,0.000000,1.000000,0.896480,1,0.000303,0.002570,1.123393,10.052177,1.507827,1.250000,0.000000,0.000000
584,10.158489,0.002428,1.001880,0.000000,0.000000,1.000000,0.901215,1,0.000198,0.002108,1.009350,10.030252,1.504538,1.250000,0.000000,0.000000
585,10.596964,0.000000,0.997437,0.000000,0.000000,1.000000,0.906088,0,0.000199,0.002932,0.905755,10.438366,1.565755,1.250000,0.000000,0.000000
586,10.389302,0.000000,0.997895,0.000000,0.000000,1.000000,0.910436,0,0.000187,0.001706,0.816955,10.217579,1.532637,1.250000,0.000000,0.000000
587,10.423060,0.000000,0.998238,0.000000,0.000000,1.000000,0.914603,0,0.000182,0.002560,0.738616,10.224210,1.533632,1.250000,0.000000,0.000000
588,10.388850,0.000000,0.998577,0.000000,0.000000,1.000000,0.918650,0,0.000296,0.002600,0.666395,10.164625,1.524694,1.250000,0.000000,0.000000
589,10.258060,0.000000,0.998968,0.000000,0.000000,1.000000,0.922029,0,0.000218,0.002024,0.604248,10.022588,1.503388,1.250000,0.000000,0.000000
590,10.210285,0.000000,0.999261,0.000000,0.000000,1.000000,0.925246,0,0.000187,0.001969,0.552522,9.963689,1.494553,1.250000,0.000000,0.000000
591,10.147942,0.000000,0.999545,0.000000,0.000000,1.000000,0.928308,0,0.000314,0.002279,0.506910,9.902836,1.485425,1.250000,0.000000,0.000000
592,10.502164,0.000000,0.999815,0.000000,0.000000,1.000000,0.931233,0,0.000200,0.002325,0.467495,10.258439,1.538766,1.250000,0.000000,0.000000
593,10.363448,0.000000,1.000705,0.000000,0.000000,1.000000,0.934074,0,0.000127,0.002045,0.434360,10.132599,1.519890,1.250000,0.000000,0.000000
594,10.276570,0.000000,1.000813,0.000000,0.000000,1.000000,0.935584,0,0.000185,0.002342,0.406477,10.058845,1.508827,1.250000,0.000000,0.000000
595,10.519239,0.000000,1.000885,0.000000,0.000000,1.000000,0.937099,0,0.000191,0.001857,0.384170,10.314252,1.547138,1.250000,0.000000,0.000000
596,10.390259,0.000000,1.000801,0.000000,0.000000,1.000000,0.938582,0,0.000203,0.002228,0.366975,10.171042,1.525656,1.250000,0.000000,0.000000
597,10.498413,0.000000,1.000574,0.000000,0.000000,1.000000,0.940104,0,0.000201,0.002407,0.352521,10.265441,1.539816,1.250000,0.000000,0.000000
598,10.378776,0.000000,1.000992,0.000000,0.000000,1.000000,0.941752,0,0.000236,0.002193,0.338977,10.132547,1.519882,1.250000,0.000000,0.000000
599,10.402596,0.000000,1.000417,0.000000,0.000000,1.000000,0.943329,0,0.000200,0.002195,0.326067,10.143494,1.521524,1.250000,0.000000,0.000000
600,10.204797,0.002984,1.000659,0.000000,0.000000,1.000000,0.773761,1,0.000471,0.001890,4.629822,10.079665,1.511950,1.250000,0.000000,0.000000
601,10.089522,0.003208,1.000757,0.000000,0.000000,1.000000,0.787164,1,0.000232,0.002296,4.154583,9.976896,1.496534,1.250000,0.000000,0.000000
602,10.421503,0.002728,1.000855,0.000000,0.000000,1.000000,0.800354,1,0.000124,0.001917,3.727119,10.320138,1.548021,1.250000,0.000000,0.000000
603,10.260985,0.002284,1.000928,0.000000,0.000000,1.000000,0.813090,1,0.000187,0.002240,3.342692,10.169755,1.525463,1.250000,0.000000,0.000000
604,10.231404,0.002678,1.001028,0.000000,0.000000,1.000000,0.824905,1,0.000242,0.002587,3.001406,10.149158,1.522374,1.250000,0.000000,0.000000
605,10.517374,0.002450,1.001141,0.000000,0.000000,1.000000,0.835322,1,0.000127,0.002152,2.693514,10.443259,1.566489,1.250000,0.000000,0.000000
606,10.408567,0.002956,1.001232,0.000000,0.000000,1.000000,0.845709,1,0.000227,0.002291,2.414572,10.341814,1.551272,1.250000,0.000000,0.000000
607,10.485372,0.003255,1.001338,0.000000,0.000000,1.000000,0.854426,1,0.000228,0.001890,2.164308,10.425238,1.563786,1.250000,0.000000,0.000000
608,10.274292,0.002583,1.001420,0.000000,0.000000,1.000000,0.863060,1,0.000189,0.002160,1.938272,10.220176,1.533026,1.250000,0.000000,0.000000
609,10.242790,0.002303,1.001467,0.000000,0.000000,1.000000,0.871393,1,0.000191,0.002026,1.736485,10.194060,1.529109,1.250000,0.000000,0.000000
610,10.183070,0.002591,1.001597,0.000000,0.000000,1.000000,0.878430,1,0.000335,0.001805,1.558674,10.139082,1.520862,1.250000,0.000000,0.000000
611,10.065066,0.002555,1.001643,0.000000,0.000000,1.000000,0.885430,1,0.000226,0.002393,1.395779,10.003327,1.500499,1.250000,0.000000,0.000000
612,10.411520,0.002776,1.001724,0.000000,0.000000,1.000000,0.891782,1,0.000444,0.001932,1.252352,10.313021,1.546953,1.250000,0.000000,0.000000
613,10.404474,0.002887,1.001775,0.000000,0.000000,1.000000,0.896480,1,0.000189,0.002088,1.123393,10.290843,1.543626,1.250000,0.000000,0.000000
614,10.403005,0.002551,1.001880,0.000000,0.000000,1.000000,0.901215,1,0.000204,0.002045,1.009350,10.274763,1.541215,1.250000,0.000000,0.000000
615,10.649436,0.000000,0.997437,0.000000,0.000000,1.000000,0.906088,0,0.000206,0.001858,0.905755,10.490824,1.573624,1.250000,0.000000,0.000000
616,10.388395,0.000000,0.997895,0.000000,0.000000,1.000000,0.910436,0,0.000190,0.002144,0.816955,10.216672,1.532501,1.250000,0.000000,0.000000
617,10.460354,0.000000,0.998238,0.000000,0.000000,1.000000,0.914603,0,0.000319,0.002063,0.738616,10.261503,1.539225,1.250000,0.000000,0.000000
618,10.336269,0.000000,0.998577,0.000000,0.000000,1.000000,0.918650,0,0.000188,0.002246,0.666395,10.112041,1.516806,1.250000,0.000000,0.000000
619,10.357227,0.000000,0.998968,0.000000,0.000000,1.000000,0.922029,0,0.000202,0.001702,0.604248,10.121756,1.518263,1.250000,0.000000,0.000000
620,10.276554,0.000000,0.999261,0.000000,0.000000,1.000000,0.925246,0,0.000232,0.002074,0.552522,10.029963,1.504494,1.250000,0.000000,0.000000
621,10.326183,0.000000,0.999545,0.000000,0.000000,1.000000,0.928308,0,0.000317,0.002107,0.506910,10.081084,1.512163,1.250000,0.000000,0.000000
622,10.569628,0.000000,0.999815,0.000000,0.000000,1.000000,0.931233,0,0.000200,0.001929,0.467495,10.325902,1.548885,1.250000,0.000000,0.000000
623,10.427339,0.000000,1.000705,0.000000,0.000000,1.000000,0.934074,0,0.000497,0.003607,0.434360,10.196490,1.529473,1.250000,0.000000,0.000000
624,10.347031,0.000000,1.000813,0.000000,0.000000,1.000000,0.935584,0,0.000232,0.001967,0.406477,10.129305,1.519396,1.250000,0.000000,0.000000
625,10.612626,0.000000,1.000885,0.000000,0.000000,1.000000,0.937099,0,0.000204,0.001825,0.384170,10.407653,1.561148,1.250000,0.000000,0.000000
626,10.353047,0.000000,1.000801,0.000000,0.000000,1.000000,0.938582,0,0.000218,0.002140,0.366975,10.133822,1.520073,1.250000,0.000000,0.000000
627,10.543388,0.000000,1.000574,0.000000,0.000000,1.000000,0.940104,0,0.000484,0.001821,0.352521,10.310413,1.546562,1.250000,0.000000,0.000000
628,10.312409,0.000000,1.000992,0.000000,0.000000,1.000000,0.941752,0,0.000204,0.002025,0.338977,10.066185,1.509928,1.250000,0.000000,0.000000
629,10.352621,0.000000,1.000417,0.000000,0.000000,1.000000,0.943329,0,0.000333,0.001920,0.326067,10.093524,1.514029,1.250000,0.000000,0.000000
630,10.220980,0.003106,1.000659,0.000000,0.000000,1.000000,0.773761,1,0.000187,0.002110,4.629822,10.095840,1.514376,1.250000,0.000000,0.000000
631,10.152595,0.002927,1.000757,0.000000,0.000000,1.000000,0.787164,1,0.000243,0.002306,4.154583,10.039971,1.505996,1.250000,0.000000,0.000000
632,10.505135,0.002708,1.000855,0.000000,0.000000,1.000000,0.800354,1,0.000256,0.002428,3.727119,10.403768,1.560565,1.250000,0.000000,0.000000
633,10.295124,0.003285,1.000928,0.000000,0.000000,1.000000,0.813090,1,0.000218,0.002519,3.342692,10.203867,1.530580,1.250000,0.000000,0.000000
634,10.209092,0.003053,1.001028,0.000000,0.000000,1.000000,0.824905,1,0.000374,0.001681,3.001406,10.126840,1.519026,1.250000,0.000000,0.000000
635,10.425487,0.003341,1.001141,0.000000,0.000000,1.000000,0.835322,1,0.000308,0.002279,2.693514,10.351358,1.552704,1.250000,0.000000,0.000000
636,10.325870,0.003026,1.001232,0.000000,0.000000,1.000000,0.845709,1,0.000136,0.001973,2.414572,10.259118,1.538868,1.250000,0.000000,0.000000
637,10.336336,0.002734,1.001338,0.000000,0.000000,1.000000,0.854426,1,0.000357,0.001907,2.164308,10.276216,1.541432,1.250000,0.000000,0.000000
638,10.188184,0.002816,1.001420,0.000000,0.000000,1.000000,0.863060,1,0.000237,0.002045,1.938272,10.134065,1.520110,1.250000,0.000000,0.000000
639,10.148803,0.002796,1.001467,0.000000,0.000000,1.000000,0.871393,1,0.000090,0.002024,1.736485,10.100057,1.515009,1.250000,0.000000,0.000000
640,10.111973,0.003026,1.001597,0.000000,0.000000,1.000000,0.878430,1,0.000196,0.002393,1.558674,10.067973,1.510196,1.250000,0.000000,0.000000
641,10.071755,0.002419,1.001643,0.000000,0.000000,1.000000,0.885430,1,0.000386,0.001640,1.395779,10.010024,1.501504,1.250000,0.000000,0.000000
642,10.463874,0.003114,1.001724,0.000000,0.000000,1.000000,0.891782,1,0.000200,0.002178,1.252352,10.365372,1.554806,1.250000,0.000000,0.000000
643,10.415104,0.002878,1.001775,0.000000,0.000000,1.000000,0.896480,1,0.000163,0.002029,1.123393,10.301477,1.545222,1.250000,0.000000,0.000000
644,10.212432,0.002471,1.001880,0.000000,0.000000,1.000000,0.901215,1,0.000202,0.001874,1.009350,10.084194,1.512629,1.250000,0.000000,0.000000
645,10.522404,0.000000,0.997437,0.000000,0.000000,1.000000,0.906088,0,0.000185,0.002216,0.905755,10.363803,1.554570,1.250000,0.000000,0.000000
646,10.330584,0.000000,0.997895,0.000000,0.000000,1.000000,0.910436,0,0.000199,0.002303,0.816955,10.158852,1.523828,1.250000,0.000000,0.000000
647,10.413074,0.000000,0.998238,0.000000,0.000000,1.000000,0.914603,0,0.000383,0.002736,0.738616,10.214214,1.532132,1.250000,0.000000,0.000000
648,10.218698,0.000000,0.998577,0.000000,0.000000,1.000000,0.918650,0,0.000246,0.002218,0.666395,9.994472,1.499171,1.250000,0.000000,0.000000
649,10.237597,0.000000,0.998968,0.000000,0.000000,1.000000,0.922029,0,0.000196,0.002430,0.604248,10.002119,1.500318,1.250000,0.000000,0.000000
650,10.343739,0.000000,0.999261,0.000000,0.000000,1.000000,0.925246,0,0.000312,0.002405,0.552522,10.097134,1.514570,1.250000,0.000000,0.000000
651,10.206724,0.000000,0.999545,0.000000,0.000000,1.000000,0.928308,0,0.000220,0.002207,0.506910,9.961618,1.494243,1.250000,0.000000,0.000000
652,10.579476,0.000000,0.999815,0.000000,0.000000,1.000000,0.931233,0,0.000221,0.002145,0.467495,10.335746,1.550362,1.250000,0.000000,0.000000
653,10.447584,0.000000,1.000705,0.000000,0.000000,1.000000,0.934074,0,0.000380,0.001852,0.434360,10.216732,1.532510,1.250000,0.000000,0.000000
654,10.326501,0.000000,1.000813,0.000000,0.000000,1.000000,0.935584,0,0.000204,0.002278,0.406477,10.108778,1.516317,1.250000,0.000000,0.000000
655,10.571251,0.000000,1.000885,0.000000,0.000000,1.000000,0.937099,0,0.000240,0.002240,0.384170,10.366276,1.554941,1.250000,0.000000,0.000000
656,10.552589,0.000000,1.000801,0.000000,0.000000,1.000000,0.938582,0,0.000317,0.002300,0.366975,10.333364,1.550005,1.250000,0.000000,0.000000
657,10.578595,0.000000,1.000574,0.000000,0.000000,1.000000,0.940104,0,0.000260,0.002144,0.352521,10.345612,1.551842,1.250000,0.000000,0.000000
658,10.421865,0.000000,1.000992,0.000000,0.000000,1.000000,0.941752,0,0.000327,0.001841,0.338977,10.175638,1.526346,1.250000,0.000000,0.000000
659,10.395729,0.000000,1.000417,0.000000,0.000000,1.000000,0.943329,0,0.000368,0.002035,0.326067,10.136628,1.520494,1.250000,0.000000,0.000000
660,10.167881,0.002713,1.000659,0.000000,0.000000,1.000000,0.773761,1,0.000375,0.001829,4.629822,10.042765,1.506415,1.250000,0.000000,0.000000
661,10.173262,0.002931,1.000757,0.000000,0.000000,1.000000,0.787164,1,0.000245,0.001901,4.154583,10.060639,1.509096,1.250000,0.000000,0.000000
662,10.409399,0.002504,1.000855,0.000000,0.000000,1.000000,0.800354,1,0.000198,0.002070,3.727119,10.308038,1.546206,1.250000,0.000000,0.000000
663,10.342332,0.002679,1.000928,0.000000,0.000000,1.000000,0.813090,1,0.000189,0.001770,3.342692,10.251086,1.537663,1.250000,0.000000,0.000000
664,10.206242,0.002917,1.001028,0.000000,0.000000,1.000000,0.824905,1,0.000197,0.002615,3.001406,10.123990,1.518598,1.250000,0.000000,0.000000
665,10.554330,0.002496,1.001141,0.000000,0.000000,1.000000,0.835322,1,0.000185,0.002182,2.693514,10.480213,1.572032,1.250000,0.000000,0.000000
666,10.258015,0.002881,1.001232,0.000000,0.000000,1.000000,0.845709,1,0.000187,0.002424,2.414572,10.191268,1.528690,1.250000,0.000000,0.000000
667,10.320974,0.003106,1.001338,0.000000,0.000000,1.000000,0.854426,1,0.000220,0.002162,2.164308,10.260842,1.539126,1.250000,0.000000,0.000000
668,10.223907,0.002833,1.001420,0.000000,0.000000,1.000000,0.863060,1,0.000200,0.002524,1.938272,10.169786,1.525468,1.250000,0.000000,0.000000
669,10.255211,0.002630,1.001467,0.000000,0.000000,1.000000,0.871393,1,0.000252,0.002453,1.736485,10.206474,1.530971,1.250000,0.000000,0.000000
670,10.089911,0.002734,1.001597,0.000000,0.000000,1.000000,0.878430,1,0.000202,0.002133,1.558674,10.045918,1.506888,1.250000,0.000000,0.000000
671,10.033886,0.002633,1.001643,0.000000,0.000000,1.000000,0.885430,1,0.000297,0.002505,1.395779,9.972146,1.495822,1.250000,0.000000,0.000000
672,10.330709,0.002851,1.001724,0.000000,0.000000,1.000000,0.891782,1,0.000312,0.002120,1.252352,10.232211,1.534832,1.250000,0.000000,0.000000
673,10.216955,0.002701,1.001775,0.000000,0.000000,1.000000,0.896480,1,0.000189,0.002272,1.123393,10.103336,1.515500,1.250000,0.000000,0.000000
674,10.104637,0.002532,1.001880,0.000000,0.000000,1.000000,0.901215,1,0.000185,0.002016,1.009350,9.976400,1.496460,1.250000,0.000000,0.000000
675,10.461560,0.000000,0.997437,0.000000,0.000000,1.000000,0.906088,0,0.000207,0.002136,0.905755,10.302955,1.545443,1.250000,0.000000,0.000000
676,10.424229,0.000000,0.997895,0.000000,0.000000,1.000000,0.910436,0,0.000205,0.002454,0.816955,10.252500,1.537875,1.250000,0.000000,0.000000
677,10.319399,0.000000,0.998238,0.000000,0.000000,1.000000,0.914603,0,0.000216,0.002769,0.738616,10.120552,1.518083,1.250000,0.000000,0.000000
678,10.269071,0.000000,0.998577,0.000000,0.000000,1.000000,0.918650,0,0.000200,0.002095,0.666395,10.044847,1.506727,1.250000,0.000000,0.000000
679,10.308279,0.000000,0.998968,0.000000,0.000000,1.000000,0.922029,0,0.000269,0.002149,0.604248,10.072812,1.510922,1.250000,0.000000,0.000000
680,10.158011,0.000000,0.999261,0.000000,0.000000,1.000000,0.925246,0,0.000201,0.002427,0.552522,9.911420,1.486713,1.250000,0.000000,0.000000
681,10.122601,0.000000,0.999545,0.000000,0.000000,1.000000,0.928308,0,0.000342,0.002694,0.506910,9.877502,1.481625,1.250000,0.000000,0.000000
682,10.397559,0.000000,0.999815,0.000000,0.000000,1.000000,0.931233,0,0.000234,0.001821,0.467495,10.153833,1.523075,1.250000,0.000000,0.000000
683,10.311159,0.000000,1.000705,0.000000,0.000000,1.000000,0.934074,0,0.000202,0.002433,0.434360,10.080308,1.512046,1.250000,0.000000,0.000000
684,10.165438,0.000000,1.000813,0.000000,0.000000,1.000000,0.935584,0,0.000371,0.001840,0.406477,9.947714,1.492157,1.250000,0.000000,0.000000
685,10.468531,0.000000,1.000885,0.000000,0.000000,1.000000,0.937099,0,0.000355,0.002168,0.384170,10.263559,1.539534,1.250000,0.000000,0.000000
686,10.443760,0.000000,1.000801,0.000000,0.000000,1.000000,0.938582,0,0.000202,0.002378,0.366975,10.224531,1.533680,1.250000,0.000000,0.000000
687,10.530632,0.000000,1.000574,0.000000,0.000000,1.000000,0.940104,0,0.000453,0.002750,0.352521,10.297660,1.544649,1.250000,0.000000,0.000000
688,10.292581,0.000000,1.000992,0.000000,0.000000,1.000000,0.941752,0,0.000215,0.002382,0.338977,10.046357,1.506954,1.250000,0.000000,0.000000
689,10.319999,0.000000,1.000784,0.000000,0.000000,1.000000,0.943329,0,0.000336,0.002020,0.326067,10.060904,1.509136,1.250000,0.000000,0.000000
690,10.103837,0.003146,1.000659,0.000000,0.000000,1.000000,0.773761,1,0.000320,0.001917,4.629822,9.978709,1.496806,1.250000,0.000000,0.000000
691,10.134849,0.003049,1.000757,0.000000,0.000000,1.000000,0.787164,1,0.000224,0.002129,4.154583,10.022223,1.503333,1.250000,0.000000,0.000000
692,10.373444,0.002915,1.000855,0.000000,0.000000,1.000000,0.800354,1,0.000121,0.002162,3.727119,10.272068,1.540810,1.250000,0.000000,0.000000
693,10.254974,0.002940,1.000928,0.000000,0.000000,1.000000,0.813090,1,0.000184,0.001953,3.342692,10.163726,1.524559,1.250000,0.000000,0.000000
694,10.158612,0.003011,1.001028,0.000000,0.000000,1.000000,0.824905,1,0.000200,0.002058,3.001406,10.076353,1.511453,1.250000,0.000000,0.000000
695,10.432563,0.002726,1.001141,0.000000,0.000000,1.000000,0.835322,1,0.000196,0.002256,2.693514,10.358443,1.553767,1.250000,0.000000,0.000000
696,10.229565,0.002775,1.001232,0.000000,0.000000,1.000000,0.845709,1,0.000235,0.002225,2.414572,10.162824,1.524424,1.250000,0.000000,0.000000
697,10.253105,0.002849,1.001338,0.000000,0.000000,1.000000,0.854426,1,0.000203,0.002045,2.164308,10.192987,1.528948,1.250000,0.000000,0.000000
698,10.103055,0.002529,1.001420,0.000000,0.000000,1.000000,0.863060,1,0.000398,0.001939,1.938272,10.048947,1.507342,1.250000,0.000000,0.000000
699,10.212838,0.002584,1.001467,0.000000,0.000000,1.000000,0.871393,1,0.000182,0.002081,1.736485,10.164102,1.524615,1.250000,0.000000,0.000000
700,10.051824,0.002963,1.001597,0.000000,0.000000,1.000000,0.878430,1,0.000182,0.002328,1.558674,10.007826,1.501174,1.250000,0.000000,0.000000
701,10.063179,0.002727,1.001643,0.000000,0.000000,1.000000,0.885430,1,0.000191,0.002282,1.395779,10.001435,1.500215,1.250000,0.000000,0.000000
702,10.410237,0.002574,1.001724,0.000000,0.000000,1.000000,0.891782,1,0.000193,0.009927,1.252352,10.311743,1.546761,1.250000,0.000000,0.000000
703,10.284812,0.002858,1.001775,0.000000,0.000000,1.000000,0.896480,1,0.000250,0.002160,1.123393,10.171193,1.525679,1.250000,0.000000,0.000000
704,10.164263,0.002702,1.001880,0.000000,0.000000,1.000000,0.901215,1,0.000223,0.002085,1.009350,10.036022,1.505403,1.250000,0.000000,0.000000
705,10.504781,0.000000,0.997437,0.000000,0.000000,1.000000,0.906088,0,0.000370,0.002314,0.905755,10.346180,1.551927,1.250000,0.000000,0.000000
706,10.314002,0.000000,0.997895,0.000000,0.000000,1.000000,0.910436,0,0.000194,0.001916,0.816955,10.142277,1.521342,1.250000,0.000000,0.000000
707,10.377307,0.000000,0.998238,0.000000,0.000000,1.000000,0.914603,0,0.000222,0.001906,0.738616,10.178455,1.526768,1.250000,0.000000,0.000000
708,10.377196,0.000000,0.998577,0.000000,0.000000,1.000000,0.918650,0,0.000422,0.001968,0.666395,10.152968,1.522945,1.250000,0.000000,0.000000
709,10.285883,0.000000,0.998968,0.000000,0.000000,1.000000,0.922029,0,0.000374,0.002175,0.604248,10.050412,1.507562,1.250000,0.000000,0.000000
710,10.185535,0.000000,0.999261,0.000000,0.000000,1.000000,0.925246,0,0.000315,0.002541,0.552522,9.938940,1.490841,1.250000,0.000000,0.000000
711,10.162637,0.000000,0.999545,0.000000,0.000000,1.000000,0.928308,0,0.000440,0.002185,0.506910,9.917538,1.487631,1.250000,0.000000,0.000000
712,10.487118,0.000000,0.999815,0.000000,0.000000,1.000000,0.931233,0,0.000197,0.002605,0.467495,10.243395,1.536509,1.250000,0.000000,0.000000
713,10.316512,0.000000,1.000705,0.000000,0.000000,1.000000,0.934074,0,0.000233,0.002411,0.434360,10.085661,1.512849,1.250000,0.000000,0.000000
714,10.230100,0.000000,1.000813,0.000000,0.000000,1.000000,0.935584,0,0.000200,0.001621,0.406477,10.012376,1.501856,1.250000,0.000000,0.000000
715,10.548276,0.000000,1.000885,0.000000,0.000000,1.000000,0.937099,0,0.000319,0.002090,0.384170,10.343301,1.551495,1.250000,0.000000,0.000000
716,10.384563,0.000000,1.000801,0.000000,0.000000,1.000000,0.938582,0,0.000216,0.002092,0.366975,10.165339,1.524801,1.250000,0.000000,0.000000
717,10.381800,0.000000,1.000574,0.000000,0.000000,1.000000,0.940104,0,0.000369,0.002322,0.352521,10.148827,1.522324,1.250000,0.000000,0.000000
718,10.332170,0.000000,1.000992,0.000000,0.000000,1.000000,0.941752,0,0.000199,0.002406,0.338977,10.085947,1.512892,1.250000,0.000000,0.000000
719,10.339377,0.000000,1.000417,0.000000,0.000000,1.000000,0.943329,0,0.000187,0.002586,0.326067,10.080278,1.512042,1.250000,0.000000,0.000000
720,10.119816,0.003094,1.000659,0.000000,0.000000,1.000000,0.773761,1,0.000216,0.002385,4.629822,9.994684,1.499203,1.250000,0.000000,0.000000
721,10.047281,0.003173,1.000757,0.000000,0.000000,1.000000,0.787164,1,0.000333,0.002168,4.154583,9.934649,1.490197,1.250000,0.000000,0.000000
722,10.329573,0.003071,1.000855,0.000000,0.000000,1.000000,0.800354,1,0.000199,0.002016,3.727119,10.228193,1.534229,1.250000,0.000000,0.000000
723,10.245761,0.003088,1.000928,0.000000,0.000000,1.000000,0.813090,1,0.000497,0.002223,3.342692,10.154511,1.523177,1.250000,0.000000,0.000000
724,10.086821,0.002807,1.001028,0.000000,0.000000,1.000000,0.824905,1,0.000183,0.002097,3.001406,10.004575,1.500686,1.250000,0.000000,0.000000
725,10.405720,0.003084,1.001141,0.000000,0.000000,1.000000,0.835322,1,0.000292,0.002048,2.693514,10.331593,1.549739,1.250000,0.000000,0.000000
726,10.277491,0.002687,1.001232,0.000000,0.000000,1.000000,0.845709,1,0.000232,0.001956,2.414572,10.210749,1.531612,1.250000,0.000000,0.000000
727,10.235301,0.002608,1.001338,0.000000,0.000000,1.000000,0.854426,1,0.000245,0.001981,2.164308,10.175183,1.526277,1.250000,0.000000,0.000000
728,10.073074,0.002540,1.001420,0.000000,0.000000,1.000000,0.863060,1,0.000316,0.002105,1.938272,10.018964,1.502845,1.250000,0.000000,0.000000
729,10.033405,0.002485,1.001467,0.000000,0.000000,1.000000,0.871393,1,0.000198,0.002513,1.736485,9.984670,1.497700,1.250000,0.000000,0.000000
730,9.961693,0.002936,1.001597,0.000000,0.000000,1.000000,0.878430,1,0.000199,0.001926,1.558674,9.917697,1.487655,1.250000,0.000000,0.000000
731,9.948814,0.002956,1.001643,0.000000,0.000000,1.000000,0.885430,1,0.000414,0.001935,1.395779,9.887064,1.483060,1.250000,0.000000,0.000000
732,10.301072,0.002951,1.001724,0.000000,0.000000,1.000000,0.891782,1,0.000198,0.001762,1.252352,10.202577,1.530387,1.250000,0.000000,0.000000
733,10.168371,0.002592,1.001775,0.000000,0.000000,1.000000,0.896480,1,0.000107,0.002068,1.123393,10.054757,1.508214,1.250000,0.000000,0.000000
734,10.128219,0.002274,1.001880,0.000000,0.000000,1.000000,0.901215,1,0.000237,0.002244,1.009350,9.999989,1.499998,1.250000,0.000000,0.000000
735,10.428342,0.000000,0.997437,0.000000,0.000000,1.000000,0.906088,0,0.000302,0.001631,0.905755,10.269738,1.540461,1.250000,0.000000,0.000000
736,10.316166,0.000000,0.997895,0.000000,0.000000,1.000000,0.910436,0,0.000408,0.002019,0.816955,10.144443,1.521666,1.250000,0.000000,0.000000
737,10.426351,0.000000,0.998238,0.000000,0.000000,1.000000,0.914603,0,0.000412,0.001948,0.738616,10.227502,1.534125,1.250000,0.000000,0.000000
738,10.315346,0.000000,0.998577,0.000000,0.000000,1.000000,0.918650,0,0.000439,0.001988,0.666395,10.091124,1.513669,1.250000,0.000000,0.000000
739,10.340006,0.000000,0.998968,0.000000,0.000000,1.000000,0.922029,0,0.000313,0.001568,0.604248,10.104529,1.515679,1.250000,0.000000,0.000000
740,10.247393,0.000000,0.999261,0.000000,0.000000,1.000000,0.925246,0,0.000463,0.001870,0.552522,10.000792,1.500119,1.250000,0.000000,0.000000
741,10.141881,0.000000,0.999545,0.000000,0.000000,1.000000,0.928308,0,0.000214,0.002199,0.506910,9.896780,1.484517,1.250000,0.000000,0.000000
742,10.413850,0.000000,0.999815,0.000000,0.000000,1.000000,0.931233,0,0.000630,0.002630,0.467495,10.170127,1.525519,1.250000,0.000000,0.000000
743,10.293170,0.000000,1.000705,0.000000,0.000000,1.000000,0.934074,0,0.000223,0.001709,0.434360,10.062322,1.509348,1.250000,0.000000,0.000000
744,10.240721,0.000000,1.000813,0.000000,0.000000,1.000000,0.935584,0,0.000328,0.002065,0.406477,10.022997,1.503450,1.250000,0.000000,0.000000
745,10.482070,0.000000,1.000885,0.000000,0.000000,1.000000,0.937099,0,0.000387,0.002042,0.384170,10.277086,1.541563,1.250000,0.000000,0.000000
746,10.345706,0.000000,1.000801,0.000000,0.000000,1.000000,0.938582,0,0.000320,0.002168,0.366975,10.126475,1.518971,1.250000,0.000000,0.000000
747,10.388202,0.000000,1.000574,0.000000,0.000000,1.000000,0.940104,0,0.000568,0.001907,0.352521,10.155231,1.523285,1.250000,0.000000,0.000000
748,10.294038,0.000000,1.000992,0.000000,0.000000,1.000000,0.941752,0,0.000202,0.002483,0.338977,10.047813,1.507172,1.250000,0.000000,0.000000
749,10.309144,0.000000,1.000417,0.000000,0.000000,1.000000,0.943329,0,0.000203,0.002123,0.326067,10.050042,1.507506,1.250000,0.000000,0.000000
750,10.109483,0.002996,1.000659,0.000000,0.000000,1.000000,0.773761,1,0.000322,0.001934,4.629822,9.984356,1.497653,1.250000,0.000000,0.000000
751,10.079828,0.003198,1.000757,0.000000,0.000000,1.000000,0.787164,1,0.000285,0.002283,4.154583,9.967196,1.495079,1.250000,0.000000,0.000000
752,10.361979,0.002516,1.000855,0.000000,0.000000,1.000000,0.800354,1,0.000185,0.001754,3.727119,10.260619,1.539093,1.250000,0.000000,0.000000
753,10.208364,0.002842,1.000928,0.000000,0.000000,1.000000,0.813090,1,0.000206,0.002408,3.342692,10.117120,1.517568,1.250000,0.000000,0.000000
754,10.060532,0.002694,1.001028,0.000000,0.000000,1.000000,0.824905,1,0.000223,0.002300,3.001406,9.978290,1.496743,1.250000,0.000000,0.000000
755,10.353799,0.002490,1.001141,0.000000,0.000000,1.000000,0.835322,1,0.000198,0.001907,2.693514,10.279685,1.541953,1.250000,0.000000,0.000000
756,10.139163,0.002831,1.001232,0.000000,0.000000,1.000000,0.845709,1,0.000463,0.002214,2.414572,10.072414,1.510862,1.250000,0.000000,0.000000
757,10.162591,0.002452,1.001338,0.000000,0.000000,1.000000,0.854426,1,0.000196,0.002062,2.164308,10.102480,1.515372,1.250000,0.000000,0.000000
758,10.060435,0.002761,1.001420,0.000000,0.000000,1.000000,0.863060,1,0.000207,0.002178,1.938272,10.006316,1.500947,1.250000,0.000000,0.000000
759,10.265394,0.003009,1.001467,0.000000,0.000000,1.000000,0.871393,1,0.000196,0.002622,1.736485,10.216647,1.532497,1.250000,0.000000,0.000000
760,10.039745,0.002723,1.001597,0.000000,0.000000,1.000000,0.878430,1,0.000195,0.002250,1.558674,9.995753,1.499363,1.250000,0.000000,0.000000
761,9.935283,0.003274,1.001643,0.000000,0.000000,1.000000,0.885430,1,0.000395,0.002232,1.395779,9.873528,1.481029,1.250000,0.000000,0.000000
762,10.242473,0.002574,1.001724,0.000000,0.000000,1.000000,0.891782,1,0.000182,0.002129,1.252352,10.143985,1.521598,1.250000,0.000000,0.000000
763,10.108350,0.002569,1.001775,0.000000,0.000000,1.000000,0.896480,1,0.000226,0.002120,1.123393,9.994736,1.499210,1.250000,0.000000,0.000000
764,10.058909,0.002534,1.001880,0.000000,0.000000,1.000000,0.901215,1,0.000195,0.002048,1.009350,9.930671,1.489601,1.250000,0.000000,0.000000
765,10.413903,0.000000,0.997437,0.000000,0.000000,1.000000,0.906088,0,0.000219,0.002462,0.905755,10.255305,1.538296,1.250000,0.000000,0.000000
766,10.290111,0.000000,0.997895,0.000000,0.000000,1.000000,0.910436,0,0.000214,0.002038,0.816955,10.118387,1.517758,1.250000,0.000000,0.000000
767,10.336669,0.000000,0.998238,0.000000,0.000000,1.000000,0.914603,0,0.000370,0.002100,0.738616,10.137821,1.520673,1.250000,0.000000,0.000000
768,10.276817,0.000000,0.998577,0.000000,0.000000,1.000000,0.918650,0,0.000260,0.002315,0.666395,10.052603,1.507890,1.250000,0.000000,0.000000
769,10.225859,0.000000,0.998968,0.000000,0.000000,1.000000,0.922029,0,0.000320,0.002183,0.604248,9.990385,1.498558,1.250000,0.000000,0.000000
770,10.152126,0.000000,0.999261,0.000000,0.000000,1.000000,0.925246,0,0.000307,0.001980,0.552522,9.905530,1.485829,1.250000,0.000000,0.000000
771,10.125036,0.000000,0.999545,0.000000,0.000000,1.000000,0.928308,0,0.000203,0.002316,0.506910,9.879935,1.481990,1.250000,0.000000,0.000000
772,10.559311,0.000000,0.999815,0.000000,0.000000,1.000000,0.931233,0,0.000220,0.002189,0.467495,10.315585,1.547338,1.250000,0.000000,0.000000
773,10.282505,0.000000,1.000705,0.000000,0.000000,1.000000,0.934074,0,0.000348,0.002159,0.434360,10.051659,1.507749,1.250000,0.000000,0.000000
774,10.216080,0.000000,1.000813,0.000000,0.000000,1.000000,0.935584,0,0.000550,0.001861,0.406477,9.998354,1.499753,1.250000,0.000000,0.000000
775,10.439525,0.000000,1.000885,0.000000,0.000000,1.000000,0.937099,0,0.000377,0.002251,0.384170,10.234553,1.535183,1.250000,0.000000,0.000000
776,10.302684,0.000000,1.000801,0.000000,0.000000,1.000000,0.938582,0,0.000199,0.002057,0.366975,10.083461,1.512519,1.250000,0.000000,0.000000
777,10.344308,0.000000,1.000574,0.000000,0.000000,1.000000,0.940104,0,0.000204,0.002138,0.352521,10.111337,1.516701,1.250000,0.000000,0.000000
778,10.270782,0.000000,1.000992,0.000000,0.000000,1.000000,0.941752,0,0.000203,0.002178,0.338977,10.024563,1.503684,1.250000,0.000000,0.000000
779,10.254180,0.000000,1.000784,0.000000,0.000000,1.000000,0.943329,0,0.000300,0.001937,0.326067,9.995081,1.499262,1.250000,0.000000,0.000000
780,10.010352,0.002581,1.000659,0.000000,0.000000,1.000000,0.773761,1,0.000209,0.002210,4.629822,9.885245,1.482787,1.250000,0.000000,0.000000
781,10.023009,0.002822,1.000757,0.000000,0.000000,1.000000,0.787164,1,0.000239,0.001999,4.154583,9.910395,1.486559,1.250000,0.000000,0.000000
782,10.259205,0.002334,1.000855,0.000000,0.000000,1.000000,0.800354,1,0.000184,0.002065,3.727119,10.157852,1.523678,1.250000,0.000000,0.000000
783,10.143011,0.002347,1.000928,0.000000,0.000000,1.000000,0.813090,1,0.000185,0.002060,3.342692,10.051777,1.507767,1.250000,0.000000,0.000000
784,10.018231,0.002538,1.001028,0.000000,0.000000,1.000000,0.824905,1,0.000218,0.002070,3.001406,9.935997,1.490400,1.250000,0.000000,0.000000
785,10.301745,0.002329,1.001141,0.000000,0.000000,1.000000,0.835322,1,0.000188,0.001855,2.693514,10.227639,1.534146,1.250000,0.000000,0.000000
786,10.171894,0.002865,1.001232,0.000000,0.000000,1.000000,0.845709,1,0.000485,0.002010,2.414572,10.105147,1.515772,1.250000,0.000000,0.000000
787,10.185028,0.002826,1.001338,0.000000,0.000000,1.000000,0.854426,1,0.000203,0.001873,2.164308,10.124910,1.518736,1.250000,0.000000,0.000000
788,10.099511,0.002769,1.001420,0.000000,0.000000,1.000000,0.863060,1,0.000215,0.001697,1.938272,10.045393,1.506809,1.250000,0.000000,0.000000
789,10.045036,0.002842,1.001467,0.000000,0.000000,1.000000,0.871393,1,0.000220,0.001881,1.736485,9.996292,1.499444,1.250000,0.000000,0.000000
790,9.961012,0.002492,1.001597,0.000000,0.000000,1.000000,0.878430,1,0.000198,0.002122,1.558674,9.917028,1.487554,1.250000,0.000000,0.000000
791,9.911224,0.002725,1.001643,0.000000,0.000000,1.000000,0.885430,1,0.000361,0.002570,1.395779,9.849480,1.477422,1.250000,0.000000,0.000000
792,10.253852,0.002681,1.001724,0.000000,0.000000,1.000000,0.891782,1,0.000312,0.002369,1.252352,10.155363,1.523304,1.250000,0.000000,0.000000
793,10.130257,0.002615,1.001775,0.000000,0.000000,1.000000,0.896480,1,0.000186,0.002273,1.123393,10.016644,1.502497,1.250000,0.000000,0.000000
794,10.063527,0.002623,1.001880,0.000000,0.000000,1.000000,0.901215,1,0.000311,0.001847,1.009350,9.935290,1.490294,1.250000,0.000000,0.000000
795,10.428994,0.000000,0.997437,0.000000,0.000000,1.000000,0.906088,0,0.000417,0.002516,0.905755,10.270399,1.540560,1.250000,0.000000,0.000000
796,10.341776,0.000000,0.997895,0.000000,0.000000,1.000000,0.910436,0,0.000201,0.002107,0.816955,10.170056,1.525508,1.250000,0.000000,0.000000
797,10.319852,0.000000,0.998238,0.000000,0.000000,1.000000,0.914603,0,0.000296,0.002543,0.738616,10.121009,1.518151,1.250000,0.000000,0.000000
798,10.235122,0.000000,0.998577,0.000000,0.000000,1.000000,0.918650,0,0.000227,0.002264,0.666395,10.010894,1.501634,1.250000,0.000000,0.000000
799,10.235120,0.000000,0.998968,0.000000,0.000000,1.000000,0.922029,0,0.000226,0.001909,0.604248,9.999647,1.499947,1.250000,0.000000,0.000000
800,10.183209,0.000000,0.999261,0.000000,0.000000,1.000000,0.925246,0,0.000490,0.002353,0.552522,9.936608,1.490491,1.250000,0.000000,0.000000
801,10.182312,0.000000,0.999545,0.000000,0.000000,1.000000,0.928308,0,0.000203,0.001922,0.506910,9.937218,1.490583,1.250000,0.000000,0.000000
802,10.442594,0.000000,0.999815,0.000000,0.000000,1.000000,0.931233,0,0.000215,0.002206,0.467495,10.198874,1.529831,1.250000,0.000000,0.000000
803,10.297223,0.000000,1.000705,0.000000,0.000000,1.000000,0.934074,0,0.000244,0.002220,0.434360,10.066371,1.509956,1.250000,0.000000,0.000000
804,10.179002,0.000000,1.000813,0.000000,0.000000,1.000000,0.935584,0,0.000737,0.002135,0.406477,9.961282,1.494192,1.250000,0.000000,0.000000
805,10.451794,0.000000,1.000885,0.000000,0.000000,1.000000,0.937099,0,0.000339,0.002235,0.384170,10.246819,1.537023,1.250000,0.000000,0.000000
806,10.301609,0.000000,1.000801,0.000000,0.000000,1.000000,0.938582,0,0.000417,0.001869,0.366975,10.082384,1.512358,1.250000,0.000000,0.000000
807,10.351713,0.000000,1.000574,0.000000,0.000000,1.000000,0.940104,0,0.000224,0.001958,0.352521,10.118748,1.517812,1.250000,0.000000,0.000000
808,10.252487,0.000000,1.000992,0.000000,0.000000,1.000000,0.941752,0,0.000415,0.002108,0.338977,10.006269,1.500940,1.250000,0.000000,0.000000
809,10.253073,0.000000,1.000784,0.000000,0.000000,1.000000,0.943329,0,0.000308,0.002040,0.326067,9.993974,1.499096,1.250000,0.000000,0.000000
810,10.049783,0.003151,1.000659,0.000000,0.000000,1.000000,0.773761,1,0.000379,0.002463,4.629822,9.924655,1.488698,1.250000,0.000000,0.000000
811,9.967913,0.002944,1.000757,0.000000,0.000000,1.000000,0.787164,1,0.000231,0.002008,4.154583,9.855287,1.478293,1.250000,0.000000,0.000000
812,10.300791,0.002707,1.000855,0.000000,0.000000,1.000000,0.800354,1,0.000186,0.002090,3.727119,10.199426,1.529914,1.250000,0.000000,0.000000
813,10.145827,0.002715,1.000928,0.000000,0.000000,1.000000,0.813090,1,0.000194,0.002526,3.342692,10.054584,1.508188,1.250000,0.000000,0.000000
814,10.049071,0.002676,1.001028,0.000000,0.000000,1.000000,0.824905,1,0.000335,0.002344,3.001406,9.966828,1.495024,1.250000,0.000000,0.000000
815,10.303512,0.003047,1.001141,0.000000,0.000000,1.000000,0.835322,1,0.000183,0.001870,2.693514,10.229387,1.534408,1.250000,0.000000,0.000000
816,10.143394,0.002739,1.001232,0.000000,0.000000,1.000000,0.845709,1,0.000240,0.002747,2.414572,10.076647,1.511497,1.250000,0.000000,0.000000
817,10.196304,0.002837,1.001338,0.000000,0.000000,1.000000,0.854426,1,0.000187,0.002585,2.164308,10.136178,1.520427,1.250000,0.000000,0.000000
818,10.066807,0.002709,1.001420,0.000000,0.000000,1.000000,0.863060,1,0.000192,0.002122,1.938272,10.012688,1.501903,1.250000,0.000000,0.000000
819,10.037903,0.002650,1.001467,0.000000,0.000000,1.000000,0.871393,1,0.000106,0.002477,1.736485,9.989160,1.498374,1.250000,0.000000,0.000000
820,9.938103,0.002629,1.001597,0.000000,0.000000,1.000000,0.878430,1,0.000433,0.002072,1.558674,9.894112,1.484117,1.250000,0.000000,0.000000
821,9.919702,0.002469,1.001643,0.000000,0.000000,1.000000,0.885430,1,0.000257,0.002485,1.395779,9.857969,1.478695,1.250000,0.000000,0.000000
822,10.302571,0.003110,1.001724,0.000000,0.000000,1.000000,0.891782,1,0.000238,0.002527,1.252352,10.204071,1.530611,1.250000,0.000000,0.000000
823,10.159113,0.002967,1.001775,0.000000,0.000000,1.000000,0.896480,1,0.000322,0.002169,1.123393,10.045488,1.506823,1.250000,0.000000,0.000000
824,10.124141,0.002766,1.001880,0.000000,0.000000,1.000000,0.901215,1,0.000185,0.001837,1.009350,9.995896,1.499384,1.250000,0.000000,0.000000
825,10.398858,0.000000,0.997437,0.000000,0.000000,1.000000,0.906088,0,0.000313,0.002463,0.905755,10.240252,1.536038,1.250000,0.000000,0.000000
826,10.243833,0.000000,0.997895,0.000000,0.000000,1.000000,0.910436,0,0.000199,0.002024,0.816955,10.072105,1.510816,1.250000,0.000000,0.000000
827,10.328579,0.000000,0.998238,0.000000,0.000000,1.000000,0.914603,0,0.000312,0.002676,0.738616,10.129725,1.519459,1.250000,0.000000,0.000000
828,10.236355,0.000000,0.998577,0.000000,0.000000,1.000000,0.918650,0,0.000199,0.002032,0.666395,10.012130,1.501819,1.250000,0.000000,0.000000
829,10.214516,0.000000,0.998968,0.000000,0.000000,1.000000,0.922029,0,0.000280,0.002420,0.604248,9.979042,1.496856,1.250000,0.000000,0.000000
830,10.137915,0.000000,0.999261,0.000000,0.000000,1.000000,0.925246,0,0.000324,0.002469,0.552522,9.891314,1.483697,1.250000,0.000000,0.000000
831,10.114015,0.000000,0.999545,0.000000,0.000000,1.000000,0.928308,0,0.000194,0.002306,0.506910,9.868916,1.480337,1.250000,0.000000,0.000000
832,10.575439,0.000000,0.999815,0.000000,0.000000,1.000000,0.931233,0,0.000197,0.002207,0.467495,10.331712,1.549757,1.250000,0.000000,0.000000
833,10.345180,0.000000,1.000705,0.000000,0.000000,1.000000,0.934074,0,0.000337,0.002372,0.434360,10.114327,1.517149,1.250000,0.000000,0.000000
834,10.185255,0.000000,1.000813,0.000000,0.000000,1.000000,0.935584,0,0.000306,0.002135,0.406477,9.967532,1.495130,1.250000,0.000000,0.000000
835,10.431515,0.000000,1.000885,0.000000,0.000000,1.000000,0.937099,0,0.000510,0.002076,0.384170,10.226541,1.533981,1.250000,0.000000,0.000000
836,10.404188,0.000000,1.000801,0.000000,0.000000,1.000000,0.938582,0,0.000450,0.002124,0.366975,10.184963,1.527744,1.250000,0.000000,0.000000
837,10.580129,0.000000,1.000574,0.000000,0.000000,1.000000,0.940104,0,0.000292,0.002470,0.352521,10.347150,1.552073,1.250000,0.000000,0.000000
838,10.471168,0.000000,1.000992,0.000000,0.000000,1.000000,0.941752,0,0.000248,0.002399,0.338977,10.224937,1.533741,1.250000,0.000000,0.000000
839,10.449725,0.000000,1.000784,0.000000,0.000000,1.000000,0.943329,0,0.000210,0.002785,0.326067,10.190617,1.528593,1.250000,0.000000,0.000000
840,10.208232,0.002594,1.000659,0.000000,0.000000,1.000000,0.773761,1,0.000210,0.002040,4.629822,10.083119,1.512468,1.250000,0.000000,0.000000
841,10.134504,0.003462,1.000757,0.000000,0.000000,1.000000,0.787164,1,0.000244,0.002278,4.154583,10.021866,1.503280,1.250000,0.000000,0.000000
842,10.385514,0.002571,1.000855,0.000000,0.000000,1.000000,0.800354,1,0.000199,0.002512,3.727119,10.284150,1.542622,1.250000,0.000000,0.000000
843,10.246653,0.002698,1.000928,0.000000,0.000000,1.000000,0.813090,1,0.000275,0.001949,3.342692,10.155414,1.523312,1.250000,0.000000,0.000000
844,10.154420,0.002455,1.001028,0.000000,0.000000,1.000000,0.824905,1,0.000313,0.002041,3.001406,10.072184,1.510828,1.250000,0.000000,0.000000
845,10.545774,0.002725,1.001141,0.000000,0.000000,1.000000,0.835322,1,0.000190,0.002174,2.693514,10.471655,1.570748,1.250000,0.000000,0.000000
846,10.301639,0.002817,1.001232,0.000000,0.000000,1.000000,0.845709,1,0.000224,0.002426,2.414572,10.234891,1.535234,1.250000,0.000000,0.000000
847,10.338315,0.002662,1.001338,0.000000,0.000000,1.000000,0.854426,1,0.000218,0.001821,2.164308,10.278200,1.541730,1.250000,0.000000,0.000000
848,10.241457,0.002619,1.001420,0.000000,0.000000,1.000000,0.863060,1,0.000539,0.002100,1.938272,10.187342,1.528101,1.250000,0.000000,0.000000
849,10.206481,0.003015,1.001467,0.000000,0.000000,1.000000,0.871393,1,0.000371,0.001979,1.736485,10.157730,1.523659,1.250000,0.000000,0.000000
850,10.057990,0.002609,1.001597,0.000000,0.000000,1.000000,0.878430,1,0.000388,0.002166,1.558674,10.013999,1.502100,1.250000,0.000000,0.000000
851,9.985090,0.002364,1.001643,0.000000,0.000000,1.000000,0.885430,1,0.000186,0.002227,1.395779,9.923351,1.488503,1.250000,0.000000,0.000000
852,10.307924,0.002584,1.001724,0.000000,0.000000,1.000000,0.891782,1,0.000217,0.001817,1.252352,10.209425,1.531414,1.250000,0.000000,0.000000
853,10.141762,0.002774,1.001775,0.000000,0.000000,1.000000,0.896480,1,0.000198,0.001984,1.123393,10.028143,1.504221,1.250000,0.000000,0.000000
854,10.142929,0.002767,1.001880,0.000000,0.000000,1.000000,0.901215,1,0.000378,0.002056,1.009350,10.014684,1.502203,1.250000,0.000000,0.000000
855,10.424176,0.000000,0.997437,0.000000,0.000000,1.000000,0.906088,0,0.000322,0.003121,0.905755,10.265568,1.539835,1.250000,0.000000,0.000000
856,10.265049,0.000000,0.997895,0.000000,0.000000,1.000000,0.910436,0,0.000219,0.002278,0.816955,10.093322,1.513998,1.250000,0.000000,0.000000
857,10.338981,0.000000,0.998238,0.000000,0.000000,1.000000,0.914603,0,0.000211,0.001912,0.738616,10.140127,1.521019,1.250000,0.000000,0.000000
858,10.264898,0.000000,0.998577,0.000000,0.000000,1.000000,0.918650,0,0.000203,0.002623,0.666395,10.040669,1.506100,1.250000,0.000000,0.000000
859,10.261936,0.000000,0.998968,0.000000,0.000000,1.000000,0.922029,0,0.000218,0.002095,0.604248,10.026458,1.503969,1.250000,0.000000,0.000000
860,10.164224,0.000000,0.999261,0.000000,0.000000,1.000000,0.925246,0,0.000203,0.002360,0.552522,9.917623,1.487643,1.250000,0.000000,0.000000
861,10.216447,0.000000,0.999545,0.000000,0.000000,1.000000,0.928308,0,0.000202,0.001935,0.506910,9.971345,1.495702,1.250000,0.000000,0.000000
862,10.444774,0.000000,0.999815,0.000000,0.000000,1.000000,0.931233,0,0.000259,0.002001,0.467495,10.201041,1.530156,1.250000,0.000000,0.000000
863,10.320355,0.000000,1.000705,0.000000,0.000000,1.000000,0.934074,0,0.000214,0.002291,0.434360,10.089501,1.513425,1.250000,0.000000,0.000000
864,10.203516,0.000000,1.000813,0.000000,0.000000,1.000000,0.935584,0,0.000203,0.001853,0.406477,9.985783,1.497867,1.250000,0.000000,0.000000
865,10.466990,0.000000,1.000885,0.000000,0.000000,1.000000,0.937099,0,0.000239,0.002477,0.384170,10.262008,1.539301,1.250000,0.000000,0.000000
866,10.307515,0.000000,1.000801,0.000000,0.000000,1.000000,0.938582,0,0.000202,0.002196,0.366975,10.088282,1.513242,1.250000,0.000000,0.000000
867,10.395275,0.000000,1.000574,0.000000,0.000000,1.000000,0.940104,0,0.000488,0.002178,0.352521,10.162299,1.524345,1.250000,0.000000,0.000000
868,10.386429,0.000000,1.000992,0.000000,0.000000,1.000000,0.941752,0,0.000507,0.002726,0.338977,10.140203,1.521030,1.250000,0.000000,0.000000
869,10.352477,0.000000,1.000417,0.000000,0.000000,1.000000,0.943329,0,0.000219,0.002048,0.326067,10.093378,1.514007,1.250000,0.000000,0.000000
870,10.087573,0.002911,1.000659,0.000000,0.000000,1.000000,0.773761,1,0.000205,0.002348,4.629822,9.962454,1.494368,1.250000,0.000000,0.000000
871,9.996715,0.002550,1.000757,0.000000,0.000000,1.000000,0.787164,1,0.000184,0.001993,4.154583,9.884103,1.482615,1.250000,0.000000,0.000000
872,10.326861,0.002669,1.000855,0.000000,0.000000,1.000000,0.800354,1,0.000215,0.002267,3.727119,10.225491,1.533824,1.250000,0.000000,0.000000
873,10.153442,0.002932,1.000928,0.000000,0.000000,1.000000,0.813090,1,0.000394,0.002195,3.342692,10.062196,1.509329,1.250000,0.000000,0.000000
874,10.035664,0.002680,1.001028,0.000000,0.000000,1.000000,0.824905,1,0.000313,0.002050,3.001406,9.953421,1.493013,1.250000,0.000000,0.000000
875,10.332758,0.002374,1.001141,0.000000,0.000000,1.000000,0.835322,1,0.000202,0.002343,2.693514,10.258649,1.538797,1.250000,0.000000,0.000000
876,10.245567,0.002340,1.001232,0.000000,0.000000,1.000000,0.845709,1,0.000294,0.002335,2.414572,10.178831,1.526825,1.250000,0.000000,0.000000
877,10.202149,0.002736,1.001338,0.000000,0.000000,1.000000,0.854426,1,0.000210,0.002322,2.164308,10.142030,1.521304,1.250000,0.000000,0.000000
878,10.101216,0.002817,1.001420,0.000000,0.000000,1.000000,0.863060,1,0.000187,0.002346,1.938272,10.047095,1.507064,1.250000,0.000000,0.000000
879,10.059898,0.002544,1.001467,0.000000,0.000000,1.000000,0.871393,1,0.000658,0.002183,1.736485,10.011162,1.501674,1.250000,0.000000,0.000000
880,9.955573,0.002184,1.001597,0.000000,0.000000,1.000000,0.878430,1,0.000198,0.002612,1.558674,9.911597,1.486740,1.250000,0.000000,0.000000
881,9.948391,0.002725,1.001643,0.000000,0.000000,1.000000,0.885430,1,0.000184,0.001829,1.395779,9.886650,1.482997,1.250000,0.000000,0.000000
882,10.291421,0.002503,1.001724,0.000000,0.000000,1.000000,0.891782,1,0.000299,0.002131,1.252352,10.192938,1.528941,1.250000,0.000000,0.000000
883,10.246387,0.002652,1.001775,0.000000,0.000000,1.000000,0.896480,1,0.000413,0.001981,1.123393,10.132769,1.519915,1.250000,0.000000,0.000000
884,10.080707,0.002734,1.001880,0.000000,0.000000,1.000000,0.901215,1,0.000391,0.002240,1.009350,9.952464,1.492870,1.250000,0.000000,0.000000
885,10.420899,0.000000,0.997437,0.000000,0.000000,1.000000,0.906088,0,0.000188,0.002484,0.905755,10.262303,1.539345,1.250000,0.000000,0.000000
886,10.274940,0.000000,0.997895,0.000000,0.000000,1.000000,0.910436,0,0.000216,0.001864,0.816955,10.103215,1.515482,1.250000,0.000000,0.000000
887,10.356912,0.000000,0.998238,0.000000,0.000000,1.000000,0.914603,0,0.000332,0.002542,0.738616,10.158069,1.523710,1.250000,0.000000,0.000000
888,10.272885,0.000000,0.998577,0.000000,0.000000,1.000000,0.918650,0,0.000250,0.002221,0.666395,10.048659,1.507299,1.250000,0.000000,0.000000
889,10.240343,0.000000,0.998968,0.000000,0.000000,1.000000,0.922029,0,0.000253,0.002546,0.604248,10.004871,1.500731,1.250000,0.000000,0.000000
890,10.212248,0.000000,0.999261,0.000000,0.000000,1.000000,0.925246,0,0.000304,0.002015,0.552522,9.965649,1.494847,1.250000,0.000000,0.000000
891,10.127970,0.000000,0.999545,0.000000,0.000000,1.000000,0.928308,0,0.000219,0.001637,0.506910,9.882868,1.482430,1.250000,0.000000,0.000000
892,10.407395,0.000000,0.999815,0.000000,0.000000,1.000000,0.931233,0,0.000323,0.002674,0.467495,10.163669,1.524550,1.250000,0.000000,0.000000
893,10.240724,0.000000,1.000705,0.000000,0.000000,1.000000,0.934074,0,0.000199,0.002075,0.434360,10.009879,1.501482,1.250000,0.000000,0.000000
894,10.211435,0.000000,1.000813,0.000000,0.000000,1.000000,0.935584,0,0.000199,0.002499,0.406477,9.993710,1.499056,1.250000,0.000000,0.000000
895,10.481398,0.000000,1.000885,0.000000,0.000000,1.000000,0.937099,0,0.000310,0.002204,0.384170,10.276424,1.541464,1.250000,0.000000,0.000000
896,10.336061,0.000000,1.000801,0.000000,0.000000,1.000000,0.938582,0,0.000256,0.001898,0.366975,10.116833,1.517525,1.250000,0.000000,0.000000
897,10.448487,0.000000,1.000574,0.000000,0.000000,1.000000,0.940104,0,0.000208,0.001982,0.352521,10.215503,1.532325,1.250000,0.000000,0.000000
898,10.348163,0.000000,1.000992,0.000000,0.000000,1.000000,0.941752,0,0.000363,0.001925,0.338977,10.101938,1.515291,1.250000,0.000000,0.000000
899,10.293765,0.000000,1.000417,0.000000,0.000000,1.000000,0.943329,0,0.000206,0.002498,0.326067,10.034665,1.505200,1.250000,0.000000,0.000000
