epoch,aggregation_latency_ms,recovery_latency_ms,aggregation_completeness,loss_exposure_fraction,communication_overhead_KB,system_availability,queue_utilization,recovery_frequency,scheduling_latency_ms,state_refresh_ms,workload_imbalance,processing_overhead_ms,energy_joules,scheduling_comm_kb,recomputation_overhead_ms,reused_microslot_count
0,10.095604,0.002491,1.000881,0.000000,0.000000,1.000000,0.775290,1,0.000222,0.001530,4.312412,9.970490,1.495574,1.093750,0.000000,0.000000
1,10.046522,0.002148,1.000982,0.000000,0.000000,1.000000,0.790264,1,0.000212,0.001627,3.870325,9.933847,1.490077,1.093750,0.000000,0.000000
2,10.325179,0.002282,1.001132,0.000000,0.000000,1.000000,0.804021,1,0.000212,0.001641,3.474204,10.223641,1.533546,1.093750,0.000000,0.000000
3,10.156721,0.002169,1.001210,0.000000,0.000000,1.000000,0.816860,1,0.000196,0.001649,3.113939,10.065329,1.509799,1.093750,0.000000,0.000000
4,10.071587,0.002475,1.001328,0.000000,0.000000,1.000000,0.829105,1,0.000180,0.001806,2.794650,9.989184,1.498378,1.093750,0.000000,0.000000
5,10.335484,0.002674,1.001419,0.000000,0.000000,1.000000,0.840493,1,0.000326,0.001731,2.506142,10.261221,1.539183,1.093750,0.000000,0.000000
6,10.133457,0.001959,1.001525,0.000000,0.000000,1.000000,0.849955,1,0.000116,0.002231,2.248228,10.066501,1.509975,1.093750,0.000000,0.000000
7,10.169619,0.002823,1.001645,0.000000,0.000000,1.000000,0.859411,1,0.000112,0.001734,2.016153,10.109203,1.516380,1.093750,0.000000,0.000000
8,10.165943,0.002939,1.001771,0.000000,0.000000,1.000000,0.868859,1,0.000201,0.002337,1.804910,10.111524,1.516729,1.093750,0.000000,0.000000
9,10.084900,0.002590,1.001841,0.000000,0.000000,1.000000,0.876098,1,0.000203,0.002302,1.614064,10.035916,1.505387,1.093750,0.000000,0.000000
10,9.997368,0.002662,1.001893,0.000000,0.000000,1.000000,0.883995,1,0.000191,0.001801,1.444237,9.953245,1.492987,1.093750,0.000000,0.000000
11,9.955324,0.002237,1.001961,0.000000,0.000000,1.000000,0.890345,1,0.000217,0.001640,1.294904,9.869927,1.480489,1.093750,0.000000,0.000000
12,10.323279,0.002191,1.002110,0.000000,0.000000,1.000000,0.896233,1,0.000210,0.001601,1.161265,10.220452,1.533068,1.093750,0.000000,0.000000
13,10.224065,0.002625,1.002129,0.000000,0.000000,1.000000,0.902236,1,0.000527,0.001935,1.038641,10.085367,1.512805,1.093750,0.000000,0.000000
14,10.079185,0.000000,0.997215,0.000000,0.000000,1.000000,0.907702,0,0.000226,0.001952,0.931826,9.925219,1.488783,1.093750,0.000000,0.000000
15,10.403990,0.000000,0.997685,0.000000,0.000000,1.000000,0.913042,0,0.000178,0.002019,0.836130,10.218178,1.532727,1.093750,0.000000,0.000000
16,10.256059,0.000000,0.998132,0.000000,0.000000,1.000000,0.918035,0,0.000197,0.001810,0.751507,10.056247,1.508437,1.093750,0.000000,0.000000
17,10.339171,0.000000,0.998516,0.000000,0.000000,1.000000,0.922153,0,0.000194,0.001934,0.677508,10.110362,1.516554,1.093750,0.000000,0.000000
18,10.260873,0.000000,0.998918,0.000000,0.000000,1.000000,0.926439,0,0.000217,0.001675,0.610274,10.019347,1.502902,1.093750,0.000000,0.000000
19,10.242812,0.000000,0.999265,0.000000,0.000000,1.000000,0.930308,0,0.000523,0.001683,0.554071,9.988567,1.498285,1.093750,0.000000,0.000000
20,10.162013,0.000000,0.999603,0.000000,0.000000,1.000000,0.933880,0,0.000211,0.002279,0.504839,9.909277,1.486392,1.093750,0.000000,0.000000
21,10.148984,0.000000,0.999867,0.000000,0.000000,1.000000,0.937296,0,0.000197,0.001788,0.461901,9.912171,1.486826,1.093750,0.000000,0.000000
22,10.475919,0.000000,1.000977,0.000000,0.000000,1.000000,0.939677,0,0.000404,0.001907,0.429483,10.239105,1.535866,1.093750,0.000000,0.000000
23,10.458283,0.000000,1.001053,0.000000,0.000000,1.000000,0.941581,0,0.000218,0.001868,0.399162,10.236895,1.535534,1.093750,0.000000,0.000000
24,10.206080,0.000000,1.001030,0.000000,0.000000,1.000000,0.943502,0,0.000324,0.001720,0.375063,9.999268,1.499890,1.093750,0.000000,0.000000
25,10.437266,0.000000,1.001055,0.000000,0.000000,1.000000,0.945304,0,0.000290,0.002149,0.356329,10.213738,1.532061,1.093750,0.000000,0.000000
26,10.439287,0.000000,1.001224,0.000000,0.000000,1.000000,0.946831,0,0.000195,0.002122,0.340446,10.214900,1.532235,1.093750,0.000000,0.000000
27,10.590272,0.000000,1.001549,0.000000,0.000000,1.000000,0.948321,0,0.000329,0.002346,0.325964,10.350025,1.552504,1.093750,0.000000,0.000000
28,10.293923,0.000000,1.000934,0.000000,0.000000,1.000000,0.949655,0,0.000291,0.002091,0.311799,10.055246,1.508287,1.093750,0.000000,0.000000
29,10.347916,0.000000,1.001425,0.000000,0.000000,1.000000,0.951524,0,0.000240,0.002180,0.298939,10.091675,1.513751,1.093750,0.000000,0.000000
30,10.181194,0.002585,1.000881,0.000000,0.000000,1.000000,0.775290,1,0.000589,0.002327,4.312412,10.056072,1.508411,1.093750,0.000000,0.000000
31,10.017941,0.002405,1.000982,0.000000,0.000000,1.000000,0.790264,1,0.000179,0.002034,3.870325,9.905249,1.485787,1.093750,0.000000,0.000000
32,10.275698,0.002680,1.001132,0.000000,0.000000,1.000000,0.804021,1,0.000222,0.002081,3.474204,10.174143,1.526121,1.093750,0.000000,0.000000
33,10.139630,0.002379,1.001210,0.000000,0.000000,1.000000,0.816860,1,0.000214,0.001824,3.113939,10.048227,1.507234,1.093750,0.000000,0.000000
34,10.102817,0.002733,1.001328,0.000000,0.000000,1.000000,0.829105,1,0.000213,0.001934,2.794650,10.020404,1.503061,1.093750,0.000000,0.000000
35,10.359466,0.002735,1.001419,0.000000,0.000000,1.000000,0.840493,1,0.000184,0.002062,2.506142,10.285196,1.542779,1.093750,0.000000,0.000000
36,10.204886,0.002612,1.001525,0.000000,0.000000,1.000000,0.849955,1,0.000220,0.002003,2.248228,10.137905,1.520686,1.093750,0.000000,0.000000
37,10.343883,0.002631,1.001645,0.000000,0.000000,1.000000,0.859411,1,0.000428,0.002113,2.016153,10.283475,1.542521,1.093750,0.000000,0.000000
38,10.189658,0.002545,1.001771,0.000000,0.000000,1.000000,0.868859,1,0.000192,0.002142,1.804910,10.135252,1.520288,1.093750,0.000000,0.000000
39,10.234292,0.002712,1.001841,0.000000,0.000000,1.000000,0.876098,1,0.000222,0.002096,1.614064,10.185309,1.527796,1.093750,0.000000,0.000000
40,10.008535,0.002338,1.001893,0.000000,0.000000,1.000000,0.883995,1,0.000198,0.001932,1.444237,9.964419,1.494663,1.093750,0.000000,0.000000
41,10.019254,0.002619,1.001961,0.000000,0.000000,1.000000,0.890345,1,0.000327,0.002360,1.294904,9.933843,1.490076,1.093750,0.000000,0.000000
42,10.281532,0.002499,1.002110,0.000000,0.000000,1.000000,0.896233,1,0.000396,0.001806,1.161265,10.178691,1.526804,1.093750,0.000000,0.000000
43,10.164636,0.002347,1.002129,0.000000,0.000000,1.000000,0.902236,1,0.000202,0.002519,1.038641,10.025947,1.503892,1.093750,0.000000,0.000000
44,10.168984,0.000000,0.997215,0.000000,0.000000,1.000000,0.907702,0,0.000423,0.001884,0.931826,10.015029,1.502254,1.093750,0.000000,0.000000
45,10.626923,0.000000,0.997685,0.000000,0.000000,1.000000,0.913042,0,0.000215,0.002427,0.836130,10.441108,1.566166,1.093750,0.000000,0.000000
46,10.482535,0.000000,0.998132,0.000000,0.000000,1.000000,0.918035,0,0.000259,0.002290,0.751507,10.282719,1.542408,1.093750,0.000000,0.000000
47,10.591729,0.000000,0.998516,0.000000,0.000000,1.000000,0.922153,0,0.000198,0.001769,0.677508,10.362910,1.554437,1.093750,0.000000,0.000000
48,10.346010,0.000000,0.998918,0.000000,0.000000,1.000000,0.926439,0,0.000193,0.001980,0.610274,10.104481,1.515672,1.093750,0.000000,0.000000
49,10.304110,0.000000,0.999265,0.000000,0.000000,1.000000,0.930308,0,0.000345,0.002444,0.554071,10.049870,1.507481,1.093750,0.000000,0.000000
50,10.272771,0.000000,0.999603,0.000000,0.000000,1.000000,0.933880,0,0.000225,0.001981,0.504839,10.020245,1.503037,1.093750,0.000000,0.000000
51,10.193116,0.000000,0.999867,0.000000,0.000000,1.000000,0.937296,0,0.000201,0.002048,0.461901,9.956301,1.493445,1.093750,0.000000,0.000000
52,10.478076,0.000000,1.000977,0.000000,0.000000,1.000000,0.939677,0,0.000270,0.001965,0.429483,10.241265,1.536190,1.093750,0.000000,0.000000
53,10.402515,0.000000,1.001053,0.000000,0.000000,1.000000,0.941581,0,0.000292,0.002427,0.399162,10.181124,1.527169,1.093750,0.000000,0.000000
54,10.333539,0.000000,1.001030,0.000000,0.000000,1.000000,0.943502,0,0.000333,0.002507,0.375063,10.126725,1.519009,1.093750,0.000000,0.000000
55,10.671671,0.000000,1.001055,0.000000,0.000000,1.000000,0.945304,0,0.000411,0.002027,0.356329,10.448146,1.567222,1.093750,0.000000,0.000000
56,10.382402,0.000000,1.001224,0.000000,0.000000,1.000000,0.946831,0,0.000389,0.002312,0.340446,10.158014,1.523702,1.093750,0.000000,0.000000
57,10.584378,0.000000,1.001214,0.000000,0.000000,1.000000,0.948321,0,0.000331,0.002172,0.325964,10.344131,1.551620,1.093750,0.000000,0.000000
58,10.499405,0.000000,1.000934,0.000000,0.000000,1.000000,0.950263,0,0.000209,0.001821,0.312381,10.244161,1.536624,1.093750,0.000000,0.000000
59,10.403077,0.000000,1.001425,0.000000,0.000000,1.000000,0.952132,0,0.000316,0.002460,0.299545,10.133260,1.519989,1.093750,0.000000,0.000000
60,10.236767,0.002698,1.000881,0.000000,0.000000,1.000000,0.775290,1,0.000272,0.002089,4.312412,10.111634,1.516745,1.093750,0.000000,0.000000
61,10.249944,0.002169,1.000982,0.000000,0.000000,1.000000,0.790264,1,0.000178,0.002045,3.870325,10.137259,1.520589,1.093750,0.000000,0.000000
62,10.523014,0.002525,1.001132,0.000000,0.000000,1.000000,0.804021,1,0.000178,0.002518,3.474204,10.421465,1.563220,1.093750,0.000000,0.000000
63,10.297575,0.002798,1.001210,0.000000,0.000000,1.000000,0.816860,1,0.000476,0.002354,3.113939,10.206164,1.530925,1.093750,0.000000,0.000000
64,10.253300,0.002654,1.001328,0.000000,0.000000,1.000000,0.829105,1,0.000228,0.002233,2.794650,10.170888,1.525633,1.093750,0.000000,0.000000
65,10.366586,0.002784,1.001419,0.000000,0.000000,1.000000,0.840493,1,0.000198,0.002047,2.506142,10.292316,1.543847,1.093750,0.000000,0.000000
66,10.213152,0.002188,1.001525,0.000000,0.000000,1.000000,0.849955,1,0.000240,0.002471,2.248228,10.146182,1.521927,1.093750,0.000000,0.000000
67,10.248262,0.002147,1.001645,0.000000,0.000000,1.000000,0.859411,1,0.000176,0.002538,2.016153,10.187859,1.528179,1.093750,0.000000,0.000000
68,10.086123,0.002926,1.001771,0.000000,0.000000,1.000000,0.868859,1,0.000265,0.002403,1.804910,10.031705,1.504756,1.093750,0.000000,0.000000
69,10.072640,0.002574,1.001841,0.000000,0.000000,1.000000,0.876098,1,0.000172,0.001938,1.614064,10.023658,1.503549,1.093750,0.000000,0.000000
70,10.071911,0.002577,1.001893,0.000000,0.000000,1.000000,0.883995,1,0.000222,0.002184,1.444237,10.027787,1.504168,1.093750,0.000000,0.000000
71,10.161224,0.002395,1.001961,0.000000,0.000000,1.000000,0.890345,1,0.000336,0.002842,1.294904,10.075818,1.511373,1.093750,0.000000,0.000000
72,10.330413,0.002722,1.002110,0.000000,0.000000,1.000000,0.896233,1,0.000201,0.002443,1.161265,10.227569,1.534135,1.093750,0.000000,0.000000
73,10.287480,0.002587,1.002129,0.000000,0.000000,1.000000,0.902236,1,0.000305,0.001872,1.038641,10.148785,1.522318,1.093750,0.000000,0.000000
74,10.206611,0.000000,0.997215,0.000000,0.000000,1.000000,0.907702,0,0.000223,0.002540,0.931826,10.052654,1.507898,1.093750,0.000000,0.000000
75,10.410480,0.000000,0.997685,0.000000,0.000000,1.000000,0.913042,0,0.000183,0.002616,0.836130,10.224664,1.533700,1.093750,0.000000,0.000000
76,10.288989,0.000000,0.998132,0.000000,0.000000,1.000000,0.918035,0,0.000199,0.002249,0.751507,10.089176,1.513376,1.093750,0.000000,0.000000
77,10.345096,0.000000,0.998516,0.000000,0.000000,1.000000,0.922153,0,0.000242,0.002028,0.677508,10.116284,1.517443,1.093750,0.000000,0.000000
78,10.270907,0.000000,0.998918,0.000000,0.000000,1.000000,0.926439,0,0.000195,0.001915,0.610274,10.029378,1.504407,1.093750,0.000000,0.000000
79,10.323353,0.000000,0.999265,0.000000,0.000000,1.000000,0.930308,0,0.000194,0.001880,0.554071,10.069112,1.510367,1.093750,0.000000,0.000000
80,10.252817,0.000000,0.999603,0.000000,0.000000,1.000000,0.933880,0,0.000180,0.001915,0.504839,10.000289,1.500043,1.093750,0.000000,0.000000
81,10.143204,0.000000,0.999867,0.000000,0.000000,1.000000,0.937296,0,0.000179,0.002591,0.461901,9.906390,1.485959,1.093750,0.000000,0.000000
82,10.472338,0.000000,1.000977,0.000000,0.000000,1.000000,0.939677,0,0.000188,0.002118,0.429483,10.235520,1.535328,1.093750,0.000000,0.000000
83,10.355212,0.000000,1.001053,0.000000,0.000000,1.000000,0.941581,0,0.000199,0.002091,0.399162,10.133823,1.520073,1.093750,0.000000,0.000000
84,10.257465,0.000000,1.001030,0.000000,0.000000,1.000000,0.943502,0,0.000391,0.002185,0.375063,10.050651,1.507598,1.093750,0.000000,0.000000
85,10.524095,0.000000,1.001055,0.000000,0.000000,1.000000,0.945304,0,0.000391,0.002450,0.356329,10.300566,1.545085,1.093750,0.000000,0.000000
86,10.392242,0.000000,1.001224,0.000000,0.000000,1.000000,0.946831,0,0.000180,0.002411,0.340446,10.167854,1.525178,1.093750,0.000000,0.000000
87,10.514474,0.000000,1.001549,0.000000,0.000000,1.000000,0.948321,0,0.000262,0.002476,0.325964,10.274227,1.541134,1.093750,0.000000,0.000000
88,10.487702,0.000000,1.000934,0.000000,0.000000,1.000000,0.949655,0,0.000328,0.001802,0.311799,10.249029,1.537354,1.093750,0.000000,0.000000
89,10.436844,0.000000,1.001425,0.000000,0.000000,1.000000,0.951524,0,0.000366,0.001916,0.298939,10.180596,1.527089,1.093750,0.000000,0.000000
90,10.192570,0.002761,1.000881,0.000000,0.000000,1.000000,0.775290,1,0.000421,0.002420,4.312412,10.067440,1.510116,1.093750,0.000000,0.000000
91,10.106127,0.002288,1.000982,0.000000,0.000000,1.000000,0.790264,1,0.000199,0.001801,3.870325,9.993446,1.499017,1.093750,0.000000,0.000000
92,10.467559,0.002307,1.001132,0.000000,0.000000,1.000000,0.804021,1,0.000178,0.002184,3.474204,10.366020,1.554903,1.093750,0.000000,0.000000
93,10.250705,0.002390,1.001210,0.000000,0.000000,1.000000,0.816860,1,0.000346,0.001959,3.113939,10.159302,1.523895,1.093750,0.000000,0.000000
94,10.111224,0.002184,1.001328,0.000000,0.000000,1.000000,0.829105,1,0.000196,0.002074,2.794650,10.028826,1.504324,1.093750,0.000000,0.000000
95,10.473842,0.002420,1.001419,0.000000,0.000000,1.000000,0.840493,1,0.000194,0.002141,2.506142,10.399585,1.559938,1.093750,0.000000,0.000000
96,10.384643,0.002438,1.001525,0.000000,0.000000,1.000000,0.849955,1,0.000195,0.002150,2.248228,10.317668,1.547650,1.093750,0.000000,0.000000
97,10.322039,0.002353,1.001645,0.000000,0.000000,1.000000,0.859411,1,0.000321,0.002274,2.016153,10.261637,1.539246,1.093750,0.000000,0.000000
98,10.229377,0.002586,1.001771,0.000000,0.000000,1.000000,0.868859,1,0.000225,0.001976,1.804910,10.174964,1.526245,1.093750,0.000000,0.000000
99,10.186162,0.002271,1.001841,0.000000,0.000000,1.000000,0.876098,1,0.000194,0.010617,1.614064,10.137190,1.520578,1.093750,0.000000,0.000000
100,10.106211,0.002455,1.001893,0.000000,0.000000,1.000000,0.883995,1,0.000360,0.001936,1.444237,10.062094,1.509314,1.093750,0.000000,0.000000
101,10.054599,0.002412,1.001961,0.000000,0.000000,1.000000,0.890345,1,0.000220,0.002274,1.294904,9.969195,1.495379,1.093750,0.000000,0.000000
102,10.324483,0.002216,1.002110,0.000000,0.000000,1.000000,0.896233,1,0.000201,0.002030,1.161265,10.221654,1.533248,1.093750,0.000000,0.000000
103,10.302848,0.002034,1.002129,0.000000,0.000000,1.000000,0.902236,1,0.000211,0.002353,1.038641,10.164169,1.524625,1.093750,0.000000,0.000000
104,10.357884,0.000000,0.997215,0.000000,0.000000,1.000000,0.907702,0,0.000192,0.001854,0.931826,10.203927,1.530589,1.093750,0.000000,0.000000
105,10.689250,0.000000,0.997685,0.000000,0.000000,1.000000,0.913042,0,0.000249,0.001996,0.836130,10.503428,1.575514,1.093750,0.000000,0.000000
106,10.540953,0.000000,0.998132,0.000000,0.000000,1.000000,0.918035,0,0.000203,0.002108,0.751507,10.341132,1.551170,1.093750,0.000000,0.000000
107,10.494773,0.000000,0.998516,0.000000,0.000000,1.000000,0.922153,0,0.000226,0.001956,0.677508,10.265955,1.539893,1.093750,0.000000,0.000000
108,10.292659,0.000000,0.998918,0.000000,0.000000,1.000000,0.926439,0,0.000183,0.002007,0.610274,10.051131,1.507670,1.093750,0.000000,0.000000
109,10.404486,0.000000,0.999265,0.000000,0.000000,1.000000,0.930308,0,0.000191,0.001883,0.554071,10.150240,1.522536,1.093750,0.000000,0.000000
110,10.250218,0.000000,0.999603,0.000000,0.000000,1.000000,0.933880,0,0.000212,0.002248,0.504839,9.997695,1.499654,1.093750,0.000000,0.000000
111,10.213277,0.000000,0.999867,0.000000,0.000000,1.000000,0.937296,0,0.000369,0.002157,0.461901,9.976462,1.496469,1.093750,0.000000,0.000000
112,10.592185,0.000000,1.000977,0.000000,0.000000,1.000000,0.939677,0,0.000199,0.002249,0.429483,10.355367,1.553305,1.093750,0.000000,0.000000
113,10.349430,0.000000,1.001053,0.000000,0.000000,1.000000,0.941581,0,0.000182,0.001956,0.399162,10.128041,1.519206,1.093750,0.000000,0.000000
114,10.242295,0.000000,1.001030,0.000000,0.000000,1.000000,0.943502,0,0.000378,0.001847,0.375063,10.035484,1.505323,1.093750,0.000000,0.000000
115,10.598581,0.000000,1.001055,0.000000,0.000000,1.000000,0.945304,0,0.000209,0.001815,0.356329,10.375052,1.556258,1.093750,0.000000,0.000000
116,10.471147,0.000000,1.001224,0.000000,0.000000,1.000000,0.946831,0,0.000324,0.002327,0.340446,10.246761,1.537014,1.093750,0.000000,0.000000
117,10.474102,0.000000,1.001214,0.000000,0.000000,1.000000,0.948321,0,0.000365,0.001879,0.325964,10.233857,1.535078,1.093750,0.000000,0.000000
118,10.389008,0.000000,1.000934,0.000000,0.000000,1.000000,0.950263,0,0.000230,0.002081,0.312381,10.133763,1.520065,1.093750,0.000000,0.000000
119,10.378539,0.000000,1.001425,0.000000,0.000000,1.000000,0.952132,0,0.000204,0.001965,0.299545,10.108725,1.516309,1.093750,0.000000,0.000000
120,10.307534,0.002481,1.000881,0.000000,0.000000,1.000000,0.775290,1,0.000207,0.001967,4.312412,10.182401,1.527360,1.093750,0.000000,0.000000
121,10.050957,0.002248,1.000982,0.000000,0.000000,1.000000,0.790264,1,0.000174,0.001565,3.870325,9.938271,1.490741,1.093750,0.000000,0.000000
122,10.420069,0.002924,1.001132,0.000000,0.000000,1.000000,0.804021,1,0.000180,0.002320,3.474204,10.318510,1.547776,1.093750,0.000000,0.000000
123,10.280918,0.002492,1.001210,0.000000,0.000000,1.000000,0.816860,1,0.000197,0.002369,3.113939,10.189506,1.528426,1.093750,0.000000,0.000000
124,10.222028,0.002335,1.001328,0.000000,0.000000,1.000000,0.829105,1,0.000173,0.001930,2.794650,10.139626,1.520944,1.093750,0.000000,0.000000
125,10.478930,0.002046,1.001419,0.000000,0.000000,1.000000,0.840493,1,0.000181,0.001990,2.506142,10.404679,1.560702,1.093750,0.000000,0.000000
126,10.237346,0.002799,1.001525,0.000000,0.000000,1.000000,0.849955,1,0.000178,0.001838,2.248228,10.170359,1.525554,1.093750,0.000000,0.000000
127,10.245942,0.002630,1.001645,0.000000,0.000000,1.000000,0.859411,1,0.000198,0.002169,2.016153,10.185532,1.527830,1.093750,0.000000,0.000000
128,10.173169,0.002516,1.001771,0.000000,0.000000,1.000000,0.868859,1,0.000211,0.001986,1.804910,10.118760,1.517814,1.093750,0.000000,0.000000
129,10.340969,0.002838,1.001841,0.000000,0.000000,1.000000,0.876098,1,0.000180,0.002177,1.614064,10.291981,1.543797,1.093750,0.000000,0.000000
130,10.147741,0.002647,1.001893,0.000000,0.000000,1.000000,0.883995,1,0.000313,0.002243,1.444237,10.103618,1.515543,1.093750,0.000000,0.000000
131,10.102791,0.002137,1.001961,0.000000,0.000000,1.000000,0.890345,1,0.000214,0.002569,1.294904,10.017388,1.502608,1.093750,0.000000,0.000000
132,10.411117,0.002302,1.002110,0.000000,0.000000,1.000000,0.896233,1,0.000191,0.001763,1.161265,10.308284,1.546243,1.093750,0.000000,0.000000
133,10.311469,0.002221,1.002129,0.000000,0.000000,1.000000,0.902236,1,0.000211,0.002043,1.038641,10.172773,1.525916,1.093750,0.000000,0.000000
134,10.292431,0.000000,0.997215,0.000000,0.000000,1.000000,0.907702,0,0.000182,0.001954,0.931826,10.138471,1.520771,1.093750,0.000000,0.000000
135,10.575979,0.000000,0.997685,0.000000,0.000000,1.000000,0.913042,0,0.000326,0.002020,0.836130,10.390164,1.558525,1.093750,0.000000,0.000000
136,10.486698,0.000000,0.998132,0.000000,0.000000,1.000000,0.918035,0,0.000179,0.002195,0.751507,10.286884,1.543033,1.093750,0.000000,0.000000
137,10.691385,0.000000,0.998516,0.000000,0.000000,1.000000,0.922153,0,0.000173,0.002180,0.677508,10.462576,1.569386,1.093750,0.000000,0.000000
138,10.515623,0.000000,0.998918,0.000000,0.000000,1.000000,0.926439,0,0.000307,0.002076,0.610274,10.274092,1.541114,1.093750,0.000000,0.000000
139,10.400292,0.000000,0.999265,0.000000,0.000000,1.000000,0.930308,0,0.000224,0.002488,0.554071,10.146051,1.521908,1.093750,0.000000,0.000000
140,10.256136,0.000000,0.999603,0.000000,0.000000,1.000000,0.933880,0,0.000201,0.002116,0.504839,10.003609,1.500541,1.093750,0.000000,0.000000
141,10.174817,0.000000,0.999867,0.000000,0.000000,1.000000,0.937296,0,0.000276,0.002091,0.461901,9.938004,1.490701,1.093750,0.000000,0.000000
142,10.483098,0.000000,1.000977,0.000000,0.000000,1.000000,0.939677,0,0.000376,0.002391,0.429483,10.246294,1.536944,1.093750,0.000000,0.000000
143,10.308419,0.000000,1.001053,0.000000,0.000000,1.000000,0.941581,0,0.000644,0.001821,0.399162,10.087033,1.513055,1.093750,0.000000,0.000000
144,10.196575,0.000000,1.001030,0.000000,0.000000,1.000000,0.943502,0,0.000194,0.002113,0.375063,9.989764,1.498465,1.093750,0.000000,0.000000
145,10.564158,0.000000,1.001055,0.000000,0.000000,1.000000,0.945304,0,0.000223,0.001944,0.356329,10.340631,1.551095,1.093750,0.000000,0.000000
146,10.561414,0.000000,1.001224,0.000000,0.000000,1.000000,0.946831,0,0.000312,0.002339,0.340446,10.337036,1.550555,1.093750,0.000000,0.000000
147,10.523299,0.000000,1.001214,0.000000,0.000000,1.000000,0.948321,0,0.000338,0.002149,0.325964,10.283056,1.542458,1.093750,0.000000,0.000000
148,10.448358,0.000000,1.000934,0.000000,0.000000,1.000000,0.950263,0,0.000200,0.002433,0.312381,10.193118,1.528968,1.093750,0.000000,0.000000
149,10.466732,0.000000,1.001425,0.000000,0.000000,1.000000,0.952132,0,0.000199,0.002057,0.299545,10.196916,1.529537,1.093750,0.000000,0.000000
150,10.163519,0.003033,1.000881,0.000000,0.000000,1.000000,0.775290,1,0.000414,0.001932,4.312412,10.038379,1.505757,1.093750,0.000000,0.000000
151,10.140719,0.002629,1.000982,0.000000,0.000000,1.000000,0.790264,1,0.000355,0.002176,3.870325,10.028026,1.504204,1.093750,0.000000,0.000000
152,10.425194,0.002173,1.001132,0.000000,0.000000,1.000000,0.804021,1,0.000132,0.002369,3.474204,10.323657,1.548548,1.093750,0.000000,0.000000
153,10.263815,0.002748,1.001210,0.000000,0.000000,1.000000,0.816860,1,0.000175,0.001975,3.113939,10.172400,1.525860,1.093750,0.000000,0.000000
154,10.222381,0.002054,1.001328,0.000000,0.000000,1.000000,0.829105,1,0.000177,0.001984,2.794650,10.139991,1.520999,1.093750,0.000000,0.000000
155,10.459230,0.002198,1.001419,0.000000,0.000000,1.000000,0.840493,1,0.000180,0.001864,2.506142,10.384976,1.557746,1.093750,0.000000,0.000000
156,10.289681,0.002008,1.001525,0.000000,0.000000,1.000000,0.849955,1,0.000180,0.002148,2.248228,10.222720,1.533408,1.093750,0.000000,0.000000
157,10.388592,0.002369,1.001645,0.000000,0.000000,1.000000,0.859411,1,0.000174,0.001792,2.016153,10.328195,1.549229,1.093750,0.000000,0.000000
158,10.204334,0.002465,1.001771,0.000000,0.000000,1.000000,0.868859,1,0.000189,0.002437,1.804910,10.149931,1.522490,1.093750,0.000000,0.000000
159,10.246310,0.002976,1.001841,0.000000,0.000000,1.000000,0.876098,1,0.000200,0.001934,1.614064,10.197323,1.529598,1.093750,0.000000,0.000000
160,10.182368,0.002305,1.001893,0.000000,0.000000,1.000000,0.883995,1,0.000237,0.001845,1.444237,10.138254,1.520738,1.093750,0.000000,0.000000
161,10.148409,0.002407,1.001961,0.000000,0.000000,1.000000,0.890345,1,0.000196,0.002090,1.294904,10.063007,1.509451,1.093750,0.000000,0.000000
162,10.513904,0.001982,1.002110,0.000000,0.000000,1.000000,0.896233,1,0.000182,0.001982,1.161265,10.411086,1.561663,1.093750,0.000000,0.000000
163,10.330939,0.001972,1.002129,0.000000,0.000000,1.000000,0.902236,1,0.000196,0.002355,1.038641,10.192263,1.528839,1.093750,0.000000,0.000000
164,10.320808,0.000000,0.997215,0.000000,0.000000,1.000000,0.907702,0,0.000189,0.001817,0.931826,10.166853,1.525028,1.093750,0.000000,0.000000
165,10.664022,0.000000,0.997685,0.000000,0.000000,1.000000,0.913042,0,0.000204,0.002009,0.836130,10.478200,1.571730,1.093750,0.000000,0.000000
166,10.440794,0.000000,0.998132,0.000000,0.000000,1.000000,0.918035,0,0.000202,0.002151,0.751507,10.240968,1.536145,1.093750,0.000000,0.000000
167,10.564832,0.000000,0.998516,0.000000,0.000000,1.000000,0.922153,0,0.000203,0.001957,0.677508,10.336014,1.550402,1.093750,0.000000,0.000000
168,10.482232,0.000000,0.998918,0.000000,0.000000,1.000000,0.926439,0,0.000198,0.001970,0.610274,10.240700,1.536105,1.093750,0.000000,0.000000
169,10.468311,0.000000,0.999265,0.000000,0.000000,1.000000,0.930308,0,0.000200,0.001730,0.554071,10.214068,1.532110,1.093750,0.000000,0.000000
170,10.383211,0.000000,0.999603,0.000000,0.000000,1.000000,0.933880,0,0.000309,0.001937,0.504839,10.130690,1.519604,1.093750,0.000000,0.000000
171,10.307995,0.000000,0.999867,0.000000,0.000000,1.000000,0.937296,0,0.000193,0.002125,0.461901,10.071185,1.510678,1.093750,0.000000,0.000000
172,10.595591,0.000000,1.000977,0.000000,0.000000,1.000000,0.939677,0,0.000198,0.001882,0.429483,10.358778,1.553817,1.093750,0.000000,0.000000
173,10.289968,0.000000,1.001053,0.000000,0.000000,1.000000,0.941581,0,0.000234,0.002210,0.399162,10.068582,1.510287,1.093750,0.000000,0.000000
174,10.209335,0.000000,1.001030,0.000000,0.000000,1.000000,0.943502,0,0.000496,0.002052,0.375063,10.002523,1.500378,1.093750,0.000000,0.000000
175,10.702055,0.000000,1.001055,0.000000,0.000000,1.000000,0.945304,0,0.000179,0.001974,0.356329,10.478528,1.571779,1.093750,0.000000,0.000000
176,10.561527,0.000000,1.001224,0.000000,0.000000,1.000000,0.946831,0,0.000338,0.002110,0.340446,10.337142,1.550571,1.093750,0.000000,0.000000
177,10.412572,0.000000,1.001214,0.000000,0.000000,1.000000,0.948321,0,0.000178,0.002183,0.325964,10.172328,1.525849,1.093750,0.000000,0.000000
178,10.342287,0.000000,1.000934,0.000000,0.000000,1.000000,0.950263,0,0.000178,0.001940,0.312381,10.087046,1.513057,1.093750,0.000000,0.000000
179,10.251977,0.000000,1.001425,0.000000,0.000000,1.000000,0.952132,0,0.000213,0.001726,0.299545,9.982165,1.497325,1.093750,0.000000,0.000000
180,10.054390,0.002491,1.000881,0.000000,0.000000,1.000000,0.775290,1,0.000457,0.002021,4.312412,9.929273,1.489391,1.093750,0.000000,0.000000
181,9.983742,0.002068,1.000982,0.000000,0.000000,1.000000,0.790264,1,0.000197,0.002081,3.870325,9.871064,1.480660,1.093750,0.000000,0.000000
182,10.302602,0.002210,1.001132,0.000000,0.000000,1.000000,0.804021,1,0.000180,0.001654,3.474204,10.201062,1.530159,1.093750,0.000000,0.000000
183,10.111587,0.002410,1.001210,0.000000,0.000000,1.000000,0.816860,1,0.000177,0.001911,3.113939,10.020185,1.503028,1.093750,0.000000,0.000000
184,10.011486,0.003337,1.001328,0.000000,0.000000,1.000000,0.829105,1,0.000180,0.002059,2.794650,9.929056,1.489358,1.093750,0.000000,0.000000
185,10.392340,0.002406,1.001419,0.000000,0.000000,1.000000,0.840493,1,0.000198,0.002079,2.506142,10.318076,1.547711,1.093750,0.000000,0.000000
186,10.168284,0.002108,1.001525,0.000000,0.000000,1.000000,0.849955,1,0.000176,0.001972,2.248228,10.101323,1.515198,1.093750,0.000000,0.000000
187,10.395451,0.002567,1.001645,0.000000,0.000000,1.000000,0.859411,1,0.000193,0.002005,2.016153,10.335040,1.550256,1.093750,0.000000,0.000000
188,10.336936,0.002739,1.001771,0.000000,0.000000,1.000000,0.868859,1,0.000243,0.002261,1.804910,10.282524,1.542379,1.093750,0.000000,0.000000
189,10.210116,0.002141,1.001841,0.000000,0.000000,1.000000,0.876098,1,0.000231,0.001876,1.614064,10.161137,1.524171,1.093750,0.000000,0.000000
190,9.970893,0.002495,1.001893,0.000000,0.000000,1.000000,0.883995,1,0.000179,0.001967,1.444237,9.926772,1.489016,1.093750,0.000000,0.000000
191,10.155296,0.002635,1.001961,0.000000,0.000000,1.000000,0.890345,1,0.000176,0.001839,1.294904,10.069885,1.510483,1.093750,0.000000,0.000000
192,10.599128,0.002435,1.002110,0.000000,0.000000,1.000000,0.896233,1,0.000222,0.002480,1.161265,10.496289,1.574443,1.093750,0.000000,0.000000
193,10.418302,0.002342,1.002129,0.000000,0.000000,1.000000,0.902236,1,0.000298,0.002062,1.038641,10.279607,1.541941,1.093750,0.000000,0.000000
194,10.276678,0.000000,0.997215,0.000000,0.000000,1.000000,0.907702,0,0.000367,0.002158,0.931826,10.122718,1.518408,1.093750,0.000000,0.000000
195,10.669770,0.000000,0.997685,0.000000,0.000000,1.000000,0.913042,0,0.000339,0.002005,0.836130,10.483958,1.572594,1.093750,0.000000,0.000000
196,10.500948,0.000000,0.998132,0.000000,0.000000,1.000000,0.918035,0,0.000371,0.002379,0.751507,10.301125,1.545169,1.093750,0.000000,0.000000
197,10.518870,0.000000,0.998516,0.000000,0.000000,1.000000,0.922153,0,0.000338,0.001855,0.677508,10.290053,1.543508,1.093750,0.000000,0.000000
198,10.485973,0.000000,0.998918,0.000000,0.000000,1.000000,0.926439,0,0.000223,0.001815,0.610274,10.244446,1.536667,1.093750,0.000000,0.000000
199,10.419737,0.000000,0.999265,0.000000,0.000000,1.000000,0.930308,0,0.000302,0.001671,0.554071,10.165490,1.524823,1.093750,0.000000,0.000000
200,10.398832,0.000000,0.999603,0.000000,0.000000,1.000000,0.933880,0,0.000311,0.002111,0.504839,10.146306,1.521946,1.093750,0.000000,0.000000
201,10.289703,0.000000,0.999867,0.000000,0.000000,1.000000,0.937296,0,0.000197,0.001941,0.461901,10.052889,1.507933,1.093750,0.000000,0.000000
202,10.594561,0.000000,1.000977,0.000000,0.000000,1.000000,0.939677,0,0.000217,0.002011,0.429483,10.357746,1.553662,1.093750,0.000000,0.000000
203,10.496864,0.000000,1.001053,0.000000,0.000000,1.000000,0.941581,0,0.000216,0.001970,0.399162,10.275471,1.541321,1.093750,0.000000,0.000000
204,10.349310,0.000000,1.001030,0.000000,0.000000,1.000000,0.943502,0,0.000408,0.001834,0.375063,10.142498,1.521375,1.093750,0.000000,0.000000
205,10.702263,0.000000,1.001055,0.000000,0.000000,1.000000,0.945304,0,0.000237,0.002382,0.356329,10.478732,1.571810,1.093750,0.000000,0.000000
206,10.544111,0.000000,1.001224,0.000000,0.000000,1.000000,0.946831,0,0.000315,0.002008,0.340446,10.319724,1.547959,1.093750,0.000000,0.000000
207,10.593673,0.000000,1.001214,0.000000,0.000000,1.000000,0.948321,0,0.000215,0.002445,0.325964,10.353434,1.553015,1.093750,0.000000,0.000000
208,10.386881,0.000000,1.000934,0.000000,0.000000,1.000000,0.950263,0,0.000233,0.002230,0.312381,10.131641,1.519746,1.093750,0.000000,0.000000
209,10.386871,0.000000,1.001425,0.000000,0.000000,1.000000,0.952132,0,0.000423,0.001621,0.299545,10.117058,1.517559,1.093750,0.000000,0.000000
210,10.180190,0.002296,1.000881,0.000000,0.000000,1.000000,0.775290,1,0.000309,0.001663,4.312412,10.055069,1.508260,1.093750,0.000000,0.000000
211,10.148198,0.002010,1.000982,0.000000,0.000000,1.000000,0.790264,1,0.000169,0.002020,3.870325,10.035523,1.505328,1.093750,0.000000,0.000000
212,10.337392,0.002013,1.001132,0.000000,0.000000,1.000000,0.804021,1,0.000170,0.002320,3.474204,10.235852,1.535378,1.093750,0.000000,0.000000
213,10.193245,0.002440,1.001210,0.000000,0.000000,1.000000,0.816860,1,0.000226,0.002056,3.113939,10.101842,1.515276,1.093750,0.000000,0.000000
214,10.083052,0.002536,1.001328,0.000000,0.000000,1.000000,0.829105,1,0.000180,0.002022,2.794650,10.000647,1.500097,1.093750,0.000000,0.000000
215,10.413848,0.002328,1.001419,0.000000,0.000000,1.000000,0.840493,1,0.000176,0.002376,2.506142,10.339591,1.550939,1.093750,0.000000,0.000000
216,10.216811,0.002081,1.001525,0.000000,0.000000,1.000000,0.849955,1,0.000199,0.002364,2.248228,10.149846,1.522477,1.093750,0.000000,0.000000
217,10.261279,0.002235,1.001645,0.000000,0.000000,1.000000,0.859411,1,0.000188,0.002015,2.016153,10.200876,1.530131,1.093750,0.000000,0.000000
218,10.202597,0.002154,1.001771,0.000000,0.000000,1.000000,0.868859,1,0.000196,0.001946,1.804910,10.148193,1.522229,1.093750,0.000000,0.000000
219,10.320597,0.002607,1.001841,0.000000,0.000000,1.000000,0.876098,1,0.000172,0.002535,1.614064,10.271616,1.540742,1.093750,0.000000,0.000000
220,10.049530,0.002322,1.001893,0.000000,0.000000,1.000000,0.883995,1,0.000237,0.001720,1.444237,10.005412,1.500812,1.093750,0.000000,0.000000
221,10.065717,0.002253,1.001961,0.000000,0.000000,1.000000,0.890345,1,0.000197,0.002165,1.294904,9.980317,1.497048,1.093750,0.000000,0.000000
222,10.396315,0.002001,1.002110,0.000000,0.000000,1.000000,0.896233,1,0.000200,0.001795,1.161265,10.293492,1.544024,1.093750,0.000000,0.000000
223,10.240094,0.002227,1.002129,0.000000,0.000000,1.000000,0.902236,1,0.000213,0.002148,1.038641,10.101406,1.515211,1.093750,0.000000,0.000000
224,10.154175,0.000000,0.997215,0.000000,0.000000,1.000000,0.907702,0,0.000206,0.002046,0.931826,10.000214,1.500032,1.093750,0.000000,0.000000
225,10.412481,0.000000,0.997685,0.000000,0.000000,1.000000,0.913042,0,0.000228,0.002123,0.836130,10.226664,1.534000,1.093750,0.000000,0.000000
226,10.351648,0.000000,0.998132,0.000000,0.000000,1.000000,0.918035,0,0.000228,0.001986,0.751507,10.151833,1.522775,1.093750,0.000000,0.000000
227,10.437797,0.000000,0.998516,0.000000,0.000000,1.000000,0.922153,0,0.000364,0.002733,0.677508,10.208778,1.531317,1.093750,0.000000,0.000000
228,10.440322,0.000000,0.998918,0.000000,0.000000,1.000000,0.926439,0,0.000367,0.002316,0.610274,10.198797,1.529820,1.093750,0.000000,0.000000
229,10.488669,0.000000,0.999265,0.000000,0.000000,1.000000,0.930308,0,0.000237,0.001990,0.554071,10.234433,1.535165,1.093750,0.000000,0.000000
230,10.252352,0.000000,0.999603,0.000000,0.000000,1.000000,0.933880,0,0.000257,0.002019,0.504839,9.999821,1.499973,1.093750,0.000000,0.000000
231,10.120165,0.000000,0.999867,0.000000,0.000000,1.000000,0.937296,0,0.000193,0.001685,0.461901,9.883356,1.482503,1.093750,0.000000,0.000000
232,10.471115,0.000000,1.000977,0.000000,0.000000,1.000000,0.939677,0,0.000192,0.002181,0.429483,10.234300,1.535145,1.093750,0.000000,0.000000
233,10.302447,0.000000,1.001053,0.000000,0.000000,1.000000,0.941581,0,0.000202,0.002121,0.399162,10.081064,1.512160,1.093750,0.000000,0.000000
234,10.236843,0.000000,1.001030,0.000000,0.000000,1.000000,0.943502,0,0.000203,0.001893,0.375063,10.030032,1.504505,1.093750,0.000000,0.000000
235,10.636270,0.000000,1.001055,0.000000,0.000000,1.000000,0.945304,0,0.000194,0.002026,0.356329,10.412743,1.561911,1.093750,0.000000,0.000000
236,10.399254,0.000000,1.001224,0.000000,0.000000,1.000000,0.946831,0,0.000301,0.001963,0.340446,10.174869,1.526230,1.093750,0.000000,0.000000
237,10.369760,0.000000,1.001214,0.000000,0.000000,1.000000,0.948321,0,0.000200,0.001976,0.325964,10.129515,1.519427,1.093750,0.000000,0.000000
238,10.311556,0.000000,1.000934,0.000000,0.000000,1.000000,0.950263,0,0.000323,0.002336,0.312381,10.056316,1.508447,1.093750,0.000000,0.000000
239,10.314459,0.000000,1.001425,0.000000,0.000000,1.000000,0.952132,0,0.000197,0.001741,0.299545,10.044649,1.506697,1.093750,0.000000,0.000000
240,10.059723,0.002749,1.000881,0.000000,0.000000,1.000000,0.775290,1,0.000240,0.002264,4.312412,9.934587,1.490188,1.093750,0.000000,0.000000
241,10.006402,0.002867,1.000982,0.000000,0.000000,1.000000,0.790264,1,0.000180,0.002103,3.870325,9.893700,1.484055,1.093750,0.000000,0.000000
242,10.315217,0.002791,1.001132,0.000000,0.000000,1.000000,0.804021,1,0.000180,0.002137,3.474204,10.213661,1.532049,1.093750,0.000000,0.000000
243,10.173797,0.002447,1.001210,0.000000,0.000000,1.000000,0.816860,1,0.000213,0.001811,3.113939,10.082391,1.512359,1.093750,0.000000,0.000000
244,10.236351,0.002324,1.001328,0.000000,0.000000,1.000000,0.829105,1,0.000185,0.001887,2.794650,10.153947,1.523092,1.093750,0.000000,0.000000
245,10.361585,0.002412,1.001419,0.000000,0.000000,1.000000,0.840493,1,0.000182,0.001913,2.506142,10.287318,1.543098,1.093750,0.000000,0.000000
246,10.252032,0.002366,1.001525,0.000000,0.000000,1.000000,0.849955,1,0.000380,0.002225,2.248228,10.185049,1.527757,1.093750,0.000000,0.000000
247,10.291307,0.002601,1.001645,0.000000,0.000000,1.000000,0.859411,1,0.000205,0.002070,2.016153,10.230898,1.534635,1.093750,0.000000,0.000000
248,10.172883,0.002922,1.001771,0.000000,0.000000,1.000000,0.868859,1,0.000196,0.002002,1.804910,10.118463,1.517769,1.093750,0.000000,0.000000
249,10.193980,0.002743,1.001841,0.000000,0.000000,1.000000,0.876098,1,0.000180,0.002171,1.614064,10.144994,1.521749,1.093750,0.000000,0.000000
250,10.038328,0.002174,1.001893,0.000000,0.000000,1.000000,0.883995,1,0.000236,0.002075,1.444237,9.994216,1.499132,1.093750,0.000000,0.000000
251,10.047037,0.002408,1.001961,0.000000,0.000000,1.000000,0.890345,1,0.000221,0.001789,1.294904,9.961632,1.494245,1.093750,0.000000,0.000000
252,10.366309,0.002621,1.002110,0.000000,0.000000,1.000000,0.896233,1,0.000233,0.002163,1.161265,10.263470,1.539520,1.093750,0.000000,0.000000
253,10.209482,0.002323,1.002129,0.000000,0.000000,1.000000,0.902236,1,0.000199,0.001505,1.038641,10.070783,1.510617,1.093750,0.000000,0.000000
254,10.159929,0.000000,0.997215,0.000000,0.000000,1.000000,0.907702,0,0.000201,0.001710,0.931826,10.005972,1.500896,1.093750,0.000000,0.000000
255,10.512672,0.000000,0.997685,0.000000,0.000000,1.000000,0.913042,0,0.000401,0.002076,0.836130,10.326858,1.549029,1.093750,0.000000,0.000000
256,10.355031,0.000000,0.998132,0.000000,0.000000,1.000000,0.918035,0,0.000216,0.001658,0.751507,10.155217,1.523283,1.093750,0.000000,0.000000
257,10.454241,0.000000,0.998516,0.000000,0.000000,1.000000,0.922153,0,0.000224,0.002272,0.677508,10.225431,1.533815,1.093750,0.000000,0.000000
258,10.389435,0.000000,0.998918,0.000000,0.000000,1.000000,0.926439,0,0.000191,0.001898,0.610274,10.147911,1.522187,1.093750,0.000000,0.000000
259,10.396158,0.000000,0.999265,0.000000,0.000000,1.000000,0.930308,0,0.000188,0.001893,0.554071,10.141910,1.521287,1.093750,0.000000,0.000000
260,10.239654,0.000000,0.999603,0.000000,0.000000,1.000000,0.933880,0,0.000281,0.002394,0.504839,9.987113,1.498067,1.093750,0.000000,0.000000
261,10.206381,0.000000,0.999867,0.000000,0.000000,1.000000,0.937296,0,0.000266,0.002129,0.461901,9.969559,1.495434,1.093750,0.000000,0.000000
262,10.491726,0.000000,1.000977,0.000000,0.000000,1.000000,0.939677,0,0.000235,0.002342,0.429483,10.254911,1.538237,1.093750,0.000000,0.000000
263,10.386366,0.000000,1.001053,0.000000,0.000000,1.000000,0.941581,0,0.000195,0.002124,0.399162,10.164977,1.524747,1.093750,0.000000,0.000000
264,10.323480,0.000000,1.001030,0.000000,0.000000,1.000000,0.943502,0,0.000265,0.001651,0.375063,10.116660,1.517499,1.093750,0.000000,0.000000
265,10.602097,0.000000,1.001055,0.000000,0.000000,1.000000,0.945304,0,0.000190,0.001729,0.356329,10.378557,1.556783,1.093750,0.000000,0.000000
266,10.447574,0.000000,1.001224,0.000000,0.000000,1.000000,0.946831,0,0.000145,0.001553,0.340446,10.223186,1.533478,1.093750,0.000000,0.000000
267,10.396074,0.000000,1.001214,0.000000,0.000000,1.000000,0.948321,0,0.000231,0.001664,0.325964,10.155821,1.523373,1.093750,0.000000,0.000000
268,10.351525,0.000000,1.000934,0.000000,0.000000,1.000000,0.950263,0,0.000311,0.001834,0.312381,10.096283,1.514442,1.093750,0.000000,0.000000
269,10.377347,0.000000,1.001425,0.000000,0.000000,1.000000,0.952132,0,0.000312,0.001673,0.299545,10.107533,1.516130,1.093750,0.000000,0.000000
270,10.231280,0.003014,1.000881,0.000000,0.000000,1.000000,0.775290,1,0.000388,0.002640,4.312412,10.106139,1.515921,1.093750,0.000000,0.000000
271,10.099944,0.002663,1.000982,0.000000,0.000000,1.000000,0.790264,1,0.000191,0.002155,3.870325,9.987250,1.498088,1.093750,0.000000,0.000000
272,10.275232,0.002606,1.001132,0.000000,0.000000,1.000000,0.804021,1,0.000175,0.001918,3.474204,10.173674,1.526051,1.093750,0.000000,0.000000
273,10.121579,0.002768,1.001210,0.000000,0.000000,1.000000,0.816860,1,0.000177,0.002053,3.113939,10.030165,1.504525,1.093750,0.000000,0.000000
274,10.099929,0.002575,1.001328,0.000000,0.000000,1.000000,0.829105,1,0.000191,0.001868,2.794650,10.017520,1.502628,1.093750,0.000000,0.000000
275,10.410877,0.002432,1.001419,0.000000,0.000000,1.000000,0.840493,1,0.000177,0.001769,2.506142,10.336614,1.550492,1.093750,0.000000,0.000000
276,10.248522,0.002105,1.001525,0.000000,0.000000,1.000000,0.849955,1,0.000211,0.002262,2.248228,10.181555,1.527233,1.093750,0.000000,0.000000
277,10.309026,0.002298,1.001645,0.000000,0.000000,1.000000,0.859411,1,0.000194,0.001939,2.016153,10.248629,1.537294,1.093750,0.000000,0.000000
278,10.159681,0.002154,1.001771,0.000000,0.000000,1.000000,0.868859,1,0.000215,0.001734,1.804910,10.105287,1.515793,1.093750,0.000000,0.000000
279,10.119944,0.002099,1.001841,0.000000,0.000000,1.000000,0.876098,1,0.000213,0.002386,1.614064,10.070982,1.510647,1.093750,0.000000,0.000000
280,10.010795,0.002718,1.001893,0.000000,0.000000,1.000000,0.883995,1,0.000282,0.002229,1.444237,9.966669,1.495000,1.093750,0.000000,0.000000
281,9.988948,0.002185,1.001961,0.000000,0.000000,1.000000,0.890345,1,0.000195,0.002232,1.294904,9.903550,1.485532,1.093750,0.000000,0.000000
282,10.302514,0.002133,1.002110,0.000000,0.000000,1.000000,0.896233,1,0.000209,0.002460,1.161265,10.199686,1.529953,1.093750,0.000000,0.000000
283,10.172578,0.002173,1.002129,0.000000,0.000000,1.000000,0.902236,1,0.000191,0.001897,1.038641,10.033893,1.505084,1.093750,0.000000,0.000000
284,10.227864,0.000000,0.997215,0.000000,0.000000,1.000000,0.907702,0,0.000252,0.002195,0.931826,10.073902,1.511085,1.093750,0.000000,0.000000
285,10.553498,0.000000,0.997685,0.000000,0.000000,1.000000,0.913042,0,0.000300,0.001924,0.836130,10.367680,1.555152,1.093750,0.000000,0.000000
286,10.382018,0.000000,0.998132,0.000000,0.000000,1.000000,0.918035,0,0.000195,0.002199,0.751507,10.182197,1.527329,1.093750,0.000000,0.000000
287,10.415852,0.000000,0.998516,0.000000,0.000000,1.000000,0.922153,0,0.000214,0.002178,0.677508,10.187036,1.528055,1.093750,0.000000,0.000000
288,10.327623,0.000000,0.998918,0.000000,0.000000,1.000000,0.926439,0,0.000210,0.001970,0.610274,10.086096,1.512914,1.093750,0.000000,0.000000
289,10.272544,0.000000,0.999265,0.000000,0.000000,1.000000,0.930308,0,0.000197,0.001865,0.554071,10.018297,1.502745,1.093750,0.000000,0.000000
290,10.171158,0.000000,0.999603,0.000000,0.000000,1.000000,0.933880,0,0.000177,0.001933,0.504839,9.918633,1.487795,1.093750,0.000000,0.000000
291,10.100536,0.000000,0.999867,0.000000,0.000000,1.000000,0.937296,0,0.000311,0.001961,0.461901,9.863723,1.479558,1.093750,0.000000,0.000000
292,10.394479,0.000000,1.000977,0.000000,0.000000,1.000000,0.939677,0,0.000319,0.002302,0.429483,10.157667,1.523650,1.093750,0.000000,0.000000
293,10.297898,0.000000,1.001053,0.000000,0.000000,1.000000,0.941581,0,0.000180,0.001998,0.399162,10.076512,1.511477,1.093750,0.000000,0.000000
294,10.235013,0.000000,1.001030,0.000000,0.000000,1.000000,0.943502,0,0.000178,0.001861,0.375063,10.028196,1.504229,1.093750,0.000000,0.000000
295,10.441237,0.000000,1.001055,0.000000,0.000000,1.000000,0.945304,0,0.000209,0.002421,0.356329,10.217711,1.532657,1.093750,0.000000,0.000000
296,10.318747,0.000000,1.001224,0.000000,0.000000,1.000000,0.946831,0,0.000332,0.001954,0.340446,10.094359,1.514154,1.093750,0.000000,0.000000
297,10.353557,0.000000,1.001214,0.000000,0.000000,1.000000,0.948321,0,0.000225,0.001879,0.325964,10.113319,1.516998,1.093750,0.000000,0.000000
298,10.251011,0.000000,1.000934,0.000000,0.000000,1.000000,0.950263,0,0.000378,0.001811,0.312381,9.995770,1.499366,1.093750,0.000000,0.000000
299,10.278968,0.000000,1.001425,0.000000,0.000000,1.000000,0.952132,0,0.000199,0.002395,0.299545,10.009150,1.501372,1.093750,0.000000,0.000000
300,10.042016,0.002703,1.000881,0.000000,0.000000,1.000000,0.775290,1,0.000195,0.002054,4.312412,9.916891,1.487534,1.093750,0.000000,0.000000
301,9.971439,0.002110,1.000982,0.000000,0.000000,1.000000,0.790264,1,0.000183,0.002256,3.870325,9.858760,1.478814,1.093750,0.000000,0.000000
302,10.319032,0.002344,1.001132,0.000000,0.000000,1.000000,0.804021,1,0.000176,0.002540,3.474204,10.217486,1.532623,1.093750,0.000000,0.000000
303,10.126155,0.002292,1.001210,0.000000,0.000000,1.000000,0.816860,1,0.000182,0.002197,3.113939,10.034751,1.505213,1.093750,0.000000,0.000000
304,10.023880,0.002120,1.001328,0.000000,0.000000,1.000000,0.829105,1,0.000178,0.001730,2.794650,9.941482,1.491222,1.093750,0.000000,0.000000
305,10.321153,0.002488,1.001419,0.000000,0.000000,1.000000,0.840493,1,0.000246,0.002187,2.506142,10.246889,1.537033,1.093750,0.000000,0.000000
306,10.118584,0.002327,1.001525,0.000000,0.000000,1.000000,0.849955,1,0.000200,0.002334,2.248228,10.051610,1.507741,1.093750,0.000000,0.000000
307,10.201317,0.001978,1.001645,0.000000,0.000000,1.000000,0.859411,1,0.000202,0.002000,2.016153,10.140930,1.521139,1.093750,0.000000,0.000000
308,10.067988,0.002229,1.001771,0.000000,0.000000,1.000000,0.868859,1,0.000191,0.002143,1.804910,10.013590,1.502039,1.093750,0.000000,0.000000
309,10.035310,0.002026,1.001841,0.000000,0.000000,1.000000,0.876098,1,0.000177,0.002315,1.614064,9.986347,1.497952,1.093750,0.000000,0.000000
310,9.968174,0.002708,1.001893,0.000000,0.000000,1.000000,0.883995,1,0.000176,0.002457,1.444237,9.924046,1.488607,1.093750,0.000000,0.000000
311,10.008707,0.002758,1.001961,0.000000,0.000000,1.000000,0.890345,1,0.000212,0.002246,1.294904,9.923291,1.488494,1.093750,0.000000,0.000000
312,10.415755,0.002249,1.002110,0.000000,0.000000,1.000000,0.896233,1,0.000235,0.002360,1.161265,10.312926,1.546939,1.093750,0.000000,0.000000
313,10.191462,0.002140,1.002129,0.000000,0.000000,1.000000,0.902236,1,0.000421,0.002273,1.038641,10.052776,1.507916,1.093750,0.000000,0.000000
314,10.113940,0.000000,0.997215,0.000000,0.000000,1.000000,0.907702,0,0.000195,0.002082,0.931826,9.959980,1.493997,1.093750,0.000000,0.000000
315,10.425940,0.000000,0.997685,0.000000,0.000000,1.000000,0.913042,0,0.000311,0.002429,0.836130,10.240125,1.536019,1.093750,0.000000,0.000000
316,10.286549,0.000000,0.998132,0.000000,0.000000,1.000000,0.918035,0,0.000195,0.002191,0.751507,10.086739,1.513011,1.093750,0.000000,0.000000
317,10.352375,0.000000,0.998516,0.000000,0.000000,1.000000,0.922153,0,0.000424,0.002070,0.677508,10.123556,1.518533,1.093750,0.000000,0.000000
318,10.246465,0.000000,0.998918,0.000000,0.000000,1.000000,0.926439,0,0.000192,0.002250,0.610274,10.004944,1.500742,1.093750,0.000000,0.000000
319,10.295818,0.000000,0.999265,0.000000,0.000000,1.000000,0.930308,0,0.000224,0.002045,0.554071,10.041584,1.506238,1.093750,0.000000,0.000000
320,10.152724,0.000000,0.999603,0.000000,0.000000,1.000000,0.933880,0,0.000197,0.002424,0.504839,9.900200,1.485030,1.093750,0.000000,0.000000
321,10.135868,0.000000,0.999867,0.000000,0.000000,1.000000,0.937296,0,0.000208,0.002340,0.461901,9.899060,1.484859,1.093750,0.000000,0.000000
322,10.376210,0.000000,1.000977,0.000000,0.000000,1.000000,0.939677,0,0.000201,0.002455,0.429483,10.139400,1.520910,1.093750,0.000000,0.000000
323,10.233652,0.000000,1.001053,0.000000,0.000000,1.000000,0.941581,0,0.000310,0.002407,0.399162,10.012268,1.501840,1.093750,0.000000,0.000000
324,10.172665,0.000000,1.001030,0.000000,0.000000,1.000000,0.943502,0,0.000193,0.002230,0.375063,9.965853,1.494878,1.093750,0.000000,0.000000
325,10.437435,0.000000,1.001055,0.000000,0.000000,1.000000,0.945304,0,0.000441,0.002150,0.356329,10.213903,1.532086,1.093750,0.000000,0.000000
326,10.299573,0.000000,1.001224,0.000000,0.000000,1.000000,0.946831,0,0.000308,0.002324,0.340446,10.075186,1.511278,1.093750,0.000000,0.000000
327,10.394510,0.000000,1.001549,0.000000,0.000000,1.000000,0.948321,0,0.000397,0.002264,0.325964,10.154268,1.523140,1.093750,0.000000,0.000000
328,10.273165,0.000000,1.000934,0.000000,0.000000,1.000000,0.949655,0,0.000191,0.001734,0.311799,10.034490,1.505173,1.093750,0.000000,0.000000
329,10.253184,0.000000,1.001425,0.000000,0.000000,1.000000,0.951524,0,0.000334,0.002172,0.298939,9.996945,1.499542,1.093750,0.000000,0.000000
330,10.057803,0.003223,1.000881,0.000000,0.000000,1.000000,0.775290,1,0.000476,0.002210,4.312412,9.932657,1.489898,1.093750,0.000000,0.000000
331,9.972771,0.002132,1.000982,0.000000,0.000000,1.000000,0.790264,1,0.000179,0.002221,3.870325,9.860092,1.479014,1.093750,0.000000,0.000000
332,10.268446,0.002435,1.001132,0.000000,0.000000,1.000000,0.804021,1,0.000180,0.001786,3.474204,10.166901,1.525035,1.093750,0.000000,0.000000
333,10.106349,0.002358,1.001210,0.000000,0.000000,1.000000,0.816860,1,0.000199,0.002060,3.113939,10.014944,1.502242,1.093750,0.000000,0.000000
334,10.031754,0.002226,1.001328,0.000000,0.000000,1.000000,0.829105,1,0.000185,0.002333,2.794650,9.949349,1.492402,1.093750,0.000000,0.000000
335,10.291266,0.002245,1.001419,0.000000,0.000000,1.000000,0.840493,1,0.000176,0.002074,2.506142,10.217006,1.532551,1.093750,0.000000,0.000000
336,10.177279,0.002471,1.001525,0.000000,0.000000,1.000000,0.849955,1,0.000191,0.002148,2.248228,10.110301,1.516545,1.093750,0.000000,0.000000
337,10.166063,0.002866,1.001645,0.000000,0.000000,1.000000,0.859411,1,0.000191,0.002036,2.016153,10.105638,1.515846,1.093750,0.000000,0.000000
338,10.079767,0.002582,1.001771,0.000000,0.000000,1.000000,0.868859,1,0.000173,0.002201,1.804910,10.025356,1.503803,1.093750,0.000000,0.000000
339,10.037135,0.002276,1.001841,0.000000,0.000000,1.000000,0.876098,1,0.000426,0.002127,1.614064,9.988159,1.498224,1.093750,0.000000,0.000000
340,9.936450,0.002255,1.001893,0.000000,0.000000,1.000000,0.883995,1,0.000173,0.002137,1.444237,9.892330,1.483850,1.093750,0.000000,0.000000
341,9.963075,0.002406,1.001961,0.000000,0.000000,1.000000,0.890345,1,0.000180,0.001796,1.294904,9.877671,1.481651,1.093750,0.000000,0.000000
342,10.273472,0.002427,1.002110,0.000000,0.000000,1.000000,0.896233,1,0.000192,0.001942,1.161265,10.170636,1.525595,1.093750,0.000000,0.000000
343,10.176289,0.002354,1.002129,0.000000,0.000000,1.000000,0.902236,1,0.000261,0.002570,1.038641,10.037598,1.505640,1.093750,0.000000,0.000000
344,10.170413,0.000000,0.997215,0.000000,0.000000,1.000000,0.907702,0,0.000304,0.002168,0.931826,10.016457,1.502468,1.093750,0.000000,0.000000
345,10.388448,0.000000,0.997685,0.000000,0.000000,1.000000,0.913042,0,0.000193,0.002243,0.836130,10.202637,1.530396,1.093750,0.000000,0.000000
346,10.275193,0.000000,0.998132,0.000000,0.000000,1.000000,0.918035,0,0.000229,0.002160,0.751507,10.075379,1.511307,1.093750,0.000000,0.000000
347,10.339634,0.000000,0.998516,0.000000,0.000000,1.000000,0.922153,0,0.000176,0.002322,0.677508,10.110820,1.516623,1.093750,0.000000,0.000000
348,10.234442,0.000000,0.998918,0.000000,0.000000,1.000000,0.926439,0,0.000192,0.002091,0.610274,9.992919,1.498938,1.093750,0.000000,0.000000
349,10.281698,0.000000,0.999265,0.000000,0.000000,1.000000,0.930308,0,0.000245,0.002645,0.554071,10.027457,1.504118,1.093750,0.000000,0.000000
350,10.159786,0.000000,0.999603,0.000000,0.000000,1.000000,0.933880,0,0.000110,0.001804,0.504839,9.907258,1.486089,1.093750,0.000000,0.000000
351,10.113237,0.000000,0.999867,0.000000,0.000000,1.000000,0.937296,0,0.000198,0.002510,0.461901,9.876419,1.481463,1.093750,0.000000,0.000000
352,10.487649,0.000000,1.000977,0.000000,0.000000,1.000000,0.939677,0,0.000197,0.002051,0.429483,10.250838,1.537626,1.093750,0.000000,0.000000
353,10.350561,0.000000,1.001053,0.000000,0.000000,1.000000,0.941581,0,0.000225,0.002296,0.399162,10.129176,1.519376,1.093750,0.000000,0.000000
354,10.335470,0.000000,1.001030,0.000000,0.000000,1.000000,0.943502,0,0.000200,0.002264,0.375063,10.128660,1.519299,1.093750,0.000000,0.000000
355,10.535605,0.000000,1.001055,0.000000,0.000000,1.000000,0.945304,0,0.000214,0.002179,0.356329,10.312083,1.546812,1.093750,0.000000,0.000000
356,10.374776,0.000000,1.001224,0.000000,0.000000,1.000000,0.946831,0,0.000310,0.002155,0.340446,10.150391,1.522559,1.093750,0.000000,0.000000
357,10.540964,0.000000,1.001549,0.000000,0.000000,1.000000,0.948321,0,0.000229,0.002070,0.325964,10.300716,1.545107,1.093750,0.000000,0.000000
358,10.734309,0.000000,1.000934,0.000000,0.000000,1.000000,0.949655,0,0.000243,0.001998,0.311799,10.495635,1.574345,1.093750,0.000000,0.000000
359,10.661536,0.000000,1.001425,0.000000,0.000000,1.000000,0.951524,0,0.000211,0.002095,0.298939,10.405292,1.560794,1.093750,0.000000,0.000000
360,10.242285,0.002744,1.000881,0.000000,0.000000,1.000000,0.775290,1,0.000310,0.002328,4.312412,10.117156,1.517573,1.093750,0.000000,0.000000
361,10.080445,0.002895,1.000982,0.000000,0.000000,1.000000,0.790264,1,0.000180,0.001925,3.870325,9.967742,1.495161,1.093750,0.000000,0.000000
362,10.283491,0.002375,1.001132,0.000000,0.000000,1.000000,0.804021,1,0.000241,0.002055,3.474204,10.181948,1.527292,1.093750,0.000000,0.000000
363,10.133174,0.002245,1.001210,0.000000,0.000000,1.000000,0.816860,1,0.000195,0.001705,3.113939,10.041773,1.506266,1.093750,0.000000,0.000000
364,10.027406,0.002443,1.001328,0.000000,0.000000,1.000000,0.829105,1,0.000190,0.002313,2.794650,9.945001,1.491750,1.093750,0.000000,0.000000
365,10.295513,0.002171,1.001419,0.000000,0.000000,1.000000,0.840493,1,0.000180,0.001826,2.506142,10.221253,1.533188,1.093750,0.000000,0.000000
366,10.143633,0.002537,1.001525,0.000000,0.000000,1.000000,0.849955,1,0.000308,0.001892,2.248228,10.076646,1.511497,1.093750,0.000000,0.000000
367,10.184882,0.002202,1.001645,0.000000,0.000000,1.000000,0.859411,1,0.000204,0.002110,2.016153,10.124484,1.518673,1.093750,0.000000,0.000000
368,10.159844,0.002939,1.001771,0.000000,0.000000,1.000000,0.868859,1,0.000229,0.002233,1.804910,10.105424,1.515814,1.093750,0.000000,0.000000
369,10.072802,0.002632,1.001841,0.000000,0.000000,1.000000,0.876098,1,0.000229,0.002198,1.614064,10.023819,1.503573,1.093750,0.000000,0.000000
370,9.952096,0.002196,1.001893,0.000000,0.000000,1.000000,0.883995,1,0.000356,0.002220,1.444237,9.907988,1.486198,1.093750,0.000000,0.000000
371,9.985101,0.002202,1.001961,0.000000,0.000000,1.000000,0.890345,1,0.000351,0.002271,1.294904,9.899706,1.484956,1.093750,0.000000,0.000000
372,10.278027,0.002902,1.002110,0.000000,0.000000,1.000000,0.896233,1,0.000196,0.002019,1.161265,10.175181,1.526277,1.093750,0.000000,0.000000
373,10.185238,0.002282,1.002129,0.000000,0.000000,1.000000,0.902236,1,0.000178,0.002047,1.038641,10.046554,1.506983,1.093750,0.000000,0.000000
374,10.119585,0.000000,0.997215,0.000000,0.000000,1.000000,0.907702,0,0.000195,0.002400,0.931826,9.965633,1.494845,1.093750,0.000000,0.000000
375,10.393822,0.000000,0.997685,0.000000,0.000000,1.000000,0.913042,0,0.000216,0.001848,0.836130,10.208003,1.531200,1.093750,0.000000,0.000000
376,10.256483,0.000000,0.998132,0.000000,0.000000,1.000000,0.918035,0,0.000173,0.002253,0.751507,10.056669,1.508500,1.093750,0.000000,0.000000
377,10.365314,0.000000,0.998516,0.000000,0.000000,1.000000,0.922153,0,0.000190,0.002406,0.677508,10.136499,1.520475,1.093750,0.000000,0.000000
378,10.259884,0.000000,0.998918,0.000000,0.000000,1.000000,0.926439,0,0.000224,0.001756,0.610274,10.018361,1.502754,1.093750,0.000000,0.000000
379,10.272458,0.000000,0.999265,0.000000,0.000000,1.000000,0.930308,0,0.000195,0.002106,0.554071,10.018222,1.502733,1.093750,0.000000,0.000000
380,10.171103,0.000000,0.999603,0.000000,0.000000,1.000000,0.933880,0,0.000200,0.001594,0.504839,9.918573,1.487786,1.093750,0.000000,0.000000
381,10.101274,0.000000,0.999867,0.000000,0.000000,1.000000,0.937296,0,0.000197,0.002048,0.461901,9.864463,1.479669,1.093750,0.000000,0.000000
382,10.400364,0.000000,1.000977,0.000000,0.000000,1.000000,0.939677,0,0.000229,0.001812,0.429483,10.163556,1.524533,1.093750,0.000000,0.000000
383,10.243886,0.000000,1.001053,0.000000,0.000000,1.000000,0.941581,0,0.000198,0.001939,0.399162,10.022500,1.503375,1.093750,0.000000,0.000000
384,10.163971,0.000000,1.001030,0.000000,0.000000,1.000000,0.943502,0,0.000200,0.002731,0.375063,9.957158,1.493574,1.093750,0.000000,0.000000
385,10.464626,0.000000,1.001055,0.000000,0.000000,1.000000,0.945304,0,0.000221,0.002919,0.356329,10.241098,1.536165,1.093750,0.000000,0.000000
386,10.339637,0.000000,1.001224,0.000000,0.000000,1.000000,0.946831,0,0.000211,0.001772,0.340446,10.115250,1.517287,1.093750,0.000000,0.000000
387,10.367750,0.000000,1.001214,0.000000,0.000000,1.000000,0.948321,0,0.000339,0.002025,0.325964,10.127508,1.519126,1.093750,0.000000,0.000000
388,10.296490,0.000000,1.000934,0.000000,0.000000,1.000000,0.950263,0,0.000186,0.001941,0.312381,10.041251,1.506188,1.093750,0.000000,0.000000
389,10.314567,0.000000,1.001769,0.000000,0.000000,1.000000,0.952132,0,0.000532,0.001680,0.299545,10.044754,1.506713,1.093750,0.000000,0.000000
390,10.029467,0.002343,1.000881,0.000000,0.000000,1.000000,0.775290,1,0.000398,0.002357,4.312412,9.904347,1.485652,1.093750,0.000000,0.000000
391,10.003285,0.002311,1.000982,0.000000,0.000000,1.000000,0.790264,1,0.000177,0.002155,3.870325,9.890599,1.483590,1.093750,0.000000,0.000000
392,10.261256,0.002438,1.001132,0.000000,0.000000,1.000000,0.804021,1,0.000225,0.001652,3.474204,10.159706,1.523956,1.093750,0.000000,0.000000
393,10.130322,0.002017,1.001210,0.000000,0.000000,1.000000,0.816860,1,0.000425,0.002206,3.113939,10.038931,1.505840,1.093750,0.000000,0.000000
394,10.124814,0.002521,1.001328,0.000000,0.000000,1.000000,0.829105,1,0.000178,0.002367,2.794650,10.042407,1.506361,1.093750,0.000000,0.000000
395,10.398046,0.002106,1.001419,0.000000,0.000000,1.000000,0.840493,1,0.000232,0.002877,2.506142,10.323789,1.548568,1.093750,0.000000,0.000000
396,10.144458,0.002165,1.001525,0.000000,0.000000,1.000000,0.849955,1,0.000164,0.002267,2.248228,10.077490,1.511623,1.093750,0.000000,0.000000
397,10.152108,0.002291,1.001645,0.000000,0.000000,1.000000,0.859411,1,0.000323,0.002302,2.016153,10.091709,1.513756,1.093750,0.000000,0.000000
398,10.104646,0.002439,1.001771,0.000000,0.000000,1.000000,0.868859,1,0.000175,0.002060,1.804910,10.050243,1.507536,1.093750,0.000000,0.000000
399,10.068017,0.002456,1.001841,0.000000,0.000000,1.000000,0.876098,1,0.000178,0.001742,1.614064,10.019042,1.502856,1.093750,0.000000,0.000000
400,9.936282,0.002336,1.001893,0.000000,0.000000,1.000000,0.883995,1,0.000302,0.002283,1.444237,9.892166,1.483825,1.093750,0.000000,0.000000
401,9.956736,0.002164,1.001961,0.000000,0.000000,1.000000,0.890345,1,0.000179,0.002393,1.294904,9.871332,1.480700,1.093750,0.000000,0.000000
402,10.279223,0.002058,1.002110,0.000000,0.000000,1.000000,0.896233,1,0.000176,0.002171,1.161265,10.176399,1.526460,1.093750,0.000000,0.000000
403,10.173253,0.002119,1.002129,0.000000,0.000000,1.000000,0.902236,1,0.000180,0.001692,1.038641,10.034569,1.505185,1.093750,0.000000,0.000000
404,10.087827,0.000000,0.997215,0.000000,0.000000,1.000000,0.907702,0,0.000189,0.002902,0.931826,9.933872,1.490081,1.093750,0.000000,0.000000
405,10.437474,0.000000,0.997685,0.000000,0.000000,1.000000,0.913042,0,0.000178,0.001916,0.836130,10.251662,1.537749,1.093750,0.000000,0.000000
406,10.290291,0.000000,0.998132,0.000000,0.000000,1.000000,0.918035,0,0.000191,0.001755,0.751507,10.090480,1.513572,1.093750,0.000000,0.000000
407,10.349129,0.000000,0.998516,0.000000,0.000000,1.000000,0.922153,0,0.000296,0.002459,0.677508,10.120313,1.518047,1.093750,0.000000,0.000000
408,10.261548,0.000000,0.998918,0.000000,0.000000,1.000000,0.926439,0,0.000182,0.007864,0.610274,10.020020,1.503003,1.093750,0.000000,0.000000
409,10.250612,0.000000,0.999265,0.000000,0.000000,1.000000,0.930308,0,0.000382,0.002038,0.554071,9.996371,1.499456,1.093750,0.000000,0.000000
410,10.149236,0.000000,0.999603,0.000000,0.000000,1.000000,0.933880,0,0.000334,0.002345,0.504839,9.896706,1.484506,1.093750,0.000000,0.000000
411,10.104055,0.000000,0.999867,0.000000,0.000000,1.000000,0.937296,0,0.000329,0.002291,0.461901,9.867240,1.480086,1.093750,0.000000,0.000000
412,10.382616,0.000000,1.000977,0.000000,0.000000,1.000000,0.939677,0,0.000187,0.001983,0.429483,10.145798,1.521870,1.093750,0.000000,0.000000
413,10.254876,0.000000,1.001053,0.000000,0.000000,1.000000,0.941581,0,0.000198,0.002057,0.399162,10.033493,1.505024,1.093750,0.000000,0.000000
414,10.159494,0.000000,1.001030,0.000000,0.000000,1.000000,0.943502,0,0.000252,0.002116,0.375063,9.952671,1.492901,1.093750,0.000000,0.000000
415,10.448598,0.000000,1.001055,0.000000,0.000000,1.000000,0.945304,0,0.000183,0.001805,0.356329,10.225072,1.533761,1.093750,0.000000,0.000000
416,10.335580,0.000000,1.001224,0.000000,0.000000,1.000000,0.946831,0,0.000255,0.002453,0.340446,10.111198,1.516680,1.093750,0.000000,0.000000
417,10.358415,0.000000,1.001549,0.000000,0.000000,1.000000,0.948321,0,0.000177,0.001781,0.325964,10.118177,1.517727,1.093750,0.000000,0.000000
418,10.243992,0.000000,1.000934,0.000000,0.000000,1.000000,0.949655,0,0.000255,0.002308,0.311799,10.005321,1.500798,1.093750,0.000000,0.000000
419,10.291427,0.000000,1.001425,0.000000,0.000000,1.000000,0.951524,0,0.000175,0.002217,0.298939,10.035182,1.505277,1.093750,0.000000,0.000000
420,10.027472,0.002135,1.000881,0.000000,0.000000,1.000000,0.775290,1,0.000178,0.002642,4.312412,9.902356,1.485353,1.093750,0.000000,0.000000
421,9.974326,0.002175,1.000982,0.000000,0.000000,1.000000,0.790264,1,0.000177,0.002409,3.870325,9.861642,1.479246,1.093750,0.000000,0.000000
422,10.257643,0.001968,1.001132,0.000000,0.000000,1.000000,0.804021,1,0.000241,0.002352,3.474204,10.156105,1.523416,1.093750,0.000000,0.000000
423,10.136847,0.002149,1.001210,0.000000,0.000000,1.000000,0.816860,1,0.000175,0.002062,3.113939,10.045451,1.506818,1.093750,0.000000,0.000000
424,10.034774,0.002083,1.001328,0.000000,0.000000,1.000000,0.829105,1,0.000179,0.002416,2.794650,9.952379,1.492857,1.093750,0.000000,0.000000
425,10.288776,0.002926,1.001419,0.000000,0.000000,1.000000,0.840493,1,0.000190,0.002242,2.506142,10.214499,1.532175,1.093750,0.000000,0.000000
426,10.150205,0.002555,1.001525,0.000000,0.000000,1.000000,0.849955,1,0.000183,0.002104,2.248228,10.083226,1.512484,1.093750,0.000000,0.000000
427,10.240633,0.002230,1.001645,0.000000,0.000000,1.000000,0.859411,1,0.000199,0.002131,2.016153,10.180235,1.527035,1.093750,0.000000,0.000000
428,10.115914,0.002553,1.001771,0.000000,0.000000,1.000000,0.868859,1,0.000182,0.002341,1.804910,10.061506,1.509226,1.093750,0.000000,0.000000
429,10.053313,0.002023,1.001841,0.000000,0.000000,1.000000,0.876098,1,0.000180,0.002235,1.614064,10.004349,1.500652,1.093750,0.000000,0.000000
430,9.959594,0.002265,1.001893,0.000000,0.000000,1.000000,0.883995,1,0.000222,0.002786,1.444237,9.915480,1.487322,1.093750,0.000000,0.000000
431,9.965670,0.002117,1.001961,0.000000,0.000000,1.000000,0.890345,1,0.000180,0.002533,1.294904,9.880276,1.482041,1.093750,0.000000,0.000000
432,10.261899,0.002157,1.002110,0.000000,0.000000,1.000000,0.896233,1,0.000210,0.002486,1.161265,10.159072,1.523861,1.093750,0.000000,0.000000
433,10.181206,0.002510,1.002129,0.000000,0.000000,1.000000,0.902236,1,0.000185,0.001962,1.038641,10.042513,1.506377,1.093750,0.000000,0.000000
434,10.093785,0.000000,0.997215,0.000000,0.000000,1.000000,0.907702,0,0.000173,0.002062,0.931826,9.939830,1.490975,1.093750,0.000000,0.000000
435,10.428989,0.000000,0.997685,0.000000,0.000000,1.000000,0.913042,0,0.000185,0.002171,0.836130,10.243176,1.536476,1.093750,0.000000,0.000000
436,10.489447,0.000000,0.998132,0.000000,0.000000,1.000000,0.918035,0,0.000228,0.002177,0.751507,10.289634,1.543445,1.093750,0.000000,0.000000
437,10.453469,0.000000,0.998516,0.000000,0.000000,1.000000,0.922153,0,0.000202,0.002196,0.677508,10.224646,1.533697,1.093750,0.000000,0.000000
438,10.260471,0.000000,0.998918,0.000000,0.000000,1.000000,0.926439,0,0.000195,0.002286,0.610274,10.018939,1.502841,1.093750,0.000000,0.000000
439,10.238708,0.000000,0.999265,0.000000,0.000000,1.000000,0.930308,0,0.000176,0.002459,0.554071,9.984467,1.497670,1.093750,0.000000,0.000000
440,10.142964,0.000000,0.999603,0.000000,0.000000,1.000000,0.933880,0,0.000195,0.002410,0.504839,9.890432,1.483565,1.093750,0.000000,0.000000
441,10.126394,0.000000,0.999867,0.000000,0.000000,1.000000,0.937296,0,0.000181,0.002569,0.461901,9.889588,1.483438,1.093750,0.000000,0.000000
442,10.394295,0.000000,1.000977,0.000000,0.000000,1.000000,0.939677,0,0.000200,0.001956,0.429483,10.157489,1.523623,1.093750,0.000000,0.000000
443,10.280607,0.000000,1.001053,0.000000,0.000000,1.000000,0.941581,0,0.000192,0.002178,0.399162,10.059228,1.508884,1.093750,0.000000,0.000000
444,10.214166,0.000000,1.001030,0.000000,0.000000,1.000000,0.943502,0,0.000207,0.001983,0.375063,10.007353,1.501103,1.093750,0.000000,0.000000
445,10.456253,0.000000,1.001055,0.000000,0.000000,1.000000,0.945304,0,0.000289,0.001871,0.356329,10.232731,1.534910,1.093750,0.000000,0.000000
446,10.314246,0.000000,1.001224,0.000000,0.000000,1.000000,0.946831,0,0.000409,0.002166,0.340446,10.089864,1.513480,1.093750,0.000000,0.000000
447,10.360136,0.000000,1.001549,0.000000,0.000000,1.000000,0.948321,0,0.000229,0.001930,0.325964,10.119898,1.517985,1.093750,0.000000,0.000000
448,10.241723,0.000000,1.000934,0.000000,0.000000,1.000000,0.949655,0,0.000571,0.001960,0.311799,10.003049,1.500457,1.093750,0.000000,0.000000
449,10.276132,0.000000,1.001425,0.000000,0.000000,1.000000,0.951524,0,0.000291,0.002392,0.298939,10.019895,1.502984,1.093750,0.000000,0.000000
450,10.016235,0.002238,1.000881,0.000000,0.000000,1.000000,0.775290,1,0.000372,0.002347,4.312412,9.891123,1.483669,1.093750,0.000000,0.000000
451,10.149032,0.002735,1.000982,0.000000,0.000000,1.000000,0.790264,1,0.000218,0.002201,3.870325,10.036341,1.505451,1.093750,0.000000,0.000000
452,10.307703,0.002273,1.001132,0.000000,0.000000,1.000000,0.804021,1,0.000209,0.002163,3.474204,10.206158,1.530924,1.093750,0.000000,0.000000
453,10.143126,0.002576,1.001210,0.000000,0.000000,1.000000,0.816860,1,0.000180,0.001731,3.113939,10.051718,1.507758,1.093750,0.000000,0.000000
454,10.025663,0.002160,1.001328,0.000000,0.000000,1.000000,0.829105,1,0.000167,0.001777,2.794650,9.943270,1.491490,1.093750,0.000000,0.000000
455,10.298903,0.002574,1.001419,0.000000,0.000000,1.000000,0.840493,1,0.000175,0.001842,2.506142,10.224637,1.533696,1.093750,0.000000,0.000000
456,10.122679,0.002387,1.001525,0.000000,0.000000,1.000000,0.849955,1,0.000179,0.001802,2.248228,10.055707,1.508356,1.093750,0.000000,0.000000
457,10.177523,0.002124,1.001645,0.000000,0.000000,1.000000,0.859411,1,0.000331,0.002208,2.016153,10.117128,1.517569,1.093750,0.000000,0.000000
458,10.068175,0.002625,1.001771,0.000000,0.000000,1.000000,0.868859,1,0.000175,0.001818,1.804910,10.013767,1.502065,1.093750,0.000000,0.000000
459,10.031847,0.002091,1.001841,0.000000,0.000000,1.000000,0.876098,1,0.000182,0.002125,1.614064,9.982879,1.497432,1.093750,0.000000,0.000000
460,9.931780,0.002161,1.001893,0.000000,0.000000,1.000000,0.883995,1,0.000246,0.002023,1.444237,9.887670,1.483150,1.093750,0.000000,0.000000
461,10.027912,0.002369,1.001961,0.000000,0.000000,1.000000,0.890345,1,0.000198,0.002131,1.294904,9.942511,1.491377,1.093750,0.000000,0.000000
462,10.252126,0.002232,1.002110,0.000000,0.000000,1.000000,0.896233,1,0.000188,0.001919,1.161265,10.149299,1.522395,1.093750,0.000000,0.000000
463,10.184863,0.002388,1.002129,0.000000,0.000000,1.000000,0.902236,1,0.000178,0.001750,1.038641,10.046172,1.506926,1.093750,0.000000,0.000000
464,10.113399,0.000000,0.997215,0.000000,0.000000,1.000000,0.907702,0,0.000176,0.002327,0.931826,9.959446,1.493917,1.093750,0.000000,0.000000
465,10.399993,0.000000,0.997685,0.000000,0.000000,1.000000,0.913042,0,0.000192,0.002148,0.836130,10.214183,1.532127,1.093750,0.000000,0.000000
466,10.324145,0.000000,0.998132,0.000000,0.000000,1.000000,0.918035,0,0.000351,0.001882,0.751507,10.124329,1.518649,1.093750,0.000000,0.000000
467,10.364712,0.000000,0.998516,0.000000,0.000000,1.000000,0.922153,0,0.000194,0.001848,0.677508,10.135895,1.520384,1.093750,0.000000,0.000000
468,10.286283,0.000000,0.998918,0.000000,0.000000,1.000000,0.926439,0,0.000199,0.002366,0.610274,10.044755,1.506713,1.093750,0.000000,0.000000
469,10.341219,0.000000,0.999265,0.000000,0.000000,1.000000,0.930308,0,0.000381,0.001777,0.554071,10.086967,1.513045,1.093750,0.000000,0.000000
470,10.183354,0.000000,0.999603,0.000000,0.000000,1.000000,0.933880,0,0.000239,0.002444,0.504839,9.930825,1.489624,1.093750,0.000000,0.000000
471,10.154243,0.000000,0.999867,0.000000,0.000000,1.000000,0.937296,0,0.000364,0.002176,0.461901,9.917431,1.487615,1.093750,0.000000,0.000000
472,10.413962,0.000000,1.000977,0.000000,0.000000,1.000000,0.939677,0,0.000183,0.002356,0.429483,10.177146,1.526572,1.093750,0.000000,0.000000
473,10.252104,0.000000,1.001053,0.000000,0.000000,1.000000,0.941581,0,0.000172,0.002311,0.399162,10.030721,1.504608,1.093750,0.000000,0.000000
474,10.172262,0.000000,1.001030,0.000000,0.000000,1.000000,0.943502,0,0.000180,0.002089,0.375063,9.965450,1.494817,1.093750,0.000000,0.000000
475,10.432628,0.000000,1.001055,0.000000,0.000000,1.000000,0.945304,0,0.000305,0.002084,0.356329,10.209096,1.531364,1.093750,0.000000,0.000000
476,10.277159,0.000000,1.001224,0.000000,0.000000,1.000000,0.946831,0,0.000289,0.002405,0.340446,10.052776,1.507916,1.093750,0.000000,0.000000
477,10.379096,0.000000,1.001549,0.000000,0.000000,1.000000,0.948321,0,0.000259,0.002074,0.325964,10.138857,1.520828,1.093750,0.000000,0.000000
478,10.395490,0.000000,1.000934,0.000000,0.000000,1.000000,0.949655,0,0.000217,0.002010,0.311799,10.156815,1.523522,1.093750,0.000000,0.000000
479,10.269659,0.000000,1.001425,0.000000,0.000000,1.000000,0.951524,0,0.000180,0.002436,0.298939,10.013417,1.502013,1.093750,0.000000,0.000000
480,10.056103,0.002139,1.000881,0.000000,0.000000,1.000000,0.775290,1,0.000177,0.002593,4.312412,9.930991,1.489649,1.093750,0.000000,0.000000
481,9.987164,0.002204,1.000982,0.000000,0.000000,1.000000,0.790264,1,0.000249,0.002288,3.870325,9.874487,1.481173,1.093750,0.000000,0.000000
482,10.259232,0.002122,1.001132,0.000000,0.000000,1.000000,0.804021,1,0.000176,0.002022,3.474204,10.157701,1.523655,1.093750,0.000000,0.000000
483,10.139713,0.002355,1.001210,0.000000,0.000000,1.000000,0.816860,1,0.000226,0.002410,3.113939,10.048314,1.507247,1.093750,0.000000,0.000000
484,10.020333,0.002327,1.001328,0.000000,0.000000,1.000000,0.829105,1,0.000176,0.001778,2.794650,9.937935,1.490690,1.093750,0.000000,0.000000
485,10.299237,0.002545,1.001419,0.000000,0.000000,1.000000,0.840493,1,0.000170,0.002240,2.506142,10.224971,1.533746,1.093750,0.000000,0.000000
486,10.170691,0.002404,1.001525,0.000000,0.000000,1.000000,0.849955,1,0.000177,0.002858,2.248228,10.103718,1.515558,1.093750,0.000000,0.000000
487,10.171337,0.002458,1.001645,0.000000,0.000000,1.000000,0.859411,1,0.000193,0.002373,2.016153,10.110934,1.516640,1.093750,0.000000,0.000000
488,10.078225,0.002517,1.001771,0.000000,0.000000,1.000000,0.868859,1,0.000170,0.001768,1.804910,10.023815,1.503572,1.093750,0.000000,0.000000
489,10.046053,0.002256,1.001841,0.000000,0.000000,1.000000,0.876098,1,0.000229,0.001945,1.614064,9.997073,1.499561,1.093750,0.000000,0.000000
490,9.923791,0.002045,1.001893,0.000000,0.000000,1.000000,0.883995,1,0.000175,0.002140,1.444237,9.879685,1.481953,1.093750,0.000000,0.000000
491,9.960464,0.002569,1.001961,0.000000,0.000000,1.000000,0.890345,1,0.000231,0.002402,1.294904,9.875056,1.481258,1.093750,0.000000,0.000000
492,10.264910,0.002095,1.002110,0.000000,0.000000,1.000000,0.896233,1,0.000192,0.001767,1.161265,10.162089,1.524313,1.093750,0.000000,0.000000
493,10.168644,0.010822,1.002129,0.000000,0.000000,1.000000,0.902236,1,0.000199,0.001988,1.038641,10.029714,1.504457,1.093750,0.000000,0.000000
494,10.141571,0.000000,0.997215,0.000000,0.000000,1.000000,0.907702,0,0.000194,0.002114,0.931826,9.987619,1.498143,1.093750,0.000000,0.000000
495,10.445302,0.000000,0.997685,0.000000,0.000000,1.000000,0.913042,0,0.000382,0.002184,0.836130,10.259494,1.538924,1.093750,0.000000,0.000000
496,10.283065,0.000000,0.998132,0.000000,0.000000,1.000000,0.918035,0,0.000193,0.002694,0.751507,10.083250,1.512487,1.093750,0.000000,0.000000
497,10.371097,0.000000,0.998516,0.000000,0.000000,1.000000,0.922153,0,0.000305,0.001950,0.677508,10.142282,1.521342,1.093750,0.000000,0.000000
498,10.268002,0.000000,0.998918,0.000000,0.000000,1.000000,0.926439,0,0.000177,0.002091,0.610274,10.026475,1.503971,1.093750,0.000000,0.000000
499,10.278238,0.000000,0.999265,0.000000,0.000000,1.000000,0.930308,0,0.000177,0.002214,0.554071,10.023994,1.503599,1.093750,0.000000,0.000000
500,10.145119,0.000000,0.999603,0.000000,0.000000,1.000000,0.933880,0,0.000248,0.002270,0.504839,9.892592,1.483889,1.093750,0.000000,0.000000
501,10.091041,0.000000,0.999867,0.000000,0.000000,1.000000,0.937296,0,0.000204,0.002264,0.461901,9.854229,1.478134,1.093750,0.000000,0.000000
502,10.422650,0.000000,1.000977,0.000000,0.000000,1.000000,0.939677,0,0.000169,0.002508,0.429483,10.185835,1.527875,1.093750,0.000000,0.000000
503,10.304852,0.000000,1.001053,0.000000,0.000000,1.000000,0.941581,0,0.000317,0.001828,0.399162,10.083450,1.512518,1.093750,0.000000,0.000000
504,10.136305,0.000000,1.001030,0.000000,0.000000,1.000000,0.943502,0,0.000203,0.002333,0.375063,9.929491,1.489424,1.093750,0.000000,0.000000
505,10.462363,0.000000,1.001055,0.000000,0.000000,1.000000,0.945304,0,0.000178,0.002348,0.356329,10.238831,1.535825,1.093750,0.000000,0.000000
506,10.287502,0.000000,1.001224,0.000000,0.000000,1.000000,0.946831,0,0.000195,0.001835,0.340446,10.063117,1.509467,1.093750,0.000000,0.000000
507,10.354913,0.000000,1.001549,0.000000,0.000000,1.000000,0.948321,0,0.000180,0.002589,0.325964,10.114673,1.517201,1.093750,0.000000,0.000000
508,10.280986,0.000000,1.000934,0.000000,0.000000,1.000000,0.949655,0,0.000192,0.002583,0.311799,10.042318,1.506348,1.093750,0.000000,0.000000
509,10.261078,0.000000,1.001425,0.000000,0.000000,1.000000,0.951524,0,0.000177,0.002142,0.298939,10.004832,1.500725,1.093750,0.000000,0.000000
510,10.049523,0.002712,1.000881,0.000000,0.000000,1.000000,0.775290,1,0.000217,0.002386,4.312412,9.924397,1.488659,1.093750,0.000000,0.000000
511,10.066651,0.002587,1.000982,0.000000,0.000000,1.000000,0.790264,1,0.000180,0.001593,3.870325,9.953957,1.493094,1.093750,0.000000,0.000000
512,10.286852,0.002201,1.001132,0.000000,0.000000,1.000000,0.804021,1,0.000175,0.002234,3.474204,10.185313,1.527797,1.093750,0.000000,0.000000
513,10.097255,0.002376,1.001210,0.000000,0.000000,1.000000,0.816860,1,0.000285,0.001843,3.113939,10.005847,1.500877,1.093750,0.000000,0.000000
514,10.008999,0.002119,1.001328,0.000000,0.000000,1.000000,0.829105,1,0.000180,0.010287,2.794650,9.926597,1.488989,1.093750,0.000000,0.000000
515,10.282094,0.002515,1.001419,0.000000,0.000000,1.000000,0.840493,1,0.000100,0.002084,2.506142,10.207830,1.531175,1.093750,0.000000,0.000000
516,10.164212,0.002505,1.001525,0.000000,0.000000,1.000000,0.849955,1,0.000177,0.001981,2.248228,10.097231,1.514585,1.093750,0.000000,0.000000
517,10.179920,0.002382,1.001645,0.000000,0.000000,1.000000,0.859411,1,0.000179,0.001707,2.016153,10.119518,1.517928,1.093750,0.000000,0.000000
518,10.070129,0.002297,1.001771,0.000000,0.000000,1.000000,0.868859,1,0.000176,0.002103,1.804910,10.015731,1.502360,1.093750,0.000000,0.000000
519,10.109852,0.002250,1.001841,0.000000,0.000000,1.000000,0.876098,1,0.000247,0.002469,1.614064,10.060882,1.509132,1.093750,0.000000,0.000000
520,10.152898,0.002682,1.001893,0.000000,0.000000,1.000000,0.883995,1,0.000387,0.002220,1.444237,10.108773,1.516316,1.093750,0.000000,0.000000
521,10.000691,0.002368,1.001961,0.000000,0.000000,1.000000,0.890345,1,0.000177,0.002608,1.294904,9.915281,1.487292,1.093750,0.000000,0.000000
522,10.432317,0.002745,1.002110,0.000000,0.000000,1.000000,0.896233,1,0.000247,0.001952,1.161265,10.329471,1.549421,1.093750,0.000000,0.000000
523,10.248128,0.002568,1.002129,0.000000,0.000000,1.000000,0.902236,1,0.000174,0.001593,1.038641,10.109436,1.516415,1.093750,0.000000,0.000000
524,10.338688,0.000000,0.997215,0.000000,0.000000,1.000000,0.907702,0,0.000238,0.001665,0.931826,10.184733,1.527710,1.093750,0.000000,0.000000
525,10.826836,0.000000,0.997685,0.000000,0.000000,1.000000,0.913042,0,0.000183,0.001936,0.836130,10.641021,1.596153,1.093750,0.000000,0.000000
526,10.622266,0.000000,0.998132,0.000000,0.000000,1.000000,0.918035,0,0.000180,0.001821,0.751507,10.422451,1.563368,1.093750,0.000000,0.000000
527,10.620152,0.000000,0.998516,0.000000,0.000000,1.000000,0.922153,0,0.000395,0.001909,0.677508,10.391334,1.558700,1.093750,0.000000,0.000000
528,10.516221,0.000000,0.998918,0.000000,0.000000,1.000000,0.926439,0,0.000230,0.001760,0.610274,10.274683,1.541203,1.093750,0.000000,0.000000
529,10.369289,0.000000,0.999265,0.000000,0.000000,1.000000,0.930308,0,0.000198,0.002280,0.554071,10.115045,1.517257,1.093750,0.000000,0.000000
530,10.301143,0.000000,0.999603,0.000000,0.000000,1.000000,0.933880,0,0.000183,0.002060,0.504839,10.048614,1.507292,1.093750,0.000000,0.000000
531,10.244944,0.000000,0.999867,0.000000,0.000000,1.000000,0.937296,0,0.000181,0.001939,0.461901,10.008130,1.501219,1.093750,0.000000,0.000000
532,10.504299,0.000000,1.000977,0.000000,0.000000,1.000000,0.939677,0,0.000204,0.002458,0.429483,10.267481,1.540122,1.093750,0.000000,0.000000
533,10.335430,0.000000,1.001053,0.000000,0.000000,1.000000,0.941581,0,0.000239,0.002583,0.399162,10.114042,1.517106,1.093750,0.000000,0.000000
534,10.322564,0.000000,1.001030,0.000000,0.000000,1.000000,0.943502,0,0.000250,0.002115,0.375063,10.115752,1.517363,1.093750,0.000000,0.000000
535,10.561513,0.000000,1.001055,0.000000,0.000000,1.000000,0.945304,0,0.000179,0.002134,0.356329,10.337988,1.550698,1.093750,0.000000,0.000000
536,10.483599,0.000000,1.001224,0.000000,0.000000,1.000000,0.946831,0,0.000168,0.002099,0.340446,10.259216,1.538882,1.093750,0.000000,0.000000
537,10.461276,0.000000,1.001214,0.000000,0.000000,1.000000,0.948321,0,0.000197,0.001996,0.325964,10.221038,1.533156,1.093750,0.000000,0.000000
538,10.410821,0.000000,1.000934,0.000000,0.000000,1.000000,0.950263,0,0.000183,0.002172,0.312381,10.155581,1.523337,1.093750,0.000000,0.000000
539,10.401757,0.000000,1.001769,0.000000,0.000000,1.000000,0.952132,0,0.000182,0.001717,0.299545,10.131946,1.519792,1.093750,0.000000,0.000000
540,10.103330,0.002821,1.000881,0.000000,0.000000,1.000000,0.775290,1,0.000274,0.001966,4.312412,9.978202,1.496730,1.093750,0.000000,0.000000
541,10.039186,0.002536,1.000982,0.000000,0.000000,1.000000,0.790264,1,0.000177,0.002006,3.870325,9.926494,1.488974,1.093750,0.000000,0.000000
542,10.335386,0.002683,1.001132,0.000000,0.000000,1.000000,0.804021,1,0.000180,0.001643,3.474204,10.233830,1.535075,1.093750,0.000000,0.000000
543,10.164827,0.002077,1.001210,0.000000,0.000000,1.000000,0.816860,1,0.000327,0.001861,3.113939,10.073431,1.511015,1.093750,0.000000,0.000000
544,10.175052,0.002641,1.001328,0.000000,0.000000,1.000000,0.829105,1,0.000261,0.002079,2.794650,10.092640,1.513896,1.093750,0.000000,0.000000
545,10.334810,0.002428,1.001419,0.000000,0.000000,1.000000,0.840493,1,0.000180,0.002633,2.506142,10.260550,1.539082,1.093750,0.000000,0.000000
546,10.222611,0.002459,1.001525,0.000000,0.000000,1.000000,0.849955,1,0.000178,0.002020,2.248228,10.155631,1.523345,1.093750,0.000000,0.000000
547,10.205773,0.002396,1.001645,0.000000,0.000000,1.000000,0.859411,1,0.000280,0.001987,2.016153,10.145372,1.521806,1.093750,0.000000,0.000000
548,10.082606,0.002401,1.001771,0.000000,0.000000,1.000000,0.868859,1,0.000180,0.002059,1.804910,10.028199,1.504230,1.093750,0.000000,0.000000
549,10.090578,0.002310,1.001841,0.000000,0.000000,1.000000,0.876098,1,0.000175,0.002025,1.614064,10.041607,1.506241,1.093750,0.000000,0.000000
550,9.969223,0.002250,1.001893,0.000000,0.000000,1.000000,0.883995,1,0.000200,0.002406,1.444237,9.925110,1.488767,1.093750,0.000000,0.000000
551,10.012219,0.002345,1.001961,0.000000,0.000000,1.000000,0.890345,1,0.000176,0.002391,1.294904,9.926819,1.489023,1.093750,0.000000,0.000000
552,10.359518,0.002352,1.002110,0.000000,0.000000,1.000000,0.896233,1,0.000231,0.002262,1.161265,10.256682,1.538502,1.093750,0.000000,0.000000
553,10.227681,0.002089,1.002129,0.000000,0.000000,1.000000,0.902236,1,0.000199,0.002021,1.038641,10.088998,1.513350,1.093750,0.000000,0.000000
554,10.161684,0.000000,0.997215,0.000000,0.000000,1.000000,0.907702,0,0.000196,0.002086,0.931826,10.007733,1.501160,1.093750,0.000000,0.000000
555,10.443350,0.000000,0.997685,0.000000,0.000000,1.000000,0.913042,0,0.000192,0.002105,0.836130,10.257540,1.538631,1.093750,0.000000,0.000000
556,10.294502,0.000000,0.998132,0.000000,0.000000,1.000000,0.918035,0,0.000201,0.001743,0.751507,10.094695,1.514204,1.093750,0.000000,0.000000
557,10.379421,0.000000,0.998516,0.000000,0.000000,1.000000,0.922153,0,0.000319,0.002352,0.677508,10.150606,1.522591,1.093750,0.000000,0.000000
558,10.270620,0.000000,0.998918,0.000000,0.000000,1.000000,0.926439,0,0.000201,0.001896,0.610274,10.029090,1.504364,1.093750,0.000000,0.000000
559,10.266617,0.000000,0.999265,0.000000,0.000000,1.000000,0.930308,0,0.000191,0.002018,0.554071,10.012381,1.501857,1.093750,0.000000,0.000000
560,10.172114,0.000000,0.999603,0.000000,0.000000,1.000000,0.933880,0,0.000194,0.002338,0.504839,9.919587,1.487938,1.093750,0.000000,0.000000
561,10.314496,0.000000,0.999867,0.000000,0.000000,1.000000,0.937296,0,0.000176,0.001712,0.461901,10.077681,1.511652,1.093750,0.000000,0.000000
562,10.449585,0.000000,1.000977,0.000000,0.000000,1.000000,0.939677,0,0.000228,0.002221,0.429483,10.212778,1.531917,1.093750,0.000000,0.000000
563,10.277102,0.000000,1.001053,0.000000,0.000000,1.000000,0.941581,0,0.000176,0.001961,0.399162,10.055717,1.508358,1.093750,0.000000,0.000000
564,10.152915,0.000000,1.001030,0.000000,0.000000,1.000000,0.943502,0,0.000235,0.001807,0.375063,9.946101,1.491915,1.093750,0.000000,0.000000
565,10.474332,0.000000,1.001055,0.000000,0.000000,1.000000,0.945304,0,0.000345,0.002103,0.356329,10.250807,1.537621,1.093750,0.000000,0.000000
566,10.300950,0.000000,1.001224,0.000000,0.000000,1.000000,0.946831,0,0.000344,0.002364,0.340446,10.076560,1.511484,1.093750,0.000000,0.000000
567,10.362680,0.000000,1.001549,0.000000,0.000000,1.000000,0.948321,0,0.000176,0.001674,0.325964,10.122445,1.518367,1.093750,0.000000,0.000000
568,10.288838,0.000000,1.000934,0.000000,0.000000,1.000000,0.949655,0,0.000177,0.002480,0.311799,10.050168,1.507525,1.093750,0.000000,0.000000
569,10.310056,0.000000,1.001425,0.000000,0.000000,1.000000,0.951524,0,0.000336,0.001816,0.298939,10.053813,1.508072,1.093750,0.000000,0.000000
570,10.038933,0.002272,1.000881,0.000000,0.000000,1.000000,0.775290,1,0.000222,0.002291,4.312412,9.913823,1.487073,1.093750,0.000000,0.000000
571,10.012458,0.001955,1.000982,0.000000,0.000000,1.000000,0.790264,1,0.000210,0.002214,3.870325,9.899784,1.484968,1.093750,0.000000,0.000000
572,10.273242,0.002443,1.001132,0.000000,0.000000,1.000000,0.804021,1,0.000309,0.002136,3.474204,10.171692,1.525754,1.093750,0.000000,0.000000
573,10.174627,0.002354,1.001210,0.000000,0.000000,1.000000,0.816860,1,0.000179,0.002099,3.113939,10.083214,1.512482,1.093750,0.000000,0.000000
574,10.058976,0.002357,1.001328,0.000000,0.000000,1.000000,0.829105,1,0.000241,0.002194,2.794650,9.976576,1.496486,1.093750,0.000000,0.000000
575,10.320121,0.002221,1.001419,0.000000,0.000000,1.000000,0.840493,1,0.000170,0.001858,2.506142,10.245868,1.536880,1.093750,0.000000,0.000000
576,10.183657,0.002066,1.001525,0.000000,0.000000,1.000000,0.849955,1,0.000168,0.002130,2.248228,10.116694,1.517504,1.093750,0.000000,0.000000
577,10.253353,0.002459,1.001645,0.000000,0.000000,1.000000,0.859411,1,0.000460,0.001661,2.016153,10.192949,1.528942,1.093750,0.000000,0.000000
578,10.196567,0.002196,1.001771,0.000000,0.000000,1.000000,0.868859,1,0.000193,0.001853,1.804910,10.142172,1.521326,1.093750,0.000000,0.000000
579,10.147297,0.002295,1.001841,0.000000,0.000000,1.000000,0.876098,1,0.000183,0.002240,1.614064,10.098331,1.514750,1.093750,0.000000,0.000000
580,10.037057,0.002506,1.001893,0.000000,0.000000,1.000000,0.883995,1,0.000220,0.001956,1.444237,9.992940,1.498941,1.093750,0.000000,0.000000
581,10.009882,0.002514,1.001961,0.000000,0.000000,1.000000,0.890345,1,0.000305,0.002082,1.294904,9.924476,1.488671,1.093750,0.000000,0.000000
582,10.295554,0.002268,1.002110,0.000000,0.000000,1.000000,0.896233,1,0.000228,0.002407,1.161265,10.192725,1.528909,1.093750,0.000000,0.000000
583,10.208466,0.002070,1.002129,0.000000,0.000000,1.000000,0.902236,1,0.000248,0.002315,1.038641,10.069785,1.510468,1.093750,0.000000,0.000000
584,10.127528,0.000000,0.997215,0.000000,0.000000,1.000000,0.907702,0,0.000281,0.001856,0.931826,9.973572,1.496036,1.093750,0.000000,0.000000
585,10.457897,0.000000,0.997685,0.000000,0.000000,1.000000,0.913042,0,0.000228,0.002177,0.836130,10.272088,1.540813,1.093750,0.000000,0.000000
586,10.309520,0.000000,0.998132,0.000000,0.000000,1.000000,0.918035,0,0.000190,0.002115,0.751507,10.109707,1.516456,1.093750,0.000000,0.000000
587,10.380608,0.000000,0.998516,0.000000,0.000000,1.000000,0.922153,0,0.000215,0.001883,0.677508,10.151796,1.522769,1.093750,0.000000,0.000000
588,10.318275,0.000000,0.998918,0.000000,0.000000,1.000000,0.926439,0,0.000116,0.002252,0.610274,10.076752,1.511513,1.093750,0.000000,0.000000
589,10.263749,0.000000,0.999265,0.000000,0.000000,1.000000,0.930308,0,0.000228,0.001852,0.554071,10.009509,1.501426,1.093750,0.000000,0.000000
590,10.180087,0.000000,0.999603,0.000000,0.000000,1.000000,0.933880,0,0.000183,0.001870,0.504839,9.927557,1.489134,1.093750,0.000000,0.000000
591,10.138419,0.000000,0.999867,0.000000,0.000000,1.000000,0.937296,0,0.000180,0.001843,0.461901,9.901608,1.485241,1.093750,0.000000,0.000000
592,10.453299,0.000000,1.000977,0.000000,0.000000,1.000000,0.939677,0,0.000361,0.002320,0.429483,10.216490,1.532473,1.093750,0.000000,0.000000
593,10.336165,0.000000,1.001053,0.000000,0.000000,1.000000,0.941581,0,0.000184,0.002444,0.399162,10.114785,1.517218,1.093750,0.000000,0.000000
594,10.246990,0.000000,1.001030,0.000000,0.000000,1.000000,0.943502,0,0.000215,0.001938,0.375063,10.040181,1.506027,1.093750,0.000000,0.000000
595,10.461335,0.000000,1.001055,0.000000,0.000000,1.000000,0.945304,0,0.000191,0.001994,0.356329,10.237806,1.535671,1.093750,0.000000,0.000000
596,10.341146,0.000000,1.001224,0.000000,0.000000,1.000000,0.946831,0,0.000230,0.001945,0.340446,10.116761,1.517514,1.093750,0.000000,0.000000
597,10.347565,0.000000,1.001549,0.000000,0.000000,1.000000,0.948321,0,0.000176,0.002159,0.325964,10.107329,1.516099,1.093750,0.000000,0.000000
598,10.256808,0.000000,1.000934,0.000000,0.000000,1.000000,0.949655,0,0.000197,0.002207,0.311799,10.018132,1.502720,1.093750,0.000000,0.000000
599,10.292999,0.000000,1.001425,0.000000,0.000000,1.000000,0.951524,0,0.000275,0.002507,0.298939,10.036759,1.505514,1.093750,0.000000,0.000000
600,10.056166,0.002221,1.000881,0.000000,0.000000,1.000000,0.775290,1,0.000191,0.002011,4.312412,9.931047,1.489657,1.093750,0.000000,0.000000
601,9.992845,0.002420,1.000982,0.000000,0.000000,1.000000,0.790264,1,0.000190,0.002105,3.870325,9.880157,1.482024,1.093750,0.000000,0.000000
602,10.341625,0.002459,1.001132,0.000000,0.000000,1.000000,0.804021,1,0.000175,0.002196,3.474204,10.240072,1.536011,1.093750,0.000000,0.000000
603,10.479777,0.002277,1.001210,0.000000,0.000000,1.000000,0.816860,1,0.000179,0.001980,3.113939,10.388370,1.558256,1.093750,0.000000,0.000000
604,10.084269,0.002069,1.001328,0.000000,0.000000,1.000000,0.829105,1,0.000222,0.002536,2.794650,10.001873,1.500281,1.093750,0.000000,0.000000
605,10.330366,0.002783,1.001419,0.000000,0.000000,1.000000,0.840493,1,0.000172,0.002148,2.506142,10.256092,1.538414,1.093750,0.000000,0.000000
606,10.148120,0.002095,1.001525,0.000000,0.000000,1.000000,0.849955,1,0.000182,0.002147,2.248228,10.081154,1.512173,1.093750,0.000000,0.000000
607,10.226832,0.002206,1.001645,0.000000,0.000000,1.000000,0.859411,1,0.000195,0.002076,2.016153,10.166433,1.524965,1.093750,0.000000,0.000000
608,10.109818,0.002524,1.001771,0.000000,0.000000,1.000000,0.868859,1,0.000481,0.001972,1.804910,10.055410,1.508311,1.093750,0.000000,0.000000
609,10.070100,0.002418,1.001841,0.000000,0.000000,1.000000,0.876098,1,0.000177,0.002172,1.614064,10.021122,1.503168,1.093750,0.000000,0.000000
610,9.963119,0.002682,1.001893,0.000000,0.000000,1.000000,0.883995,1,0.000309,0.002526,1.444237,9.918992,1.487849,1.093750,0.000000,0.000000
611,10.019530,0.002271,1.001961,0.000000,0.000000,1.000000,0.890345,1,0.000308,0.002103,1.294904,9.934129,1.490119,1.093750,0.000000,0.000000
612,10.291727,0.001904,1.002110,0.000000,0.000000,1.000000,0.896233,1,0.000188,0.001755,1.161265,10.188909,1.528336,1.093750,0.000000,0.000000
613,10.222331,0.002573,1.002129,0.000000,0.000000,1.000000,0.902236,1,0.000279,0.001792,1.038641,10.083636,1.512545,1.093750,0.000000,0.000000
614,10.162141,0.000000,0.997215,0.000000,0.000000,1.000000,0.907702,0,0.000201,0.002566,0.931826,10.008183,1.501227,1.093750,0.000000,0.000000
615,10.451972,0.000000,0.997685,0.000000,0.000000,1.000000,0.913042,0,0.000314,0.002394,0.836130,10.266156,1.539923,1.093750,0.000000,0.000000
616,10.339045,0.000000,0.998132,0.000000,0.000000,1.000000,0.918035,0,0.000283,0.002342,0.751507,10.139234,1.520885,1.093750,0.000000,0.000000
617,10.542699,0.000000,0.998516,0.000000,0.000000,1.000000,0.922153,0,0.000340,0.001450,0.677508,10.313880,1.547082,1.093750,0.000000,0.000000
618,10.354970,0.000000,0.998918,0.000000,0.000000,1.000000,0.926439,0,0.000197,0.001991,0.610274,10.113434,1.517015,1.093750,0.000000,0.000000
619,10.321861,0.000000,0.999265,0.000000,0.000000,1.000000,0.930308,0,0.000200,0.002237,0.554071,10.067611,1.510142,1.093750,0.000000,0.000000
620,10.184168,0.000000,0.999603,0.000000,0.000000,1.000000,0.933880,0,0.000197,0.002233,0.504839,9.931639,1.489746,1.093750,0.000000,0.000000
621,10.150769,0.000000,0.999867,0.000000,0.000000,1.000000,0.937296,0,0.000209,0.002248,0.461901,9.913949,1.487092,1.093750,0.000000,0.000000
622,10.441160,0.000000,1.000977,0.000000,0.000000,1.000000,0.939677,0,0.000196,0.002148,0.429483,10.204346,1.530652,1.093750,0.000000,0.000000
623,10.259478,0.000000,1.001053,0.000000,0.000000,1.000000,0.941581,0,0.000310,0.002005,0.399162,10.038094,1.505714,1.093750,0.000000,0.000000
624,10.167349,0.000000,1.001030,0.000000,0.000000,1.000000,0.943502,0,0.000179,0.002129,0.375063,9.960537,1.494080,1.093750,0.000000,0.000000
625,10.459476,0.000000,1.001055,0.000000,0.000000,1.000000,0.945304,0,0.000198,0.001940,0.356329,10.235945,1.535392,1.093750,0.000000,0.000000
626,10.298494,0.000000,1.001224,0.000000,0.000000,1.000000,0.946831,0,0.000205,0.002233,0.340446,10.074111,1.511117,1.093750,0.000000,0.000000
627,10.422098,0.000000,1.001549,0.000000,0.000000,1.000000,0.948321,0,0.000187,0.002489,0.325964,10.181849,1.527277,1.093750,0.000000,0.000000
628,10.271945,0.000000,1.000934,0.000000,0.000000,1.000000,0.949655,0,0.000354,0.002366,0.311799,10.033271,1.504991,1.093750,0.000000,0.000000
629,10.227603,0.000000,1.001425,0.000000,0.000000,1.000000,0.951524,0,0.000313,0.002477,0.298939,9.971362,1.495704,1.093750,0.000000,0.000000
630,10.012319,0.002632,1.000881,0.000000,0.000000,1.000000,0.775290,1,0.000177,0.002336,4.312412,9.887194,1.483079,1.093750,0.000000,0.000000
631,9.972055,0.002442,1.000982,0.000000,0.000000,1.000000,0.790264,1,0.000176,0.002113,3.870325,9.859364,1.478905,1.093750,0.000000,0.000000
632,10.287994,0.002172,1.001132,0.000000,0.000000,1.000000,0.804021,1,0.000182,0.002212,3.474204,10.186453,1.527968,1.093750,0.000000,0.000000
633,10.121596,0.002628,1.001210,0.000000,0.000000,1.000000,0.816860,1,0.000176,0.002032,3.113939,10.030179,1.504527,1.093750,0.000000,0.000000
634,10.076421,0.002272,1.001328,0.000000,0.000000,1.000000,0.829105,1,0.000216,0.002476,2.794650,9.994017,1.499103,1.093750,0.000000,0.000000
635,10.361870,0.002300,1.001419,0.000000,0.000000,1.000000,0.840493,1,0.000180,0.002321,2.506142,10.287612,1.543142,1.093750,0.000000,0.000000
636,10.211373,0.002171,1.001525,0.000000,0.000000,1.000000,0.849955,1,0.000188,0.002025,2.248228,10.144403,1.521660,1.093750,0.000000,0.000000
637,10.190388,0.002118,1.001645,0.000000,0.000000,1.000000,0.859411,1,0.000169,0.002873,2.016153,10.129992,1.519499,1.093750,0.000000,0.000000
638,10.091957,0.002570,1.001771,0.000000,0.000000,1.000000,0.868859,1,0.000168,0.001939,1.804910,10.037548,1.505632,1.093750,0.000000,0.000000
639,10.032695,0.002105,1.001841,0.000000,0.000000,1.000000,0.876098,1,0.000181,0.002458,1.614064,9.983730,1.497560,1.093750,0.000000,0.000000
640,9.955254,0.002032,1.001893,0.000000,0.000000,1.000000,0.883995,1,0.000219,0.002426,1.444237,9.911145,1.486672,1.093750,0.000000,0.000000
641,10.011081,0.002248,1.001961,0.000000,0.000000,1.000000,0.890345,1,0.000193,0.002477,1.294904,9.925681,1.488852,1.093750,0.000000,0.000000
642,10.258646,0.002343,1.002110,0.000000,0.000000,1.000000,0.896233,1,0.000193,0.001924,1.161265,10.155814,1.523372,1.093750,0.000000,0.000000
643,10.155277,0.002052,1.002129,0.000000,0.000000,1.000000,0.902236,1,0.000193,0.002389,1.038641,10.016595,1.502489,1.093750,0.000000,0.000000
644,10.180359,0.000000,0.997215,0.000000,0.000000,1.000000,0.907702,0,0.000182,0.001876,0.931826,10.026403,1.503960,1.093750,0.000000,0.000000
645,10.488205,0.000000,0.997685,0.000000,0.000000,1.000000,0.913042,0,0.000179,0.002421,0.836130,10.302388,1.545358,1.093750,0.000000,0.000000
646,10.272050,0.000000,0.998132,0.000000,0.000000,1.000000,0.918035,0,0.000191,0.002632,0.751507,10.072227,1.510834,1.093750,0.000000,0.000000
647,10.349750,0.000000,0.998516,0.000000,0.000000,1.000000,0.922153,0,0.000201,0.002396,0.677508,10.120933,1.518140,1.093750,0.000000,0.000000
648,10.262298,0.000000,0.998918,0.000000,0.000000,1.000000,0.926439,0,0.000446,0.002120,0.610274,10.020769,1.503115,1.093750,0.000000,0.000000
649,10.280371,0.000000,0.999265,0.000000,0.000000,1.000000,0.930308,0,0.000168,0.002430,0.554071,10.026124,1.503919,1.093750,0.000000,0.000000
650,10.173009,0.000000,0.999603,0.000000,0.000000,1.000000,0.933880,0,0.000263,0.001932,0.504839,9.920483,1.488072,1.093750,0.000000,0.000000
651,10.167271,0.000000,0.999867,0.000000,0.000000,1.000000,0.937296,0,0.000195,0.002370,0.461901,9.930457,1.489569,1.093750,0.000000,0.000000
652,10.507278,0.000000,1.000977,0.000000,0.000000,1.000000,0.939677,0,0.000211,0.002132,0.429483,10.270467,1.540570,1.093750,0.000000,0.000000
653,10.269350,0.000000,1.001053,0.000000,0.000000,1.000000,0.941581,0,0.000211,0.002606,0.399162,10.047964,1.507195,1.093750,0.000000,0.000000
654,10.143554,0.000000,1.001030,0.000000,0.000000,1.000000,0.943502,0,0.000213,0.002477,0.375063,9.936745,1.490512,1.093750,0.000000,0.000000
655,10.463394,0.000000,1.001055,0.000000,0.000000,1.000000,0.945304,0,0.000445,0.001990,0.356329,10.239867,1.535980,1.093750,0.000000,0.000000
656,10.296698,0.000000,1.001224,0.000000,0.000000,1.000000,0.946831,0,0.000196,0.002419,0.340446,10.072312,1.510847,1.093750,0.000000,0.000000
657,10.375202,0.000000,1.001549,0.000000,0.000000,1.000000,0.948321,0,0.000174,0.002194,0.325964,10.134959,1.520244,1.093750,0.000000,0.000000
658,10.264896,0.000000,1.000934,0.000000,0.000000,1.000000,0.949655,0,0.000222,0.002547,0.311799,10.026224,1.503934,1.093750,0.000000,0.000000
659,10.261194,0.000000,1.001425,0.000000,0.000000,1.000000,0.951524,0,0.000177,0.002036,0.298939,10.004953,1.500743,1.093750,0.000000,0.000000
660,10.049724,0.002927,1.000881,0.000000,0.000000,1.000000,0.775290,1,0.000191,0.001850,4.312412,9.924587,1.488688,1.093750,0.000000,0.000000
661,9.980434,0.002306,1.000982,0.000000,0.000000,1.000000,0.790264,1,0.000173,0.001742,3.870325,9.867747,1.480162,1.093750,0.000000,0.000000
662,10.249798,0.009806,1.001132,0.000000,0.000000,1.000000,0.804021,1,0.000247,0.002057,3.474204,10.148044,1.522207,1.093750,0.000000,0.000000
663,10.146050,0.002130,1.001210,0.000000,0.000000,1.000000,0.816860,1,0.000190,0.002147,3.113939,10.054655,1.508198,1.093750,0.000000,0.000000
664,10.017963,0.002175,1.001328,0.000000,0.000000,1.000000,0.829105,1,0.000181,0.001782,2.794650,9.935567,1.490335,1.093750,0.000000,0.000000
665,10.307333,0.002241,1.001419,0.000000,0.000000,1.000000,0.840493,1,0.000179,0.001865,2.506142,10.233076,1.534961,1.093750,0.000000,0.000000
666,10.143899,0.002304,1.001525,0.000000,0.000000,1.000000,0.849955,1,0.000198,0.001903,2.248228,10.076920,1.511538,1.093750,0.000000,0.000000
667,10.179858,0.002481,1.001645,0.000000,0.000000,1.000000,0.859411,1,0.000190,0.002057,2.016153,10.119450,1.517918,1.093750,0.000000,0.000000
668,10.065395,0.002425,1.001771,0.000000,0.000000,1.000000,0.868859,1,0.000190,0.001979,1.804910,10.010990,1.501649,1.093750,0.000000,0.000000
669,10.084803,0.002378,1.001841,0.000000,0.000000,1.000000,0.876098,1,0.000344,0.002161,1.614064,10.035829,1.505374,1.093750,0.000000,0.000000
670,9.930202,0.002257,1.001893,0.000000,0.000000,1.000000,0.883995,1,0.000193,0.002396,1.444237,9.886090,1.482914,1.093750,0.000000,0.000000
671,9.947471,0.002433,1.001961,0.000000,0.000000,1.000000,0.890345,1,0.000170,0.001676,1.294904,9.862065,1.479310,1.093750,0.000000,0.000000
672,10.263644,0.002446,1.002110,0.000000,0.000000,1.000000,0.896233,1,0.000235,0.002038,1.161265,10.160812,1.524122,1.093750,0.000000,0.000000
673,10.161207,0.002037,1.002129,0.000000,0.000000,1.000000,0.902236,1,0.000268,0.002158,1.038641,10.022526,1.503379,1.093750,0.000000,0.000000
674,10.123068,0.000000,0.997215,0.000000,0.000000,1.000000,0.907702,0,0.000185,0.001757,0.931826,9.969113,1.495367,1.093750,0.000000,0.000000
675,10.425336,0.000000,0.997685,0.000000,0.000000,1.000000,0.913042,0,0.000187,0.002310,0.836130,10.239524,1.535929,1.093750,0.000000,0.000000
676,10.314550,0.000000,0.998132,0.000000,0.000000,1.000000,0.918035,0,0.000193,0.001893,0.751507,10.114735,1.517210,1.093750,0.000000,0.000000
677,10.441032,0.000000,0.998516,0.000000,0.000000,1.000000,0.922153,0,0.000177,0.002039,0.677508,10.212214,1.531832,1.093750,0.000000,0.000000
678,10.286696,0.000000,0.998918,0.000000,0.000000,1.000000,0.926439,0,0.000452,0.002439,0.610274,10.045169,1.506775,1.093750,0.000000,0.000000
679,10.242967,0.000000,0.999265,0.000000,0.000000,1.000000,0.930308,0,0.000177,0.002037,0.554071,9.988720,1.498308,1.093750,0.000000,0.000000
680,10.137196,0.000000,0.999603,0.000000,0.000000,1.000000,0.933880,0,0.000179,0.002121,0.504839,9.884668,1.482700,1.093750,0.000000,0.000000
681,10.099125,0.000000,0.999867,0.000000,0.000000,1.000000,0.937296,0,0.000179,0.002025,0.461901,9.862312,1.479347,1.093750,0.000000,0.000000
682,10.388712,0.000000,1.000977,0.000000,0.000000,1.000000,0.939677,0,0.000176,0.001976,0.429483,10.151899,1.522785,1.093750,0.000000,0.000000
683,10.246549,0.000000,1.001053,0.000000,0.000000,1.000000,0.941581,0,0.000334,0.001957,0.399162,10.025165,1.503775,1.093750,0.000000,0.000000
684,10.165146,0.000000,1.001030,0.000000,0.000000,1.000000,0.943502,0,0.000211,0.001880,0.375063,9.958337,1.493751,1.093750,0.000000,0.000000
685,10.448032,0.000000,1.001055,0.000000,0.000000,1.000000,0.945304,0,0.000174,0.002244,0.356329,10.224509,1.533676,1.093750,0.000000,0.000000
686,10.539005,0.000000,1.001224,0.000000,0.000000,1.000000,0.946831,0,0.000173,0.002486,0.340446,10.314618,1.547193,1.093750,0.000000,0.000000
687,10.381505,0.000000,1.001549,0.000000,0.000000,1.000000,0.948321,0,0.000179,0.001974,0.325964,10.141263,1.521189,1.093750,0.000000,0.000000
688,10.275887,0.000000,1.000934,0.000000,0.000000,1.000000,0.949655,0,0.000347,0.002203,0.311799,10.037217,1.505583,1.093750,0.000000,0.000000
689,10.255676,0.000000,1.001425,0.000000,0.000000,1.000000,0.951524,0,0.000341,0.002135,0.298939,9.999438,1.499916,1.093750,0.000000,0.000000
690,10.034078,0.002209,1.000881,0.000000,0.000000,1.000000,0.775290,1,0.000178,0.001855,4.312412,9.908970,1.486345,1.093750,0.000000,0.000000
691,10.241152,0.002507,1.000982,0.000000,0.000000,1.000000,0.790264,1,0.000211,0.001985,3.870325,10.128463,1.519270,1.093750,0.000000,0.000000
692,10.471925,0.002646,1.001132,0.000000,0.000000,1.000000,0.804021,1,0.000205,0.002219,3.474204,10.370373,1.555556,1.093750,0.000000,0.000000
693,10.219010,0.002321,1.001210,0.000000,0.000000,1.000000,0.816860,1,0.000110,0.001737,3.113939,10.127613,1.519142,1.093750,0.000000,0.000000
694,10.107920,0.002665,1.001328,0.000000,0.000000,1.000000,0.829105,1,0.000200,0.001876,2.794650,10.025510,1.503827,1.093750,0.000000,0.000000
695,10.350294,0.002171,1.001419,0.000000,0.000000,1.000000,0.840493,1,0.000190,0.002188,2.506142,10.276041,1.541406,1.093750,0.000000,0.000000
696,10.228786,0.002594,1.001525,0.000000,0.000000,1.000000,0.849955,1,0.000175,0.002217,2.248228,10.161807,1.524271,1.093750,0.000000,0.000000
697,10.188200,0.002106,1.001645,0.000000,0.000000,1.000000,0.859411,1,0.000209,0.002421,2.016153,10.127803,1.519170,1.093750,0.000000,0.000000
698,10.111668,0.002517,1.001771,0.000000,0.000000,1.000000,0.868859,1,0.000244,0.002014,1.804910,10.057256,1.508588,1.093750,0.000000,0.000000
699,10.048009,0.002416,1.001841,0.000000,0.000000,1.000000,0.876098,1,0.000180,0.001903,1.614064,9.999033,1.499855,1.093750,0.000000,0.000000
700,10.041523,0.002053,1.001893,0.000000,0.000000,1.000000,0.883995,1,0.000271,0.002426,1.444237,9.997410,1.499611,1.093750,0.000000,0.000000
701,10.037690,0.002474,1.001961,0.000000,0.000000,1.000000,0.890345,1,0.000181,0.002341,1.294904,9.952283,1.492842,1.093750,0.000000,0.000000
702,10.335638,0.002047,1.002110,0.000000,0.000000,1.000000,0.896233,1,0.000293,0.002355,1.161265,10.232816,1.534922,1.093750,0.000000,0.000000
703,10.187494,0.002577,1.002129,0.000000,0.000000,1.000000,0.902236,1,0.000314,0.002300,1.038641,10.048797,1.507320,1.093750,0.000000,0.000000
704,10.133202,0.000000,0.997215,0.000000,0.000000,1.000000,0.907702,0,0.000338,0.002160,0.931826,9.979247,1.496887,1.093750,0.000000,0.000000
705,10.409101,0.000000,0.997685,0.000000,0.000000,1.000000,0.913042,0,0.000177,0.001927,0.836130,10.223289,1.533493,1.093750,0.000000,0.000000
706,10.285226,0.000000,0.998132,0.000000,0.000000,1.000000,0.918035,0,0.000323,0.002578,0.751507,10.085411,1.512812,1.093750,0.000000,0.000000
707,10.358256,0.000000,0.998516,0.000000,0.000000,1.000000,0.922153,0,0.000304,0.001912,0.677508,10.129444,1.519417,1.093750,0.000000,0.000000
708,10.248690,0.000000,0.998918,0.000000,0.000000,1.000000,0.926439,0,0.000311,0.001909,0.610274,10.007163,1.501075,1.093750,0.000000,0.000000
709,10.255208,0.000000,0.999265,0.000000,0.000000,1.000000,0.930308,0,0.000198,0.001861,0.554071,10.000965,1.500145,1.093750,0.000000,0.000000
710,10.143429,0.000000,0.999603,0.000000,0.000000,1.000000,0.933880,0,0.000225,0.001890,0.504839,9.890902,1.483635,1.093750,0.000000,0.000000
711,10.118786,0.000000,0.999867,0.000000,0.000000,1.000000,0.937296,0,0.000233,0.001990,0.461901,9.881972,1.482296,1.093750,0.000000,0.000000
712,10.382310,0.000000,1.000977,0.000000,0.000000,1.000000,0.939677,0,0.000208,0.001973,0.429483,10.145496,1.521824,1.093750,0.000000,0.000000
713,10.267586,0.000000,1.001053,0.000000,0.000000,1.000000,0.941581,0,0.000175,0.001778,0.399162,10.046198,1.506930,1.093750,0.000000,0.000000
714,10.141449,0.000000,1.001030,0.000000,0.000000,1.000000,0.943502,0,0.000470,0.001942,0.375063,9.934635,1.490195,1.093750,0.000000,0.000000
715,10.432562,0.000000,1.001055,0.000000,0.000000,1.000000,0.945304,0,0.000342,0.002192,0.356329,10.209035,1.531355,1.093750,0.000000,0.000000
716,10.292293,0.000000,1.001224,0.000000,0.000000,1.000000,0.946831,0,0.000311,0.002172,0.340446,10.067904,1.510186,1.093750,0.000000,0.000000
717,10.375594,0.000000,1.001549,0.000000,0.000000,1.000000,0.948321,0,0.000178,0.002152,0.325964,10.135354,1.520303,1.093750,0.000000,0.000000
718,10.258939,0.000000,1.000934,0.000000,0.000000,1.000000,0.949655,0,0.000269,0.002082,0.311799,10.020269,1.503040,1.093750,0.000000,0.000000
719,10.309032,0.000000,1.001425,0.000000,0.000000,1.000000,0.951524,0,0.000211,0.002074,0.298939,10.052786,1.507918,1.093750,0.000000,0.000000
720,10.013556,0.002910,1.000881,0.000000,0.000000,1.000000,0.775290,1,0.000273,0.001950,4.312412,9.888420,1.483263,1.093750,0.000000,0.000000
721,10.021504,0.002389,1.000982,0.000000,0.000000,1.000000,0.790264,1,0.000180,0.002083,3.870325,9.908813,1.486322,1.093750,0.000000,0.000000
722,10.253256,0.002095,1.001132,0.000000,0.000000,1.000000,0.804021,1,0.000194,0.002134,3.474204,10.151722,1.522758,1.093750,0.000000,0.000000
723,10.118492,0.002323,1.001210,0.000000,0.000000,1.000000,0.816860,1,0.000185,0.002241,3.113939,10.027090,1.504063,1.093750,0.000000,0.000000
724,10.032519,0.002427,1.001328,0.000000,0.000000,1.000000,0.829105,1,0.000174,0.001845,2.794650,9.950115,1.492517,1.093750,0.000000,0.000000
725,10.299569,0.002845,1.001419,0.000000,0.000000,1.000000,0.840493,1,0.000195,0.002095,2.506142,10.225295,1.533794,1.093750,0.000000,0.000000
726,10.149446,0.002306,1.001525,0.000000,0.000000,1.000000,0.849955,1,0.000568,0.001909,2.248228,10.082476,1.512371,1.093750,0.000000,0.000000
727,10.283851,0.002102,1.001645,0.000000,0.000000,1.000000,0.859411,1,0.000417,0.002065,2.016153,10.223456,1.533518,1.093750,0.000000,0.000000
728,10.193222,0.002340,1.001771,0.000000,0.000000,1.000000,0.868859,1,0.000210,0.001934,1.804910,10.138815,1.520822,1.093750,0.000000,0.000000
729,10.048495,0.002102,1.001841,0.000000,0.000000,1.000000,0.876098,1,0.000180,0.002523,1.614064,9.999523,1.499928,1.093750,0.000000,0.000000
730,9.972334,0.002316,1.001893,0.000000,0.000000,1.000000,0.883995,1,0.000179,0.002205,1.444237,9.928213,1.489232,1.093750,0.000000,0.000000
731,9.968850,0.002328,1.001961,0.000000,0.000000,1.000000,0.890345,1,0.000230,0.002005,1.294904,9.883445,1.482517,1.093750,0.000000,0.000000
732,10.274525,0.002024,1.002110,0.000000,0.000000,1.000000,0.896233,1,0.000186,0.001979,1.161265,10.171707,1.525756,1.093750,0.000000,0.000000
733,10.167574,0.002315,1.002129,0.000000,0.000000,1.000000,0.902236,1,0.000180,0.001792,1.038641,10.028883,1.504332,1.093750,0.000000,0.000000
734,10.093769,0.000000,0.997215,0.000000,0.000000,1.000000,0.907702,0,0.000198,0.002145,0.931826,9.939807,1.490971,1.093750,0.000000,0.000000
735,10.419563,0.000000,0.997685,0.000000,0.000000,1.000000,0.913042,0,0.000224,0.002589,0.836130,10.233749,1.535062,1.093750,0.000000,0.000000
736,10.286301,0.000000,0.998132,0.000000,0.000000,1.000000,0.918035,0,0.000306,0.002025,0.751507,10.086491,1.512974,1.093750,0.000000,0.000000
737,10.335213,0.000000,0.998516,0.000000,0.000000,1.000000,0.922153,0,0.000244,0.002002,0.677508,10.106388,1.515958,1.093750,0.000000,0.000000
738,10.235517,0.000000,0.998918,0.000000,0.000000,1.000000,0.926439,0,0.000376,0.002206,0.610274,9.993992,1.499099,1.093750,0.000000,0.000000
739,10.271017,0.000000,0.999265,0.000000,0.000000,1.000000,0.930308,0,0.000179,0.001838,0.554071,10.016776,1.502516,1.093750,0.000000,0.000000
740,10.164694,0.000000,0.999603,0.000000,0.000000,1.000000,0.933880,0,0.000178,0.001976,0.504839,9.912172,1.486826,1.093750,0.000000,0.000000
741,10.099250,0.000000,0.999867,0.000000,0.000000,1.000000,0.937296,0,0.000341,0.002280,0.461901,9.862437,1.479366,1.093750,0.000000,0.000000
742,10.389584,0.000000,1.000977,0.000000,0.000000,1.000000,0.939677,0,0.000181,0.002071,0.429483,10.152775,1.522916,1.093750,0.000000,0.000000
743,10.230461,0.000000,1.001053,0.000000,0.000000,1.000000,0.941581,0,0.000122,0.002385,0.399162,10.009077,1.501362,1.093750,0.000000,0.000000
744,10.177643,0.000000,1.001030,0.000000,0.000000,1.000000,0.943502,0,0.000176,0.001885,0.375063,9.970831,1.495625,1.093750,0.000000,0.000000
745,10.442242,0.000000,1.001055,0.000000,0.000000,1.000000,0.945304,0,0.000180,0.002094,0.356329,10.218717,1.532808,1.093750,0.000000,0.000000
746,10.302545,0.000000,1.001224,0.000000,0.000000,1.000000,0.946831,0,0.000203,0.002063,0.340446,10.078161,1.511724,1.093750,0.000000,0.000000
747,10.372312,0.000000,1.001549,0.000000,0.000000,1.000000,0.948321,0,0.000232,0.002055,0.325964,10.132067,1.519810,1.093750,0.000000,0.000000
748,10.248533,0.000000,1.000934,0.000000,0.000000,1.000000,0.949655,0,0.000235,0.002175,0.311799,10.009858,1.501479,1.093750,0.000000,0.000000
749,10.284230,0.000000,1.001425,0.000000,0.000000,1.000000,0.951524,0,0.000192,0.001928,0.298939,10.027988,1.504198,1.093750,0.000000,0.000000
750,10.012998,0.002952,1.000881,0.000000,0.000000,1.000000,0.775290,1,0.000178,0.001871,4.312412,9.887864,1.483180,1.093750,0.000000,0.000000
751,9.993360,0.002498,1.000982,0.000000,0.000000,1.000000,0.790264,1,0.000177,0.002024,3.870325,9.880662,1.482099,1.093750,0.000000,0.000000
752,10.276602,0.002278,1.001132,0.000000,0.000000,1.000000,0.804021,1,0.000182,0.002266,3.474204,10.175061,1.526259,1.093750,0.000000,0.000000
753,10.164641,0.002099,1.001210,0.000000,0.000000,1.000000,0.816860,1,0.000271,0.001594,3.113939,10.073248,1.510987,1.093750,0.000000,0.000000
754,10.023730,0.002218,1.001328,0.000000,0.000000,1.000000,0.829105,1,0.000360,0.002017,2.794650,9.941335,1.491200,1.093750,0.000000,0.000000
755,10.288916,0.002351,1.001419,0.000000,0.000000,1.000000,0.840493,1,0.000181,0.001882,2.506142,10.214653,1.532198,1.093750,0.000000,0.000000
756,10.133905,0.002282,1.001525,0.000000,0.000000,1.000000,0.849955,1,0.000253,0.002304,2.248228,10.066937,1.510041,1.093750,0.000000,0.000000
757,10.193062,0.002258,1.001645,0.000000,0.000000,1.000000,0.859411,1,0.000250,0.002170,2.016153,10.132665,1.519900,1.093750,0.000000,0.000000
758,10.096151,0.002547,1.001771,0.000000,0.000000,1.000000,0.868859,1,0.000180,0.001796,1.804910,10.041744,1.506262,1.093750,0.000000,0.000000
759,10.090264,0.002369,1.001841,0.000000,0.000000,1.000000,0.876098,1,0.000232,0.001854,1.614064,10.041291,1.506194,1.093750,0.000000,0.000000
760,9.996130,0.002391,1.001893,0.000000,0.000000,1.000000,0.883995,1,0.000200,0.002495,1.444237,9.952016,1.492802,1.093750,0.000000,0.000000
761,9.989944,0.002130,1.001961,0.000000,0.000000,1.000000,0.890345,1,0.000305,0.002106,1.294904,9.904550,1.485682,1.093750,0.000000,0.000000
762,10.252641,0.002194,1.002110,0.000000,0.000000,1.000000,0.896233,1,0.000197,0.001849,1.161265,10.149812,1.522472,1.093750,0.000000,0.000000
763,10.173327,0.002148,1.002129,0.000000,0.000000,1.000000,0.902236,1,0.000303,0.001910,1.038641,10.034645,1.505197,1.093750,0.000000,0.000000
764,10.101603,0.000000,0.997215,0.000000,0.000000,1.000000,0.907702,0,0.000190,0.002196,0.931826,9.947648,1.492147,1.093750,0.000000,0.000000
765,10.427361,0.000000,0.997685,0.000000,0.000000,1.000000,0.913042,0,0.000192,0.001827,0.836130,10.241552,1.536233,1.093750,0.000000,0.000000
766,10.271273,0.000000,0.998132,0.000000,0.000000,1.000000,0.918035,0,0.000417,0.001760,0.751507,10.071464,1.510720,1.093750,0.000000,0.000000
767,10.342690,0.000000,0.998516,0.000000,0.000000,1.000000,0.922153,0,0.000179,0.001727,0.677508,10.113879,1.517082,1.093750,0.000000,0.000000
768,10.245720,0.000000,0.998918,0.000000,0.000000,1.000000,0.926439,0,0.000454,0.002343,0.610274,10.004193,1.500629,1.093750,0.000000,0.000000
769,10.444509,0.000000,0.999265,0.000000,0.000000,1.000000,0.930308,0,0.000186,0.002152,0.554071,10.190267,1.528540,1.093750,0.000000,0.000000
770,10.320914,0.000000,0.999603,0.000000,0.000000,1.000000,0.933880,0,0.000207,0.002164,0.504839,10.068385,1.510258,1.093750,0.000000,0.000000
771,10.116509,0.000000,0.999867,0.000000,0.000000,1.000000,0.937296,0,0.000177,0.002106,0.461901,9.879698,1.481955,1.093750,0.000000,0.000000
772,10.403561,0.000000,1.000977,0.000000,0.000000,1.000000,0.939677,0,0.000179,0.001869,0.429483,10.166752,1.525013,1.093750,0.000000,0.000000
773,10.245779,0.000000,1.001053,0.000000,0.000000,1.000000,0.941581,0,0.000188,0.002217,0.399162,10.024397,1.503660,1.093750,0.000000,0.000000
774,10.194747,0.000000,1.001030,0.000000,0.000000,1.000000,0.943502,0,0.000176,0.002046,0.375063,9.987936,1.498190,1.093750,0.000000,0.000000
775,10.452840,0.000000,1.001055,0.000000,0.000000,1.000000,0.945304,0,0.000178,0.002136,0.356329,10.229314,1.534397,1.093750,0.000000,0.000000
776,10.352387,0.000000,1.001224,0.000000,0.000000,1.000000,0.946831,0,0.000184,0.001583,0.340446,10.128005,1.519201,1.093750,0.000000,0.000000
777,10.416722,0.000000,1.001549,0.000000,0.000000,1.000000,0.948321,0,0.000303,0.001770,0.325964,10.176479,1.526472,1.093750,0.000000,0.000000
778,10.268248,0.000000,1.000934,0.000000,0.000000,1.000000,0.949655,0,0.000293,0.001918,0.311799,10.029577,1.504437,1.093750,0.000000,0.000000
779,10.350147,0.000000,1.001425,0.000000,0.000000,1.000000,0.951524,0,0.000177,0.001890,0.298939,10.093901,1.514085,1.093750,0.000000,0.000000
780,10.154327,0.003186,1.000881,0.000000,0.000000,1.000000,0.775290,1,0.000240,0.001668,4.312412,10.029186,1.504378,1.093750,0.000000,0.000000
781,10.024147,0.002537,1.000982,0.000000,0.000000,1.000000,0.790264,1,0.000120,0.001969,3.870325,9.911455,1.486718,1.093750,0.000000,0.000000
782,10.258876,0.003034,1.001132,0.000000,0.000000,1.000000,0.804021,1,0.000113,0.001528,3.474204,10.157312,1.523597,1.093750,0.000000,0.000000
783,10.135332,0.002690,1.001210,0.000000,0.000000,1.000000,0.816860,1,0.000084,0.001653,3.113939,10.043918,1.506588,1.093750,0.000000,0.000000
784,10.199568,0.003086,1.001328,0.000000,0.000000,1.000000,0.829105,1,0.000102,0.001935,2.794650,10.117147,1.517572,1.093750,0.000000,0.000000
785,10.342864,0.001945,1.001419,0.000000,0.000000,1.000000,0.840493,1,0.000192,0.002037,2.506142,10.268617,1.540292,1.093750,0.000000,0.000000
786,10.179231,0.002426,1.001525,0.000000,0.000000,1.000000,0.849955,1,0.000098,0.001688,2.248228,10.112255,1.516838,1.093750,0.000000,0.000000
787,10.192223,0.002324,1.001645,0.000000,0.000000,1.000000,0.859411,1,0.000385,0.001842,2.016153,10.131819,1.519773,1.093750,0.000000,0.000000
788,10.156862,0.002537,1.001771,0.000000,0.000000,1.000000,0.868859,1,0.000338,0.001450,1.804910,10.102459,1.515369,1.093750,0.000000,0.000000
789,10.094227,0.002885,1.001841,0.000000,0.000000,1.000000,0.876098,1,0.000386,0.001531,1.614064,10.045231,1.506785,1.093750,0.000000,0.000000
790,10.030316,0.002345,1.001893,0.000000,0.000000,1.000000,0.883995,1,0.000181,0.001941,1.444237,9.986195,1.497929,1.093750,0.000000,0.000000
791,10.038082,0.002404,1.001961,0.000000,0.000000,1.000000,0.890345,1,0.000313,0.001630,1.294904,9.952679,1.492902,1.093750,0.000000,0.000000
792,10.314173,0.002575,1.002110,0.000000,0.000000,1.000000,0.896233,1,0.000230,0.001743,1.161265,10.211338,1.531701,1.093750,0.000000,0.000000
793,10.158319,0.002371,1.002129,0.000000,0.000000,1.000000,0.902236,1,0.000336,0.002033,1.038641,10.019633,1.502945,1.093750,0.000000,0.000000
794,10.160796,0.000000,0.997215,0.000000,0.000000,1.000000,0.907702,0,0.000170,0.002164,0.931826,10.006838,1.501026,1.093750,0.000000,0.000000
795,10.469180,0.000000,0.997685,0.000000,0.000000,1.000000,0.913042,0,0.000211,0.002350,0.836130,10.283360,1.542504,1.093750,0.000000,0.000000
796,10.276576,0.000000,0.998132,0.000000,0.000000,1.000000,0.918035,0,0.000196,0.001822,0.751507,10.076757,1.511513,1.093750,0.000000,0.000000
797,10.352939,0.000000,0.998516,0.000000,0.000000,1.000000,0.922153,0,0.000233,0.001776,0.677508,10.124113,1.518617,1.093750,0.000000,0.000000
798,10.239302,0.000000,0.998918,0.000000,0.000000,1.000000,0.926439,0,0.000195,0.002067,0.610274,9.997769,1.499665,1.093750,0.000000,0.000000
799,10.270876,0.000000,0.999265,0.000000,0.000000,1.000000,0.930308,0,0.000295,0.002405,0.554071,10.016630,1.502494,1.093750,0.000000,0.000000
800,10.153223,0.000000,0.999603,0.000000,0.000000,1.000000,0.933880,0,0.000215,0.002063,0.504839,9.900694,1.485104,1.093750,0.000000,0.000000
801,10.114232,0.000000,0.999867,0.000000,0.000000,1.000000,0.937296,0,0.000197,0.001843,0.461901,9.877410,1.481611,1.093750,0.000000,0.000000
802,10.433915,0.000000,1.000977,0.000000,0.000000,1.000000,0.939677,0,0.000206,0.002135,0.429483,10.197104,1.529566,1.093750,0.000000,0.000000
803,10.268424,0.000000,1.001053,0.000000,0.000000,1.000000,0.941581,0,0.000309,0.001501,0.399162,10.047042,1.507056,1.093750,0.000000,0.000000
804,10.213310,0.000000,1.001030,0.000000,0.000000,1.000000,0.943502,0,0.000206,0.002208,0.375063,10.006489,1.500973,1.093750,0.000000,0.000000
805,10.477467,0.000000,1.001055,0.000000,0.000000,1.000000,0.945304,0,0.000297,0.002229,0.356329,10.253938,1.538091,1.093750,0.000000,0.000000
806,10.286110,0.000000,1.001224,0.000000,0.000000,1.000000,0.946831,0,0.000386,0.001918,0.340446,10.061724,1.509259,1.093750,0.000000,0.000000
807,10.361589,0.000000,1.001549,0.000000,0.000000,1.000000,0.948321,0,0.000199,0.001841,0.325964,10.121348,1.518202,1.093750,0.000000,0.000000
808,10.261082,0.000000,1.000934,0.000000,0.000000,1.000000,0.949655,0,0.000207,0.001694,0.311799,10.022410,1.503361,1.093750,0.000000,0.000000
809,10.258942,0.000000,1.001425,0.000000,0.000000,1.000000,0.951524,0,0.000198,0.002230,0.298939,10.002697,1.500405,1.093750,0.000000,0.000000
810,10.029182,0.002480,1.000881,0.000000,0.000000,1.000000,0.775290,1,0.000453,0.002339,4.312412,9.904062,1.485609,1.093750,0.000000,0.000000
811,10.118754,0.002507,1.000982,0.000000,0.000000,1.000000,0.790264,1,0.000179,0.002189,3.870325,10.006062,1.500909,1.093750,0.000000,0.000000
812,10.273951,0.002297,1.001132,0.000000,0.000000,1.000000,0.804021,1,0.000177,0.002082,3.474204,10.172405,1.525861,1.093750,0.000000,0.000000
813,10.116503,0.002154,1.001210,0.000000,0.000000,1.000000,0.816860,1,0.000189,0.002601,3.113939,10.025106,1.503766,1.093750,0.000000,0.000000
814,10.014762,0.002281,1.001328,0.000000,0.000000,1.000000,0.829105,1,0.000180,0.002300,2.794650,9.932364,1.489855,1.093750,0.000000,0.000000
815,10.294427,0.002332,1.001419,0.000000,0.000000,1.000000,0.840493,1,0.000177,0.001692,2.506142,10.220169,1.533025,1.093750,0.000000,0.000000
816,10.197474,0.002260,1.001525,0.000000,0.000000,1.000000,0.849955,1,0.000174,0.002234,2.248228,10.130505,1.519576,1.093750,0.000000,0.000000
817,10.207092,0.002274,1.001645,0.000000,0.000000,1.000000,0.859411,1,0.002218,0.002045,2.016153,10.146697,1.522005,1.093750,0.000000,0.000000
818,10.055787,0.002245,1.001771,0.000000,0.000000,1.000000,0.868859,1,0.000185,0.002102,1.804910,10.001394,1.500209,1.093750,0.000000,0.000000
819,10.100295,0.002079,1.001841,0.000000,0.000000,1.000000,0.876098,1,0.000194,0.002623,1.614064,10.051333,1.507700,1.093750,0.000000,0.000000
820,9.941705,0.002294,1.001893,0.000000,0.000000,1.000000,0.883995,1,0.000190,0.002142,1.444237,9.897594,1.484639,1.093750,0.000000,0.000000
821,9.941237,0.002264,1.001961,0.000000,0.000000,1.000000,0.890345,1,0.000188,0.001704,1.294904,9.855843,1.478376,1.093750,0.000000,0.000000
822,10.270807,0.002192,1.002110,0.000000,0.000000,1.000000,0.896233,1,0.000194,0.001975,1.161265,10.167983,1.525197,1.093750,0.000000,0.000000
823,10.158964,0.002117,1.002129,0.000000,0.000000,1.000000,0.902236,1,0.000490,0.002176,1.038641,10.020286,1.503043,1.093750,0.000000,0.000000
824,10.103990,0.000000,0.997215,0.000000,0.000000,1.000000,0.907702,0,0.000190,0.002363,0.931826,9.950042,1.492506,1.093750,0.000000,0.000000
825,10.415958,0.000000,0.997685,0.000000,0.000000,1.000000,0.913042,0,0.000391,0.002149,0.836130,10.230138,1.534521,1.093750,0.000000,0.000000
826,10.291460,0.000000,0.998132,0.000000,0.000000,1.000000,0.918035,0,0.000277,0.001882,0.751507,10.091641,1.513746,1.093750,0.000000,0.000000
827,10.363298,0.000000,0.998516,0.000000,0.000000,1.000000,0.922153,0,0.000379,0.002202,0.677508,10.134480,1.520172,1.093750,0.000000,0.000000
828,10.262724,0.000000,0.998918,0.000000,0.000000,1.000000,0.926439,0,0.000403,0.002120,0.610274,10.021191,1.503179,1.093750,0.000000,0.000000
829,10.267447,0.000000,0.999265,0.000000,0.000000,1.000000,0.930308,0,0.000601,0.002382,0.554071,10.013214,1.501982,1.093750,0.000000,0.000000
830,10.177944,0.000000,0.999603,0.000000,0.000000,1.000000,0.933880,0,0.000304,0.002384,0.504839,9.925419,1.488813,1.093750,0.000000,0.000000
831,10.105050,0.000000,0.999867,0.000000,0.000000,1.000000,0.937296,0,0.000391,0.002253,0.461901,9.868241,1.480236,1.093750,0.000000,0.000000
832,10.417549,0.000000,1.000977,0.000000,0.000000,1.000000,0.939677,0,0.000179,0.002295,0.429483,10.180735,1.527110,1.093750,0.000000,0.000000
833,10.241193,0.000000,1.001053,0.000000,0.000000,1.000000,0.941581,0,0.000180,0.002263,0.399162,10.019814,1.502972,1.093750,0.000000,0.000000
834,10.130502,0.000000,1.001030,0.000000,0.000000,1.000000,0.943502,0,0.000182,0.002228,0.375063,9.923691,1.488554,1.093750,0.000000,0.000000
835,10.450411,0.000000,1.001055,0.000000,0.000000,1.000000,0.945304,0,0.000192,0.002359,0.356329,10.226883,1.534032,1.093750,0.000000,0.000000
836,10.339284,0.000000,1.001224,0.000000,0.000000,1.000000,0.946831,0,0.000197,0.002576,0.340446,10.114901,1.517235,1.093750,0.000000,0.000000
837,10.353501,0.000000,1.001549,0.000000,0.000000,1.000000,0.948321,0,0.000431,0.002083,0.325964,10.113258,1.516989,1.093750,0.000000,0.000000
838,10.276539,0.000000,1.000934,0.000000,0.000000,1.000000,0.949655,0,0.000186,0.002248,0.311799,10.037870,1.505681,1.093750,0.000000,0.000000
839,10.269446,0.000000,1.001425,0.000000,0.000000,1.000000,0.951524,0,0.000197,0.002054,0.298939,10.013207,1.501981,1.093750,0.000000,0.000000
840,10.050634,0.002568,1.000881,0.000000,0.000000,1.000000,0.775290,1,0.000194,0.002707,4.312412,9.925508,1.488826,1.093750,0.000000,0.000000
841,9.995952,0.002267,1.000982,0.000000,0.000000,1.000000,0.790264,1,0.000177,0.001882,3.870325,9.883267,1.482490,1.093750,0.000000,0.000000
842,10.259594,0.002191,1.001132,0.000000,0.000000,1.000000,0.804021,1,0.000178,0.002755,3.474204,10.158057,1.523709,1.093750,0.000000,0.000000
843,10.124814,0.002393,1.001210,0.000000,0.000000,1.000000,0.816860,1,0.000179,0.002798,3.113939,10.033408,1.505011,1.093750,0.000000,0.000000
844,10.104954,0.002308,1.001328,0.000000,0.000000,1.000000,0.829105,1,0.000289,0.001941,2.794650,10.022548,1.503382,1.093750,0.000000,0.000000
845,10.309568,0.002252,1.001419,0.000000,0.000000,1.000000,0.840493,1,0.000194,0.002073,2.506142,10.235313,1.535297,1.093750,0.000000,0.000000
846,10.192564,0.002232,1.001525,0.000000,0.000000,1.000000,0.849955,1,0.000169,0.002170,2.248228,10.125590,1.518839,1.093750,0.000000,0.000000
847,10.208754,0.002174,1.001645,0.000000,0.000000,1.000000,0.859411,1,0.000170,0.002334,2.016153,10.148356,1.522253,1.093750,0.000000,0.000000
848,10.062390,0.002384,1.001771,0.000000,0.000000,1.000000,0.868859,1,0.000183,0.001747,1.804910,10.007987,1.501198,1.093750,0.000000,0.000000
849,10.044212,0.002025,1.001841,0.000000,0.000000,1.000000,0.876098,1,0.000138,0.001728,1.614064,9.995248,1.499287,1.093750,0.000000,0.000000
850,9.958017,0.002174,1.001893,0.000000,0.000000,1.000000,0.883995,1,0.000196,0.002114,1.444237,9.913906,1.487086,1.093750,0.000000,0.000000
851,9.934028,0.002318,1.001961,0.000000,0.000000,1.000000,0.890345,1,0.000202,0.002066,1.294904,9.848626,1.477294,1.093750,0.000000,0.000000
852,10.316849,0.002195,1.002110,0.000000,0.000000,1.000000,0.896233,1,0.000454,0.002302,1.161265,10.214012,1.532102,1.093750,0.000000,0.000000
853,10.453273,0.002721,1.002129,0.000000,0.000000,1.000000,0.902236,1,0.000420,0.002509,1.038641,10.314566,1.547185,1.093750,0.000000,0.000000
854,10.148572,0.000000,0.997215,0.000000,0.000000,1.000000,0.907702,0,0.000411,0.002274,0.931826,9.994599,1.499190,1.093750,0.000000,0.000000
855,10.484892,0.000000,0.997685,0.000000,0.000000,1.000000,0.913042,0,0.000462,0.001878,0.836130,10.299068,1.544860,1.093750,0.000000,0.000000
856,10.285422,0.000000,0.998132,0.000000,0.000000,1.000000,0.918035,0,0.000229,0.002717,0.751507,10.085605,1.512841,1.093750,0.000000,0.000000
857,10.453459,0.000000,0.998516,0.000000,0.000000,1.000000,0.922153,0,0.000231,0.002035,0.677508,10.224640,1.533696,1.093750,0.000000,0.000000
858,10.536270,0.000000,0.998918,0.000000,0.000000,1.000000,0.926439,0,0.000424,0.002831,0.610274,10.294741,1.544211,1.093750,0.000000,0.000000
859,10.485015,0.000000,0.999265,0.000000,0.000000,1.000000,0.930308,0,0.000201,0.002232,0.554071,10.230769,1.534615,1.093750,0.000000,0.000000
860,10.378462,0.000000,0.999603,0.000000,0.000000,1.000000,0.933880,0,0.000289,0.002210,0.504839,10.125928,1.518889,1.093750,0.000000,0.000000
861,10.254383,0.000000,0.999867,0.000000,0.000000,1.000000,0.937296,0,0.000172,0.001991,0.461901,10.017569,1.502635,1.093750,0.000000,0.000000
862,10.519285,0.000000,1.000977,0.000000,0.000000,1.000000,0.939677,0,0.000320,0.002626,0.429483,10.282468,1.542370,1.093750,0.000000,0.000000
863,10.434384,0.000000,1.001053,0.000000,0.000000,1.000000,0.941581,0,0.000380,0.002864,0.399162,10.212995,1.531949,1.093750,0.000000,0.000000
864,10.211885,0.000000,1.001030,0.000000,0.000000,1.000000,0.943502,0,0.000412,0.002475,0.375063,10.005067,1.500760,1.093750,0.000000,0.000000
865,10.553643,0.000000,1.001055,0.000000,0.000000,1.000000,0.945304,0,0.000204,0.002397,0.356329,10.330115,1.549517,1.093750,0.000000,0.000000
866,10.378514,0.000000,1.001224,0.000000,0.000000,1.000000,0.946831,0,0.000425,0.001957,0.340446,10.154130,1.523119,1.093750,0.000000,0.000000
867,10.546188,0.000000,1.001214,0.000000,0.000000,1.000000,0.948321,0,0.000475,0.001638,0.325964,10.305953,1.545893,1.093750,0.000000,0.000000
868,10.373562,0.000000,1.000934,0.000000,0.000000,1.000000,0.950263,0,0.000207,0.002032,0.312381,10.118321,1.517748,1.093750,0.000000,0.000000
869,10.468658,0.000000,1.001425,0.000000,0.000000,1.000000,0.952132,0,0.000599,0.001951,0.299545,10.198836,1.529825,1.093750,0.000000,0.000000
870,10.140186,0.002950,1.000881,0.000000,0.000000,1.000000,0.775290,1,0.000197,0.001935,4.312412,10.015051,1.502258,1.093750,0.000000,0.000000
871,10.128609,0.002293,1.000982,0.000000,0.000000,1.000000,0.790264,1,0.000223,0.002028,3.870325,10.015917,1.502388,1.093750,0.000000,0.000000
872,10.379658,0.002583,1.001132,0.000000,0.000000,1.000000,0.804021,1,0.000106,0.001950,3.474204,10.278111,1.541717,1.093750,0.000000,0.000000
873,10.282179,0.002478,1.001210,0.000000,0.000000,1.000000,0.816860,1,0.000218,0.001717,3.113939,10.190774,1.528616,1.093750,0.000000,0.000000
874,10.120041,0.002368,1.001328,0.000000,0.000000,1.000000,0.829105,1,0.000168,0.001870,2.794650,10.037635,1.505645,1.093750,0.000000,0.000000
875,10.349233,0.002283,1.001419,0.000000,0.000000,1.000000,0.840493,1,0.000171,0.002224,2.506142,10.274974,1.541246,1.093750,0.000000,0.000000
876,10.185994,0.002018,1.001525,0.000000,0.000000,1.000000,0.849955,1,0.000316,0.002471,2.248228,10.119028,1.517854,1.093750,0.000000,0.000000
877,10.267020,0.002361,1.001645,0.000000,0.000000,1.000000,0.859411,1,0.000192,0.001938,2.016153,10.206619,1.530993,1.093750,0.000000,0.000000
878,10.188359,0.002412,1.001771,0.000000,0.000000,1.000000,0.868859,1,0.000180,0.002000,1.804910,10.133955,1.520093,1.093750,0.000000,0.000000
879,10.099185,0.002012,1.001841,0.000000,0.000000,1.000000,0.876098,1,0.000183,0.002074,1.614064,10.050224,1.507534,1.093750,0.000000,0.000000
880,9.990537,0.002016,1.001893,0.000000,0.000000,1.000000,0.883995,1,0.000210,0.001999,1.444237,9.946431,1.491965,1.093750,0.000000,0.000000
881,9.985548,0.002206,1.001961,0.000000,0.000000,1.000000,0.890345,1,0.000176,0.001668,1.294904,9.900151,1.485023,1.093750,0.000000,0.000000
882,10.287855,0.002001,1.002110,0.000000,0.000000,1.000000,0.896233,1,0.000200,0.002182,1.161265,10.185035,1.527755,1.093750,0.000000,0.000000
883,10.245429,0.002368,1.002129,0.000000,0.000000,1.000000,0.902236,1,0.000240,0.001542,1.038641,10.106740,1.516011,1.093750,0.000000,0.000000
884,10.168575,0.000000,0.997215,0.000000,0.000000,1.000000,0.907702,0,0.000190,0.002344,0.931826,10.014621,1.502193,1.093750,0.000000,0.000000
885,10.518268,0.000000,0.997685,0.000000,0.000000,1.000000,0.913042,0,0.000191,0.002271,0.836130,10.332457,1.549869,1.093750,0.000000,0.000000
886,10.406125,0.000000,0.998132,0.000000,0.000000,1.000000,0.918035,0,0.000194,0.002169,0.751507,10.206310,1.530947,1.093750,0.000000,0.000000
887,10.393608,0.000000,0.998516,0.000000,0.000000,1.000000,0.922153,0,0.000365,0.001832,0.677508,10.164795,1.524719,1.093750,0.000000,0.000000
888,10.325032,0.000000,0.998918,0.000000,0.000000,1.000000,0.926439,0,0.000363,0.001879,0.610274,10.083505,1.512526,1.093750,0.000000,0.000000
889,10.356070,0.000000,0.999265,0.000000,0.000000,1.000000,0.930308,0,0.000347,0.002280,0.554071,10.101825,1.515274,1.093750,0.000000,0.000000
890,10.236689,0.000000,0.999603,0.000000,0.000000,1.000000,0.933880,0,0.000199,0.001935,0.504839,9.984160,1.497624,1.093750,0.000000,0.000000
891,10.142876,0.000000,0.999867,0.000000,0.000000,1.000000,0.937296,0,0.000185,0.002097,0.461901,9.906066,1.485910,1.093750,0.000000,0.000000
892,10.441333,0.000000,1.000977,0.000000,0.000000,1.000000,0.939677,0,0.000222,0.001788,0.429483,10.204525,1.530679,1.093750,0.000000,0.000000
893,10.325746,0.000000,1.001053,0.000000,0.000000,1.000000,0.941581,0,0.000201,0.001963,0.399162,10.104365,1.515655,1.093750,0.000000,0.000000
894,10.373707,0.000000,1.001030,0.000000,0.000000,1.000000,0.943502,0,0.000348,0.002466,0.375063,10.166891,1.525034,1.093750,0.000000,0.000000
895,10.532443,0.000000,1.001055,0.000000,0.000000,1.000000,0.945304,0,0.000290,0.002090,0.356329,10.308920,1.546338,1.093750,0.000000,0.000000
896,10.373715,0.000000,1.001224,0.000000,0.000000,1.000000,0.946831,0,0.000185,0.002181,0.340446,10.149338,1.522401,1.093750,0.000000,0.000000
897,10.396320,0.000000,1.001214,0.000000,0.000000,1.000000,0.948321,0,0.000193,0.002373,0.325964,10.156088,1.523413,1.093750,0.000000,0.000000
898,10.385715,0.000000,1.000934,0.000000,0.000000,1.000000,0.950263,0,0.000197,0.002768,0.312381,10.130474,1.519571,1.093750,0.000000,0.000000
899,10.341101,0.000000,1.001425,0.000000,0.000000,1.000000,0.952132,0,0.000194,0.002064,0.299545,10.071290,1.510694,1.093750,0.000000,0.000000
