epoch,aggregation_latency_ms,recovery_latency_ms,aggregation_completeness,loss_exposure_fraction,communication_overhead_KB,system_availability,queue_utilization,recovery_frequency,scheduling_latency_ms,state_refresh_ms,workload_imbalance,processing_overhead_ms,energy_joules,scheduling_comm_kb,recomputation_overhead_ms,reused_microslot_count
0,10.192311,0.001099,1.004162,0.000000,0.000000,1.000000,0.790314,1,0.000192,0.000717,2.693559,10.067191,1.510079,0.468750,0.000000,0.000000
1,10.096829,0.001324,1.004318,0.000000,0.000000,1.000000,0.805173,1,0.000124,0.000881,2.406692,9.984025,1.497604,0.468750,0.000000,0.000000
2,10.403642,0.001034,1.004570,0.000000,0.000000,1.000000,0.819186,1,0.000063,0.000865,2.151123,10.301859,1.545279,0.468750,0.000000,0.000000
3,10.274870,0.001140,1.004735,0.000000,0.000000,1.000000,0.832792,1,0.000154,0.001109,1.919172,10.183065,1.527460,0.468750,0.000000,0.000000
4,10.144956,0.001189,1.004835,0.000000,0.000000,1.000000,0.845835,1,0.000144,0.000949,1.710828,10.062161,1.509324,0.468750,0.000000,0.000000
5,10.345675,0.001227,1.005104,0.000000,0.000000,1.000000,0.858335,1,0.000138,0.001192,1.526219,10.270879,1.540632,0.468750,0.000000,0.000000
6,10.185202,0.000000,0.993993,0.000000,0.000000,1.000000,0.870660,0,0.000149,0.000877,1.357779,10.117773,1.517666,0.468750,0.000000,0.000000
7,10.238486,0.000000,0.998494,0.000000,0.000000,1.000000,0.882892,0,0.000146,0.000952,1.205769,10.177730,1.526660,0.468750,0.000000,0.000000
8,10.174249,0.000000,0.996096,0.000000,0.000000,1.000000,0.890121,0,0.000147,0.000820,1.070101,10.081491,1.512224,0.468750,0.000000,0.000000
9,10.195650,0.000000,0.999499,0.000000,0.000000,1.000000,0.900788,0,0.000085,0.000853,0.950826,10.071223,1.510683,0.468750,0.000000,0.000000
10,10.075050,0.000000,1.000338,0.000000,0.000000,1.000000,0.907137,0,0.000063,0.001139,0.847580,9.956625,1.493494,0.468750,0.000000,0.000000
11,10.033204,0.000000,1.000617,0.000000,0.000000,1.000000,0.912657,0,0.000181,0.000964,0.753014,9.888444,1.483267,0.468750,0.000000,0.000000
12,10.292089,0.000000,1.000886,0.000000,0.000000,1.000000,0.918454,0,0.000144,0.001154,0.667656,10.186994,1.528049,0.468750,0.000000,0.000000
13,10.179442,0.000000,1.001789,0.000000,0.000000,1.000000,0.923663,0,0.000067,0.001007,0.598541,10.100020,1.515003,0.468750,0.000000,0.000000
14,10.072475,0.000000,1.002002,0.000000,0.000000,1.000000,0.928350,0,0.000067,0.001044,0.539027,9.951379,1.492707,0.468750,0.000000,0.000000
15,10.377820,0.000000,1.003296,0.000000,0.000000,1.000000,0.933392,0,0.000064,0.000920,0.481985,10.248395,1.537259,0.468750,0.000000,0.000000
16,10.280421,0.000000,1.002709,0.000000,0.000000,1.000000,0.937020,0,0.000063,0.000892,0.434569,10.152988,1.522948,0.468750,0.000000,0.000000
17,10.345714,0.000000,1.003850,0.000000,0.000000,1.000000,0.941302,0,0.000067,0.000930,0.396891,10.218284,1.532743,0.468750,0.000000,0.000000
18,10.156529,0.000000,1.003106,0.000000,0.000000,1.000000,0.943711,0,0.000139,0.001215,0.367427,10.037425,1.505614,0.468750,0.000000,0.000000
19,10.243588,0.000000,1.004400,0.000000,0.000000,1.000000,0.947576,0,0.000144,0.001144,0.336579,9.995828,1.499374,0.468750,0.000000,0.000000
20,10.111977,0.000000,1.001707,0.000000,0.000000,1.000000,0.950124,0,0.000138,0.000953,0.308285,9.906536,1.485980,0.468750,0.000000,0.000000
21,10.224361,0.000000,1.003502,0.000000,0.000000,1.000000,0.955309,0,0.000160,0.001115,0.282732,9.932260,1.489839,0.468750,0.000000,0.000000
22,10.532435,0.000000,1.003789,0.000000,0.000000,1.000000,0.957976,0,0.000145,0.000991,0.262072,10.206670,1.531000,0.468750,0.000000,0.000000
23,10.315207,0.000000,1.003750,0.000000,0.000000,1.000000,0.960523,0,0.000147,0.001422,0.242149,10.033775,1.505066,0.468750,0.000000,0.000000
24,10.170286,0.000000,1.003979,0.000000,0.000000,1.000000,0.963736,0,0.000169,0.000971,0.219464,9.936195,1.490429,0.468750,0.000000,0.000000
25,10.531393,0.000000,1.003989,0.000000,0.000000,1.000000,0.965550,0,0.000158,0.000790,0.202821,10.249619,1.537443,0.468750,0.000000,0.000000
26,10.450688,0.000000,1.001707,0.000000,0.000000,1.000000,0.968912,0,0.000160,0.000802,0.184864,10.155913,1.523387,0.468750,0.000000,0.000000
27,10.538619,0.000000,1.004102,0.000000,0.000000,1.000000,0.968912,0,0.000189,0.001018,0.169485,10.204865,1.530730,0.468750,0.000000,0.000000
28,10.365011,0.000000,1.001793,0.000000,0.000000,1.000000,0.970135,0,0.000162,0.000788,0.154679,10.029916,1.504487,0.468750,0.000000,0.000000
29,10.404775,0.000000,1.004277,0.000000,0.000000,1.000000,0.970135,0,0.000135,0.000768,0.146633,10.069674,1.510451,0.468750,0.000000,0.000000
30,10.108537,0.001016,1.004162,0.000000,0.000000,1.000000,0.790314,1,0.000268,0.000869,2.693559,9.983416,1.497512,0.468750,0.000000,0.000000
31,10.133499,0.001341,1.004318,0.000000,0.000000,1.000000,0.805173,1,0.000048,0.000726,2.406692,10.020690,1.503104,0.468750,0.000000,0.000000
32,10.323764,0.001027,1.004570,0.000000,0.000000,1.000000,0.819186,1,0.000156,0.000869,2.151123,10.221985,1.533298,0.468750,0.000000,0.000000
33,10.152452,0.001304,1.004735,0.000000,0.000000,1.000000,0.832792,1,0.000154,0.000846,1.919172,10.060651,1.509098,0.468750,0.000000,0.000000
34,10.077785,0.001310,1.004835,0.000000,0.000000,1.000000,0.845835,1,0.000158,0.001146,1.710828,9.994985,1.499248,0.468750,0.000000,0.000000
35,10.347701,0.001433,1.005104,0.000000,0.000000,1.000000,0.858335,1,0.000112,0.001030,1.526219,10.272892,1.540934,0.468750,0.000000,0.000000
36,10.280366,0.000000,0.993993,0.000000,0.000000,1.000000,0.870660,0,0.000075,0.000990,1.357779,10.212934,1.531940,0.468750,0.000000,0.000000
37,10.296470,0.000000,0.998494,0.000000,0.000000,1.000000,0.882892,0,0.000190,0.001222,1.205769,10.235711,1.535357,0.468750,0.000000,0.000000
38,10.144153,0.000000,0.996096,0.000000,0.000000,1.000000,0.890121,0,0.000156,0.001173,1.070101,10.051389,1.507708,0.468750,0.000000,0.000000
39,10.345546,0.000000,0.999499,0.000000,0.000000,1.000000,0.900788,0,0.000162,0.001168,0.950826,10.221120,1.533168,0.468750,0.000000,0.000000
40,10.314351,0.000000,1.000338,0.000000,0.000000,1.000000,0.907137,0,0.000286,0.001150,0.847580,10.195922,1.529388,0.468750,0.000000,0.000000
41,10.177184,0.000000,1.000617,0.000000,0.000000,1.000000,0.912657,0,0.000148,0.001204,0.753014,10.032413,1.504862,0.468750,0.000000,0.000000
42,10.379479,0.000000,1.000886,0.000000,0.000000,1.000000,0.918454,0,0.000200,0.001317,0.667656,10.274380,1.541157,0.468750,0.000000,0.000000
43,10.179930,0.000000,1.001789,0.000000,0.000000,1.000000,0.923663,0,0.000167,0.000930,0.598541,10.100499,1.515075,0.468750,0.000000,0.000000
44,10.225791,0.000000,1.002002,0.000000,0.000000,1.000000,0.928350,0,0.000145,0.001004,0.539027,10.104690,1.515703,0.468750,0.000000,0.000000
45,10.432775,0.000000,1.003296,0.000000,0.000000,1.000000,0.933392,0,0.000421,0.001001,0.481985,10.303351,1.545503,0.468750,0.000000,0.000000
46,10.259573,0.000000,1.002709,0.000000,0.000000,1.000000,0.937020,0,0.000146,0.000991,0.434569,10.132144,1.519822,0.468750,0.000000,0.000000
47,10.405488,0.000000,1.003850,0.000000,0.000000,1.000000,0.941302,0,0.000153,0.001138,0.396891,10.278061,1.541709,0.468750,0.000000,0.000000
48,10.423440,0.000000,1.003106,0.000000,0.000000,1.000000,0.943711,0,0.000200,0.001029,0.367427,10.304342,1.545651,0.468750,0.000000,0.000000
49,10.443886,0.000000,1.004400,0.000000,0.000000,1.000000,0.947576,0,0.000166,0.001520,0.336579,10.196125,1.529419,0.468750,0.000000,0.000000
50,10.334018,0.000000,1.001707,0.000000,0.000000,1.000000,0.950124,0,0.000156,0.001170,0.308285,10.128577,1.519287,0.468750,0.000000,0.000000
51,10.304253,0.000000,1.003502,0.000000,0.000000,1.000000,0.955309,0,0.000274,0.000976,0.282732,10.012155,1.501823,0.468750,0.000000,0.000000
52,10.603440,0.000000,1.003789,0.000000,0.000000,1.000000,0.957976,0,0.000318,0.001338,0.262072,10.277667,1.541650,0.468750,0.000000,0.000000
53,10.404321,0.000000,1.003750,0.000000,0.000000,1.000000,0.960523,0,0.000163,0.001262,0.242149,10.122886,1.518433,0.468750,0.000000,0.000000
54,10.245990,0.000000,1.003979,0.000000,0.000000,1.000000,0.963736,0,0.000194,0.001003,0.219464,10.011894,1.501784,0.468750,0.000000,0.000000
55,10.617566,0.000000,1.002756,0.000000,0.000000,1.000000,0.965550,0,0.000150,0.000780,0.202821,10.335806,1.550371,0.468750,0.000000,0.000000
56,10.499031,0.000000,1.003116,0.000000,0.000000,1.000000,0.965550,0,0.000148,0.000985,0.186576,10.167260,1.525089,0.468750,0.000000,0.000000
57,10.457171,0.000000,1.004102,0.000000,0.000000,1.000000,0.969472,0,0.000260,0.001090,0.169055,10.162402,1.524360,0.468750,0.000000,0.000000
58,10.410398,0.000000,1.001734,0.000000,0.000000,1.000000,0.970695,0,0.000149,0.000973,0.154208,10.074970,1.511245,0.468750,0.000000,0.000000
59,10.334703,0.000000,1.004277,0.000000,0.000000,1.000000,0.970695,0,0.000158,0.001025,0.145570,9.999273,1.499891,0.468750,0.000000,0.000000
60,10.059961,0.001043,1.004162,0.000000,0.000000,1.000000,0.790314,1,0.000143,0.001219,2.693559,9.934832,1.490225,0.468750,0.000000,0.000000
61,10.109290,0.001340,1.004318,0.000000,0.000000,1.000000,0.805173,1,0.000072,0.001230,2.406692,9.996487,1.499473,0.468750,0.000000,0.000000
62,10.383562,0.001401,1.004570,0.000000,0.000000,1.000000,0.819186,1,0.000140,0.001219,2.151123,10.281735,1.542260,0.468750,0.000000,0.000000
63,10.185053,0.001085,1.004735,0.000000,0.000000,1.000000,0.832792,1,0.000155,0.001042,1.919172,10.093269,1.513990,0.468750,0.000000,0.000000
64,10.131691,0.001030,1.004835,0.000000,0.000000,1.000000,0.845835,1,0.000157,0.001249,1.710828,10.048911,1.507337,0.468750,0.000000,0.000000
65,10.310038,0.000999,1.005104,0.000000,0.000000,1.000000,0.858335,1,0.000158,0.001071,1.526219,10.235257,1.535289,0.468750,0.000000,0.000000
66,10.184970,0.000000,0.993993,0.000000,0.000000,1.000000,0.870660,0,0.000092,0.001215,1.357779,10.117541,1.517631,0.468750,0.000000,0.000000
67,10.235349,0.000000,0.998494,0.000000,0.000000,1.000000,0.882892,0,0.000085,0.001160,1.205769,10.174589,1.526188,0.468750,0.000000,0.000000
68,10.101094,0.000000,0.996096,0.000000,0.000000,1.000000,0.890121,0,0.000166,0.001060,1.070101,10.008335,1.501250,0.468750,0.000000,0.000000
69,10.139303,0.000000,0.999499,0.000000,0.000000,1.000000,0.900788,0,0.000088,0.001215,0.950826,10.014872,1.502231,0.468750,0.000000,0.000000
70,10.064608,0.000000,1.000338,0.000000,0.000000,1.000000,0.907137,0,0.000164,0.000914,0.847580,9.946177,1.491926,0.468750,0.000000,0.000000
71,10.135371,0.000000,1.000617,0.000000,0.000000,1.000000,0.912657,0,0.000211,0.001080,0.753014,9.990609,1.498591,0.468750,0.000000,0.000000
72,10.365030,0.000000,1.000886,0.000000,0.000000,1.000000,0.918454,0,0.000274,0.000953,0.667656,10.259928,1.538989,0.468750,0.000000,0.000000
73,10.349100,0.000000,1.001789,0.000000,0.000000,1.000000,0.923663,0,0.000150,0.001180,0.598541,10.269675,1.540451,0.468750,0.000000,0.000000
74,10.205829,0.000000,1.002002,0.000000,0.000000,1.000000,0.928350,0,0.000174,0.001153,0.539027,10.084735,1.512710,0.468750,0.000000,0.000000
75,10.487778,0.000000,1.003296,0.000000,0.000000,1.000000,0.933392,0,0.000153,0.001070,0.481985,10.358355,1.553753,0.468750,0.000000,0.000000
76,10.275157,0.000000,1.002709,0.000000,0.000000,1.000000,0.937020,0,0.000167,0.001015,0.434569,10.147721,1.522158,0.468750,0.000000,0.000000
77,10.323436,0.000000,1.003850,0.000000,0.000000,1.000000,0.941302,0,0.000153,0.000986,0.396891,10.196004,1.529401,0.468750,0.000000,0.000000
78,10.198026,0.000000,1.003106,0.000000,0.000000,1.000000,0.943711,0,0.000345,0.000915,0.367427,10.078913,1.511837,0.468750,0.000000,0.000000
79,10.342543,0.000000,1.004400,0.000000,0.000000,1.000000,0.947576,0,0.000146,0.001649,0.336579,10.094774,1.514216,0.468750,0.000000,0.000000
80,10.213135,0.000000,1.001707,0.000000,0.000000,1.000000,0.950124,0,0.000180,0.001098,0.308285,10.007707,1.501156,0.468750,0.000000,0.000000
81,10.352583,0.000000,1.003502,0.000000,0.000000,1.000000,0.955309,0,0.000190,0.001138,0.282732,10.060480,1.509072,0.468750,0.000000,0.000000
82,10.623678,0.000000,1.003789,0.000000,0.000000,1.000000,0.957976,0,0.000295,0.001225,0.262072,10.297922,1.544688,0.468750,0.000000,0.000000
83,10.468878,0.000000,1.003750,0.000000,0.000000,1.000000,0.960523,0,0.000163,0.000973,0.242149,10.187450,1.528118,0.468750,0.000000,0.000000
84,10.282596,0.000000,1.003979,0.000000,0.000000,1.000000,0.963736,0,0.000180,0.000927,0.219464,10.048484,1.507273,0.468750,0.000000,0.000000
85,10.590133,0.000000,1.003989,0.000000,0.000000,1.000000,0.965550,0,0.000155,0.001154,0.202821,10.308361,1.546254,0.468750,0.000000,0.000000
86,10.429309,0.000000,1.001707,0.000000,0.000000,1.000000,0.968912,0,0.000182,0.001288,0.184864,10.134541,1.520181,0.468750,0.000000,0.000000
87,10.577937,0.000000,1.004102,0.000000,0.000000,1.000000,0.968912,0,0.000166,0.000977,0.169485,10.244167,1.536625,0.468750,0.000000,0.000000
88,10.379773,0.000000,1.001793,0.000000,0.000000,1.000000,0.970135,0,0.000180,0.000869,0.154679,10.044673,1.506701,0.468750,0.000000,0.000000
89,10.357273,0.000000,1.004277,0.000000,0.000000,1.000000,0.970135,0,0.000159,0.001081,0.146633,10.022180,1.503327,0.468750,0.000000,0.000000
90,10.039279,0.001091,1.004162,0.000000,0.000000,1.000000,0.790314,1,0.000146,0.001188,2.693559,9.914144,1.487122,0.468750,0.000000,0.000000
91,10.020672,0.001132,1.004318,0.000000,0.000000,1.000000,0.805173,1,0.000065,0.001118,2.406692,9.907877,1.486182,0.468750,0.000000,0.000000
92,10.311702,0.000902,1.004570,0.000000,0.000000,1.000000,0.819186,1,0.000081,0.001037,2.151123,10.209921,1.531488,0.468750,0.000000,0.000000
93,10.168507,0.001053,1.004735,0.000000,0.000000,1.000000,0.832792,1,0.000066,0.000924,1.919172,10.076720,1.511508,0.468750,0.000000,0.000000
94,10.099533,0.001202,1.004835,0.000000,0.000000,1.000000,0.845835,1,0.000080,0.000871,1.710828,10.016737,1.502511,0.468750,0.000000,0.000000
95,10.347674,0.001351,1.005104,0.000000,0.000000,1.000000,0.858335,1,0.000150,0.001014,1.526219,10.272868,1.540930,0.468750,0.000000,0.000000
96,10.197876,0.000000,0.993993,0.000000,0.000000,1.000000,0.870660,0,0.000075,0.001033,1.357779,10.130439,1.519566,0.468750,0.000000,0.000000
97,10.239761,0.000000,0.998494,0.000000,0.000000,1.000000,0.882892,0,0.000147,0.001243,1.205769,10.178999,1.526850,0.468750,0.000000,0.000000
98,10.156244,0.000000,0.996096,0.000000,0.000000,1.000000,0.890121,0,0.000223,0.001186,1.070101,10.063474,1.509521,0.468750,0.000000,0.000000
99,10.153196,0.000000,0.999499,0.000000,0.000000,1.000000,0.900788,0,0.000200,0.001173,0.950826,10.028761,1.504314,0.468750,0.000000,0.000000
100,10.104591,0.000000,1.000338,0.000000,0.000000,1.000000,0.907137,0,0.000158,0.001290,0.847580,9.986156,1.497923,0.468750,0.000000,0.000000
101,10.054134,0.000000,1.000617,0.000000,0.000000,1.000000,0.912657,0,0.000162,0.001118,0.753014,9.909359,1.486404,0.468750,0.000000,0.000000
102,10.301840,0.000000,1.000886,0.000000,0.000000,1.000000,0.918454,0,0.000165,0.000971,0.667656,10.196741,1.529511,0.468750,0.000000,0.000000
103,10.163745,0.000000,1.001789,0.000000,0.000000,1.000000,0.923663,0,0.000152,0.001162,0.598541,10.084309,1.512646,0.468750,0.000000,0.000000
104,10.107847,0.000000,1.002002,0.000000,0.000000,1.000000,0.928350,0,0.000097,0.001053,0.539027,9.986744,1.498012,0.468750,0.000000,0.000000
105,10.418422,0.000000,1.003296,0.000000,0.000000,1.000000,0.933392,0,0.000184,0.000899,0.481985,10.288998,1.543350,0.468750,0.000000,0.000000
106,10.294784,0.000000,1.002709,0.000000,0.000000,1.000000,0.937020,0,0.000209,0.000811,0.434569,10.167355,1.525103,0.468750,0.000000,0.000000
107,10.295251,0.000000,1.003850,0.000000,0.000000,1.000000,0.941302,0,0.000169,0.001167,0.396891,10.167826,1.525174,0.468750,0.000000,0.000000
108,10.131257,0.000000,1.003106,0.000000,0.000000,1.000000,0.943711,0,0.000164,0.001154,0.367427,10.012158,1.501824,0.468750,0.000000,0.000000
109,10.337326,0.000000,1.004400,0.000000,0.000000,1.000000,0.947576,0,0.000195,0.001068,0.336579,10.089552,1.513433,0.468750,0.000000,0.000000
110,10.158166,0.000000,1.001707,0.000000,0.000000,1.000000,0.950124,0,0.000167,0.000825,0.308285,9.952729,1.492909,0.468750,0.000000,0.000000
111,10.256340,0.000000,1.003502,0.000000,0.000000,1.000000,0.955309,0,0.000338,0.000734,0.282732,9.964246,1.494637,0.468750,0.000000,0.000000
112,10.516952,0.000000,1.003789,0.000000,0.000000,1.000000,0.957976,0,0.000174,0.001085,0.262072,10.191192,1.528679,0.468750,0.000000,0.000000
113,10.430866,0.000000,1.003750,0.000000,0.000000,1.000000,0.960523,0,0.000162,0.000816,0.242149,10.149434,1.522415,0.468750,0.000000,0.000000
114,10.360385,0.000000,1.003979,0.000000,0.000000,1.000000,0.963736,0,0.000170,0.001203,0.219464,10.126290,1.518943,0.468750,0.000000,0.000000
115,10.570043,0.000000,1.002756,0.000000,0.000000,1.000000,0.965550,0,0.000439,0.001351,0.202821,10.288279,1.543242,0.468750,0.000000,0.000000
116,10.472604,0.000000,1.003116,0.000000,0.000000,1.000000,0.965550,0,0.000350,0.000719,0.186576,10.140842,1.521126,0.468750,0.000000,0.000000
117,10.430864,0.000000,1.004102,0.000000,0.000000,1.000000,0.969472,0,0.000247,0.001041,0.169055,10.136100,1.520415,0.468750,0.000000,0.000000
118,10.428802,0.000000,1.001734,0.000000,0.000000,1.000000,0.970695,0,0.000159,0.001092,0.154208,10.093365,1.514005,0.468750,0.000000,0.000000
119,10.376768,0.000000,1.004277,0.000000,0.000000,1.000000,0.970695,0,0.000196,0.001117,0.145570,10.041334,1.506200,0.468750,0.000000,0.000000
120,10.102502,0.001495,1.004162,0.000000,0.000000,1.000000,0.790314,1,0.000330,0.000940,2.693559,9.977350,1.496603,0.468750,0.000000,0.000000
121,10.074551,0.001185,1.004318,0.000000,0.000000,1.000000,0.805173,1,0.000151,0.001054,2.406692,9.961760,1.494264,0.468750,0.000000,0.000000
122,10.284979,0.001169,1.004570,0.000000,0.000000,1.000000,0.819186,1,0.000156,0.000896,2.151123,10.183191,1.527479,0.468750,0.000000,0.000000
123,10.149089,0.001038,1.004735,0.000000,0.000000,1.000000,0.832792,1,0.000148,0.001057,1.919172,10.057304,1.508596,0.468750,0.000000,0.000000
124,10.082180,0.000894,1.004835,0.000000,0.000000,1.000000,0.845835,1,0.000148,0.000870,1.710828,9.999401,1.499910,0.468750,0.000000,0.000000
125,10.321513,0.000934,1.005104,0.000000,0.000000,1.000000,0.858335,1,0.000260,0.001000,1.526219,10.246740,1.537011,0.468750,0.000000,0.000000
126,10.277344,0.000000,0.993993,0.000000,0.000000,1.000000,0.870660,0,0.000147,0.000899,1.357779,10.209916,1.531487,0.468750,0.000000,0.000000
127,10.199322,0.000000,0.998494,0.000000,0.000000,1.000000,0.882892,0,0.000146,0.000972,1.205769,10.138562,1.520784,0.468750,0.000000,0.000000
128,10.181250,0.000000,0.996096,0.000000,0.000000,1.000000,0.890121,0,0.000242,0.000987,1.070101,10.088490,1.513273,0.468750,0.000000,0.000000
129,10.177228,0.000000,0.999499,0.000000,0.000000,1.000000,0.900788,0,0.000173,0.000883,0.950826,10.052803,1.507920,0.468750,0.000000,0.000000
130,10.033946,0.000000,1.000338,0.000000,0.000000,1.000000,0.907137,0,0.000145,0.000776,0.847580,9.915517,1.487328,0.468750,0.000000,0.000000
131,10.040715,0.000000,1.000617,0.000000,0.000000,1.000000,0.912657,0,0.000175,0.000723,0.753014,9.895956,1.484393,0.468750,0.000000,0.000000
132,10.337802,0.000000,1.000886,0.000000,0.000000,1.000000,0.918454,0,0.000138,0.000696,0.667656,10.232709,1.534906,0.468750,0.000000,0.000000
133,10.212725,0.000000,1.001789,0.000000,0.000000,1.000000,0.923663,0,0.000161,0.000803,0.598541,10.133302,1.519995,0.468750,0.000000,0.000000
134,10.114310,0.000000,1.002002,0.000000,0.000000,1.000000,0.928350,0,0.000299,0.000864,0.539027,9.993205,1.498981,0.468750,0.000000,0.000000
135,10.415593,0.000000,1.003296,0.000000,0.000000,1.000000,0.933392,0,0.000172,0.001038,0.481985,10.286160,1.542924,0.468750,0.000000,0.000000
136,10.406745,0.000000,1.002709,0.000000,0.000000,1.000000,0.937020,0,0.000165,0.001048,0.434569,10.279311,1.541897,0.468750,0.000000,0.000000
137,10.464760,0.000000,1.003850,0.000000,0.000000,1.000000,0.941302,0,0.000255,0.000818,0.396891,10.337339,1.550601,0.468750,0.000000,0.000000
138,10.163018,0.000000,1.003106,0.000000,0.000000,1.000000,0.943711,0,0.000167,0.001006,0.367427,10.043918,1.506588,0.468750,0.000000,0.000000
139,10.257773,0.000000,1.004400,0.000000,0.000000,1.000000,0.947576,0,0.000145,0.000966,0.336579,10.010016,1.501502,0.468750,0.000000,0.000000
140,10.143936,0.000000,1.001707,0.000000,0.000000,1.000000,0.950124,0,0.000173,0.001054,0.308285,9.938495,1.490774,0.468750,0.000000,0.000000
141,10.174166,0.000000,1.003502,0.000000,0.000000,1.000000,0.955309,0,0.000269,0.001177,0.282732,9.882064,1.482310,0.468750,0.000000,0.000000
142,10.517234,0.000000,1.003789,0.000000,0.000000,1.000000,0.957976,0,0.000095,0.000971,0.262072,10.191470,1.528721,0.468750,0.000000,0.000000
143,10.368221,0.000000,1.003750,0.000000,0.000000,1.000000,0.960523,0,0.000106,0.001144,0.242149,10.086783,1.513017,0.468750,0.000000,0.000000
144,10.298051,0.000000,1.003979,0.000000,0.000000,1.000000,0.963736,0,0.000152,0.001177,0.219464,10.063958,1.509594,0.468750,0.000000,0.000000
145,10.567301,0.000000,1.003989,0.000000,0.000000,1.000000,0.965550,0,0.000171,0.000946,0.202821,10.285527,1.542829,0.468750,0.000000,0.000000
146,10.492231,0.000000,1.001707,0.000000,0.000000,1.000000,0.968912,0,0.000179,0.001064,0.184864,10.197471,1.529621,0.468750,0.000000,0.000000
147,10.494917,0.000000,1.004102,0.000000,0.000000,1.000000,0.968912,0,0.000157,0.001254,0.169485,10.161145,1.524172,0.468750,0.000000,0.000000
148,10.387102,0.000000,1.001793,0.000000,0.000000,1.000000,0.970135,0,0.000142,0.000790,0.154679,10.051999,1.507800,0.468750,0.000000,0.000000
149,10.343995,0.000000,1.004277,0.000000,0.000000,1.000000,0.970135,0,0.000169,0.001010,0.146633,10.008894,1.501334,0.468750,0.000000,0.000000
150,10.106558,0.001348,1.004162,0.000000,0.000000,1.000000,0.790314,1,0.000331,0.000952,2.693559,9.981413,1.497212,0.468750,0.000000,0.000000
151,10.066166,0.001371,1.004318,0.000000,0.000000,1.000000,0.805173,1,0.000150,0.000898,2.406692,9.953355,1.493003,0.468750,0.000000,0.000000
152,10.394168,0.001268,1.004570,0.000000,0.000000,1.000000,0.819186,1,0.000148,0.001015,2.151123,10.292373,1.543856,0.468750,0.000000,0.000000
153,10.242528,0.001222,1.004735,0.000000,0.000000,1.000000,0.832792,1,0.000159,0.000832,1.919172,10.150736,1.522610,0.468750,0.000000,0.000000
154,10.107399,0.000890,1.004835,0.000000,0.000000,1.000000,0.845835,1,0.000156,0.001179,1.710828,10.024624,1.503694,0.468750,0.000000,0.000000
155,10.369082,0.000894,1.005104,0.000000,0.000000,1.000000,0.858335,1,0.000141,0.000750,1.526219,10.294313,1.544147,0.468750,0.000000,0.000000
156,10.215158,0.000000,0.993993,0.000000,0.000000,1.000000,0.870660,0,0.000312,0.000744,1.357779,10.147733,1.522160,0.468750,0.000000,0.000000
157,10.236252,0.000000,0.998494,0.000000,0.000000,1.000000,0.882892,0,0.000174,0.001213,1.205769,10.175482,1.526322,0.468750,0.000000,0.000000
158,10.104513,0.000000,0.996096,0.000000,0.000000,1.000000,0.890121,0,0.000145,0.000744,1.070101,10.011746,1.501762,0.468750,0.000000,0.000000
159,10.133393,0.000000,0.999499,0.000000,0.000000,1.000000,0.900788,0,0.000080,0.000779,0.950826,10.008958,1.501344,0.468750,0.000000,0.000000
160,10.069808,0.000000,1.000338,0.000000,0.000000,1.000000,0.907137,0,0.000086,0.000891,0.847580,9.951378,1.492707,0.468750,0.000000,0.000000
161,10.068195,0.000000,1.000617,0.000000,0.000000,1.000000,0.912657,0,0.000144,0.000890,0.753014,9.923429,1.488514,0.468750,0.000000,0.000000
162,10.297291,0.000000,1.000886,0.000000,0.000000,1.000000,0.918454,0,0.000147,0.001251,0.667656,10.192191,1.528829,0.468750,0.000000,0.000000
163,10.125913,0.000000,1.001789,0.000000,0.000000,1.000000,0.923663,0,0.000279,0.000947,0.598541,10.046480,1.506972,0.468750,0.000000,0.000000
164,10.054047,0.000000,1.002002,0.000000,0.000000,1.000000,0.928350,0,0.000161,0.000709,0.539027,9.932949,1.489942,0.468750,0.000000,0.000000
165,10.370096,0.000000,1.003296,0.000000,0.000000,1.000000,0.933392,0,0.000162,0.000819,0.481985,10.240669,1.536100,0.468750,0.000000,0.000000
166,10.209925,0.000000,1.002709,0.000000,0.000000,1.000000,0.937020,0,0.000162,0.000759,0.434569,10.082495,1.512374,0.468750,0.000000,0.000000
167,10.256772,0.000000,1.003850,0.000000,0.000000,1.000000,0.941302,0,0.000210,0.000934,0.396891,10.129340,1.519401,0.468750,0.000000,0.000000
168,10.147435,0.000000,1.003106,0.000000,0.000000,1.000000,0.943711,0,0.000169,0.001118,0.367427,10.028341,1.504251,0.468750,0.000000,0.000000
169,10.260905,0.000000,1.004400,0.000000,0.000000,1.000000,0.947576,0,0.000159,0.001023,0.336579,10.013142,1.501971,0.468750,0.000000,0.000000
170,10.199628,0.000000,1.001707,0.000000,0.000000,1.000000,0.950124,0,0.000182,0.000716,0.308285,9.994197,1.499130,0.468750,0.000000,0.000000
171,10.186656,0.000000,1.003502,0.000000,0.000000,1.000000,0.955309,0,0.000157,0.000893,0.282732,9.894556,1.484183,0.468750,0.000000,0.000000
172,10.560245,0.000000,1.003789,0.000000,0.000000,1.000000,0.957976,0,0.000343,0.001057,0.262072,10.234483,1.535172,0.468750,0.000000,0.000000
173,10.334910,0.000000,1.003750,0.000000,0.000000,1.000000,0.960523,0,0.000155,0.000880,0.242149,10.053481,1.508022,0.468750,0.000000,0.000000
174,10.210971,0.000000,1.003979,0.000000,0.000000,1.000000,0.963736,0,0.000168,0.000781,0.219464,9.976867,1.496530,0.468750,0.000000,0.000000
175,10.529713,0.000000,1.003989,0.000000,0.000000,1.000000,0.965550,0,0.000156,0.000795,0.202821,10.247955,1.537193,0.468750,0.000000,0.000000
176,10.394669,0.000000,1.001707,0.000000,0.000000,1.000000,0.968912,0,0.000249,0.000895,0.184864,10.099900,1.514985,0.468750,0.000000,0.000000
177,10.481931,0.000000,1.004102,0.000000,0.000000,1.000000,0.968912,0,0.000161,0.000924,0.169485,10.148163,1.522225,0.468750,0.000000,0.000000
178,10.378060,0.000000,1.001793,0.000000,0.000000,1.000000,0.970135,0,0.000277,0.000690,0.154679,10.042956,1.506443,0.468750,0.000000,0.000000
179,10.376394,0.000000,1.004277,0.000000,0.000000,1.000000,0.970135,0,0.000151,0.000785,0.146633,10.041291,1.506194,0.468750,0.000000,0.000000
180,10.042770,0.001158,1.004162,0.000000,0.000000,1.000000,0.790314,1,0.000356,0.001055,2.693559,9.917642,1.487646,0.468750,0.000000,0.000000
181,9.995198,0.000968,1.004318,0.000000,0.000000,1.000000,0.805173,1,0.000144,0.001024,2.406692,9.882424,1.482364,0.468750,0.000000,0.000000
182,10.272502,0.001180,1.004570,0.000000,0.000000,1.000000,0.819186,1,0.000149,0.000937,2.151123,10.170712,1.525607,0.468750,0.000000,0.000000
183,10.143855,0.001051,1.004735,0.000000,0.000000,1.000000,0.832792,1,0.000148,0.001187,1.919172,10.052073,1.507811,0.468750,0.000000,0.000000
184,10.135456,0.001346,1.004835,0.000000,0.000000,1.000000,0.845835,1,0.000143,0.000894,1.710828,10.052656,1.507898,0.468750,0.000000,0.000000
185,10.301489,0.001588,1.005104,0.000000,0.000000,1.000000,0.858335,1,0.000156,0.000862,1.526219,10.226671,1.534001,0.468750,0.000000,0.000000
186,10.141610,0.000000,0.993993,0.000000,0.000000,1.000000,0.870660,0,0.000147,0.000963,1.357779,10.074187,1.511128,0.468750,0.000000,0.000000
187,10.199986,0.000000,0.998494,0.000000,0.000000,1.000000,0.882892,0,0.000144,0.001156,1.205769,10.139230,1.520885,0.468750,0.000000,0.000000
188,10.129967,0.000000,0.996096,0.000000,0.000000,1.000000,0.890121,0,0.000151,0.001188,1.070101,10.037203,1.505580,0.468750,0.000000,0.000000
189,10.135200,0.000000,0.999499,0.000000,0.000000,1.000000,0.900788,0,0.000179,0.000851,0.950826,10.010769,1.501615,0.468750,0.000000,0.000000
190,10.028034,0.000000,1.000338,0.000000,0.000000,1.000000,0.907137,0,0.000143,0.000774,0.847580,9.909613,1.486442,0.468750,0.000000,0.000000
191,10.038681,0.000000,1.000617,0.000000,0.000000,1.000000,0.912657,0,0.000174,0.001304,0.753014,9.893921,1.484088,0.468750,0.000000,0.000000
192,10.299530,0.000000,1.000886,0.000000,0.000000,1.000000,0.918454,0,0.000234,0.000988,0.667656,10.194430,1.529164,0.468750,0.000000,0.000000
193,10.130976,0.000000,1.001789,0.000000,0.000000,1.000000,0.923663,0,0.000150,0.000995,0.598541,10.051547,1.507732,0.468750,0.000000,0.000000
194,10.084685,0.000000,1.002002,0.000000,0.000000,1.000000,0.928350,0,0.000146,0.000914,0.539027,9.963586,1.494538,0.468750,0.000000,0.000000
195,10.364195,0.000000,1.003296,0.000000,0.000000,1.000000,0.933392,0,0.000143,0.001337,0.481985,10.234766,1.535215,0.468750,0.000000,0.000000
196,10.232846,0.000000,1.002709,0.000000,0.000000,1.000000,0.937020,0,0.000148,0.001094,0.434569,10.105422,1.515813,0.468750,0.000000,0.000000
197,10.350784,0.000000,1.003850,0.000000,0.000000,1.000000,0.941302,0,0.000151,0.001067,0.396891,10.223354,1.533503,0.468750,0.000000,0.000000
198,10.126764,0.000000,1.003106,0.000000,0.000000,1.000000,0.943711,0,0.000147,0.000705,0.367427,10.007662,1.501149,0.468750,0.000000,0.000000
199,10.235834,0.000000,1.004400,0.000000,0.000000,1.000000,0.947576,0,0.000145,0.000743,0.336579,9.988071,1.498211,0.468750,0.000000,0.000000
200,10.175433,0.000000,1.001707,0.000000,0.000000,1.000000,0.950124,0,0.000146,0.001021,0.308285,9.969998,1.495500,0.468750,0.000000,0.000000
201,10.217848,0.000000,1.003502,0.000000,0.000000,1.000000,0.955309,0,0.000141,0.000789,0.282732,9.925746,1.488862,0.468750,0.000000,0.000000
202,10.532652,0.000000,1.003789,0.000000,0.000000,1.000000,0.957976,0,0.000139,0.000803,0.262072,10.206884,1.531033,0.468750,0.000000,0.000000
203,10.348022,0.000000,1.003750,0.000000,0.000000,1.000000,0.960523,0,0.000148,0.000927,0.242149,10.066592,1.509989,0.468750,0.000000,0.000000
204,10.192425,0.000000,1.003979,0.000000,0.000000,1.000000,0.963736,0,0.000142,0.000878,0.219464,9.958325,1.493749,0.468750,0.000000,0.000000
205,10.518864,0.000000,1.003989,0.000000,0.000000,1.000000,0.965550,0,0.000145,0.000800,0.202821,10.237100,1.535565,0.468750,0.000000,0.000000
206,10.416830,0.000000,1.001707,0.000000,0.000000,1.000000,0.968912,0,0.000289,0.000946,0.184864,10.122066,1.518310,0.468750,0.000000,0.000000
207,10.453823,0.000000,1.004102,0.000000,0.000000,1.000000,0.968912,0,0.000141,0.000993,0.169485,10.120045,1.518007,0.468750,0.000000,0.000000
208,10.397091,0.000000,1.001793,0.000000,0.000000,1.000000,0.970135,0,0.000145,0.001091,0.154679,10.061990,1.509299,0.468750,0.000000,0.000000
209,10.395456,0.000000,1.004277,0.000000,0.000000,1.000000,0.970135,0,0.000140,0.000920,0.146633,10.060357,1.509054,0.468750,0.000000,0.000000
210,10.166441,0.001443,1.004162,0.000000,0.000000,1.000000,0.790314,1,0.000146,0.000985,2.693559,10.041285,1.506193,0.468750,0.000000,0.000000
211,10.086929,0.001343,1.004318,0.000000,0.000000,1.000000,0.805173,1,0.000067,0.001155,2.406692,9.974121,1.496118,0.468750,0.000000,0.000000
212,10.280480,0.001036,1.004570,0.000000,0.000000,1.000000,0.819186,1,0.000073,0.001175,2.151123,10.178699,1.526805,0.468750,0.000000,0.000000
213,10.195454,0.001040,1.004735,0.000000,0.000000,1.000000,0.832792,1,0.000084,0.001164,1.919172,10.103666,1.515550,0.468750,0.000000,0.000000
214,10.041801,0.001186,1.004835,0.000000,0.000000,1.000000,0.845835,1,0.000068,0.000903,1.710828,9.959006,1.493851,0.468750,0.000000,0.000000
215,10.310722,0.000959,1.005104,0.000000,0.000000,1.000000,0.858335,1,0.000062,0.000980,1.526219,10.235945,1.535392,0.468750,0.000000,0.000000
216,10.187523,0.000000,0.993993,0.000000,0.000000,1.000000,0.870660,0,0.000091,0.001149,1.357779,10.120093,1.518014,0.468750,0.000000,0.000000
217,10.176171,0.000000,0.998494,0.000000,0.000000,1.000000,0.882892,0,0.000151,0.001162,1.205769,10.115412,1.517312,0.468750,0.000000,0.000000
218,10.108918,0.000000,0.996096,0.000000,0.000000,1.000000,0.890121,0,0.000323,0.001187,1.070101,10.016158,1.502424,0.468750,0.000000,0.000000
219,10.141524,0.000000,0.999499,0.000000,0.000000,1.000000,0.900788,0,0.000066,0.001093,0.950826,10.017093,1.502564,0.468750,0.000000,0.000000
220,10.012837,0.000000,1.000338,0.000000,0.000000,1.000000,0.907137,0,0.000154,0.001021,0.847580,9.894408,1.484161,0.468750,0.000000,0.000000
221,10.029176,0.000000,1.000617,0.000000,0.000000,1.000000,0.912657,0,0.000158,0.001115,0.753014,9.884415,1.482662,0.468750,0.000000,0.000000
222,10.257452,0.000000,1.000886,0.000000,0.000000,1.000000,0.918454,0,0.000075,0.000992,0.667656,10.152354,1.522853,0.468750,0.000000,0.000000
223,10.195202,0.000000,1.001789,0.000000,0.000000,1.000000,0.923663,0,0.000063,0.000882,0.598541,10.115774,1.517366,0.468750,0.000000,0.000000
224,10.145865,0.000000,1.002002,0.000000,0.000000,1.000000,0.928350,0,0.000216,0.000829,0.539027,10.024767,1.503715,0.468750,0.000000,0.000000
225,10.369255,0.000000,1.003296,0.000000,0.000000,1.000000,0.933392,0,0.000142,0.000915,0.481985,10.239830,1.535974,0.468750,0.000000,0.000000
226,10.287473,0.000000,1.002709,0.000000,0.000000,1.000000,0.937020,0,0.000161,0.000790,0.434569,10.160043,1.524006,0.468750,0.000000,0.000000
227,10.259381,0.000000,1.003850,0.000000,0.000000,1.000000,0.941302,0,0.000170,0.000955,0.396891,10.131954,1.519793,0.468750,0.000000,0.000000
228,10.154955,0.000000,1.003355,0.000000,0.000000,1.000000,0.943711,0,0.000135,0.000951,0.367427,10.035860,1.505379,0.468750,0.000000,0.000000
229,10.248195,0.000000,1.004207,0.000000,0.000000,1.000000,0.947108,0,0.000170,0.001006,0.336166,10.003091,1.500464,0.468750,0.000000,0.000000
230,10.247320,0.000000,1.001707,0.000000,0.000000,1.000000,0.950007,0,0.000170,0.001202,0.308156,10.041877,1.506282,0.468750,0.000000,0.000000
231,10.257817,0.000000,1.003502,0.000000,0.000000,1.000000,0.955192,0,0.000170,0.000935,0.282593,9.965730,1.494859,0.468750,0.000000,0.000000
232,10.510169,0.000000,1.003964,0.000000,0.000000,1.000000,0.957859,0,0.000212,0.001048,0.261921,10.184408,1.527661,0.468750,0.000000,0.000000
233,10.528013,0.000000,1.001245,0.000000,0.000000,1.000000,0.960268,0,0.000160,0.001199,0.242135,10.249574,1.537436,0.468750,0.000000,0.000000
234,10.607305,0.000000,1.003979,0.000000,0.000000,1.000000,0.960268,0,0.000189,0.001040,0.222606,10.279537,1.541931,0.468750,0.000000,0.000000
235,10.828161,0.000000,1.003989,0.000000,0.000000,1.000000,0.962082,0,0.000132,0.001003,0.206217,10.499063,1.574859,0.468750,0.000000,0.000000
236,10.465487,0.000000,1.002977,0.000000,0.000000,1.000000,0.965444,0,0.000258,0.001003,0.188583,10.173388,1.526008,0.468750,0.000000,0.000000
237,10.463044,0.000000,1.004437,0.000000,0.000000,1.000000,0.966667,0,0.000384,0.001299,0.172452,10.167606,1.525141,0.468750,0.000000,0.000000
238,10.398606,0.000000,1.003678,0.000000,0.000000,1.000000,0.968599,0,0.000158,0.001356,0.156970,10.063834,1.509575,0.468750,0.000000,0.000000
239,10.309049,0.000000,1.003658,0.000000,0.000000,1.000000,0.971996,0,0.000201,0.000901,0.140206,10.019283,1.502892,0.468750,0.000000,0.000000
240,10.083333,0.001220,1.004162,0.000000,0.000000,1.000000,0.790314,1,0.000147,0.001262,2.693559,9.958203,1.493730,0.468750,0.000000,0.000000
241,10.013646,0.001204,1.004318,0.000000,0.000000,1.000000,0.805173,1,0.000156,0.001556,2.406692,9.900839,1.485126,0.468750,0.000000,0.000000
242,10.269096,0.001126,1.004570,0.000000,0.000000,1.000000,0.819186,1,0.000150,0.001127,2.151123,10.167305,1.525096,0.468750,0.000000,0.000000
243,10.164459,0.000924,1.004735,0.000000,0.000000,1.000000,0.832792,1,0.000142,0.001174,1.919172,10.072681,1.510902,0.468750,0.000000,0.000000
244,10.146629,0.001107,1.004835,0.000000,0.000000,1.000000,0.845835,1,0.000147,0.001043,1.710828,10.063832,1.509575,0.468750,0.000000,0.000000
245,10.411023,0.001173,1.005104,0.000000,0.000000,1.000000,0.858335,1,0.000155,0.000845,1.526219,10.336234,1.550435,0.468750,0.000000,0.000000
246,10.216171,0.000000,0.993993,0.000000,0.000000,1.000000,0.870660,0,0.000157,0.001411,1.357779,10.148743,1.522311,0.468750,0.000000,0.000000
247,10.252255,0.000000,0.998494,0.000000,0.000000,1.000000,0.882892,0,0.000144,0.001193,1.205769,10.191492,1.528724,0.468750,0.000000,0.000000
248,10.195891,0.000000,0.996096,0.000000,0.000000,1.000000,0.890121,0,0.000154,0.000843,1.070101,10.103131,1.515470,0.468750,0.000000,0.000000
249,10.290371,0.000000,0.999499,0.000000,0.000000,1.000000,0.900788,0,0.000144,0.000951,0.950826,10.165941,1.524891,0.468750,0.000000,0.000000
250,10.275233,0.000000,1.000338,0.000000,0.000000,1.000000,0.907137,0,0.000163,0.001146,0.847580,10.156806,1.523521,0.468750,0.000000,0.000000
251,10.122128,0.000000,1.000617,0.000000,0.000000,1.000000,0.912657,0,0.000317,0.001180,0.753014,9.977371,1.496606,0.468750,0.000000,0.000000
252,10.357666,0.000000,1.000886,0.000000,0.000000,1.000000,0.918454,0,0.000161,0.001069,0.667656,10.252571,1.537886,0.468750,0.000000,0.000000
253,10.137493,0.000000,1.001789,0.000000,0.000000,1.000000,0.923663,0,0.000393,0.001119,0.598541,10.058068,1.508710,0.468750,0.000000,0.000000
254,10.106598,0.000000,1.002002,0.000000,0.000000,1.000000,0.928350,0,0.000170,0.001015,0.539027,9.985504,1.497826,0.468750,0.000000,0.000000
255,10.408941,0.000000,1.003296,0.000000,0.000000,1.000000,0.933392,0,0.000295,0.000819,0.481985,10.279515,1.541927,0.468750,0.000000,0.000000
256,10.284368,0.000000,1.002709,0.000000,0.000000,1.000000,0.937020,0,0.000181,0.000879,0.434569,10.156930,1.523539,0.468750,0.000000,0.000000
257,10.331879,0.000000,1.003850,0.000000,0.000000,1.000000,0.941302,0,0.000153,0.001295,0.396891,10.204438,1.530666,0.468750,0.000000,0.000000
258,10.171003,0.000000,1.003106,0.000000,0.000000,1.000000,0.943711,0,0.000139,0.000945,0.367427,10.051901,1.507785,0.468750,0.000000,0.000000
259,10.264393,0.000000,1.004400,0.000000,0.000000,1.000000,0.947576,0,0.000144,0.000749,0.336579,10.016635,1.502495,0.468750,0.000000,0.000000
260,10.198188,0.000000,1.001707,0.000000,0.000000,1.000000,0.950124,0,0.000139,0.001082,0.308285,9.992751,1.498913,0.468750,0.000000,0.000000
261,10.193727,0.000000,1.003502,0.000000,0.000000,1.000000,0.955309,0,0.000163,0.000947,0.282732,9.901630,1.485244,0.468750,0.000000,0.000000
262,10.484117,0.000000,1.003789,0.000000,0.000000,1.000000,0.957976,0,0.000146,0.001037,0.262072,10.158353,1.523753,0.468750,0.000000,0.000000
263,10.307169,0.000000,1.003750,0.000000,0.000000,1.000000,0.960523,0,0.000148,0.001372,0.242149,10.025737,1.503861,0.468750,0.000000,0.000000
264,10.258661,0.000000,1.003979,0.000000,0.000000,1.000000,0.963736,0,0.000148,0.000999,0.219464,10.024564,1.503685,0.468750,0.000000,0.000000
265,10.600660,0.000000,1.003989,0.000000,0.000000,1.000000,0.965550,0,0.000146,0.000990,0.202821,10.318891,1.547834,0.468750,0.000000,0.000000
266,10.444444,0.000000,1.001707,0.000000,0.000000,1.000000,0.968912,0,0.000145,0.000932,0.184864,10.149674,1.522451,0.468750,0.000000,0.000000
267,10.644606,0.000000,1.004102,0.000000,0.000000,1.000000,0.968912,0,0.000331,0.001026,0.169485,10.310833,1.546625,0.468750,0.000000,0.000000
268,10.566440,0.000000,1.001793,0.000000,0.000000,1.000000,0.970135,0,0.000150,0.001273,0.154679,10.231337,1.534701,0.468750,0.000000,0.000000
269,10.459303,0.000000,1.004277,0.000000,0.000000,1.000000,0.970135,0,0.000145,0.001050,0.146633,10.124206,1.518631,0.468750,0.000000,0.000000
270,10.028367,0.001133,1.004162,0.000000,0.000000,1.000000,0.790314,1,0.000145,0.001360,2.693559,9.903233,1.485485,0.468750,0.000000,0.000000
271,9.979900,0.001207,1.004318,0.000000,0.000000,1.000000,0.805173,1,0.000150,0.001157,2.406692,9.867106,1.480066,0.468750,0.000000,0.000000
272,10.266326,0.001246,1.004570,0.000000,0.000000,1.000000,0.819186,1,0.000085,0.001202,2.151123,10.164523,1.524678,0.468750,0.000000,0.000000
273,10.147813,0.001198,1.004735,0.000000,0.000000,1.000000,0.832792,1,0.000148,0.001268,1.919172,10.056020,1.508403,0.468750,0.000000,0.000000
274,10.104306,0.001044,1.004835,0.000000,0.000000,1.000000,0.845835,1,0.000146,0.000927,1.710828,10.021521,1.503228,0.468750,0.000000,0.000000
275,10.386929,0.000886,1.005104,0.000000,0.000000,1.000000,0.858335,1,0.000163,0.001190,1.526219,10.312155,1.546823,0.468750,0.000000,0.000000
276,10.159515,0.000000,0.993993,0.000000,0.000000,1.000000,0.870660,0,0.000140,0.001020,1.357779,10.092090,1.513813,0.468750,0.000000,0.000000
277,10.197445,0.000000,0.998494,0.000000,0.000000,1.000000,0.882892,0,0.000157,0.001137,1.205769,10.136685,1.520503,0.468750,0.000000,0.000000
278,10.129860,0.000000,0.996096,0.000000,0.000000,1.000000,0.890121,0,0.000139,0.000871,1.070101,10.037096,1.505564,0.468750,0.000000,0.000000
279,10.178278,0.000000,0.999499,0.000000,0.000000,1.000000,0.900788,0,0.000216,0.001509,0.950826,10.053851,1.508078,0.468750,0.000000,0.000000
280,10.087814,0.000000,1.000338,0.000000,0.000000,1.000000,0.907137,0,0.000151,0.001237,0.847580,9.969388,1.495408,0.468750,0.000000,0.000000
281,10.056927,0.000000,1.000617,0.000000,0.000000,1.000000,0.912657,0,0.000144,0.001247,0.753014,9.912169,1.486825,0.468750,0.000000,0.000000
282,10.302635,0.000000,1.000886,0.000000,0.000000,1.000000,0.918454,0,0.000079,0.001166,0.667656,10.197533,1.529630,0.468750,0.000000,0.000000
283,10.122720,0.000000,1.001789,0.000000,0.000000,1.000000,0.923663,0,0.000253,0.000897,0.598541,10.043287,1.506493,0.468750,0.000000,0.000000
284,10.089867,0.000000,1.002002,0.000000,0.000000,1.000000,0.928350,0,0.000148,0.000906,0.539027,9.968765,1.495315,0.468750,0.000000,0.000000
285,10.377188,0.000000,1.003296,0.000000,0.000000,1.000000,0.933392,0,0.000141,0.000899,0.481985,10.247763,1.537164,0.468750,0.000000,0.000000
286,10.212627,0.000000,1.002709,0.000000,0.000000,1.000000,0.937020,0,0.000144,0.001124,0.434569,10.085193,1.512779,0.468750,0.000000,0.000000
287,10.290205,0.000000,1.003850,0.000000,0.000000,1.000000,0.941302,0,0.000146,0.000707,0.396891,10.162778,1.524417,0.468750,0.000000,0.000000
288,10.272234,0.000000,1.003106,0.000000,0.000000,1.000000,0.943711,0,0.000154,0.000905,0.367427,10.153132,1.522970,0.468750,0.000000,0.000000
289,10.399163,0.000000,1.004400,0.000000,0.000000,1.000000,0.947576,0,0.000355,0.000918,0.336579,10.151404,1.522711,0.468750,0.000000,0.000000
290,10.266656,0.000000,1.001707,0.000000,0.000000,1.000000,0.950124,0,0.000172,0.001089,0.308285,10.061218,1.509183,0.468750,0.000000,0.000000
291,10.224605,0.000000,1.003502,0.000000,0.000000,1.000000,0.955309,0,0.000159,0.000940,0.282732,9.932514,1.489877,0.468750,0.000000,0.000000
292,10.503452,0.000000,1.003789,0.000000,0.000000,1.000000,0.957976,0,0.000291,0.000745,0.262072,10.177690,1.526653,0.468750,0.000000,0.000000
293,10.335054,0.000000,1.003750,0.000000,0.000000,1.000000,0.960523,0,0.000163,0.001234,0.242149,10.053619,1.508043,0.468750,0.000000,0.000000
294,10.194163,0.000000,1.003979,0.000000,0.000000,1.000000,0.963736,0,0.000160,0.001166,0.219464,9.960061,1.494009,0.468750,0.000000,0.000000
295,10.530147,0.000000,1.003989,0.000000,0.000000,1.000000,0.965550,0,0.000088,0.001141,0.202821,10.248374,1.537256,0.468750,0.000000,0.000000
296,10.439832,0.000000,1.001707,0.000000,0.000000,1.000000,0.968912,0,0.000181,0.000984,0.184864,10.145048,1.521757,0.468750,0.000000,0.000000
297,10.495493,0.000000,1.004102,0.000000,0.000000,1.000000,0.968912,0,0.000164,0.000900,0.169485,10.161727,1.524259,0.468750,0.000000,0.000000
298,10.384051,0.000000,1.001793,0.000000,0.000000,1.000000,0.970135,0,0.000195,0.001236,0.154679,10.048949,1.507342,0.468750,0.000000,0.000000
299,10.333065,0.000000,1.004277,0.000000,0.000000,1.000000,0.970135,0,0.000139,0.000918,0.146633,9.997969,1.499695,0.468750,0.000000,0.000000
300,10.136778,0.001204,1.004162,0.000000,0.000000,1.000000,0.790314,1,0.000162,0.001237,2.693559,10.011652,1.501748,0.468750,0.000000,0.000000
301,10.036223,0.001092,1.004318,0.000000,0.000000,1.000000,0.805173,1,0.000153,0.001275,2.406692,9.923438,1.488516,0.468750,0.000000,0.000000
302,10.337012,0.001314,1.004570,0.000000,0.000000,1.000000,0.819186,1,0.000149,0.001264,2.151123,10.235202,1.535280,0.468750,0.000000,0.000000
303,10.202303,0.001358,1.004735,0.000000,0.000000,1.000000,0.832792,1,0.000321,0.001114,1.919172,10.110497,1.516575,0.468750,0.000000,0.000000
304,10.113149,0.001120,1.004835,0.000000,0.000000,1.000000,0.845835,1,0.000084,0.001282,1.710828,10.030354,1.504553,0.468750,0.000000,0.000000
305,10.328097,0.001060,1.005104,0.000000,0.000000,1.000000,0.858335,1,0.000147,0.001095,1.526219,10.253312,1.537997,0.468750,0.000000,0.000000
306,10.217882,0.000000,0.993993,0.000000,0.000000,1.000000,0.870660,0,0.000143,0.000877,1.357779,10.150447,1.522567,0.468750,0.000000,0.000000
307,10.297701,0.000000,0.998494,0.000000,0.000000,1.000000,0.882892,0,0.000142,0.000961,1.205769,10.236939,1.535541,0.468750,0.000000,0.000000
308,10.233904,0.000000,0.996096,0.000000,0.000000,1.000000,0.890121,0,0.000149,0.000903,1.070101,10.141139,1.521171,0.468750,0.000000,0.000000
309,10.177598,0.000000,0.999499,0.000000,0.000000,1.000000,0.900788,0,0.000153,0.005824,0.950826,10.053169,1.507975,0.468750,0.000000,0.000000
310,10.057456,0.000000,1.000338,0.000000,0.000000,1.000000,0.907137,0,0.000086,0.000668,0.847580,9.939029,1.490854,0.468750,0.000000,0.000000
311,10.050623,0.000000,1.000617,0.000000,0.000000,1.000000,0.912657,0,0.000212,0.000789,0.753014,9.905855,1.485878,0.468750,0.000000,0.000000
312,10.290294,0.000000,1.000886,0.000000,0.000000,1.000000,0.918454,0,0.000153,0.001220,0.667656,10.185198,1.527780,0.468750,0.000000,0.000000
313,10.121711,0.000000,1.001789,0.000000,0.000000,1.000000,0.923663,0,0.000167,0.000909,0.598541,10.042290,1.506343,0.468750,0.000000,0.000000
314,10.119123,0.000000,1.002002,0.000000,0.000000,1.000000,0.928350,0,0.000273,0.000906,0.539027,9.998025,1.499704,0.468750,0.000000,0.000000
315,10.362633,0.000000,1.003296,0.000000,0.000000,1.000000,0.933392,0,0.000289,0.001039,0.481985,10.233208,1.534981,0.468750,0.000000,0.000000
316,10.224606,0.000000,1.002709,0.000000,0.000000,1.000000,0.937020,0,0.000292,0.000858,0.434569,10.097174,1.514576,0.468750,0.000000,0.000000
317,10.323176,0.000000,1.003850,0.000000,0.000000,1.000000,0.941302,0,0.000330,0.001088,0.396891,10.195747,1.529362,0.468750,0.000000,0.000000
318,10.263400,0.000000,1.003106,0.000000,0.000000,1.000000,0.943711,0,0.000180,0.000857,0.367427,10.144304,1.521646,0.468750,0.000000,0.000000
319,10.327477,0.000000,1.004400,0.000000,0.000000,1.000000,0.947576,0,0.000352,0.000884,0.336579,10.079710,1.511956,0.468750,0.000000,0.000000
320,10.153961,0.000000,1.001707,0.000000,0.000000,1.000000,0.950124,0,0.000162,0.000735,0.308285,9.948527,1.492279,0.468750,0.000000,0.000000
321,10.176543,0.000000,1.003502,0.000000,0.000000,1.000000,0.955309,0,0.000171,0.000705,0.282732,9.884452,1.482668,0.468750,0.000000,0.000000
322,10.528965,0.000000,1.003789,0.000000,0.000000,1.000000,0.957976,0,0.000319,0.000985,0.262072,10.203199,1.530480,0.468750,0.000000,0.000000
323,10.376188,0.000000,1.003750,0.000000,0.000000,1.000000,0.960523,0,0.000179,0.000845,0.242149,10.094745,1.514212,0.468750,0.000000,0.000000
324,10.227720,0.000000,1.003979,0.000000,0.000000,1.000000,0.963736,0,0.000165,0.000967,0.219464,9.993614,1.499042,0.468750,0.000000,0.000000
325,10.544671,0.000000,1.003989,0.000000,0.000000,1.000000,0.965550,0,0.000255,0.000919,0.202821,10.262908,1.539436,0.468750,0.000000,0.000000
326,10.508387,0.000000,1.001707,0.000000,0.000000,1.000000,0.968912,0,0.000150,0.000980,0.184864,10.213595,1.532039,0.468750,0.000000,0.000000
327,10.663836,0.000000,1.004102,0.000000,0.000000,1.000000,0.968912,0,0.000146,0.000919,0.169485,10.330065,1.549510,0.468750,0.000000,0.000000
328,10.452790,0.000000,1.001793,0.000000,0.000000,1.000000,0.970135,0,0.000252,0.000816,0.154679,10.117690,1.517654,0.468750,0.000000,0.000000
329,10.406543,0.000000,1.004277,0.000000,0.000000,1.000000,0.970135,0,0.000275,0.000842,0.146633,10.071437,1.510716,0.468750,0.000000,0.000000
330,10.229331,0.001178,1.004162,0.000000,0.000000,1.000000,0.790314,1,0.000161,0.000824,2.693559,10.104197,1.515630,0.468750,0.000000,0.000000
331,10.184968,0.001092,1.004318,0.000000,0.000000,1.000000,0.805173,1,0.000153,0.001103,2.406692,10.072183,1.510827,0.468750,0.000000,0.000000
332,10.322030,0.001166,1.004570,0.000000,0.000000,1.000000,0.819186,1,0.000151,0.000971,2.151123,10.220240,1.533036,0.468750,0.000000,0.000000
333,10.153043,0.001090,1.004735,0.000000,0.000000,1.000000,0.832792,1,0.000211,0.001128,1.919172,10.061260,1.509189,0.468750,0.000000,0.000000
334,10.043981,0.001085,1.004835,0.000000,0.000000,1.000000,0.845835,1,0.000139,0.001018,1.710828,9.961197,1.494180,0.468750,0.000000,0.000000
335,10.324567,0.001269,1.005104,0.000000,0.000000,1.000000,0.858335,1,0.000149,0.001069,1.526219,10.249770,1.537466,0.468750,0.000000,0.000000
336,10.184618,0.000000,0.993993,0.000000,0.000000,1.000000,0.870660,0,0.000084,0.000728,1.357779,10.117201,1.517580,0.468750,0.000000,0.000000
337,10.214045,0.000000,0.998494,0.000000,0.000000,1.000000,0.882892,0,0.000145,0.001140,1.205769,10.153283,1.522992,0.468750,0.000000,0.000000
338,10.233335,0.000000,0.996096,0.000000,0.000000,1.000000,0.890121,0,0.000143,0.000871,1.070101,10.140578,1.521087,0.468750,0.000000,0.000000
339,10.204827,0.000000,0.999499,0.000000,0.000000,1.000000,0.900788,0,0.000265,0.000897,0.950826,10.080402,1.512060,0.468750,0.000000,0.000000
340,10.116283,0.000000,1.000338,0.000000,0.000000,1.000000,0.907137,0,0.000161,0.001208,0.847580,9.997858,1.499679,0.468750,0.000000,0.000000
341,10.045825,0.000000,1.000617,0.000000,0.000000,1.000000,0.912657,0,0.000366,0.000955,0.753014,9.901057,1.485159,0.468750,0.000000,0.000000
342,10.323175,0.000000,1.000886,0.000000,0.000000,1.000000,0.918454,0,0.000165,0.000927,0.667656,10.218076,1.532711,0.468750,0.000000,0.000000
343,10.106458,0.000000,1.001789,0.000000,0.000000,1.000000,0.923663,0,0.000172,0.001030,0.598541,10.027030,1.504054,0.468750,0.000000,0.000000
344,10.102734,0.000000,1.002002,0.000000,0.000000,1.000000,0.928350,0,0.000157,0.001178,0.539027,9.981634,1.497245,0.468750,0.000000,0.000000
345,10.365679,0.000000,1.003296,0.000000,0.000000,1.000000,0.933392,0,0.000151,0.000796,0.481985,10.236245,1.535437,0.468750,0.000000,0.000000
346,10.301778,0.000000,1.002709,0.000000,0.000000,1.000000,0.937020,0,0.000366,0.000793,0.434569,10.174337,1.526151,0.468750,0.000000,0.000000
347,10.318226,0.000000,1.003850,0.000000,0.000000,1.000000,0.941302,0,0.000147,0.000690,0.396891,10.190796,1.528619,0.468750,0.000000,0.000000
348,10.173286,0.000000,1.003106,0.000000,0.000000,1.000000,0.943711,0,0.000341,0.001384,0.367427,10.054184,1.508128,0.468750,0.000000,0.000000
349,10.280695,0.000000,1.004400,0.000000,0.000000,1.000000,0.947576,0,0.000144,0.001212,0.336579,10.032934,1.504940,0.468750,0.000000,0.000000
350,10.094591,0.000000,1.001707,0.000000,0.000000,1.000000,0.950124,0,0.000163,0.000844,0.308285,9.889161,1.483374,0.468750,0.000000,0.000000
351,10.255846,0.000000,1.003502,0.000000,0.000000,1.000000,0.955309,0,0.000142,0.001051,0.282732,9.963749,1.494562,0.468750,0.000000,0.000000
352,10.559066,0.000000,1.003789,0.000000,0.000000,1.000000,0.957976,0,0.000176,0.001402,0.262072,10.233296,1.534994,0.468750,0.000000,0.000000
353,10.342998,0.000000,1.003750,0.000000,0.000000,1.000000,0.960523,0,0.000163,0.001132,0.242149,10.061566,1.509235,0.468750,0.000000,0.000000
354,10.169168,0.000000,1.003979,0.000000,0.000000,1.000000,0.963736,0,0.000162,0.000899,0.219464,9.935068,1.490260,0.468750,0.000000,0.000000
355,10.519972,0.000000,1.003989,0.000000,0.000000,1.000000,0.965550,0,0.000161,0.001029,0.202821,10.238207,1.535731,0.468750,0.000000,0.000000
356,10.384347,0.000000,1.001707,0.000000,0.000000,1.000000,0.968912,0,0.000277,0.000743,0.184864,10.089577,1.513437,0.468750,0.000000,0.000000
357,10.472796,0.000000,1.004102,0.000000,0.000000,1.000000,0.968912,0,0.000166,0.000847,0.169485,10.139026,1.520854,0.468750,0.000000,0.000000
358,10.361313,0.000000,1.001793,0.000000,0.000000,1.000000,0.970135,0,0.000144,0.000937,0.154679,10.026213,1.503932,0.468750,0.000000,0.000000
359,10.335671,0.000000,1.004277,0.000000,0.000000,1.000000,0.970135,0,0.000163,0.000747,0.146633,10.000575,1.500086,0.468750,0.000000,0.000000
360,10.065398,0.001276,1.004162,0.000000,0.000000,1.000000,0.790314,1,0.000168,0.000908,2.693559,9.940256,1.491038,0.468750,0.000000,0.000000
361,10.060244,0.001108,1.004318,0.000000,0.000000,1.000000,0.805173,1,0.000150,0.000912,2.406692,9.947451,1.492118,0.468750,0.000000,0.000000
362,10.290388,0.001070,1.004570,0.000000,0.000000,1.000000,0.819186,1,0.000145,0.000834,2.151123,10.188602,1.528290,0.468750,0.000000,0.000000
363,10.150896,0.000922,1.004735,0.000000,0.000000,1.000000,0.832792,1,0.000144,0.001002,1.919172,10.059123,1.508868,0.468750,0.000000,0.000000
364,10.018178,0.000903,1.004835,0.000000,0.000000,1.000000,0.845835,1,0.000087,0.000882,1.710828,9.935399,1.490310,0.468750,0.000000,0.000000
365,10.359055,0.000932,1.005104,0.000000,0.000000,1.000000,0.858335,1,0.000084,0.000900,1.526219,10.284274,1.542641,0.468750,0.000000,0.000000
366,10.266696,0.000000,0.993993,0.000000,0.000000,1.000000,0.870660,0,0.000066,0.000834,1.357779,10.199245,1.529887,0.468750,0.000000,0.000000
367,10.204727,0.000000,0.998494,0.000000,0.000000,1.000000,0.882892,0,0.000153,0.000638,1.205769,10.143962,1.521594,0.468750,0.000000,0.000000
368,10.134610,0.000000,0.996096,0.000000,0.000000,1.000000,0.890121,0,0.000180,0.000667,1.070101,10.041851,1.506278,0.468750,0.000000,0.000000
369,10.140324,0.000000,0.999499,0.000000,0.000000,1.000000,0.900788,0,0.000170,0.000845,0.950826,10.015899,1.502385,0.468750,0.000000,0.000000
370,10.075523,0.000000,1.000338,0.000000,0.000000,1.000000,0.907137,0,0.000202,0.001336,0.847580,9.957096,1.493564,0.468750,0.000000,0.000000
371,10.124497,0.000000,1.000617,0.000000,0.000000,1.000000,0.912657,0,0.000171,0.001098,0.753014,9.979730,1.496960,0.468750,0.000000,0.000000
372,10.374258,0.000000,1.000886,0.000000,0.000000,1.000000,0.918454,0,0.000147,0.001206,0.667656,10.269160,1.540374,0.468750,0.000000,0.000000
373,10.196596,0.000000,1.001789,0.000000,0.000000,1.000000,0.923663,0,0.000189,0.001283,0.598541,10.117168,1.517575,0.468750,0.000000,0.000000
374,10.123184,0.000000,1.002002,0.000000,0.000000,1.000000,0.928350,0,0.000142,0.001157,0.539027,10.002092,1.500314,0.468750,0.000000,0.000000
375,10.379572,0.000000,1.003296,0.000000,0.000000,1.000000,0.933392,0,0.000391,0.000902,0.481985,10.250138,1.537521,0.468750,0.000000,0.000000
376,10.248777,0.000000,1.002709,0.000000,0.000000,1.000000,0.937020,0,0.000163,0.001167,0.434569,10.121338,1.518201,0.468750,0.000000,0.000000
377,10.312980,0.000000,1.003850,0.000000,0.000000,1.000000,0.941302,0,0.000148,0.001154,0.396891,10.185547,1.527832,0.468750,0.000000,0.000000
378,10.176954,0.000000,1.003106,0.000000,0.000000,1.000000,0.943711,0,0.000174,0.001160,0.367427,10.057861,1.508679,0.468750,0.000000,0.000000
379,10.262979,0.000000,1.004400,0.000000,0.000000,1.000000,0.947576,0,0.000081,0.000793,0.336579,10.015219,1.502283,0.468750,0.000000,0.000000
380,10.096054,0.000000,1.001707,0.000000,0.000000,1.000000,0.950124,0,0.000390,0.000993,0.308285,9.890614,1.483592,0.468750,0.000000,0.000000
381,10.183243,0.000000,1.003502,0.000000,0.000000,1.000000,0.955309,0,0.000146,0.001005,0.282732,9.891135,1.483670,0.468750,0.000000,0.000000
382,10.508737,0.000000,1.003789,0.000000,0.000000,1.000000,0.957976,0,0.000155,0.000894,0.262072,10.182974,1.527446,0.468750,0.000000,0.000000
383,10.321456,0.000000,1.003750,0.000000,0.000000,1.000000,0.960523,0,0.000156,0.000784,0.242149,10.040029,1.506004,0.468750,0.000000,0.000000
384,10.231275,0.000000,1.003979,0.000000,0.000000,1.000000,0.963736,0,0.000169,0.000782,0.219464,9.997170,1.499576,0.468750,0.000000,0.000000
385,10.610483,0.000000,1.003989,0.000000,0.000000,1.000000,0.965550,0,0.000164,0.001130,0.202821,10.328717,1.549308,0.468750,0.000000,0.000000
386,10.381536,0.000000,1.001707,0.000000,0.000000,1.000000,0.968912,0,0.000241,0.000845,0.184864,10.086775,1.513016,0.468750,0.000000,0.000000
387,10.518626,0.000000,1.004102,0.000000,0.000000,1.000000,0.968912,0,0.000223,0.001077,0.169485,10.184862,1.527729,0.468750,0.000000,0.000000
388,10.397403,0.000000,1.001793,0.000000,0.000000,1.000000,0.970135,0,0.000138,0.000760,0.154679,10.062304,1.509346,0.468750,0.000000,0.000000
389,10.361847,0.000000,1.004277,0.000000,0.000000,1.000000,0.970135,0,0.000157,0.000867,0.146633,10.026745,1.504012,0.468750,0.000000,0.000000
390,10.042879,0.001352,1.004162,0.000000,0.000000,1.000000,0.790314,1,0.000135,0.000885,2.693559,9.917734,1.487660,0.468750,0.000000,0.000000
391,10.060526,0.001226,1.004318,0.000000,0.000000,1.000000,0.805173,1,0.000069,0.009221,2.406692,9.947727,1.492159,0.468750,0.000000,0.000000
392,10.297162,0.001154,1.004570,0.000000,0.000000,1.000000,0.819186,1,0.000143,0.001147,2.151123,10.195374,1.529306,0.468750,0.000000,0.000000
393,10.133244,0.001006,1.004735,0.000000,0.000000,1.000000,0.832792,1,0.000163,0.001038,1.919172,10.041465,1.506220,0.468750,0.000000,0.000000
394,10.098237,0.001129,1.004835,0.000000,0.000000,1.000000,0.845835,1,0.000150,0.000909,1.710828,10.015446,1.502317,0.468750,0.000000,0.000000
395,10.320582,0.000909,1.005104,0.000000,0.000000,1.000000,0.858335,1,0.000332,0.000996,1.526219,10.245811,1.536872,0.468750,0.000000,0.000000
396,10.225246,0.000000,0.993993,0.000000,0.000000,1.000000,0.870660,0,0.000140,0.000883,1.357779,10.157820,1.523673,0.468750,0.000000,0.000000
397,10.260908,0.000000,0.998494,0.000000,0.000000,1.000000,0.882892,0,0.000065,0.000789,1.205769,10.200150,1.530022,0.468750,0.000000,0.000000
398,10.193595,0.000000,0.996096,0.000000,0.000000,1.000000,0.890121,0,0.000149,0.000843,1.070101,10.100827,1.515124,0.468750,0.000000,0.000000
399,10.196892,0.000000,0.999499,0.000000,0.000000,1.000000,0.900788,0,0.000334,0.000925,0.950826,10.072458,1.510869,0.468750,0.000000,0.000000
400,10.079235,0.000000,1.000338,0.000000,0.000000,1.000000,0.907137,0,0.000239,0.001193,0.847580,9.960808,1.494121,0.468750,0.000000,0.000000
401,10.066525,0.000000,1.000617,0.000000,0.000000,1.000000,0.912657,0,0.000155,0.000954,0.753014,9.921759,1.488264,0.468750,0.000000,0.000000
402,10.289159,0.000000,1.000886,0.000000,0.000000,1.000000,0.918454,0,0.000132,0.001147,0.667656,10.184062,1.527609,0.468750,0.000000,0.000000
403,10.169051,0.000000,1.001789,0.000000,0.000000,1.000000,0.923663,0,0.000142,0.001136,0.598541,10.089620,1.513443,0.468750,0.000000,0.000000
404,10.230873,0.000000,1.002002,0.000000,0.000000,1.000000,0.928350,0,0.000138,0.000757,0.539027,10.109779,1.516467,0.468750,0.000000,0.000000
405,10.511291,0.000000,1.003296,0.000000,0.000000,1.000000,0.933392,0,0.000150,0.000760,0.481985,10.381865,1.557280,0.468750,0.000000,0.000000
406,10.259413,0.000000,1.002709,0.000000,0.000000,1.000000,0.937020,0,0.000145,0.000889,0.434569,10.131982,1.519797,0.468750,0.000000,0.000000
407,10.303659,0.000000,1.003850,0.000000,0.000000,1.000000,0.941302,0,0.000155,0.000901,0.396891,10.176233,1.526435,0.468750,0.000000,0.000000
408,10.172463,0.000000,1.003106,0.000000,0.000000,1.000000,0.943711,0,0.000176,0.000981,0.367427,10.053370,1.508006,0.468750,0.000000,0.000000
409,10.291237,0.000000,1.004400,0.000000,0.000000,1.000000,0.947576,0,0.000140,0.000997,0.336579,10.043476,1.506521,0.468750,0.000000,0.000000
410,10.151892,0.000000,1.001707,0.000000,0.000000,1.000000,0.950124,0,0.000142,0.000815,0.308285,9.946426,1.491964,0.468750,0.000000,0.000000
411,10.179609,0.000000,1.003502,0.000000,0.000000,1.000000,0.955309,0,0.000149,0.000977,0.282732,9.887510,1.483126,0.468750,0.000000,0.000000
412,10.520875,0.000000,1.003789,0.000000,0.000000,1.000000,0.957976,0,0.000150,0.000717,0.262072,10.195106,1.529266,0.468750,0.000000,0.000000
413,10.378259,0.000000,1.003750,0.000000,0.000000,1.000000,0.960523,0,0.000146,0.000826,0.242149,10.096821,1.514523,0.468750,0.000000,0.000000
414,10.230308,0.000000,1.003979,0.000000,0.000000,1.000000,0.963736,0,0.000139,0.000677,0.219464,9.996210,1.499432,0.468750,0.000000,0.000000
415,10.565288,0.000000,1.003989,0.000000,0.000000,1.000000,0.965550,0,0.000154,0.000783,0.202821,10.283523,1.542528,0.468750,0.000000,0.000000
416,10.396016,0.000000,1.001707,0.000000,0.000000,1.000000,0.968912,0,0.000146,0.000640,0.184864,10.101255,1.515188,0.468750,0.000000,0.000000
417,10.511640,0.000000,1.004102,0.000000,0.000000,1.000000,0.968912,0,0.000433,0.000629,0.169485,10.177875,1.526681,0.468750,0.000000,0.000000
418,10.372441,0.000000,1.001793,0.000000,0.000000,1.000000,0.970135,0,0.000162,0.000660,0.154679,10.037338,1.505601,0.468750,0.000000,0.000000
419,10.382775,0.000000,1.004277,0.000000,0.000000,1.000000,0.970135,0,0.000154,0.000891,0.146633,10.047672,1.507151,0.468750,0.000000,0.000000
420,10.088142,0.001127,1.004162,0.000000,0.000000,1.000000,0.790314,1,0.000159,0.000788,2.693559,9.963014,1.494452,0.468750,0.000000,0.000000
421,9.997807,0.001310,1.004318,0.000000,0.000000,1.000000,0.805173,1,0.000264,0.001037,2.406692,9.885006,1.482751,0.468750,0.000000,0.000000
422,10.299835,0.001322,1.004570,0.000000,0.000000,1.000000,0.819186,1,0.000143,0.001075,2.151123,10.198035,1.529705,0.468750,0.000000,0.000000
423,10.162478,0.000872,1.004735,0.000000,0.000000,1.000000,0.832792,1,0.000152,0.001054,1.919172,10.070703,1.510605,0.468750,0.000000,0.000000
424,10.148237,0.001056,1.004835,0.000000,0.000000,1.000000,0.845835,1,0.000155,0.000995,1.710828,10.065449,1.509817,0.468750,0.000000,0.000000
425,10.351507,0.000899,1.005104,0.000000,0.000000,1.000000,0.858335,1,0.000155,0.001412,1.526219,10.276733,1.541510,0.468750,0.000000,0.000000
426,10.171988,0.000000,0.993993,0.000000,0.000000,1.000000,0.870660,0,0.000153,0.001395,1.357779,10.104561,1.515684,0.468750,0.000000,0.000000
427,10.367138,0.000000,0.998494,0.000000,0.000000,1.000000,0.882892,0,0.000084,0.000930,1.205769,10.306382,1.545957,0.468750,0.000000,0.000000
428,10.429016,0.000000,0.996096,0.000000,0.000000,1.000000,0.890121,0,0.000141,0.000866,1.070101,10.336252,1.550438,0.468750,0.000000,0.000000
429,10.276478,0.000000,0.999499,0.000000,0.000000,1.000000,0.900788,0,0.000161,0.000995,0.950826,10.152049,1.522807,0.468750,0.000000,0.000000
430,10.035577,0.000000,1.000338,0.000000,0.000000,1.000000,0.907137,0,0.000172,0.001061,0.847580,9.917148,1.487572,0.468750,0.000000,0.000000
431,10.026857,0.000000,1.000617,0.000000,0.000000,1.000000,0.912657,0,0.000164,0.000846,0.753014,9.882092,1.482314,0.468750,0.000000,0.000000
432,10.264113,0.000000,1.000886,0.000000,0.000000,1.000000,0.918454,0,0.000168,0.001044,0.667656,10.159020,1.523853,0.468750,0.000000,0.000000
433,10.244490,0.000000,1.001789,0.000000,0.000000,1.000000,0.923663,0,0.000084,0.000818,0.598541,10.165065,1.524760,0.468750,0.000000,0.000000
434,10.156044,0.000000,1.002002,0.000000,0.000000,1.000000,0.928350,0,0.000086,0.001200,0.539027,10.034946,1.505242,0.468750,0.000000,0.000000
435,10.620773,0.000000,1.003296,0.000000,0.000000,1.000000,0.933392,0,0.000143,0.001191,0.481985,10.491339,1.573701,0.468750,0.000000,0.000000
436,10.514506,0.000000,1.002709,0.000000,0.000000,1.000000,0.937020,0,0.000172,0.001069,0.434569,10.387062,1.558059,0.468750,0.000000,0.000000
437,10.559702,0.000000,1.003850,0.000000,0.000000,1.000000,0.941302,0,0.000164,0.000878,0.396891,10.432265,1.564840,0.468750,0.000000,0.000000
438,10.463758,0.000000,1.003106,0.000000,0.000000,1.000000,0.943711,0,0.000166,0.000796,0.367427,10.344658,1.551699,0.468750,0.000000,0.000000
439,10.586668,0.000000,1.004400,0.000000,0.000000,1.000000,0.947576,0,0.000384,0.000958,0.336579,10.338908,1.550836,0.468750,0.000000,0.000000
440,10.453259,0.000000,1.001707,0.000000,0.000000,1.000000,0.950124,0,0.000170,0.001440,0.308285,10.247824,1.537174,0.468750,0.000000,0.000000
441,10.440916,0.000000,1.003502,0.000000,0.000000,1.000000,0.955309,0,0.000144,0.001547,0.282732,10.148817,1.522323,0.468750,0.000000,0.000000
442,10.756133,0.000000,1.003789,0.000000,0.000000,1.000000,0.957976,0,0.000101,0.000935,0.262072,10.430364,1.564555,0.468750,0.000000,0.000000
443,10.615373,0.000000,1.003750,0.000000,0.000000,1.000000,0.960523,0,0.000180,0.001543,0.242149,10.333934,1.550090,0.468750,0.000000,0.000000
444,10.467982,0.000000,1.002751,0.000000,0.000000,1.000000,0.963736,0,0.000168,0.001472,0.219464,10.233882,1.535082,0.468750,0.000000,0.000000
445,10.700029,0.000000,1.004530,0.000000,0.000000,1.000000,0.963736,0,0.000172,0.001381,0.203914,10.419595,1.562939,0.468750,0.000000,0.000000
446,10.552559,0.000000,1.003116,0.000000,0.000000,1.000000,0.966457,0,0.000096,0.000788,0.185745,10.266454,1.539968,0.468750,0.000000,0.000000
447,10.583286,0.000000,1.004102,0.000000,0.000000,1.000000,0.970379,0,0.000182,0.001130,0.168138,10.287848,1.543177,0.468750,0.000000,0.000000
448,10.578834,0.000000,1.001610,0.000000,0.000000,1.000000,0.971602,0,0.000196,0.001202,0.153202,10.242722,1.536408,0.468750,0.000000,0.000000
449,10.541824,0.000000,1.004277,0.000000,0.000000,1.000000,0.971602,0,0.000171,0.001329,0.143356,10.205731,1.530860,0.468750,0.000000,0.000000
450,10.217694,0.001464,1.004162,0.000000,0.000000,1.000000,0.790314,1,0.000207,0.001318,2.693559,10.092539,1.513881,0.468750,0.000000,0.000000
451,10.120799,0.001190,1.004318,0.000000,0.000000,1.000000,0.805173,1,0.000095,0.001264,2.406692,10.007996,1.501199,0.468750,0.000000,0.000000
452,10.402272,0.000983,1.004570,0.000000,0.000000,1.000000,0.819186,1,0.000154,0.001173,2.151123,10.300495,1.545074,0.468750,0.000000,0.000000
453,10.241160,0.001232,1.004735,0.000000,0.000000,1.000000,0.832792,1,0.000068,0.001056,1.919172,10.149361,1.522404,0.468750,0.000000,0.000000
454,10.147324,0.001165,1.004835,0.000000,0.000000,1.000000,0.845835,1,0.000065,0.000932,1.710828,10.064533,1.509680,0.468750,0.000000,0.000000
455,10.420284,0.000955,1.005104,0.000000,0.000000,1.000000,0.858335,1,0.000139,0.001076,1.526219,10.345507,1.551826,0.468750,0.000000,0.000000
456,10.321887,0.000000,0.993993,0.000000,0.000000,1.000000,0.870660,0,0.000145,0.001061,1.357779,10.254467,1.538170,0.468750,0.000000,0.000000
457,10.396951,0.000000,0.998494,0.000000,0.000000,1.000000,0.882892,0,0.000174,0.001170,1.205769,10.336182,1.550427,0.468750,0.000000,0.000000
458,10.236841,0.000000,0.996096,0.000000,0.000000,1.000000,0.890121,0,0.000215,0.001067,1.070101,10.144078,1.521612,0.468750,0.000000,0.000000
459,10.305043,0.000000,0.999499,0.000000,0.000000,1.000000,0.900788,0,0.000165,0.001140,0.950826,10.180615,1.527092,0.468750,0.000000,0.000000
460,10.197058,0.000000,1.000338,0.000000,0.000000,1.000000,0.907137,0,0.000205,0.001054,0.847580,10.078620,1.511793,0.468750,0.000000,0.000000
461,10.299136,0.000000,1.000617,0.000000,0.000000,1.000000,0.912657,0,0.000161,0.001441,0.753014,10.154372,1.523156,0.468750,0.000000,0.000000
462,10.490696,0.000000,1.000886,0.000000,0.000000,1.000000,0.918454,0,0.000172,0.001001,0.667656,10.385595,1.557839,0.468750,0.000000,0.000000
463,10.314947,0.000000,1.001789,0.000000,0.000000,1.000000,0.923663,0,0.000142,0.000770,0.598541,10.235520,1.535328,0.468750,0.000000,0.000000
464,10.242166,0.000000,1.002002,0.000000,0.000000,1.000000,0.928350,0,0.000199,0.000718,0.539027,10.121043,1.518156,0.468750,0.000000,0.000000
465,10.558842,0.000000,1.003296,0.000000,0.000000,1.000000,0.933392,0,0.000145,0.000885,0.481985,10.429413,1.564412,0.468750,0.000000,0.000000
466,10.345475,0.000000,1.002709,0.000000,0.000000,1.000000,0.937020,0,0.000354,0.000937,0.434569,10.218042,1.532706,0.468750,0.000000,0.000000
467,10.477483,0.000000,1.003850,0.000000,0.000000,1.000000,0.941302,0,0.000143,0.000847,0.396891,10.350052,1.552508,0.468750,0.000000,0.000000
468,10.310903,0.000000,1.003106,0.000000,0.000000,1.000000,0.943711,0,0.000156,0.000967,0.367427,10.191804,1.528771,0.468750,0.000000,0.000000
469,10.356338,0.000000,1.004400,0.000000,0.000000,1.000000,0.947576,0,0.000154,0.000731,0.336579,10.108568,1.516285,0.468750,0.000000,0.000000
470,10.326682,0.000000,1.001707,0.000000,0.000000,1.000000,0.950124,0,0.000150,0.000819,0.308285,10.121247,1.518187,0.468750,0.000000,0.000000
471,10.351875,0.000000,1.003502,0.000000,0.000000,1.000000,0.955309,0,0.000147,0.000933,0.282732,10.059767,1.508965,0.468750,0.000000,0.000000
472,10.688664,0.000000,1.003789,0.000000,0.000000,1.000000,0.957976,0,0.000240,0.000813,0.262072,10.362904,1.554436,0.468750,0.000000,0.000000
473,10.416281,0.000000,1.003750,0.000000,0.000000,1.000000,0.960523,0,0.000264,0.001257,0.242149,10.134842,1.520226,0.468750,0.000000,0.000000
474,10.328763,0.000000,1.003979,0.000000,0.000000,1.000000,0.963736,0,0.000147,0.000792,0.219464,10.094657,1.514199,0.468750,0.000000,0.000000
475,10.552883,0.000000,1.002756,0.000000,0.000000,1.000000,0.965550,0,0.000357,0.000929,0.202821,10.271118,1.540668,0.468750,0.000000,0.000000
476,10.514430,0.000000,1.003116,0.000000,0.000000,1.000000,0.965550,0,0.000421,0.000825,0.186576,10.182668,1.527400,0.468750,0.000000,0.000000
477,10.469541,0.000000,1.004102,0.000000,0.000000,1.000000,0.969472,0,0.000141,0.000947,0.169055,10.174775,1.526216,0.468750,0.000000,0.000000
478,10.430954,0.000000,1.001734,0.000000,0.000000,1.000000,0.970695,0,0.000142,0.001119,0.154208,10.095517,1.514328,0.468750,0.000000,0.000000
479,10.410133,0.000000,1.004277,0.000000,0.000000,1.000000,0.970695,0,0.000402,0.000686,0.145570,10.074699,1.511205,0.468750,0.000000,0.000000
480,10.095817,0.001240,1.004162,0.000000,0.000000,1.000000,0.790314,1,0.000156,0.001119,2.693559,9.970683,1.495602,0.468750,0.000000,0.000000
481,10.091512,0.001184,1.004318,0.000000,0.000000,1.000000,0.805173,1,0.000065,0.000870,2.406692,9.978723,1.496808,0.468750,0.000000,0.000000
482,10.404564,0.001239,1.004570,0.000000,0.000000,1.000000,0.819186,1,0.000154,0.000967,2.151123,10.302766,1.545415,0.468750,0.000000,0.000000
483,10.236867,0.001194,1.004735,0.000000,0.000000,1.000000,0.832792,1,0.000155,0.001176,1.919172,10.145068,1.521760,0.468750,0.000000,0.000000
484,10.099888,0.001054,1.004835,0.000000,0.000000,1.000000,0.845835,1,0.000145,0.001226,1.710828,10.017104,1.502566,0.468750,0.000000,0.000000
485,10.332026,0.001069,1.005104,0.000000,0.000000,1.000000,0.858335,1,0.000146,0.000929,1.526219,10.257242,1.538586,0.468750,0.000000,0.000000
486,10.172252,0.000000,0.993993,0.000000,0.000000,1.000000,0.870660,0,0.000094,0.001171,1.357779,10.104828,1.515724,0.468750,0.000000,0.000000
487,10.298007,0.000000,0.998494,0.000000,0.000000,1.000000,0.882892,0,0.000118,0.001163,1.205769,10.237241,1.535586,0.468750,0.000000,0.000000
488,10.220143,0.000000,0.996096,0.000000,0.000000,1.000000,0.890121,0,0.000183,0.000850,1.070101,10.127383,1.519107,0.468750,0.000000,0.000000
489,10.199871,0.000000,0.999499,0.000000,0.000000,1.000000,0.900788,0,0.000280,0.000991,0.950826,10.075436,1.511315,0.468750,0.000000,0.000000
490,10.141192,0.000000,1.000338,0.000000,0.000000,1.000000,0.907137,0,0.000166,0.001042,0.847580,10.022759,1.503414,0.468750,0.000000,0.000000
491,10.080662,0.000000,1.000617,0.000000,0.000000,1.000000,0.912657,0,0.000168,0.000958,0.753014,9.935900,1.490385,0.468750,0.000000,0.000000
492,10.362183,0.000000,1.000886,0.000000,0.000000,1.000000,0.918454,0,0.000145,0.000841,0.667656,10.257087,1.538563,0.468750,0.000000,0.000000
493,10.162572,0.000000,1.001789,0.000000,0.000000,1.000000,0.923663,0,0.000207,0.001226,0.598541,10.083147,1.512472,0.468750,0.000000,0.000000
494,10.158457,0.000000,1.002002,0.000000,0.000000,1.000000,0.928350,0,0.000180,0.000984,0.539027,10.037360,1.505604,0.468750,0.000000,0.000000
495,10.450072,0.000000,1.003296,0.000000,0.000000,1.000000,0.933392,0,0.000159,0.000942,0.481985,10.320646,1.548097,0.468750,0.000000,0.000000
496,10.337582,0.000000,1.002709,0.000000,0.000000,1.000000,0.937020,0,0.000213,0.000957,0.434569,10.210154,1.531523,0.468750,0.000000,0.000000
497,10.355856,0.000000,1.003850,0.000000,0.000000,1.000000,0.941302,0,0.000163,0.001012,0.396891,10.228431,1.534265,0.468750,0.000000,0.000000
498,10.214122,0.000000,1.003106,0.000000,0.000000,1.000000,0.943711,0,0.000159,0.000929,0.367427,10.095032,1.514255,0.468750,0.000000,0.000000
499,10.355742,0.000000,1.004400,0.000000,0.000000,1.000000,0.947576,0,0.000163,0.000802,0.336579,10.107982,1.516197,0.468750,0.000000,0.000000
500,10.197252,0.000000,1.001707,0.000000,0.000000,1.000000,0.950124,0,0.000161,0.000763,0.308285,9.991816,1.498772,0.468750,0.000000,0.000000
501,10.352220,0.000000,1.003502,0.000000,0.000000,1.000000,0.955309,0,0.000151,0.001417,0.282732,10.060126,1.509019,0.468750,0.000000,0.000000
502,10.667728,0.000000,1.003789,0.000000,0.000000,1.000000,0.957976,0,0.000310,0.001244,0.262072,10.341963,1.551294,0.468750,0.000000,0.000000
503,10.417923,0.000000,1.003750,0.000000,0.000000,1.000000,0.960523,0,0.000365,0.001112,0.242149,10.136484,1.520473,0.468750,0.000000,0.000000
504,10.264430,0.000000,1.003979,0.000000,0.000000,1.000000,0.963736,0,0.000190,0.001195,0.219464,10.030326,1.504549,0.468750,0.000000,0.000000
505,10.595476,0.000000,1.003989,0.000000,0.000000,1.000000,0.965550,0,0.000147,0.001055,0.202821,10.313708,1.547056,0.468750,0.000000,0.000000
506,10.503051,0.000000,1.001707,0.000000,0.000000,1.000000,0.968912,0,0.000147,0.001219,0.184864,10.208283,1.531242,0.468750,0.000000,0.000000
507,10.529694,0.000000,1.004102,0.000000,0.000000,1.000000,0.968912,0,0.000157,0.000836,0.169485,10.195935,1.529390,0.468750,0.000000,0.000000
508,10.572416,0.000000,1.001793,0.000000,0.000000,1.000000,0.970135,0,0.000165,0.001064,0.154679,10.237310,1.535597,0.468750,0.000000,0.000000
509,10.459870,0.000000,1.004277,0.000000,0.000000,1.000000,0.970135,0,0.000177,0.000943,0.146633,10.124771,1.518716,0.468750,0.000000,0.000000
510,10.110243,0.001303,1.004162,0.000000,0.000000,1.000000,0.790314,1,0.000176,0.001006,2.693559,9.985103,1.497765,0.468750,0.000000,0.000000
511,10.054671,0.001188,1.004318,0.000000,0.000000,1.000000,0.805173,1,0.000178,0.001150,2.406692,9.941878,1.491282,0.468750,0.000000,0.000000
512,10.337158,0.001039,1.004570,0.000000,0.000000,1.000000,0.819186,1,0.000146,0.001090,2.151123,10.235375,1.535306,0.468750,0.000000,0.000000
513,10.230124,0.001318,1.004735,0.000000,0.000000,1.000000,0.832792,1,0.000160,0.000895,1.919172,10.138324,1.520749,0.468750,0.000000,0.000000
514,10.062358,0.001396,1.004835,0.000000,0.000000,1.000000,0.845835,1,0.000148,0.000970,1.710828,9.979553,1.496933,0.468750,0.000000,0.000000
515,10.332261,0.001250,1.005104,0.000000,0.000000,1.000000,0.858335,1,0.000167,0.000668,1.526219,10.257465,1.538620,0.468750,0.000000,0.000000
516,10.272374,0.000000,0.993993,0.000000,0.000000,1.000000,0.870660,0,0.000136,0.000675,1.357779,10.204935,1.530740,0.468750,0.000000,0.000000
517,10.242695,0.000000,0.998494,0.000000,0.000000,1.000000,0.882892,0,0.000149,0.001600,1.205769,10.181931,1.527290,0.468750,0.000000,0.000000
518,10.170806,0.000000,0.996096,0.000000,0.000000,1.000000,0.890121,0,0.000147,0.000955,1.070101,10.078047,1.511707,0.468750,0.000000,0.000000
519,10.243468,0.000000,0.999499,0.000000,0.000000,1.000000,0.900788,0,0.000144,0.000919,0.950826,10.119038,1.517856,0.468750,0.000000,0.000000
520,10.176162,0.000000,1.000338,0.000000,0.000000,1.000000,0.907137,0,0.000167,0.001135,0.847580,10.057732,1.508660,0.468750,0.000000,0.000000
521,10.195898,0.000000,1.000617,0.000000,0.000000,1.000000,0.912657,0,0.000154,0.001416,0.753014,10.051130,1.507669,0.468750,0.000000,0.000000
522,10.411520,0.000000,1.000886,0.000000,0.000000,1.000000,0.918454,0,0.000147,0.000830,0.667656,10.306417,1.545963,0.468750,0.000000,0.000000
523,10.250230,0.000000,1.001789,0.000000,0.000000,1.000000,0.923663,0,0.000145,0.001214,0.598541,10.170790,1.525618,0.468750,0.000000,0.000000
524,10.339892,0.000000,1.002002,0.000000,0.000000,1.000000,0.928350,0,0.000239,0.001124,0.539027,10.218786,1.532818,0.468750,0.000000,0.000000
525,10.454883,0.000000,1.003296,0.000000,0.000000,1.000000,0.933392,0,0.000146,0.000902,0.481985,10.325448,1.548817,0.468750,0.000000,0.000000
526,10.329523,0.000000,1.002709,0.000000,0.000000,1.000000,0.937020,0,0.000153,0.001106,0.434569,10.202076,1.530311,0.468750,0.000000,0.000000
527,10.333412,0.000000,1.003850,0.000000,0.000000,1.000000,0.941302,0,0.000412,0.000769,0.396891,10.205977,1.530897,0.468750,0.000000,0.000000
528,10.170658,0.000000,1.003106,0.000000,0.000000,1.000000,0.943711,0,0.000338,0.000754,0.367427,10.051553,1.507733,0.468750,0.000000,0.000000
529,10.315048,0.000000,1.004400,0.000000,0.000000,1.000000,0.947576,0,0.000427,0.000781,0.336579,10.067280,1.510092,0.468750,0.000000,0.000000
530,10.180894,0.000000,1.001707,0.000000,0.000000,1.000000,0.950124,0,0.000164,0.000969,0.308285,9.975454,1.496318,0.468750,0.000000,0.000000
531,10.216362,0.000000,1.003502,0.000000,0.000000,1.000000,0.955309,0,0.000150,0.001243,0.282732,9.924265,1.488640,0.468750,0.000000,0.000000
532,10.661062,0.000000,1.003789,0.000000,0.000000,1.000000,0.957976,0,0.000148,0.001610,0.262072,10.335294,1.550294,0.468750,0.000000,0.000000
533,10.358562,0.000000,1.003750,0.000000,0.000000,1.000000,0.960523,0,0.000161,0.001156,0.242149,10.077134,1.511570,0.468750,0.000000,0.000000
534,10.217076,0.000000,1.003979,0.000000,0.000000,1.000000,0.963736,0,0.000162,0.001215,0.219464,9.982970,1.497446,0.468750,0.000000,0.000000
535,10.644527,0.000000,1.002756,0.000000,0.000000,1.000000,0.965550,0,0.000170,0.000756,0.202821,10.362760,1.554414,0.468750,0.000000,0.000000
536,10.552224,0.000000,1.003116,0.000000,0.000000,1.000000,0.965550,0,0.000334,0.000734,0.186576,10.220454,1.533068,0.468750,0.000000,0.000000
537,10.490577,0.000000,1.004102,0.000000,0.000000,1.000000,0.969472,0,0.000355,0.001017,0.169055,10.195808,1.529371,0.468750,0.000000,0.000000
538,10.404968,0.000000,1.001734,0.000000,0.000000,1.000000,0.970695,0,0.000292,0.000904,0.154208,10.069529,1.510429,0.468750,0.000000,0.000000
539,10.465675,0.000000,1.004277,0.000000,0.000000,1.000000,0.970695,0,0.000159,0.001041,0.145570,10.130243,1.519537,0.468750,0.000000,0.000000
540,10.155972,0.001485,1.004162,0.000000,0.000000,1.000000,0.790314,1,0.000162,0.000798,2.693559,10.030819,1.504623,0.468750,0.000000,0.000000
541,10.087876,0.001036,1.004318,0.000000,0.000000,1.000000,0.805173,1,0.000154,0.000999,2.406692,9.975093,1.496264,0.468750,0.000000,0.000000
542,10.381787,0.001070,1.004570,0.000000,0.000000,1.000000,0.819186,1,0.000154,0.000868,2.151123,10.280002,1.542000,0.468750,0.000000,0.000000
543,10.251126,0.001014,1.004735,0.000000,0.000000,1.000000,0.832792,1,0.000157,0.001119,1.919172,10.159344,1.523902,0.468750,0.000000,0.000000
544,10.174357,0.001045,1.004835,0.000000,0.000000,1.000000,0.845835,1,0.000142,0.000675,1.710828,10.091576,1.513736,0.468750,0.000000,0.000000
545,10.425966,0.001037,1.005104,0.000000,0.000000,1.000000,0.858335,1,0.000151,0.000739,1.526219,10.351188,1.552678,0.468750,0.000000,0.000000
546,10.225764,0.000000,0.993993,0.000000,0.000000,1.000000,0.870660,0,0.000083,0.001039,1.357779,10.158336,1.523750,0.468750,0.000000,0.000000
547,10.259835,0.000000,0.998494,0.000000,0.000000,1.000000,0.882892,0,0.000165,0.000959,1.205769,10.199074,1.529861,0.468750,0.000000,0.000000
548,10.173170,0.000000,0.996096,0.000000,0.000000,1.000000,0.890121,0,0.000161,0.001007,1.070101,10.080411,1.512062,0.468750,0.000000,0.000000
549,10.193181,0.000000,0.999499,0.000000,0.000000,1.000000,0.900788,0,0.000167,0.000666,0.950826,10.068759,1.510314,0.468750,0.000000,0.000000
550,10.085210,0.000000,1.000338,0.000000,0.000000,1.000000,0.907137,0,0.000151,0.001025,0.847580,9.966782,1.495017,0.468750,0.000000,0.000000
551,10.054936,0.000000,1.000617,0.000000,0.000000,1.000000,0.912657,0,0.000276,0.001146,0.753014,9.910172,1.486526,0.468750,0.000000,0.000000
552,10.436477,0.000000,1.000886,0.000000,0.000000,1.000000,0.918454,0,0.000134,0.000887,0.667656,10.331380,1.549707,0.468750,0.000000,0.000000
553,10.144578,0.000000,1.001789,0.000000,0.000000,1.000000,0.923663,0,0.000161,0.001344,0.598541,10.065155,1.509773,0.468750,0.000000,0.000000
554,10.191364,0.000000,1.002002,0.000000,0.000000,1.000000,0.928350,0,0.000166,0.000968,0.539027,10.070269,1.510540,0.468750,0.000000,0.000000
555,10.459195,0.000000,1.003296,0.000000,0.000000,1.000000,0.933392,0,0.000189,0.000770,0.481985,10.329772,1.549466,0.468750,0.000000,0.000000
556,10.300621,0.000000,1.002709,0.000000,0.000000,1.000000,0.937020,0,0.000155,0.000916,0.434569,10.173188,1.525978,0.468750,0.000000,0.000000
557,10.289232,0.000000,1.003850,0.000000,0.000000,1.000000,0.941302,0,0.000355,0.001228,0.396891,10.161807,1.524271,0.468750,0.000000,0.000000
558,10.253443,0.000000,1.003106,0.000000,0.000000,1.000000,0.943711,0,0.000146,0.001049,0.367427,10.134348,1.520152,0.468750,0.000000,0.000000
559,10.404403,0.000000,1.004400,0.000000,0.000000,1.000000,0.947576,0,0.000171,0.000800,0.336579,10.156638,1.523496,0.468750,0.000000,0.000000
560,10.174915,0.000000,1.001707,0.000000,0.000000,1.000000,0.950124,0,0.000149,0.000991,0.308285,9.969479,1.495422,0.468750,0.000000,0.000000
561,10.233608,0.000000,1.003502,0.000000,0.000000,1.000000,0.955309,0,0.000295,0.001216,0.282732,9.941514,1.491227,0.468750,0.000000,0.000000
562,10.614975,0.000000,1.003789,0.000000,0.000000,1.000000,0.957976,0,0.000143,0.000957,0.262072,10.289214,1.543382,0.468750,0.000000,0.000000
563,10.457112,0.000000,1.003750,0.000000,0.000000,1.000000,0.960523,0,0.000145,0.000998,0.242149,10.175678,1.526352,0.468750,0.000000,0.000000
564,10.284647,0.000000,1.003979,0.000000,0.000000,1.000000,0.963736,0,0.000182,0.000913,0.219464,10.050553,1.507583,0.468750,0.000000,0.000000
565,10.651745,0.000000,1.002756,0.000000,0.000000,1.000000,0.965550,0,0.000153,0.000847,0.202821,10.369976,1.555496,0.468750,0.000000,0.000000
566,10.533963,0.000000,1.003116,0.000000,0.000000,1.000000,0.965550,0,0.000177,0.000698,0.186576,10.202197,1.530330,0.468750,0.000000,0.000000
567,10.529619,0.000000,1.004102,0.000000,0.000000,1.000000,0.969472,0,0.000147,0.000918,0.169055,10.234855,1.535228,0.468750,0.000000,0.000000
568,10.400792,0.000000,1.001734,0.000000,0.000000,1.000000,0.970695,0,0.000155,0.000793,0.154208,10.065368,1.509805,0.468750,0.000000,0.000000
569,10.441147,0.000000,1.004277,0.000000,0.000000,1.000000,0.970695,0,0.000396,0.000961,0.145570,10.105717,1.515858,0.468750,0.000000,0.000000
570,10.140027,0.001237,1.004162,0.000000,0.000000,1.000000,0.790314,1,0.000289,0.000907,2.693559,10.014891,1.502234,0.468750,0.000000,0.000000
571,10.155901,0.001477,1.004318,0.000000,0.000000,1.000000,0.805173,1,0.000153,0.000888,2.406692,10.043085,1.506463,0.468750,0.000000,0.000000
572,10.330601,0.001218,1.004570,0.000000,0.000000,1.000000,0.819186,1,0.000143,0.000964,2.151123,10.228801,1.534320,0.468750,0.000000,0.000000
573,10.164103,0.001030,1.004735,0.000000,0.000000,1.000000,0.832792,1,0.000258,0.000844,1.919172,10.072319,1.510848,0.468750,0.000000,0.000000
574,10.101364,0.001010,1.004835,0.000000,0.000000,1.000000,0.845835,1,0.000086,0.000656,1.710828,10.018583,1.502787,0.468750,0.000000,0.000000
575,10.377345,0.001092,1.005104,0.000000,0.000000,1.000000,0.858335,1,0.000247,0.000765,1.526219,10.302559,1.545384,0.468750,0.000000,0.000000
576,10.209371,0.000000,0.993993,0.000000,0.000000,1.000000,0.870660,0,0.000149,0.000890,1.357779,10.141945,1.521292,0.468750,0.000000,0.000000
577,10.277568,0.000000,0.998494,0.000000,0.000000,1.000000,0.882892,0,0.000172,0.000753,1.205769,10.216800,1.532520,0.468750,0.000000,0.000000
578,10.253039,0.000000,0.996096,0.000000,0.000000,1.000000,0.890121,0,0.000170,0.001117,1.070101,10.160273,1.524041,0.468750,0.000000,0.000000
579,10.195464,0.000000,0.999499,0.000000,0.000000,1.000000,0.900788,0,0.000161,0.000730,0.950826,10.071029,1.510654,0.468750,0.000000,0.000000
580,10.094302,0.000000,1.000338,0.000000,0.000000,1.000000,0.907137,0,0.000176,0.000899,0.847580,9.975847,1.496377,0.468750,0.000000,0.000000
581,10.107973,0.000000,1.000617,0.000000,0.000000,1.000000,0.912657,0,0.000265,0.001014,0.753014,9.963210,1.494481,0.468750,0.000000,0.000000
582,10.379174,0.000000,1.000886,0.000000,0.000000,1.000000,0.918454,0,0.000160,0.000677,0.667656,10.274073,1.541111,0.468750,0.000000,0.000000
583,10.189749,0.000000,1.001789,0.000000,0.000000,1.000000,0.923663,0,0.000144,0.000762,0.598541,10.110324,1.516549,0.468750,0.000000,0.000000
584,10.190302,0.000000,1.002002,0.000000,0.000000,1.000000,0.928350,0,0.000146,0.000913,0.539027,10.069207,1.510381,0.468750,0.000000,0.000000
585,10.412687,0.000000,1.003296,0.000000,0.000000,1.000000,0.933392,0,0.000167,0.001020,0.481985,10.283256,1.542488,0.468750,0.000000,0.000000
586,10.273156,0.000000,1.002709,0.000000,0.000000,1.000000,0.937020,0,0.000156,0.000728,0.434569,10.145717,1.521858,0.468750,0.000000,0.000000
587,10.327412,0.000000,1.003850,0.000000,0.000000,1.000000,0.941302,0,0.000152,0.001366,0.396891,10.199975,1.529996,0.468750,0.000000,0.000000
588,10.217144,0.000000,1.003106,0.000000,0.000000,1.000000,0.943711,0,0.000155,0.000801,0.367427,10.098038,1.514706,0.468750,0.000000,0.000000
589,10.340535,0.000000,1.004400,0.000000,0.000000,1.000000,0.947576,0,0.000292,0.000867,0.336579,10.092774,1.513916,0.468750,0.000000,0.000000
590,10.229321,0.000000,1.001707,0.000000,0.000000,1.000000,0.950124,0,0.000182,0.000947,0.308285,10.023888,1.503583,0.468750,0.000000,0.000000
591,10.258361,0.000000,1.003502,0.000000,0.000000,1.000000,0.955309,0,0.000416,0.000973,0.282732,9.966267,1.494940,0.468750,0.000000,0.000000
592,10.548653,0.000000,1.003789,0.000000,0.000000,1.000000,0.957976,0,0.000285,0.000753,0.262072,10.222888,1.533433,0.468750,0.000000,0.000000
593,10.393057,0.000000,1.003750,0.000000,0.000000,1.000000,0.960523,0,0.000164,0.001020,0.242149,10.111623,1.516744,0.468750,0.000000,0.000000
594,10.259271,0.000000,1.003979,0.000000,0.000000,1.000000,0.963736,0,0.000158,0.001039,0.219464,10.025177,1.503777,0.468750,0.000000,0.000000
595,10.574245,0.000000,1.003989,0.000000,0.000000,1.000000,0.965550,0,0.000263,0.000857,0.202821,10.292477,1.543871,0.468750,0.000000,0.000000
596,10.472687,0.000000,1.001707,0.000000,0.000000,1.000000,0.968912,0,0.000145,0.000784,0.184864,10.177915,1.526687,0.468750,0.000000,0.000000
597,10.678528,0.000000,1.004102,0.000000,0.000000,1.000000,0.968912,0,0.000284,0.000840,0.169485,10.344761,1.551714,0.468750,0.000000,0.000000
598,10.517365,0.000000,1.001793,0.000000,0.000000,1.000000,0.970135,0,0.000174,0.001021,0.154679,10.182259,1.527339,0.468750,0.000000,0.000000
599,10.377760,0.000000,1.004277,0.000000,0.000000,1.000000,0.970135,0,0.000164,0.001000,0.146633,10.042663,1.506400,0.468750,0.000000,0.000000
600,10.063535,0.001496,1.004162,0.000000,0.000000,1.000000,0.790314,1,0.000342,0.001496,2.693559,9.938381,1.490757,0.468750,0.000000,0.000000
601,10.035995,0.001177,1.004318,0.000000,0.000000,1.000000,0.805173,1,0.000067,0.001130,2.406692,9.923204,1.488481,0.468750,0.000000,0.000000
602,10.316318,0.001170,1.004570,0.000000,0.000000,1.000000,0.819186,1,0.000065,0.000865,2.151123,10.214530,1.532180,0.468750,0.000000,0.000000
603,10.251900,0.000911,1.004735,0.000000,0.000000,1.000000,0.832792,1,0.000084,0.000868,1.919172,10.160127,1.524019,0.468750,0.000000,0.000000
604,10.116252,0.001140,1.004835,0.000000,0.000000,1.000000,0.845835,1,0.000141,0.001036,1.710828,10.033467,1.505020,0.468750,0.000000,0.000000
605,10.370958,0.001307,1.005104,0.000000,0.000000,1.000000,0.858335,1,0.000142,0.000933,1.526219,10.296157,1.544424,0.468750,0.000000,0.000000
606,10.218026,0.000000,0.993993,0.000000,0.000000,1.000000,0.870660,0,0.000149,0.001167,1.357779,10.150599,1.522590,0.468750,0.000000,0.000000
607,10.268847,0.000000,0.998494,0.000000,0.000000,1.000000,0.882892,0,0.000163,0.001382,1.205769,10.208082,1.531212,0.468750,0.000000,0.000000
608,10.155009,0.000000,0.996096,0.000000,0.000000,1.000000,0.890121,0,0.000146,0.000862,1.070101,10.062243,1.509336,0.468750,0.000000,0.000000
609,10.154182,0.000000,0.999499,0.000000,0.000000,1.000000,0.900788,0,0.000234,0.000977,0.950826,10.029752,1.504463,0.468750,0.000000,0.000000
610,10.076937,0.000000,1.000338,0.000000,0.000000,1.000000,0.907137,0,0.000158,0.000796,0.847580,9.958509,1.493776,0.468750,0.000000,0.000000
611,10.045285,0.000000,1.000617,0.000000,0.000000,1.000000,0.912657,0,0.000157,0.000754,0.753014,9.900528,1.485079,0.468750,0.000000,0.000000
612,10.321196,0.000000,1.000886,0.000000,0.000000,1.000000,0.918454,0,0.000178,0.000992,0.667656,10.216102,1.532415,0.468750,0.000000,0.000000
613,10.175574,0.000000,1.001789,0.000000,0.000000,1.000000,0.923663,0,0.000171,0.000693,0.598541,10.096148,1.514422,0.468750,0.000000,0.000000
614,10.111146,0.000000,1.002002,0.000000,0.000000,1.000000,0.928350,0,0.000163,0.000737,0.539027,9.990059,1.498509,0.468750,0.000000,0.000000
615,10.413486,0.000000,1.003296,0.000000,0.000000,1.000000,0.933392,0,0.000210,0.000635,0.481985,10.284058,1.542609,0.468750,0.000000,0.000000
616,10.214635,0.000000,1.002709,0.000000,0.000000,1.000000,0.937020,0,0.000162,0.000873,0.434569,10.087193,1.513079,0.468750,0.000000,0.000000
617,10.474260,0.000000,1.003850,0.000000,0.000000,1.000000,0.941302,0,0.000142,0.000803,0.396891,10.346830,1.552024,0.468750,0.000000,0.000000
618,10.216573,0.000000,1.003106,0.000000,0.000000,1.000000,0.943711,0,0.000249,0.000888,0.367427,10.097483,1.514622,0.468750,0.000000,0.000000
619,10.404674,0.000000,1.004400,0.000000,0.000000,1.000000,0.947576,0,0.000394,0.001177,0.336579,10.156910,1.523536,0.468750,0.000000,0.000000
620,10.369521,0.000000,1.001707,0.000000,0.000000,1.000000,0.950124,0,0.000399,0.001253,0.308285,10.164083,1.524612,0.468750,0.000000,0.000000
621,10.500137,0.000000,1.003502,0.000000,0.000000,1.000000,0.955309,0,0.000181,0.001482,0.282732,10.208030,1.531204,0.468750,0.000000,0.000000
622,10.723428,0.000000,1.003789,0.000000,0.000000,1.000000,0.957976,0,0.000148,0.001365,0.262072,10.397671,1.559651,0.468750,0.000000,0.000000
623,10.373878,0.000000,1.003750,0.000000,0.000000,1.000000,0.960523,0,0.000141,0.000828,0.242149,10.092448,1.513867,0.468750,0.000000,0.000000
624,10.235937,0.000000,1.003979,0.000000,0.000000,1.000000,0.963736,0,0.000163,0.000915,0.219464,10.001839,1.500276,0.468750,0.000000,0.000000
625,10.600652,0.000000,1.002756,0.000000,0.000000,1.000000,0.965550,0,0.000167,0.001036,0.202821,10.318885,1.547833,0.468750,0.000000,0.000000
626,10.459801,0.000000,1.003116,0.000000,0.000000,1.000000,0.965550,0,0.000171,0.000661,0.186576,10.128035,1.519205,0.468750,0.000000,0.000000
627,10.465599,0.000000,1.004102,0.000000,0.000000,1.000000,0.969472,0,0.000428,0.001490,0.169055,10.170832,1.525625,0.468750,0.000000,0.000000
628,10.426141,0.000000,1.001734,0.000000,0.000000,1.000000,0.970695,0,0.000315,0.000780,0.154208,10.090703,1.513605,0.468750,0.000000,0.000000
629,10.533414,0.000000,1.004277,0.000000,0.000000,1.000000,0.970695,0,0.000197,0.001183,0.145570,10.197971,1.529696,0.468750,0.000000,0.000000
630,10.189062,0.001462,1.004162,0.000000,0.000000,1.000000,0.790314,1,0.000349,0.000873,2.693559,10.063906,1.509586,0.468750,0.000000,0.000000
631,10.060025,0.001340,1.004318,0.000000,0.000000,1.000000,0.805173,1,0.000153,0.001061,2.406692,9.947218,1.492083,0.468750,0.000000,0.000000
632,10.449847,0.001115,1.004570,0.000000,0.000000,1.000000,0.819186,1,0.000145,0.000746,2.151123,10.348054,1.552208,0.468750,0.000000,0.000000
633,10.160511,0.001126,1.004735,0.000000,0.000000,1.000000,0.832792,1,0.000164,0.000993,1.919172,10.068720,1.510308,0.468750,0.000000,0.000000
634,10.207797,0.001151,1.004835,0.000000,0.000000,1.000000,0.845835,1,0.000167,0.001268,1.710828,10.124998,1.518750,0.468750,0.000000,0.000000
635,10.479366,0.001403,1.005104,0.000000,0.000000,1.000000,0.858335,1,0.000424,0.000901,1.526219,10.404558,1.560684,0.468750,0.000000,0.000000
636,10.321291,0.000000,0.993993,0.000000,0.000000,1.000000,0.870660,0,0.000155,0.000915,1.357779,10.253867,1.538080,0.468750,0.000000,0.000000
637,10.394159,0.000000,0.998494,0.000000,0.000000,1.000000,0.882892,0,0.000175,0.000679,1.205769,10.333396,1.550009,0.468750,0.000000,0.000000
638,10.156791,0.000000,0.996096,0.000000,0.000000,1.000000,0.890121,0,0.000146,0.000745,1.070101,10.064033,1.509605,0.468750,0.000000,0.000000
639,10.146722,0.000000,0.999499,0.000000,0.000000,1.000000,0.900788,0,0.000253,0.000755,0.950826,10.022281,1.503342,0.468750,0.000000,0.000000
640,10.095682,0.000000,1.000338,0.000000,0.000000,1.000000,0.907137,0,0.000167,0.000859,0.847580,9.977252,1.496588,0.468750,0.000000,0.000000
641,10.107871,0.000000,1.000617,0.000000,0.000000,1.000000,0.912657,0,0.000184,0.001200,0.753014,9.963061,1.494459,0.468750,0.000000,0.000000
642,10.401424,0.000000,1.000886,0.000000,0.000000,1.000000,0.918454,0,0.000157,0.000850,0.667656,10.296322,1.544448,0.468750,0.000000,0.000000
643,10.226646,0.000000,1.001789,0.000000,0.000000,1.000000,0.923663,0,0.000206,0.000905,0.598541,10.147220,1.522083,0.468750,0.000000,0.000000
644,10.192797,0.000000,1.002002,0.000000,0.000000,1.000000,0.928350,0,0.000354,0.000849,0.539027,10.071697,1.510755,0.468750,0.000000,0.000000
645,10.481749,0.000000,1.003296,0.000000,0.000000,1.000000,0.933392,0,0.000168,0.001075,0.481985,10.352325,1.552849,0.468750,0.000000,0.000000
646,10.228472,0.000000,1.002709,0.000000,0.000000,1.000000,0.937020,0,0.000250,0.000933,0.434569,10.101031,1.515155,0.468750,0.000000,0.000000
647,10.327928,0.000000,1.003850,0.000000,0.000000,1.000000,0.941302,0,0.000151,0.000975,0.396891,10.200497,1.530075,0.468750,0.000000,0.000000
648,10.254752,0.000000,1.003106,0.000000,0.000000,1.000000,0.943711,0,0.000267,0.001067,0.367427,10.135659,1.520349,0.468750,0.000000,0.000000
649,10.314946,0.000000,1.004400,0.000000,0.000000,1.000000,0.947576,0,0.000144,0.001119,0.336579,10.067183,1.510077,0.468750,0.000000,0.000000
650,10.188296,0.000000,1.001707,0.000000,0.000000,1.000000,0.950124,0,0.000144,0.000926,0.308285,9.982856,1.497428,0.468750,0.000000,0.000000
651,10.325242,0.000000,1.003502,0.000000,0.000000,1.000000,0.955309,0,0.000191,0.000979,0.282732,10.033146,1.504972,0.468750,0.000000,0.000000
652,10.584529,0.000000,1.003789,0.000000,0.000000,1.000000,0.957976,0,0.000142,0.001029,0.262072,10.258757,1.538813,0.468750,0.000000,0.000000
653,10.456704,0.000000,1.003750,0.000000,0.000000,1.000000,0.960523,0,0.000300,0.001001,0.242149,10.175270,1.526291,0.468750,0.000000,0.000000
654,10.375453,0.000000,1.003979,0.000000,0.000000,1.000000,0.963736,0,0.000171,0.001002,0.219464,10.141352,1.521203,0.468750,0.000000,0.000000
655,10.807708,0.000000,1.003989,0.000000,0.000000,1.000000,0.965550,0,0.000233,0.001065,0.202821,10.525939,1.578891,0.468750,0.000000,0.000000
656,10.520184,0.000000,1.001707,0.000000,0.000000,1.000000,0.968912,0,0.000156,0.000886,0.184864,10.225418,1.533813,0.468750,0.000000,0.000000
657,10.509914,0.000000,1.004102,0.000000,0.000000,1.000000,0.968912,0,0.000146,0.000842,0.169485,10.176146,1.526422,0.468750,0.000000,0.000000
658,10.462192,0.000000,1.001793,0.000000,0.000000,1.000000,0.970135,0,0.000308,0.000689,0.154679,10.127092,1.519064,0.468750,0.000000,0.000000
659,10.468537,0.000000,1.004277,0.000000,0.000000,1.000000,0.970135,0,0.000144,0.000963,0.146633,10.133438,1.520016,0.468750,0.000000,0.000000
660,10.134054,0.001513,1.004162,0.000000,0.000000,1.000000,0.790314,1,0.000163,0.001548,2.693559,10.008890,1.501333,0.468750,0.000000,0.000000
661,10.121025,0.001295,1.004318,0.000000,0.000000,1.000000,0.805173,1,0.000155,0.000939,2.406692,10.008204,1.501231,0.468750,0.000000,0.000000
662,10.441775,0.001232,1.004570,0.000000,0.000000,1.000000,0.819186,1,0.000076,0.001160,2.151123,10.339964,1.550995,0.468750,0.000000,0.000000
663,10.221251,0.001219,1.004735,0.000000,0.000000,1.000000,0.832792,1,0.000153,0.000988,1.919172,10.129455,1.519418,0.468750,0.000000,0.000000
664,10.145068,0.001123,1.004835,0.000000,0.000000,1.000000,0.845835,1,0.000141,0.000763,1.710828,10.062278,1.509342,0.468750,0.000000,0.000000
665,10.429736,0.001178,1.005104,0.000000,0.000000,1.000000,0.858335,1,0.000149,0.000939,1.526219,10.354940,1.553241,0.468750,0.000000,0.000000
666,10.391195,0.000000,0.993993,0.000000,0.000000,1.000000,0.870660,0,0.000083,0.001014,1.357779,10.323763,1.548564,0.468750,0.000000,0.000000
667,10.414556,0.000000,0.998494,0.000000,0.000000,1.000000,0.882892,0,0.000094,0.001008,1.205769,10.353785,1.553068,0.468750,0.000000,0.000000
668,10.284458,0.000000,0.996096,0.000000,0.000000,1.000000,0.890121,0,0.000210,0.000938,1.070101,10.191692,1.528754,0.468750,0.000000,0.000000
669,10.247917,0.000000,0.999499,0.000000,0.000000,1.000000,0.900788,0,0.000164,0.001077,0.950826,10.123476,1.518521,0.468750,0.000000,0.000000
670,10.139074,0.000000,1.000338,0.000000,0.000000,1.000000,0.907137,0,0.000161,0.000854,0.847580,10.020640,1.503096,0.468750,0.000000,0.000000
671,10.144960,0.000000,1.000617,0.000000,0.000000,1.000000,0.912657,0,0.000145,0.000728,0.753014,10.000191,1.500029,0.468750,0.000000,0.000000
672,10.291334,0.000000,1.000886,0.000000,0.000000,1.000000,0.918454,0,0.000158,0.000758,0.667656,10.186242,1.527936,0.468750,0.000000,0.000000
673,10.223568,0.000000,1.001789,0.000000,0.000000,1.000000,0.923663,0,0.000145,0.001302,0.598541,10.144141,1.521621,0.468750,0.000000,0.000000
674,10.193728,0.000000,1.002002,0.000000,0.000000,1.000000,0.928350,0,0.000138,0.000915,0.539027,10.072629,1.510894,0.468750,0.000000,0.000000
675,10.520706,0.000000,1.003296,0.000000,0.000000,1.000000,0.933392,0,0.000186,0.001033,0.481985,10.391277,1.558692,0.468750,0.000000,0.000000
676,10.299778,0.000000,1.002709,0.000000,0.000000,1.000000,0.937020,0,0.000164,0.000929,0.434569,10.172340,1.525851,0.468750,0.000000,0.000000
677,10.302927,0.000000,1.003850,0.000000,0.000000,1.000000,0.941302,0,0.000171,0.001040,0.396891,10.175490,1.526324,0.468750,0.000000,0.000000
678,10.228744,0.000000,1.003106,0.000000,0.000000,1.000000,0.943711,0,0.000171,0.001105,0.367427,10.109655,1.516448,0.468750,0.000000,0.000000
679,10.313156,0.000000,1.004400,0.000000,0.000000,1.000000,0.947576,0,0.000143,0.000852,0.336579,10.065391,1.509809,0.468750,0.000000,0.000000
680,10.209440,0.000000,1.001707,0.000000,0.000000,1.000000,0.950124,0,0.000162,0.000855,0.308285,10.003984,1.500598,0.468750,0.000000,0.000000
681,10.234992,0.000000,1.003502,0.000000,0.000000,1.000000,0.955309,0,0.000162,0.000908,0.282732,9.942894,1.491434,0.468750,0.000000,0.000000
682,10.581467,0.000000,1.003789,0.000000,0.000000,1.000000,0.957976,0,0.000145,0.000941,0.262072,10.255699,1.538355,0.468750,0.000000,0.000000
683,10.402067,0.000000,1.003750,0.000000,0.000000,1.000000,0.960523,0,0.000184,0.000805,0.242149,10.120634,1.518095,0.468750,0.000000,0.000000
684,10.312821,0.000000,1.003979,0.000000,0.000000,1.000000,0.963736,0,0.000393,0.001025,0.219464,10.078715,1.511807,0.468750,0.000000,0.000000
685,10.652498,0.000000,1.003989,0.000000,0.000000,1.000000,0.965550,0,0.000165,0.000971,0.202821,10.370733,1.555610,0.468750,0.000000,0.000000
686,10.446506,0.000000,1.001707,0.000000,0.000000,1.000000,0.968912,0,0.000353,0.000906,0.184864,10.151738,1.522761,0.468750,0.000000,0.000000
687,10.546631,0.000000,1.004102,0.000000,0.000000,1.000000,0.968912,0,0.000179,0.000886,0.169485,10.212867,1.531930,0.468750,0.000000,0.000000
688,10.373258,0.000000,1.001793,0.000000,0.000000,1.000000,0.970135,0,0.000258,0.000988,0.154679,10.038155,1.505723,0.468750,0.000000,0.000000
689,10.414333,0.000000,1.004277,0.000000,0.000000,1.000000,0.970135,0,0.000174,0.001007,0.146633,10.079239,1.511886,0.468750,0.000000,0.000000
690,10.140663,0.001313,1.004162,0.000000,0.000000,1.000000,0.790314,1,0.000167,0.000890,2.693559,10.015522,1.502328,0.468750,0.000000,0.000000
691,10.014799,0.001393,1.004318,0.000000,0.000000,1.000000,0.805173,1,0.000196,0.001400,2.406692,9.901993,1.485299,0.468750,0.000000,0.000000
692,10.294040,0.001377,1.004570,0.000000,0.000000,1.000000,0.819186,1,0.000093,0.000952,2.151123,10.192238,1.528836,0.468750,0.000000,0.000000
693,10.158300,0.001078,1.004735,0.000000,0.000000,1.000000,0.832792,1,0.000092,0.001016,1.919172,10.066513,1.509977,0.468750,0.000000,0.000000
694,10.195707,0.001407,1.004835,0.000000,0.000000,1.000000,0.845835,1,0.000143,0.001277,1.710828,10.112894,1.516934,0.468750,0.000000,0.000000
695,10.400156,0.000878,1.005104,0.000000,0.000000,1.000000,0.858335,1,0.000148,0.001150,1.526219,10.325384,1.548808,0.468750,0.000000,0.000000
696,10.311860,0.000000,0.993993,0.000000,0.000000,1.000000,0.870660,0,0.000156,0.001021,1.357779,10.244436,1.536665,0.468750,0.000000,0.000000
697,10.293261,0.000000,0.998494,0.000000,0.000000,1.000000,0.882892,0,0.000205,0.001215,1.205769,10.232495,1.534874,0.468750,0.000000,0.000000
698,10.242390,0.000000,0.996096,0.000000,0.000000,1.000000,0.890121,0,0.000141,0.000901,1.070101,10.149630,1.522444,0.468750,0.000000,0.000000
699,10.192564,0.000000,0.999499,0.000000,0.000000,1.000000,0.900788,0,0.000230,0.001117,0.950826,10.068135,1.510220,0.468750,0.000000,0.000000
700,10.105346,0.000000,1.000338,0.000000,0.000000,1.000000,0.907137,0,0.000206,0.001154,0.847580,9.986918,1.498038,0.468750,0.000000,0.000000
701,10.028795,0.000000,1.000617,0.000000,0.000000,1.000000,0.912657,0,0.000201,0.000900,0.753014,9.884027,1.482604,0.468750,0.000000,0.000000
702,10.323229,0.000000,1.000886,0.000000,0.000000,1.000000,0.918454,0,0.000168,0.001079,0.667656,10.218122,1.532718,0.468750,0.000000,0.000000
703,10.124917,0.000000,1.001789,0.000000,0.000000,1.000000,0.923663,0,0.000095,0.000961,0.598541,10.045484,1.506823,0.468750,0.000000,0.000000
704,10.134459,0.000000,1.002002,0.000000,0.000000,1.000000,0.928350,0,0.000080,0.001089,0.539027,10.013359,1.502004,0.468750,0.000000,0.000000
705,10.393742,0.000000,1.003296,0.000000,0.000000,1.000000,0.933392,0,0.000175,0.000920,0.481985,10.264307,1.539646,0.468750,0.000000,0.000000
706,10.308504,0.000000,1.002709,0.000000,0.000000,1.000000,0.937020,0,0.000157,0.001132,0.434569,10.181075,1.527161,0.468750,0.000000,0.000000
707,10.258602,0.000000,1.003850,0.000000,0.000000,1.000000,0.941302,0,0.000166,0.001314,0.396891,10.131173,1.519676,0.468750,0.000000,0.000000
708,10.110294,0.000000,1.003106,0.000000,0.000000,1.000000,0.943711,0,0.000248,0.000719,0.367427,9.991198,1.498680,0.468750,0.000000,0.000000
709,10.305758,0.000000,1.004400,0.000000,0.000000,1.000000,0.947576,0,0.000161,0.001118,0.336579,10.057998,1.508700,0.468750,0.000000,0.000000
710,10.227612,0.000000,1.001707,0.000000,0.000000,1.000000,0.950124,0,0.000164,0.000978,0.308285,10.022182,1.503327,0.468750,0.000000,0.000000
711,10.181942,0.000000,1.003502,0.000000,0.000000,1.000000,0.955309,0,0.000186,0.001242,0.282732,9.889848,1.483477,0.468750,0.000000,0.000000
712,10.538916,0.000000,1.003789,0.000000,0.000000,1.000000,0.957976,0,0.000415,0.000917,0.262072,10.213137,1.531970,0.468750,0.000000,0.000000
713,10.425361,0.000000,1.003750,0.000000,0.000000,1.000000,0.960523,0,0.000186,0.001080,0.242149,10.143928,1.521589,0.468750,0.000000,0.000000
714,10.304004,0.000000,1.003979,0.000000,0.000000,1.000000,0.963736,0,0.000160,0.000998,0.219464,10.069897,1.510484,0.468750,0.000000,0.000000
715,10.553075,0.000000,1.003989,0.000000,0.000000,1.000000,0.965550,0,0.000154,0.001088,0.202821,10.271312,1.540697,0.468750,0.000000,0.000000
716,10.521590,0.000000,1.001707,0.000000,0.000000,1.000000,0.968912,0,0.000254,0.000768,0.184864,10.226825,1.534024,0.468750,0.000000,0.000000
717,10.729437,0.000000,1.004102,0.000000,0.000000,1.000000,0.968912,0,0.000176,0.000997,0.169485,10.395665,1.559350,0.468750,0.000000,0.000000
718,10.443424,0.000000,1.001793,0.000000,0.000000,1.000000,0.970135,0,0.000160,0.000671,0.154679,10.108325,1.516249,0.468750,0.000000,0.000000
719,10.423404,0.000000,1.004277,0.000000,0.000000,1.000000,0.970135,0,0.000202,0.000826,0.146633,10.088303,1.513245,0.468750,0.000000,0.000000
720,10.054703,0.001528,1.004162,0.000000,0.000000,1.000000,0.790314,1,0.000172,0.001274,2.693559,9.929542,1.489431,0.468750,0.000000,0.000000
721,9.993184,0.001098,1.004318,0.000000,0.000000,1.000000,0.805173,1,0.000063,0.000728,2.406692,9.880388,1.482058,0.468750,0.000000,0.000000
722,10.295134,0.001207,1.004570,0.000000,0.000000,1.000000,0.819186,1,0.000084,0.000871,2.151123,10.193342,1.529001,0.468750,0.000000,0.000000
723,10.128303,0.000883,1.004735,0.000000,0.000000,1.000000,0.832792,1,0.000141,0.000858,1.919172,10.036533,1.505480,0.468750,0.000000,0.000000
724,10.067687,0.000880,1.004835,0.000000,0.000000,1.000000,0.845835,1,0.000153,0.000890,1.710828,9.984916,1.497737,0.468750,0.000000,0.000000
725,10.377517,0.001073,1.005104,0.000000,0.000000,1.000000,0.858335,1,0.000145,0.000872,1.526219,10.302732,1.545410,0.468750,0.000000,0.000000
726,10.203027,0.000000,0.993993,0.000000,0.000000,1.000000,0.870660,0,0.000143,0.000974,1.357779,10.135591,1.520339,0.468750,0.000000,0.000000
727,10.242586,0.000000,0.998494,0.000000,0.000000,1.000000,0.882892,0,0.000142,0.000905,1.205769,10.181829,1.527274,0.468750,0.000000,0.000000
728,10.138999,0.000000,0.996096,0.000000,0.000000,1.000000,0.890121,0,0.000142,0.001100,1.070101,10.046239,1.506936,0.468750,0.000000,0.000000
729,10.131803,0.000000,0.999499,0.000000,0.000000,1.000000,0.900788,0,0.000080,0.001254,0.950826,10.007368,1.501105,0.468750,0.000000,0.000000
730,10.064730,0.000000,1.000338,0.000000,0.000000,1.000000,0.907137,0,0.000161,0.001152,0.847580,9.946298,1.491945,0.468750,0.000000,0.000000
731,10.063245,0.000000,1.000617,0.000000,0.000000,1.000000,0.912657,0,0.000160,0.000863,0.753014,9.918475,1.487771,0.468750,0.000000,0.000000
732,10.363137,0.000000,1.000886,0.000000,0.000000,1.000000,0.918454,0,0.000156,0.000583,0.667656,10.258036,1.538705,0.468750,0.000000,0.000000
733,10.269569,0.000000,1.001789,0.000000,0.000000,1.000000,0.923663,0,0.000144,0.000972,0.598541,10.190135,1.528520,0.468750,0.000000,0.000000
734,10.157761,0.000000,1.002002,0.000000,0.000000,1.000000,0.928350,0,0.000172,0.000842,0.539027,10.036665,1.505500,0.468750,0.000000,0.000000
735,10.391857,0.000000,1.003296,0.000000,0.000000,1.000000,0.933392,0,0.000339,0.000931,0.481985,10.262431,1.539365,0.468750,0.000000,0.000000
736,10.243874,0.000000,1.002709,0.000000,0.000000,1.000000,0.937020,0,0.000169,0.000828,0.434569,10.116440,1.517466,0.468750,0.000000,0.000000
737,10.278585,0.000000,1.003850,0.000000,0.000000,1.000000,0.941302,0,0.000164,0.001327,0.396891,10.151157,1.522673,0.468750,0.000000,0.000000
738,10.178461,0.000000,1.003106,0.000000,0.000000,1.000000,0.943711,0,0.000169,0.000926,0.367427,10.059363,1.508905,0.468750,0.000000,0.000000
739,10.297458,0.000000,1.004400,0.000000,0.000000,1.000000,0.947576,0,0.000225,0.000740,0.336579,10.049695,1.507454,0.468750,0.000000,0.000000
740,10.123864,0.000000,1.001707,0.000000,0.000000,1.000000,0.950124,0,0.000169,0.001240,0.308285,9.918428,1.487764,0.468750,0.000000,0.000000
741,10.210975,0.000000,1.003502,0.000000,0.000000,1.000000,0.955309,0,0.000215,0.001247,0.282732,9.918876,1.487831,0.468750,0.000000,0.000000
742,10.532220,0.000000,1.003789,0.000000,0.000000,1.000000,0.957976,0,0.000158,0.001012,0.262072,10.206452,1.530968,0.468750,0.000000,0.000000
743,10.336934,0.000000,1.003750,0.000000,0.000000,1.000000,0.960523,0,0.000171,0.000937,0.242149,10.055498,1.508325,0.468750,0.000000,0.000000
744,10.199983,0.000000,1.003979,0.000000,0.000000,1.000000,0.963736,0,0.000331,0.000760,0.219464,9.965883,1.494882,0.468750,0.000000,0.000000
745,10.561762,0.000000,1.003989,0.000000,0.000000,1.000000,0.965550,0,0.000142,0.001034,0.202821,10.280002,1.542000,0.468750,0.000000,0.000000
746,10.397559,0.000000,1.001707,0.000000,0.000000,1.000000,0.968912,0,0.000150,0.001025,0.184864,10.102797,1.515420,0.468750,0.000000,0.000000
747,10.504677,0.000000,1.004102,0.000000,0.000000,1.000000,0.968912,0,0.000142,0.000753,0.169485,10.170910,1.525637,0.468750,0.000000,0.000000
748,10.416977,0.000000,1.001793,0.000000,0.000000,1.000000,0.970135,0,0.000147,0.000785,0.154679,10.081877,1.512282,0.468750,0.000000,0.000000
749,10.416099,0.000000,1.004277,0.000000,0.000000,1.000000,0.970135,0,0.000144,0.000769,0.146633,10.080994,1.512149,0.468750,0.000000,0.000000
750,10.082549,0.001453,1.004162,0.000000,0.000000,1.000000,0.790314,1,0.000341,0.000964,2.693559,9.957402,1.493610,0.468750,0.000000,0.000000
751,10.033796,0.001222,1.004318,0.000000,0.000000,1.000000,0.805173,1,0.000217,0.001115,2.406692,9.920999,1.488150,0.468750,0.000000,0.000000
752,10.347650,0.001263,1.004570,0.000000,0.000000,1.000000,0.819186,1,0.000158,0.000912,2.151123,10.245852,1.536878,0.468750,0.000000,0.000000
753,10.187900,0.000936,1.004735,0.000000,0.000000,1.000000,0.832792,1,0.000172,0.001044,1.919172,10.096126,1.514419,0.468750,0.000000,0.000000
754,10.026324,0.000910,1.004835,0.000000,0.000000,1.000000,0.845835,1,0.000291,0.000962,1.710828,9.943547,1.491532,0.468750,0.000000,0.000000
755,10.302321,0.000990,1.005104,0.000000,0.000000,1.000000,0.858335,1,0.000145,0.001164,1.526219,10.227546,1.534132,0.468750,0.000000,0.000000
756,10.148737,0.000000,0.993993,0.000000,0.000000,1.000000,0.870660,0,0.000293,0.001207,1.357779,10.081315,1.512197,0.468750,0.000000,0.000000
757,10.252893,0.000000,0.998494,0.000000,0.000000,1.000000,0.882892,0,0.000153,0.001155,1.205769,10.192135,1.528820,0.468750,0.000000,0.000000
758,10.221915,0.000000,0.996096,0.000000,0.000000,1.000000,0.890121,0,0.000180,0.000740,1.070101,10.129159,1.519374,0.468750,0.000000,0.000000
759,10.166705,0.000000,0.999499,0.000000,0.000000,1.000000,0.900788,0,0.000145,0.000823,0.950826,10.042279,1.506342,0.468750,0.000000,0.000000
760,10.057070,0.000000,1.000338,0.000000,0.000000,1.000000,0.907137,0,0.000144,0.000951,0.847580,9.938640,1.490796,0.468750,0.000000,0.000000
761,10.027729,0.000000,1.000617,0.000000,0.000000,1.000000,0.912657,0,0.000162,0.001238,0.753014,9.882966,1.482445,0.468750,0.000000,0.000000
762,10.268879,0.000000,1.000886,0.000000,0.000000,1.000000,0.918454,0,0.000099,0.000916,0.667656,10.163787,1.524568,0.468750,0.000000,0.000000
763,10.161920,0.000000,1.001789,0.000000,0.000000,1.000000,0.923663,0,0.000273,0.000772,0.598541,10.082486,1.512373,0.468750,0.000000,0.000000
764,10.120468,0.000000,1.002002,0.000000,0.000000,1.000000,0.928350,0,0.000167,0.000905,0.539027,9.999377,1.499907,0.468750,0.000000,0.000000
765,10.375515,0.000000,1.003296,0.000000,0.000000,1.000000,0.933392,0,0.000163,0.001021,0.481985,10.246083,1.536912,0.468750,0.000000,0.000000
766,10.231025,0.000000,1.002709,0.000000,0.000000,1.000000,0.937020,0,0.000197,0.001094,0.434569,10.103602,1.515540,0.468750,0.000000,0.000000
767,10.275984,0.000000,1.003850,0.000000,0.000000,1.000000,0.941302,0,0.000164,0.000684,0.396891,10.148558,1.522284,0.468750,0.000000,0.000000
768,10.158820,0.000000,1.003106,0.000000,0.000000,1.000000,0.943711,0,0.000148,0.000711,0.367427,10.039726,1.505959,0.468750,0.000000,0.000000
769,10.257248,0.000000,1.004400,0.000000,0.000000,1.000000,0.947576,0,0.000163,0.000687,0.336579,10.009489,1.501423,0.468750,0.000000,0.000000
770,10.149549,0.000000,1.001707,0.000000,0.000000,1.000000,0.950124,0,0.000141,0.000918,0.308285,9.944115,1.491617,0.468750,0.000000,0.000000
771,10.223158,0.000000,1.003502,0.000000,0.000000,1.000000,0.955309,0,0.000320,0.000660,0.282732,9.931063,1.489659,0.468750,0.000000,0.000000
772,10.580238,0.000000,1.003789,0.000000,0.000000,1.000000,0.957976,0,0.000161,0.001102,0.262072,10.254473,1.538171,0.468750,0.000000,0.000000
773,10.340269,0.000000,1.003750,0.000000,0.000000,1.000000,0.960523,0,0.000220,0.001183,0.242149,10.058832,1.508825,0.468750,0.000000,0.000000
774,10.223380,0.000000,1.003979,0.000000,0.000000,1.000000,0.963736,0,0.000145,0.001068,0.219464,9.989286,1.498393,0.468750,0.000000,0.000000
775,10.497294,0.000000,1.003989,0.000000,0.000000,1.000000,0.965550,0,0.000147,0.000991,0.202821,10.215532,1.532330,0.468750,0.000000,0.000000
776,10.355769,0.000000,1.001707,0.000000,0.000000,1.000000,0.968912,0,0.000145,0.000840,0.184864,10.061002,1.509150,0.468750,0.000000,0.000000
777,10.545782,0.000000,1.004102,0.000000,0.000000,1.000000,0.968912,0,0.000370,0.000757,0.169485,10.212009,1.531801,0.468750,0.000000,0.000000
778,10.387958,0.000000,1.001793,0.000000,0.000000,1.000000,0.970135,0,0.000181,0.001175,0.154679,10.052865,1.507930,0.468750,0.000000,0.000000
779,10.342997,0.000000,1.004277,0.000000,0.000000,1.000000,0.970135,0,0.000171,0.000874,0.146633,10.007900,1.501185,0.468750,0.000000,0.000000
780,10.053586,0.001422,1.004162,0.000000,0.000000,1.000000,0.790314,1,0.000392,0.000972,2.693559,9.928443,1.489266,0.468750,0.000000,0.000000
781,9.970968,0.001067,1.004318,0.000000,0.000000,1.000000,0.805173,1,0.000138,0.001637,2.406692,9.858182,1.478727,0.468750,0.000000,0.000000
782,10.307128,0.001043,1.004570,0.000000,0.000000,1.000000,0.819186,1,0.000144,0.001554,2.151123,10.205346,1.530802,0.468750,0.000000,0.000000
783,10.135382,0.001184,1.004735,0.000000,0.000000,1.000000,0.832792,1,0.000271,0.000831,1.919172,10.043595,1.506539,0.468750,0.000000,0.000000
784,10.061884,0.000864,1.004835,0.000000,0.000000,1.000000,0.845835,1,0.000167,0.000967,1.710828,9.979117,1.496868,0.468750,0.000000,0.000000
785,10.349276,0.000959,1.005104,0.000000,0.000000,1.000000,0.858335,1,0.000182,0.001024,1.526219,10.274500,1.541175,0.468750,0.000000,0.000000
786,10.175320,0.000000,0.993993,0.000000,0.000000,1.000000,0.870660,0,0.000088,0.000756,1.357779,10.107899,1.516185,0.468750,0.000000,0.000000
787,10.223637,0.000000,0.998494,0.000000,0.000000,1.000000,0.882892,0,0.000085,0.000943,1.205769,10.162884,1.524433,0.468750,0.000000,0.000000
788,10.131514,0.000000,0.996096,0.000000,0.000000,1.000000,0.890121,0,0.000322,0.000809,1.070101,10.038762,1.505814,0.468750,0.000000,0.000000
789,10.208729,0.000000,0.999499,0.000000,0.000000,1.000000,0.900788,0,0.000160,0.000873,0.950826,10.084302,1.512645,0.468750,0.000000,0.000000
790,10.138206,0.000000,1.000338,0.000000,0.000000,1.000000,0.907137,0,0.000152,0.000963,0.847580,10.019783,1.502967,0.468750,0.000000,0.000000
791,10.130842,0.000000,1.000617,0.000000,0.000000,1.000000,0.912657,0,0.000157,0.000830,0.753014,9.986082,1.497912,0.468750,0.000000,0.000000
792,10.353772,0.000000,1.000886,0.000000,0.000000,1.000000,0.918454,0,0.000140,0.000982,0.667656,10.248660,1.537299,0.468750,0.000000,0.000000
793,10.153819,0.000000,1.001789,0.000000,0.000000,1.000000,0.923663,0,0.000182,0.000941,0.598541,10.074392,1.511159,0.468750,0.000000,0.000000
794,10.069388,0.000000,1.002002,0.000000,0.000000,1.000000,0.928350,0,0.000084,0.000788,0.539027,9.948294,1.492244,0.468750,0.000000,0.000000
795,10.366008,0.000000,1.003296,0.000000,0.000000,1.000000,0.933392,0,0.000069,0.000805,0.481985,10.236585,1.535488,0.468750,0.000000,0.000000
796,10.231909,0.000000,1.002709,0.000000,0.000000,1.000000,0.937020,0,0.000068,0.001052,0.434569,10.104479,1.515672,0.468750,0.000000,0.000000
797,10.301480,0.000000,1.003850,0.000000,0.000000,1.000000,0.941302,0,0.000163,0.000769,0.396891,10.174051,1.526108,0.468750,0.000000,0.000000
798,10.160342,0.000000,1.003106,0.000000,0.000000,1.000000,0.943711,0,0.000186,0.001018,0.367427,10.041247,1.506187,0.468750,0.000000,0.000000
799,10.263533,0.000000,1.004400,0.000000,0.000000,1.000000,0.947576,0,0.000307,0.001065,0.336579,10.015773,1.502366,0.468750,0.000000,0.000000
800,10.118379,0.000000,1.001707,0.000000,0.000000,1.000000,0.950124,0,0.000420,0.001111,0.308285,9.912946,1.486942,0.468750,0.000000,0.000000
801,10.160871,0.000000,1.003502,0.000000,0.000000,1.000000,0.955309,0,0.000159,0.000943,0.282732,9.868778,1.480317,0.468750,0.000000,0.000000
802,10.499655,0.000000,1.003789,0.000000,0.000000,1.000000,0.957976,0,0.000180,0.001124,0.262072,10.173885,1.526083,0.468750,0.000000,0.000000
803,10.374064,0.000000,1.003750,0.000000,0.000000,1.000000,0.960523,0,0.000169,0.000778,0.242149,10.092635,1.513895,0.468750,0.000000,0.000000
804,10.171109,0.000000,1.003979,0.000000,0.000000,1.000000,0.963736,0,0.000077,0.000963,0.219464,9.937004,1.490551,0.468750,0.000000,0.000000
805,10.543544,0.000000,1.002756,0.000000,0.000000,1.000000,0.965550,0,0.000148,0.000942,0.202821,10.261775,1.539266,0.468750,0.000000,0.000000
806,10.459912,0.000000,1.003116,0.000000,0.000000,1.000000,0.965550,0,0.000156,0.000779,0.186576,10.128151,1.519223,0.468750,0.000000,0.000000
807,10.421102,0.000000,1.004102,0.000000,0.000000,1.000000,0.969472,0,0.000134,0.001156,0.169055,10.126330,1.518950,0.468750,0.000000,0.000000
808,10.381369,0.000000,1.001734,0.000000,0.000000,1.000000,0.970695,0,0.000337,0.000901,0.154208,10.045935,1.506890,0.468750,0.000000,0.000000
809,10.353138,0.000000,1.004277,0.000000,0.000000,1.000000,0.970695,0,0.000067,0.000664,0.145570,10.017697,1.502655,0.468750,0.000000,0.000000
810,10.056816,0.001539,1.004162,0.000000,0.000000,1.000000,0.790314,1,0.000071,0.000925,2.693559,9.931662,1.489749,0.468750,0.000000,0.000000
811,10.139893,0.000946,1.004318,0.000000,0.000000,1.000000,0.805173,1,0.000078,0.001079,2.406692,10.027117,1.504068,0.468750,0.000000,0.000000
812,10.277589,0.000921,1.004570,0.000000,0.000000,1.000000,0.819186,1,0.000082,0.001181,2.151123,10.175817,1.526373,0.468750,0.000000,0.000000
813,10.267690,0.000916,1.004735,0.000000,0.000000,1.000000,0.832792,1,0.000136,0.000764,1.919172,10.175915,1.526387,0.468750,0.000000,0.000000
814,10.299100,0.001478,1.004835,0.000000,0.000000,1.000000,0.845835,1,0.000147,0.000848,1.710828,10.216286,1.532443,0.468750,0.000000,0.000000
815,10.483725,0.001017,1.005104,0.000000,0.000000,1.000000,0.858335,1,0.000149,0.001186,1.526219,10.408947,1.561342,0.468750,0.000000,0.000000
816,10.288980,0.000000,0.993993,0.000000,0.000000,1.000000,0.870660,0,0.000186,0.001021,1.357779,10.221549,1.533232,0.468750,0.000000,0.000000
817,10.232206,0.000000,0.998494,0.000000,0.000000,1.000000,0.882892,0,0.000157,0.000823,1.205769,10.171449,1.525717,0.468750,0.000000,0.000000
818,10.131386,0.000000,0.996096,0.000000,0.000000,1.000000,0.890121,0,0.000154,0.000869,1.070101,10.038613,1.505792,0.468750,0.000000,0.000000
819,10.208564,0.000000,0.999499,0.000000,0.000000,1.000000,0.900788,0,0.000160,0.001038,0.950826,10.084137,1.512621,0.468750,0.000000,0.000000
820,10.080732,0.000000,1.000338,0.000000,0.000000,1.000000,0.907137,0,0.000166,0.001003,0.847580,9.962302,1.494345,0.468750,0.000000,0.000000
821,10.129630,0.000000,1.000617,0.000000,0.000000,1.000000,0.912657,0,0.000185,0.000854,0.753014,9.984867,1.497730,0.468750,0.000000,0.000000
822,10.409079,0.000000,1.000886,0.000000,0.000000,1.000000,0.918454,0,0.000184,0.000975,0.667656,10.303978,1.545597,0.468750,0.000000,0.000000
823,10.171539,0.000000,1.001789,0.000000,0.000000,1.000000,0.923663,0,0.000153,0.000965,0.598541,10.092110,1.513817,0.468750,0.000000,0.000000
824,10.303726,0.000000,1.002002,0.000000,0.000000,1.000000,0.928350,0,0.000157,0.000989,0.539027,10.182625,1.527394,0.468750,0.000000,0.000000
825,10.695287,0.000000,1.003296,0.000000,0.000000,1.000000,0.933392,0,0.000205,0.000956,0.481985,10.565858,1.584879,0.468750,0.000000,0.000000
826,10.584961,0.000000,1.002709,0.000000,0.000000,1.000000,0.937020,0,0.000172,0.000971,0.434569,10.457527,1.568629,0.468750,0.000000,0.000000
827,10.530915,0.000000,1.003850,0.000000,0.000000,1.000000,0.941302,0,0.000250,0.001139,0.396891,10.403490,1.560524,0.468750,0.000000,0.000000
828,10.387925,0.000000,1.003106,0.000000,0.000000,1.000000,0.943711,0,0.000401,0.000954,0.367427,10.268824,1.540324,0.468750,0.000000,0.000000
829,10.472859,0.000000,1.004400,0.000000,0.000000,1.000000,0.947576,0,0.000164,0.000879,0.336579,10.225095,1.533764,0.468750,0.000000,0.000000
830,10.355105,0.000000,1.001707,0.000000,0.000000,1.000000,0.950124,0,0.000208,0.000749,0.308285,10.149670,1.522450,0.468750,0.000000,0.000000
831,10.360941,0.000000,1.003502,0.000000,0.000000,1.000000,0.955309,0,0.000167,0.000872,0.282732,10.068858,1.510329,0.468750,0.000000,0.000000
832,10.659937,0.000000,1.003789,0.000000,0.000000,1.000000,0.957976,0,0.000138,0.000687,0.262072,10.334185,1.550128,0.468750,0.000000,0.000000
833,10.492973,0.000000,1.003750,0.000000,0.000000,1.000000,0.960523,0,0.000174,0.000905,0.242149,10.211552,1.531733,0.468750,0.000000,0.000000
834,10.292221,0.000000,1.003979,0.000000,0.000000,1.000000,0.963736,0,0.000165,0.000971,0.219464,10.058122,1.508718,0.468750,0.000000,0.000000
835,10.725368,0.000000,1.002756,0.000000,0.000000,1.000000,0.965550,0,0.000346,0.000938,0.202821,10.443602,1.566540,0.468750,0.000000,0.000000
836,10.471200,0.000000,1.003116,0.000000,0.000000,1.000000,0.965550,0,0.000163,0.001312,0.186576,10.139440,1.520916,0.468750,0.000000,0.000000
837,10.569482,0.000000,1.004102,0.000000,0.000000,1.000000,0.969472,0,0.000140,0.000929,0.169055,10.274715,1.541207,0.468750,0.000000,0.000000
838,10.442954,0.000000,1.001734,0.000000,0.000000,1.000000,0.970695,0,0.000178,0.001024,0.154208,10.107523,1.516128,0.468750,0.000000,0.000000
839,10.392639,0.000000,1.004277,0.000000,0.000000,1.000000,0.970695,0,0.000154,0.001226,0.145570,10.057205,1.508581,0.468750,0.000000,0.000000
840,10.038936,0.001139,1.004162,0.000000,0.000000,1.000000,0.790314,1,0.000156,0.000925,2.693559,9.913811,1.487072,0.468750,0.000000,0.000000
841,10.026826,0.000928,1.004318,0.000000,0.000000,1.000000,0.805173,1,0.000081,0.000683,2.406692,9.914054,1.487108,0.468750,0.000000,0.000000
842,10.326351,0.000852,1.004570,0.000000,0.000000,1.000000,0.819186,1,0.000089,0.001046,2.151123,10.224587,1.533688,0.468750,0.000000,0.000000
843,10.140147,0.000933,1.004735,0.000000,0.000000,1.000000,0.832792,1,0.000153,0.000835,1.919172,10.048375,1.507256,0.468750,0.000000,0.000000
844,10.080724,0.001028,1.004835,0.000000,0.000000,1.000000,0.845835,1,0.000151,0.000913,1.710828,9.997943,1.499691,0.468750,0.000000,0.000000
845,10.425270,0.000873,1.005104,0.000000,0.000000,1.000000,0.858335,1,0.000150,0.000918,1.526219,10.350503,1.552575,0.468750,0.000000,0.000000
846,10.254388,0.000000,0.993993,0.000000,0.000000,1.000000,0.870660,0,0.000188,0.001193,1.357779,10.186960,1.528044,0.468750,0.000000,0.000000
847,10.534673,0.000000,0.998494,0.000000,0.000000,1.000000,0.882892,0,0.000161,0.000992,1.205769,10.473915,1.571087,0.468750,0.000000,0.000000
848,10.298353,0.000000,0.996096,0.000000,0.000000,1.000000,0.890121,0,0.000158,0.001190,1.070101,10.205599,1.530840,0.468750,0.000000,0.000000
849,10.356906,0.000000,0.999499,0.000000,0.000000,1.000000,0.900788,0,0.000184,0.000871,0.950826,10.232482,1.534872,0.468750,0.000000,0.000000
850,10.192489,0.000000,1.000338,0.000000,0.000000,1.000000,0.907137,0,0.000162,0.000958,0.847580,10.074056,1.511108,0.468750,0.000000,0.000000
851,10.095920,0.000000,1.000617,0.000000,0.000000,1.000000,0.912657,0,0.000379,0.001238,0.753014,9.951154,1.492673,0.468750,0.000000,0.000000
852,10.379008,0.000000,1.000886,0.000000,0.000000,1.000000,0.918454,0,0.000157,0.000770,0.667656,10.273916,1.541087,0.468750,0.000000,0.000000
853,10.253987,0.000000,1.001789,0.000000,0.000000,1.000000,0.923663,0,0.000144,0.000707,0.598541,10.174555,1.526183,0.468750,0.000000,0.000000
854,10.201714,0.000000,1.002002,0.000000,0.000000,1.000000,0.928350,0,0.000111,0.000792,0.539027,10.080614,1.512092,0.468750,0.000000,0.000000
855,10.460402,0.000000,1.003296,0.000000,0.000000,1.000000,0.933392,0,0.000084,0.000901,0.481985,10.330969,1.549645,0.468750,0.000000,0.000000
856,10.295168,0.000000,1.002709,0.000000,0.000000,1.000000,0.937020,0,0.000091,0.000831,0.434569,10.167737,1.525161,0.468750,0.000000,0.000000
857,10.333787,0.000000,1.003850,0.000000,0.000000,1.000000,0.941302,0,0.000171,0.000787,0.396891,10.206358,1.530954,0.468750,0.000000,0.000000
858,10.249470,0.000000,1.003106,0.000000,0.000000,1.000000,0.943711,0,0.000173,0.000710,0.367427,10.130371,1.519556,0.468750,0.000000,0.000000
859,10.291543,0.000000,1.004400,0.000000,0.000000,1.000000,0.947576,0,0.000166,0.000943,0.336579,10.043775,1.506566,0.468750,0.000000,0.000000
860,10.138193,0.000000,1.001707,0.000000,0.000000,1.000000,0.950124,0,0.000147,0.000965,0.308285,9.932753,1.489913,0.468750,0.000000,0.000000
861,10.240996,0.000000,1.003502,0.000000,0.000000,1.000000,0.955309,0,0.000146,0.000985,0.282732,9.948900,1.492335,0.468750,0.000000,0.000000
862,10.541922,0.000000,1.003789,0.000000,0.000000,1.000000,0.957976,0,0.000154,0.001034,0.262072,10.216158,1.532424,0.468750,0.000000,0.000000
863,10.367926,0.000000,1.003750,0.000000,0.000000,1.000000,0.960523,0,0.000234,0.001144,0.242149,10.086499,1.512975,0.468750,0.000000,0.000000
864,10.221106,0.000000,1.003979,0.000000,0.000000,1.000000,0.963736,0,0.000139,0.001123,0.219464,9.987010,1.498051,0.468750,0.000000,0.000000
865,10.529571,0.000000,1.003989,0.000000,0.000000,1.000000,0.965550,0,0.000253,0.001185,0.202821,10.247801,1.537170,0.468750,0.000000,0.000000
866,10.405923,0.000000,1.001707,0.000000,0.000000,1.000000,0.968912,0,0.000083,0.000917,0.184864,10.111158,1.516674,0.468750,0.000000,0.000000
867,10.524444,0.000000,1.004102,0.000000,0.000000,1.000000,0.968912,0,0.000271,0.000877,0.169485,10.190677,1.528602,0.468750,0.000000,0.000000
868,10.439229,0.000000,1.001793,0.000000,0.000000,1.000000,0.970135,0,0.000179,0.001155,0.154679,10.104124,1.515619,0.468750,0.000000,0.000000
869,10.473811,0.000000,1.004277,0.000000,0.000000,1.000000,0.970135,0,0.000227,0.000632,0.146633,10.138703,1.520805,0.468750,0.000000,0.000000
870,10.128648,0.001504,1.004162,0.000000,0.000000,1.000000,0.790314,1,0.000145,0.000753,2.693559,10.003492,1.500524,0.468750,0.000000,0.000000
871,10.005027,0.000943,1.004318,0.000000,0.000000,1.000000,0.805173,1,0.000155,0.000884,2.406692,9.892240,1.483836,0.468750,0.000000,0.000000
872,10.299152,0.001108,1.004570,0.000000,0.000000,1.000000,0.819186,1,0.000155,0.000880,2.151123,10.197365,1.529605,0.468750,0.000000,0.000000
873,10.186611,0.000996,1.004735,0.000000,0.000000,1.000000,0.832792,1,0.000144,0.001523,1.919172,10.094834,1.514225,0.468750,0.000000,0.000000
874,10.085992,0.001069,1.004835,0.000000,0.000000,1.000000,0.845835,1,0.000145,0.000748,1.710828,10.003212,1.500482,0.468750,0.000000,0.000000
875,10.359115,0.001394,1.005104,0.000000,0.000000,1.000000,0.858335,1,0.000063,0.001199,1.526219,10.284310,1.542647,0.468750,0.000000,0.000000
876,10.180840,0.000000,0.993993,0.000000,0.000000,1.000000,0.870660,0,0.000073,0.001017,1.357779,10.113417,1.517012,0.468750,0.000000,0.000000
877,10.210537,0.000000,0.998494,0.000000,0.000000,1.000000,0.882892,0,0.000073,0.000788,1.205769,10.149780,1.522467,0.468750,0.000000,0.000000
878,10.161233,0.000000,0.996096,0.000000,0.000000,1.000000,0.890121,0,0.000142,0.000667,1.070101,10.068472,1.510271,0.468750,0.000000,0.000000
879,10.141271,0.000000,0.999499,0.000000,0.000000,1.000000,0.900788,0,0.000164,0.000811,0.950826,10.016842,1.502526,0.468750,0.000000,0.000000
880,10.060378,0.000000,1.000338,0.000000,0.000000,1.000000,0.907137,0,0.000380,0.000895,0.847580,9.941947,1.491292,0.468750,0.000000,0.000000
881,10.090833,0.000000,1.000617,0.000000,0.000000,1.000000,0.912657,0,0.000170,0.000951,0.753014,9.946070,1.491910,0.468750,0.000000,0.000000
882,10.327812,0.000000,1.000886,0.000000,0.000000,1.000000,0.918454,0,0.000156,0.001211,0.667656,10.222716,1.533407,0.468750,0.000000,0.000000
883,10.138776,0.000000,1.001789,0.000000,0.000000,1.000000,0.923663,0,0.000152,0.000953,0.598541,10.059345,1.508902,0.468750,0.000000,0.000000
884,10.100868,0.000000,1.002002,0.000000,0.000000,1.000000,0.928350,0,0.000145,0.000583,0.539027,9.979770,1.496966,0.468750,0.000000,0.000000
885,10.397174,0.000000,1.003296,0.000000,0.000000,1.000000,0.933392,0,0.000146,0.000893,0.481985,10.267746,1.540162,0.468750,0.000000,0.000000
886,10.273756,0.000000,1.002709,0.000000,0.000000,1.000000,0.937020,0,0.000151,0.000978,0.434569,10.146324,1.521949,0.468750,0.000000,0.000000
887,10.290531,0.000000,1.003850,0.000000,0.000000,1.000000,0.941302,0,0.000174,0.000649,0.396891,10.163098,1.524465,0.468750,0.000000,0.000000
888,10.320673,0.000000,1.003106,0.000000,0.000000,1.000000,0.943711,0,0.000410,0.000684,0.367427,10.201573,1.530236,0.468750,0.000000,0.000000
889,10.327688,0.000000,1.004400,0.000000,0.000000,1.000000,0.947576,0,0.000150,0.001145,0.336579,10.079923,1.511988,0.468750,0.000000,0.000000
890,10.134989,0.000000,1.001707,0.000000,0.000000,1.000000,0.950124,0,0.000152,0.000911,0.308285,9.929560,1.489434,0.468750,0.000000,0.000000
891,10.185765,0.000000,1.003502,0.000000,0.000000,1.000000,0.955309,0,0.000142,0.000845,0.282732,9.893662,1.484049,0.468750,0.000000,0.000000
892,10.550062,0.000000,1.003789,0.000000,0.000000,1.000000,0.957976,0,0.000183,0.001015,0.262072,10.224301,1.533645,0.468750,0.000000,0.000000
893,10.387361,0.000000,1.003750,0.000000,0.000000,1.000000,0.960523,0,0.000314,0.001007,0.242149,10.105934,1.515890,0.468750,0.000000,0.000000
894,10.194417,0.000000,1.003979,0.000000,0.000000,1.000000,0.963736,0,0.000271,0.001046,0.219464,9.960313,1.494047,0.468750,0.000000,0.000000
895,10.593743,0.000000,1.003989,0.000000,0.000000,1.000000,0.965550,0,0.000156,0.001007,0.202821,10.311985,1.546798,0.468750,0.000000,0.000000
896,10.422385,0.000000,1.001707,0.000000,0.000000,1.000000,0.968912,0,0.000156,0.000902,0.184864,10.127611,1.519142,0.468750,0.000000,0.000000
897,10.473011,0.000000,1.004102,0.000000,0.000000,1.000000,0.968912,0,0.000163,0.000991,0.169485,10.139244,1.520887,0.468750,0.000000,0.000000
898,10.381426,0.000000,1.001793,0.000000,0.000000,1.000000,0.970135,0,0.000163,0.000994,0.154679,10.046321,1.506948,0.468750,0.000000,0.000000
899,10.386151,0.000000,1.004277,0.000000,0.000000,1.000000,0.970135,0,0.000154,0.000808,0.146633,10.051041,1.507656,0.468750,0.000000,0.000000
