epoch,aggregation_latency_ms,recovery_latency_ms,aggregation_completeness,loss_exposure_fraction,communication_overhead_KB,system_availability,queue_utilization,recovery_frequency,scheduling_latency_ms,state_refresh_ms,workload_imbalance,processing_overhead_ms,energy_joules,scheduling_comm_kb,recomputation_overhead_ms,reused_microslot_count
0,10.204902,0.003442,1.000366,0.000000,0.000000,1.000000,0.772485,1,0.000243,0.002524,5.206965,10.079782,1.511967,1.562500,0.000000,0.000000
1,10.217711,0.003451,1.000433,0.000000,0.000000,1.000000,0.783208,1,0.000289,0.002247,4.675518,10.105088,1.515763,1.562500,0.000000,0.000000
2,10.513302,0.003796,1.000513,0.000000,0.000000,1.000000,0.793760,1,0.000468,0.002104,4.199589,10.411878,1.561782,1.562500,0.000000,0.000000
3,10.243750,0.003239,1.000592,0.000000,0.000000,1.000000,0.804195,1,0.000131,0.002156,3.770674,10.152436,1.522865,1.562500,0.000000,0.000000
4,10.311005,0.003244,1.000672,0.000000,0.000000,1.000000,0.814448,1,0.000215,0.002455,3.384537,10.228792,1.534319,1.562500,0.000000,0.000000
5,10.475613,0.003385,1.000732,0.000000,0.000000,1.000000,0.823972,1,0.000134,0.002747,3.037045,10.401598,1.560240,1.562500,0.000000,0.000000
6,10.322983,0.003251,1.000815,0.000000,0.000000,1.000000,0.833391,1,0.000353,0.002067,2.727954,10.256273,1.538441,1.562500,0.000000,0.000000
7,10.366996,0.003017,1.000908,0.000000,0.000000,1.000000,0.842558,1,0.000249,0.003011,2.449024,10.306888,1.546033,1.562500,0.000000,0.000000
8,10.299801,0.003579,1.000986,0.000000,0.000000,1.000000,0.851009,1,0.000206,0.002414,2.195952,10.235576,1.535336,1.562500,0.000000,0.000000
9,10.340240,0.003255,1.001040,0.000000,0.000000,1.000000,0.858067,1,0.000375,0.002260,1.968608,10.281428,1.542214,1.562500,0.000000,0.000000
10,10.173155,0.003335,1.001102,0.000000,0.000000,1.000000,0.864974,1,0.000116,0.002576,1.767224,10.119136,1.517870,1.562500,0.000000,0.000000
11,10.094805,0.003452,1.001182,0.000000,0.000000,1.000000,0.871297,1,0.000438,0.002875,1.587499,10.045085,1.506763,1.562500,0.000000,0.000000
12,10.370383,0.011301,1.001243,0.000000,0.000000,1.000000,0.877391,1,0.000560,0.002260,1.425349,10.314308,1.547146,1.562500,0.000000,0.000000
13,10.232334,0.003225,1.001334,0.000000,0.000000,1.000000,0.882058,1,0.000249,0.002609,1.280444,10.143217,1.521483,1.562500,0.000000,0.000000
14,10.139811,0.004095,1.001346,0.000000,0.000000,1.000000,0.887178,1,0.000229,0.002400,1.149159,10.037079,1.505562,1.562500,0.000000,0.000000
15,10.478664,0.003282,1.001455,0.000000,0.000000,1.000000,0.891357,1,0.000215,0.003097,1.035197,10.347848,1.552177,1.562500,0.000000,0.000000
16,10.359360,0.003061,1.001480,0.000000,0.000000,1.000000,0.895585,1,0.000213,0.002217,0.930711,10.216851,1.532528,1.562500,0.000000,0.000000
17,10.380167,0.000000,0.997913,0.000000,0.000000,1.000000,0.899418,0,0.000262,0.002237,0.839643,10.213167,1.531975,1.562500,0.000000,0.000000
18,10.273573,0.000000,0.998251,0.000000,0.000000,1.000000,0.902624,0,0.000419,0.003087,0.757833,10.084173,1.512626,1.562500,0.000000,0.000000
19,10.364150,0.000000,0.998577,0.000000,0.000000,1.000000,0.905872,0,0.000240,0.002337,0.685649,10.153846,1.523077,1.562500,0.000000,0.000000
20,10.257580,0.000000,0.998882,0.000000,0.000000,1.000000,0.908991,0,0.000502,0.002365,0.623041,10.048980,1.507347,1.562500,0.000000,0.000000
21,10.241585,0.000000,0.999145,0.000000,0.000000,1.000000,0.911623,0,0.000229,0.002225,0.569596,10.013084,1.501963,1.562500,0.000000,0.000000
22,10.477092,0.000000,0.999409,0.000000,0.000000,1.000000,0.914264,0,0.000451,0.002526,0.522017,10.239691,1.535954,1.562500,0.000000,0.000000
23,10.352285,0.000000,0.999636,0.000000,0.000000,1.000000,0.916407,0,0.000223,0.002900,0.483207,10.116083,1.517413,1.562500,0.000000,0.000000
24,10.362184,0.000000,0.999825,0.000000,0.000000,1.000000,0.918522,0,0.000309,0.002455,0.449964,10.127087,1.519063,1.562500,0.000000,0.000000
25,10.567647,0.000000,1.000025,0.000000,0.000000,1.000000,0.920503,0,0.000319,0.002056,0.422013,10.342841,1.551426,1.562500,0.000000,0.000000
26,10.452291,0.000000,1.000201,0.000000,0.000000,1.000000,0.922339,0,0.000623,0.010940,0.399146,10.227492,1.534124,1.562500,0.000000,0.000000
27,10.594456,0.000000,1.000555,0.000000,0.000000,1.000000,0.924024,0,0.000367,0.002126,0.380985,10.369655,1.555448,1.562500,0.000000,0.000000
28,10.379431,0.000000,1.000313,0.000000,0.000000,1.000000,0.925370,0,0.000458,0.002600,0.367156,10.154630,1.523195,1.562500,0.000000,0.000000
29,10.315189,0.000000,1.000680,0.000000,0.000000,1.000000,0.926875,0,0.000246,0.002806,0.355490,10.090390,1.513558,1.562500,0.000000,0.000000
30,10.088733,0.003516,1.000366,0.000000,0.000000,1.000000,0.772485,1,0.000374,0.002524,5.206965,9.963617,1.494542,1.562500,0.000000,0.000000
31,10.110832,0.003504,1.000433,0.000000,0.000000,1.000000,0.783208,1,0.000354,0.002548,4.675518,9.998213,1.499732,1.562500,0.000000,0.000000
32,10.519868,0.003206,1.000513,0.000000,0.000000,1.000000,0.793760,1,0.000133,0.002914,4.199589,10.418447,1.562767,1.562500,0.000000,0.000000
33,10.318226,0.003563,1.000592,0.000000,0.000000,1.000000,0.804195,1,0.000198,0.002350,3.770674,10.226906,1.534036,1.562500,0.000000,0.000000
34,10.187333,0.003628,1.000672,0.000000,0.000000,1.000000,0.814448,1,0.000341,0.002158,3.384537,10.105113,1.515767,1.562500,0.000000,0.000000
35,10.423509,0.003642,1.000732,0.000000,0.000000,1.000000,0.823972,1,0.000350,0.002110,3.037045,10.349486,1.552423,1.562500,0.000000,0.000000
36,10.180895,0.003225,1.000815,0.000000,0.000000,1.000000,0.833391,1,0.000119,0.002311,2.727954,10.114183,1.517127,1.562500,0.000000,0.000000
37,10.287172,0.003474,1.000908,0.000000,0.000000,1.000000,0.842558,1,0.000209,0.002411,2.449024,10.227055,1.534058,1.562500,0.000000,0.000000
38,10.209563,0.003481,1.000986,0.000000,0.000000,1.000000,0.851009,1,0.000396,0.002408,2.195952,10.145338,1.521801,1.562500,0.000000,0.000000
39,10.109196,0.003317,1.001040,0.000000,0.000000,1.000000,0.858067,1,0.000349,0.002337,1.968608,10.050380,1.507557,1.562500,0.000000,0.000000
40,10.026584,0.003089,1.001102,0.000000,0.000000,1.000000,0.864974,1,0.000234,0.002659,1.767224,9.972567,1.495885,1.562500,0.000000,0.000000
41,10.028212,0.003194,1.001182,0.000000,0.000000,1.000000,0.871297,1,0.000349,0.002159,1.587499,9.978497,1.496774,1.562500,0.000000,0.000000
42,10.306217,0.003107,1.001243,0.000000,0.000000,1.000000,0.877391,1,0.000423,0.002380,1.425349,10.250305,1.537546,1.562500,0.000000,0.000000
43,10.227118,0.003074,1.001334,0.000000,0.000000,1.000000,0.882058,1,0.000281,0.002313,1.280444,10.138006,1.520701,1.562500,0.000000,0.000000
44,10.248906,0.003190,1.001346,0.000000,0.000000,1.000000,0.887178,1,0.000357,0.002058,1.149159,10.146191,1.521929,1.562500,0.000000,0.000000
45,10.510140,0.003472,1.001455,0.000000,0.000000,1.000000,0.891357,1,0.000232,0.002275,1.035197,10.379320,1.556898,1.562500,0.000000,0.000000
46,10.429530,0.003484,1.001480,0.000000,0.000000,1.000000,0.895585,1,0.000260,0.002073,0.930711,10.287003,1.543050,1.562500,0.000000,0.000000
47,10.410146,0.000000,0.997913,0.000000,0.000000,1.000000,0.899418,0,0.000198,0.002263,0.839643,10.243142,1.536471,1.562500,0.000000,0.000000
48,10.398832,0.000000,0.998251,0.000000,0.000000,1.000000,0.902624,0,0.000311,0.002225,0.757833,10.209433,1.531415,1.562500,0.000000,0.000000
49,10.415910,0.000000,0.998577,0.000000,0.000000,1.000000,0.905872,0,0.000210,0.002509,0.685649,10.205606,1.530841,1.562500,0.000000,0.000000
50,10.319929,0.000000,0.998882,0.000000,0.000000,1.000000,0.908991,0,0.000207,0.002142,0.623041,10.111325,1.516699,1.562500,0.000000,0.000000
51,10.301597,0.000000,0.999145,0.000000,0.000000,1.000000,0.911623,0,0.000411,0.002002,0.569596,10.073095,1.510964,1.562500,0.000000,0.000000
52,10.608959,0.000000,0.999409,0.000000,0.000000,1.000000,0.914264,0,0.000241,0.001956,0.522017,10.371559,1.555734,1.562500,0.000000,0.000000
53,10.355635,0.000000,0.999636,0.000000,0.000000,1.000000,0.916407,0,0.000446,0.002490,0.483207,10.119435,1.517915,1.562500,0.000000,0.000000
54,10.323190,0.000000,0.999825,0.000000,0.000000,1.000000,0.918522,0,0.000417,0.002160,0.449964,10.088086,1.513213,1.562500,0.000000,0.000000
55,10.617369,0.000000,1.000025,0.000000,0.000000,1.000000,0.920503,0,0.000413,0.002522,0.422013,10.392567,1.558885,1.562500,0.000000,0.000000
56,10.398141,0.000000,1.000201,0.000000,0.000000,1.000000,0.922339,0,0.000249,0.002672,0.399146,10.173340,1.526001,1.562500,0.000000,0.000000
57,10.440943,0.000000,1.000555,0.000000,0.000000,1.000000,0.924024,0,0.000450,0.002902,0.380985,10.216148,1.532422,1.562500,0.000000,0.000000
58,10.334499,0.000000,1.000313,0.000000,0.000000,1.000000,0.925370,0,0.000585,0.002560,0.367156,10.109702,1.516455,1.562500,0.000000,0.000000
59,10.381386,0.000000,1.000751,0.000000,0.000000,1.000000,0.926875,0,0.000157,0.002470,0.355490,10.156583,1.523487,1.562500,0.000000,0.000000
60,10.068597,0.003339,1.000366,0.000000,0.000000,1.000000,0.772485,1,0.000200,0.002281,5.206965,9.943480,1.491522,1.562500,0.000000,0.000000
61,10.117965,0.003288,1.000433,0.000000,0.000000,1.000000,0.783208,1,0.000197,0.002826,4.675518,10.005354,1.500803,1.562500,0.000000,0.000000
62,10.297354,0.003578,1.000513,0.000000,0.000000,1.000000,0.793760,1,0.000270,0.002311,4.199589,10.195931,1.529390,1.562500,0.000000,0.000000
63,10.194491,0.003646,1.000592,0.000000,0.000000,1.000000,0.804195,1,0.000114,0.002486,3.770674,10.103172,1.515476,1.562500,0.000000,0.000000
64,10.088240,0.003518,1.000672,0.000000,0.000000,1.000000,0.814448,1,0.000214,0.002351,3.384537,10.006023,1.500904,1.562500,0.000000,0.000000
65,10.321272,0.003640,1.000732,0.000000,0.000000,1.000000,0.823972,1,0.000390,0.002549,3.037045,10.247250,1.537088,1.562500,0.000000,0.000000
66,10.275388,0.003308,1.000815,0.000000,0.000000,1.000000,0.833391,1,0.000446,0.002020,2.727954,10.208675,1.531301,1.562500,0.000000,0.000000
67,10.259212,0.003373,1.000908,0.000000,0.000000,1.000000,0.842558,1,0.000235,0.002493,2.449024,10.199099,1.529865,1.562500,0.000000,0.000000
68,10.123080,0.003509,1.000986,0.000000,0.000000,1.000000,0.851009,1,0.000332,0.002082,2.195952,10.058864,1.508830,1.562500,0.000000,0.000000
69,10.085602,0.003060,1.001040,0.000000,0.000000,1.000000,0.858067,1,0.000251,0.001892,1.968608,10.026796,1.504019,1.562500,0.000000,0.000000
70,10.019945,0.003139,1.001102,0.000000,0.000000,1.000000,0.864974,1,0.000239,0.002609,1.767224,9.965933,1.494890,1.562500,0.000000,0.000000
71,10.240963,0.003418,1.001182,0.000000,0.000000,1.000000,0.871297,1,0.000156,0.002675,1.587499,10.191246,1.528687,1.562500,0.000000,0.000000
72,10.455454,0.003612,1.001243,0.000000,0.000000,1.000000,0.877391,1,0.000214,0.002562,1.425349,10.399529,1.559929,1.562500,0.000000,0.000000
73,10.414846,0.003838,1.001334,0.000000,0.000000,1.000000,0.882058,1,0.000244,0.002115,1.280444,10.325720,1.548858,1.562500,0.000000,0.000000
74,10.262077,0.003652,1.001346,0.000000,0.000000,1.000000,0.887178,1,0.000417,0.002538,1.149159,10.159348,1.523902,1.562500,0.000000,0.000000
75,10.535083,0.003637,1.001455,0.000000,0.000000,1.000000,0.891357,1,0.000451,0.002521,1.035197,10.404257,1.560638,1.562500,0.000000,0.000000
76,10.377828,0.003422,1.001480,0.000000,0.000000,1.000000,0.895585,1,0.000339,0.002516,0.930711,10.235305,1.535296,1.562500,0.000000,0.000000
77,10.517161,0.000000,0.997913,0.000000,0.000000,1.000000,0.899418,0,0.000329,0.002280,0.839643,10.350155,1.552523,1.562500,0.000000,0.000000
78,10.439478,0.000000,0.998251,0.000000,0.000000,1.000000,0.902624,0,0.000357,0.002506,0.757833,10.250066,1.537510,1.562500,0.000000,0.000000
79,10.400494,0.000000,0.998577,0.000000,0.000000,1.000000,0.905872,0,0.000286,0.003533,0.685649,10.190188,1.528528,1.562500,0.000000,0.000000
80,10.367512,0.000000,0.998882,0.000000,0.000000,1.000000,0.908991,0,0.000315,0.002646,0.623041,10.158910,1.523836,1.562500,0.000000,0.000000
81,10.234426,0.000000,0.999145,0.000000,0.000000,1.000000,0.911623,0,0.000314,0.002486,0.569596,10.005927,1.500889,1.562500,0.000000,0.000000
82,10.524427,0.000000,0.999409,0.000000,0.000000,1.000000,0.914264,0,0.000308,0.002909,0.522017,10.287027,1.543054,1.562500,0.000000,0.000000
83,10.425750,0.000000,0.999636,0.000000,0.000000,1.000000,0.916407,0,0.000468,0.002532,0.483207,10.189546,1.528432,1.562500,0.000000,0.000000
84,10.331032,0.000000,0.999825,0.000000,0.000000,1.000000,0.918522,0,0.000314,0.002176,0.449964,10.095933,1.514390,1.562500,0.000000,0.000000
85,10.576997,0.000000,1.000025,0.000000,0.000000,1.000000,0.920503,0,0.000342,0.002540,0.422013,10.352199,1.552830,1.562500,0.000000,0.000000
86,10.382944,0.000000,1.000201,0.000000,0.000000,1.000000,0.922339,0,0.000482,0.002693,0.399146,10.158141,1.523721,1.562500,0.000000,0.000000
87,10.503727,0.000000,1.000555,0.000000,0.000000,1.000000,0.924024,0,0.000505,0.002452,0.380985,10.278927,1.541839,1.562500,0.000000,0.000000
88,10.312564,0.000000,1.000586,0.000000,0.000000,1.000000,0.925370,0,0.000460,0.003013,0.367156,10.087768,1.513165,1.562500,0.000000,0.000000
89,10.336543,0.000000,1.000441,0.000000,0.000000,1.000000,0.926598,0,0.000357,0.002382,0.355548,10.111744,1.516762,1.562500,0.000000,0.000000
90,10.164318,0.003746,1.000366,0.000000,0.000000,1.000000,0.772485,1,0.000413,0.002533,5.206965,10.039195,1.505879,1.562500,0.000000,0.000000
91,10.043756,0.003512,1.000433,0.000000,0.000000,1.000000,0.783208,1,0.000278,0.002295,4.675518,9.931138,1.489671,1.562500,0.000000,0.000000
92,10.367478,0.004457,1.000513,0.000000,0.000000,1.000000,0.793760,1,0.000277,0.002477,4.199589,10.266040,1.539906,1.562500,0.000000,0.000000
93,10.232672,0.003721,1.000592,0.000000,0.000000,1.000000,0.804195,1,0.000250,0.002631,3.770674,10.141327,1.521199,1.562500,0.000000,0.000000
94,10.124099,0.003456,1.000672,0.000000,0.000000,1.000000,0.814448,1,0.000245,0.002526,3.384537,10.041882,1.506282,1.562500,0.000000,0.000000
95,10.474941,0.003272,1.000732,0.000000,0.000000,1.000000,0.823972,1,0.000211,0.002559,3.037045,10.400924,1.560139,1.562500,0.000000,0.000000
96,10.208881,0.003589,1.000815,0.000000,0.000000,1.000000,0.833391,1,0.000303,0.002681,2.727954,10.142157,1.521323,1.562500,0.000000,0.000000
97,10.334789,0.003582,1.000908,0.000000,0.000000,1.000000,0.842558,1,0.000342,0.002710,2.449024,10.274670,1.541201,1.562500,0.000000,0.000000
98,10.270122,0.003571,1.000986,0.000000,0.000000,1.000000,0.851009,1,0.000327,0.002632,2.195952,10.205899,1.530885,1.562500,0.000000,0.000000
99,10.261984,0.003604,1.001040,0.000000,0.000000,1.000000,0.858067,1,0.000409,0.002728,1.968608,10.203160,1.530474,1.562500,0.000000,0.000000
100,10.050738,0.003529,1.001102,0.000000,0.000000,1.000000,0.864974,1,0.000500,0.002742,1.767224,9.996713,1.499507,1.562500,0.000000,0.000000
101,10.015017,0.003524,1.001182,0.000000,0.000000,1.000000,0.871297,1,0.000225,0.003256,1.587499,9.965297,1.494795,1.562500,0.000000,0.000000
102,10.370054,0.004090,1.001243,0.000000,0.000000,1.000000,0.877391,1,0.000213,0.002678,1.425349,10.314119,1.547118,1.562500,0.000000,0.000000
103,10.318484,0.003706,1.001334,0.000000,0.000000,1.000000,0.882058,1,0.000212,0.002555,1.280444,10.229356,1.534403,1.562500,0.000000,0.000000
104,10.122202,0.003384,1.001346,0.000000,0.000000,1.000000,0.887178,1,0.000230,0.002547,1.149159,10.019481,1.502922,1.562500,0.000000,0.000000
105,10.428153,0.003536,1.001455,0.000000,0.000000,1.000000,0.891357,1,0.000221,0.003464,1.035197,10.297329,1.544599,1.562500,0.000000,0.000000
106,10.265297,0.003247,1.001480,0.000000,0.000000,1.000000,0.895585,1,0.000209,0.002856,0.930711,10.122779,1.518417,1.562500,0.000000,0.000000
107,10.346110,0.000000,0.997913,0.000000,0.000000,1.000000,0.899418,0,0.000569,0.002565,0.839643,10.179109,1.526866,1.562500,0.000000,0.000000
108,10.238142,0.000000,0.998251,0.000000,0.000000,1.000000,0.902624,0,0.000323,0.002369,0.757833,10.048739,1.507311,1.562500,0.000000,0.000000
109,10.354869,0.000000,0.998577,0.000000,0.000000,1.000000,0.905872,0,0.000157,0.002850,0.685649,10.144574,1.521686,1.562500,0.000000,0.000000
110,10.174842,0.000000,0.998882,0.000000,0.000000,1.000000,0.908991,0,0.000356,0.002352,0.623041,9.966242,1.494936,1.562500,0.000000,0.000000
111,10.198341,0.000000,0.999145,0.000000,0.000000,1.000000,0.911623,0,0.000328,0.002582,0.569596,9.969841,1.495476,1.562500,0.000000,0.000000
112,10.452097,0.000000,0.999409,0.000000,0.000000,1.000000,0.914264,0,0.000268,0.002277,0.522017,10.214697,1.532205,1.562500,0.000000,0.000000
113,10.368780,0.000000,0.999636,0.000000,0.000000,1.000000,0.916407,0,0.000209,0.002788,0.483207,10.132579,1.519887,1.562500,0.000000,0.000000
114,10.247674,0.000000,0.999825,0.000000,0.000000,1.000000,0.918522,0,0.000349,0.002469,0.449964,10.012582,1.501887,1.562500,0.000000,0.000000
115,10.531256,0.000000,1.000025,0.000000,0.000000,1.000000,0.920503,0,0.000228,0.002604,0.422013,10.306457,1.545969,1.562500,0.000000,0.000000
116,10.364109,0.000000,1.000201,0.000000,0.000000,1.000000,0.922339,0,0.000342,0.002563,0.399146,10.139309,1.520896,1.562500,0.000000,0.000000
117,10.484368,0.000000,1.000555,0.000000,0.000000,1.000000,0.924024,0,0.000514,0.002394,0.380985,10.259558,1.538934,1.562500,0.000000,0.000000
118,10.338337,0.000000,1.000586,0.000000,0.000000,1.000000,0.925370,0,0.000426,0.002527,0.367156,10.113537,1.517030,1.562500,0.000000,0.000000
119,10.375215,0.000000,1.000441,0.000000,0.000000,1.000000,0.926598,0,0.000366,0.002604,0.355548,10.150412,1.522562,1.562500,0.000000,0.000000
120,10.076961,0.003887,1.000366,0.000000,0.000000,1.000000,0.772485,1,0.000375,0.002770,5.206965,9.951833,1.492775,1.562500,0.000000,0.000000
121,10.012820,0.010899,1.000433,0.000000,0.000000,1.000000,0.783208,1,0.000249,0.002771,4.675518,9.900054,1.485008,1.562500,0.000000,0.000000
122,10.376206,0.003780,1.000513,0.000000,0.000000,1.000000,0.793760,1,0.000243,0.002245,4.199589,10.274781,1.541217,1.562500,0.000000,0.000000
123,10.255349,0.003535,1.000592,0.000000,0.000000,1.000000,0.804195,1,0.000406,0.002549,3.770674,10.164026,1.524604,1.562500,0.000000,0.000000
124,10.265240,0.003865,1.000672,0.000000,0.000000,1.000000,0.814448,1,0.000282,0.002391,3.384537,10.183005,1.527451,1.562500,0.000000,0.000000
125,10.494795,0.003973,1.000732,0.000000,0.000000,1.000000,0.823972,1,0.000344,0.002835,3.037045,10.420764,1.563115,1.562500,0.000000,0.000000
126,10.294213,0.003682,1.000815,0.000000,0.000000,1.000000,0.833391,1,0.000223,0.002024,2.727954,10.227489,1.534123,1.562500,0.000000,0.000000
127,10.203755,0.003497,1.000908,0.000000,0.000000,1.000000,0.842558,1,0.000369,0.002505,2.449024,10.143636,1.521545,1.562500,0.000000,0.000000
128,10.129235,0.003793,1.000986,0.000000,0.000000,1.000000,0.851009,1,0.000200,0.002568,2.195952,10.065011,1.509752,1.562500,0.000000,0.000000
129,10.095835,0.003392,1.001040,0.000000,0.000000,1.000000,0.858067,1,0.000134,0.002560,1.968608,10.037016,1.505552,1.562500,0.000000,0.000000
130,10.035136,0.003695,1.001102,0.000000,0.000000,1.000000,0.864974,1,0.000214,0.002701,1.767224,9.981110,1.497166,1.562500,0.000000,0.000000
131,9.967258,0.003016,1.001182,0.000000,0.000000,1.000000,0.871297,1,0.000198,0.002586,1.587499,9.917544,1.487632,1.562500,0.000000,0.000000
132,10.281076,0.003516,1.001243,0.000000,0.000000,1.000000,0.877391,1,0.000194,0.002664,1.425349,10.225157,1.533774,1.562500,0.000000,0.000000
133,10.136439,0.003343,1.001334,0.000000,0.000000,1.000000,0.882058,1,0.000208,0.002615,1.280444,10.047315,1.507097,1.562500,0.000000,0.000000
134,10.155199,0.003262,1.001346,0.000000,0.000000,1.000000,0.887178,1,0.000212,0.002217,1.149159,10.052485,1.507873,1.562500,0.000000,0.000000
135,10.365029,0.003392,1.001455,0.000000,0.000000,1.000000,0.891357,1,0.000215,0.002471,1.035197,10.234215,1.535132,1.562500,0.000000,0.000000
136,10.307056,0.003524,1.001480,0.000000,0.000000,1.000000,0.895585,1,0.000331,0.002844,0.930711,10.164535,1.524680,1.562500,0.000000,0.000000
137,10.312691,0.000000,0.997913,0.000000,0.000000,1.000000,0.899418,0,0.000229,0.002205,0.839643,10.145693,1.521854,1.562500,0.000000,0.000000
138,10.273295,0.000000,0.998251,0.000000,0.000000,1.000000,0.902624,0,0.000324,0.002715,0.757833,10.083900,1.512585,1.562500,0.000000,0.000000
139,10.232260,0.000000,0.998577,0.000000,0.000000,1.000000,0.905872,0,0.000343,0.002019,0.685649,10.021962,1.503294,1.562500,0.000000,0.000000
140,10.135746,0.000000,0.998882,0.000000,0.000000,1.000000,0.908991,0,0.000501,0.002708,0.623041,9.927146,1.489072,1.562500,0.000000,0.000000
141,10.113382,0.000000,0.999145,0.000000,0.000000,1.000000,0.911623,0,0.000355,0.002530,0.569596,9.884882,1.482732,1.562500,0.000000,0.000000
142,10.444958,0.000000,0.999409,0.000000,0.000000,1.000000,0.914264,0,0.000245,0.002228,0.522017,10.207557,1.531134,1.562500,0.000000,0.000000
143,10.270593,0.000000,0.999636,0.000000,0.000000,1.000000,0.916407,0,0.000310,0.002556,0.483207,10.034388,1.505158,1.562500,0.000000,0.000000
144,10.200489,0.000000,0.999825,0.000000,0.000000,1.000000,0.918522,0,0.000228,0.002628,0.449964,9.965393,1.494809,1.562500,0.000000,0.000000
145,10.452198,0.000000,1.000025,0.000000,0.000000,1.000000,0.920503,0,0.000399,0.002358,0.422013,10.227400,1.534110,1.562500,0.000000,0.000000
146,10.329411,0.000000,1.000201,0.000000,0.000000,1.000000,0.922339,0,0.000356,0.002849,0.399146,10.104612,1.515692,1.562500,0.000000,0.000000
147,10.356178,0.000000,1.000555,0.000000,0.000000,1.000000,0.924024,0,0.000379,0.002344,0.380985,10.131375,1.519706,1.562500,0.000000,0.000000
148,10.286232,0.000000,1.000586,0.000000,0.000000,1.000000,0.925370,0,0.000432,0.002595,0.367156,10.061431,1.509215,1.562500,0.000000,0.000000
149,10.214520,0.000000,1.000441,0.000000,0.000000,1.000000,0.926598,0,0.000219,0.002527,0.355548,9.989720,1.498458,1.562500,0.000000,0.000000
150,10.054909,0.003644,1.000366,0.000000,0.000000,1.000000,0.772485,1,0.000370,0.002478,5.206965,9.929785,1.489468,1.562500,0.000000,0.000000
151,9.978370,0.003715,1.000433,0.000000,0.000000,1.000000,0.783208,1,0.000134,0.002512,4.675518,9.865748,1.479862,1.562500,0.000000,0.000000
152,10.297197,0.003623,1.000513,0.000000,0.000000,1.000000,0.793760,1,0.000194,0.002456,4.199589,10.195776,1.529366,1.562500,0.000000,0.000000
153,10.242705,0.003800,1.000592,0.000000,0.000000,1.000000,0.804195,1,0.000407,0.002199,3.770674,10.151380,1.522707,1.562500,0.000000,0.000000
154,10.060356,0.003723,1.000672,0.000000,0.000000,1.000000,0.814448,1,0.000217,0.002963,3.384537,9.978133,1.496720,1.562500,0.000000,0.000000
155,10.347504,0.003270,1.000732,0.000000,0.000000,1.000000,0.823972,1,0.000196,0.002236,3.037045,10.273491,1.541024,1.562500,0.000000,0.000000
156,10.203577,0.003426,1.000815,0.000000,0.000000,1.000000,0.833391,1,0.000239,0.002068,2.727954,10.136864,1.520530,1.562500,0.000000,0.000000
157,10.269076,0.003153,1.000908,0.000000,0.000000,1.000000,0.842558,1,0.000140,0.002066,2.449024,10.208967,1.531345,1.562500,0.000000,0.000000
158,10.070418,0.003463,1.000986,0.000000,0.000000,1.000000,0.851009,1,0.000262,0.002292,2.195952,10.006196,1.500929,1.562500,0.000000,0.000000
159,10.067881,0.003154,1.001040,0.000000,0.000000,1.000000,0.858067,1,0.000180,0.002382,1.968608,10.009072,1.501361,1.562500,0.000000,0.000000
160,9.975454,0.003497,1.001102,0.000000,0.000000,1.000000,0.864974,1,0.000217,0.002242,1.767224,9.921434,1.488215,1.562500,0.000000,0.000000
161,9.963290,0.003625,1.001182,0.000000,0.000000,1.000000,0.871297,1,0.000185,0.003068,1.587499,9.913569,1.487035,1.562500,0.000000,0.000000
162,10.226390,0.003580,1.001243,0.000000,0.000000,1.000000,0.877391,1,0.000213,0.002387,1.425349,10.170473,1.525571,1.562500,0.000000,0.000000
163,10.119040,0.002967,1.001334,0.000000,0.000000,1.000000,0.882058,1,0.000208,0.002409,1.280444,10.029935,1.504490,1.562500,0.000000,0.000000
164,10.040984,0.003230,1.001346,0.000000,0.000000,1.000000,0.887178,1,0.000196,0.002516,1.149159,9.938272,1.490741,1.562500,0.000000,0.000000
165,10.397274,0.003583,1.001455,0.000000,0.000000,1.000000,0.891357,1,0.000346,0.002359,1.035197,10.266453,1.539968,1.562500,0.000000,0.000000
166,10.213105,0.003447,1.001480,0.000000,0.000000,1.000000,0.895585,1,0.000485,0.002032,0.930711,10.070588,1.510588,1.562500,0.000000,0.000000
167,10.316002,0.000000,0.997913,0.000000,0.000000,1.000000,0.899418,0,0.000271,0.002300,0.839643,10.149004,1.522351,1.562500,0.000000,0.000000
168,10.206862,0.000000,0.998251,0.000000,0.000000,1.000000,0.902624,0,0.000281,0.002594,0.757833,10.017462,1.502619,1.562500,0.000000,0.000000
169,10.233345,0.000000,0.998577,0.000000,0.000000,1.000000,0.905872,0,0.000330,0.002200,0.685649,10.023035,1.503455,1.562500,0.000000,0.000000
170,10.184407,0.000000,0.998882,0.000000,0.000000,1.000000,0.908991,0,0.000373,0.002034,0.623041,9.975804,1.496371,1.562500,0.000000,0.000000
171,10.134121,0.000000,0.999145,0.000000,0.000000,1.000000,0.911623,0,0.000280,0.001983,0.569596,9.905624,1.485844,1.562500,0.000000,0.000000
172,10.402164,0.000000,0.999409,0.000000,0.000000,1.000000,0.914264,0,0.000349,0.002100,0.522017,10.164766,1.524715,1.562500,0.000000,0.000000
173,10.269827,0.000000,0.999636,0.000000,0.000000,1.000000,0.916407,0,0.000620,0.002548,0.483207,10.033627,1.505044,1.562500,0.000000,0.000000
174,10.173217,0.000000,0.999825,0.000000,0.000000,1.000000,0.918522,0,0.000233,0.002076,0.449964,9.938118,1.490718,1.562500,0.000000,0.000000
175,10.491641,0.000000,1.000025,0.000000,0.000000,1.000000,0.920503,0,0.000312,0.002550,0.422013,10.266841,1.540026,1.562500,0.000000,0.000000
176,10.317211,0.000000,1.000201,0.000000,0.000000,1.000000,0.922339,0,0.000307,0.002711,0.399146,10.092412,1.513862,1.562500,0.000000,0.000000
177,10.389562,0.000000,1.000555,0.000000,0.000000,1.000000,0.924024,0,0.000236,0.002116,0.380985,10.164763,1.524714,1.562500,0.000000,0.000000
178,10.260814,0.000000,1.000586,0.000000,0.000000,1.000000,0.925370,0,0.000365,0.002318,0.367156,10.036013,1.505402,1.562500,0.000000,0.000000
179,10.238823,0.000000,1.000441,0.000000,0.000000,1.000000,0.926598,0,0.000310,0.002380,0.355548,10.014021,1.502103,1.562500,0.000000,0.000000
180,10.015661,0.003704,1.000366,0.000000,0.000000,1.000000,0.772485,1,0.000220,0.001871,5.206965,9.890538,1.483581,1.562500,0.000000,0.000000
181,10.020841,0.003187,1.000433,0.000000,0.000000,1.000000,0.783208,1,0.000204,0.002588,4.675518,9.908229,1.486234,1.562500,0.000000,0.000000
182,10.408632,0.003546,1.000513,0.000000,0.000000,1.000000,0.793760,1,0.000350,0.002231,4.199589,10.307213,1.546082,1.562500,0.000000,0.000000
183,10.244187,0.003444,1.000592,0.000000,0.000000,1.000000,0.804195,1,0.000259,0.002571,3.770674,10.152866,1.522930,1.562500,0.000000,0.000000
184,10.050899,0.003245,1.000672,0.000000,0.000000,1.000000,0.814448,1,0.000248,0.002634,3.384537,9.968681,1.495302,1.562500,0.000000,0.000000
185,10.302589,0.003294,1.000732,0.000000,0.000000,1.000000,0.823972,1,0.000215,0.002339,3.037045,10.228576,1.534286,1.562500,0.000000,0.000000
186,10.168902,0.003460,1.000815,0.000000,0.000000,1.000000,0.833391,1,0.000200,0.002030,2.727954,10.102176,1.515326,1.562500,0.000000,0.000000
187,10.255110,0.003387,1.000908,0.000000,0.000000,1.000000,0.842558,1,0.000228,0.002173,2.449024,10.194990,1.529249,1.562500,0.000000,0.000000
188,10.100220,0.003198,1.000986,0.000000,0.000000,1.000000,0.851009,1,0.000194,0.002413,2.195952,10.036007,1.505401,1.562500,0.000000,0.000000
189,10.228320,0.003796,1.001040,0.000000,0.000000,1.000000,0.858067,1,0.000334,0.002555,1.968608,10.169491,1.525424,1.562500,0.000000,0.000000
190,9.972935,0.003515,1.001102,0.000000,0.000000,1.000000,0.864974,1,0.000251,0.002169,1.767224,9.918911,1.487837,1.562500,0.000000,0.000000
191,9.950459,0.003176,1.001182,0.000000,0.000000,1.000000,0.871297,1,0.000272,0.002178,1.587499,9.900739,1.485111,1.562500,0.000000,0.000000
192,10.280260,0.003070,1.001243,0.000000,0.000000,1.000000,0.877391,1,0.000251,0.002498,1.425349,10.224350,1.533653,1.562500,0.000000,0.000000
193,10.138991,0.002997,1.001334,0.000000,0.000000,1.000000,0.882058,1,0.000247,0.002276,1.280444,10.049876,1.507481,1.562500,0.000000,0.000000
194,10.047750,0.003160,1.001346,0.000000,0.000000,1.000000,0.887178,1,0.000419,0.002377,1.149159,9.945038,1.491756,1.562500,0.000000,0.000000
195,10.391972,0.003386,1.001455,0.000000,0.000000,1.000000,0.891357,1,0.000215,0.002428,1.035197,10.261156,1.539173,1.562500,0.000000,0.000000
196,10.217017,0.003251,1.001480,0.000000,0.000000,1.000000,0.895585,1,0.000247,0.002448,0.930711,10.074503,1.511175,1.562500,0.000000,0.000000
197,10.287135,0.000000,0.997913,0.000000,0.000000,1.000000,0.899418,0,0.000199,0.002516,0.839643,10.120134,1.518020,1.562500,0.000000,0.000000
198,10.229110,0.000000,0.998251,0.000000,0.000000,1.000000,0.902624,0,0.000304,0.002147,0.757833,10.039710,1.505956,1.562500,0.000000,0.000000
199,10.194919,0.000000,0.998577,0.000000,0.000000,1.000000,0.905872,0,0.000528,0.002352,0.685649,9.984620,1.497693,1.562500,0.000000,0.000000
200,10.131225,0.000000,0.998882,0.000000,0.000000,1.000000,0.908991,0,0.000326,0.002567,0.623041,9.922625,1.488394,1.562500,0.000000,0.000000
201,10.096567,0.000000,0.999145,0.000000,0.000000,1.000000,0.911623,0,0.000386,0.002143,0.569596,9.868064,1.480210,1.562500,0.000000,0.000000
202,10.409476,0.000000,0.999409,0.000000,0.000000,1.000000,0.914264,0,0.000326,0.002188,0.522017,10.172075,1.525811,1.562500,0.000000,0.000000
203,10.271305,0.000000,0.999636,0.000000,0.000000,1.000000,0.916407,0,0.000319,0.002321,0.483207,10.035103,1.505265,1.562500,0.000000,0.000000
204,10.191555,0.000000,0.999825,0.000000,0.000000,1.000000,0.918522,0,0.000312,0.002396,0.449964,9.956456,1.493468,1.562500,0.000000,0.000000
205,10.447155,0.000000,1.000025,0.000000,0.000000,1.000000,0.920503,0,0.000518,0.002505,0.422013,10.222355,1.533353,1.562500,0.000000,0.000000
206,10.376645,0.000000,1.000201,0.000000,0.000000,1.000000,0.922339,0,0.000328,0.002481,0.399146,10.151847,1.522777,1.562500,0.000000,0.000000
207,10.466012,0.000000,1.000555,0.000000,0.000000,1.000000,0.924024,0,0.000317,0.002425,0.380985,10.241214,1.536182,1.562500,0.000000,0.000000
208,10.273326,0.000000,1.000586,0.000000,0.000000,1.000000,0.925370,0,0.000560,0.002859,0.367156,10.048526,1.507279,1.562500,0.000000,0.000000
209,10.234306,0.000000,1.000441,0.000000,0.000000,1.000000,0.926598,0,0.000310,0.002583,0.355548,10.009506,1.501426,1.562500,0.000000,0.000000
210,10.054071,0.003623,1.000366,0.000000,0.000000,1.000000,0.772485,1,0.000404,0.002347,5.206965,9.928955,1.489343,1.562500,0.000000,0.000000
211,10.054735,0.003323,1.000433,0.000000,0.000000,1.000000,0.783208,1,0.000240,0.002662,4.675518,9.942124,1.491319,1.562500,0.000000,0.000000
212,10.322388,0.003567,1.000513,0.000000,0.000000,1.000000,0.793760,1,0.000198,0.002575,4.199589,10.220975,1.533146,1.562500,0.000000,0.000000
213,10.121604,0.003599,1.000592,0.000000,0.000000,1.000000,0.804195,1,0.000244,0.003711,3.770674,10.030287,1.504543,1.562500,0.000000,0.000000
214,10.040164,0.003529,1.000672,0.000000,0.000000,1.000000,0.814448,1,0.000194,0.002893,3.384537,9.957947,1.493692,1.562500,0.000000,0.000000
215,10.293501,0.003296,1.000732,0.000000,0.000000,1.000000,0.823972,1,0.000550,0.002447,3.037045,10.219485,1.532923,1.562500,0.000000,0.000000
216,10.235927,0.003208,1.000815,0.000000,0.000000,1.000000,0.833391,1,0.000603,0.002760,2.727954,10.169211,1.525382,1.562500,0.000000,0.000000
217,10.208034,0.003539,1.000908,0.000000,0.000000,1.000000,0.842558,1,0.000303,0.002089,2.449024,10.147917,1.522188,1.562500,0.000000,0.000000
218,10.126707,0.003311,1.000986,0.000000,0.000000,1.000000,0.851009,1,0.000255,0.002565,2.195952,10.062490,1.509374,1.562500,0.000000,0.000000
219,10.075005,0.003557,1.001040,0.000000,0.000000,1.000000,0.858067,1,0.000210,0.002373,1.968608,10.016182,1.502427,1.562500,0.000000,0.000000
220,9.980360,0.003245,1.001102,0.000000,0.000000,1.000000,0.864974,1,0.000241,0.002281,1.767224,9.926347,1.488952,1.562500,0.000000,0.000000
221,9.935854,0.003517,1.001182,0.000000,0.000000,1.000000,0.871297,1,0.000211,0.002663,1.587499,9.886134,1.482920,1.562500,0.000000,0.000000
222,10.251887,0.003492,1.001243,0.000000,0.000000,1.000000,0.877391,1,0.000213,0.002161,1.425349,10.195968,1.529395,1.562500,0.000000,0.000000
223,10.126499,0.003028,1.001334,0.000000,0.000000,1.000000,0.882058,1,0.000319,0.002113,1.280444,10.037390,1.505608,1.562500,0.000000,0.000000
224,10.089737,0.003386,1.001346,0.000000,0.000000,1.000000,0.887178,1,0.000362,0.002014,1.149159,9.987023,1.498053,1.562500,0.000000,0.000000
225,10.364696,0.003359,1.001455,0.000000,0.000000,1.000000,0.891357,1,0.000364,0.002493,1.035197,10.233881,1.535082,1.562500,0.000000,0.000000
226,10.275921,0.004064,1.001480,0.000000,0.000000,1.000000,0.895585,1,0.000217,0.002215,0.930711,10.133391,1.520009,1.562500,0.000000,0.000000
227,10.282645,0.000000,0.997913,0.000000,0.000000,1.000000,0.899418,0,0.000212,0.002241,0.839643,10.115646,1.517347,1.562500,0.000000,0.000000
228,10.254575,0.000000,0.998251,0.000000,0.000000,1.000000,0.902624,0,0.000215,0.002285,0.757833,10.065178,1.509777,1.562500,0.000000,0.000000
229,10.245195,0.000000,0.998577,0.000000,0.000000,1.000000,0.905872,0,0.000227,0.002704,0.685649,10.034897,1.505235,1.562500,0.000000,0.000000
230,10.137550,0.000000,0.998882,0.000000,0.000000,1.000000,0.908991,0,0.000226,0.002219,0.623041,9.928952,1.489343,1.562500,0.000000,0.000000
231,10.117159,0.000000,0.999145,0.000000,0.000000,1.000000,0.911623,0,0.000332,0.002788,0.569596,9.888662,1.483299,1.562500,0.000000,0.000000
232,10.404760,0.000000,0.999409,0.000000,0.000000,1.000000,0.914264,0,0.000225,0.002160,0.522017,10.167362,1.525104,1.562500,0.000000,0.000000
233,10.283637,0.000000,0.999636,0.000000,0.000000,1.000000,0.916407,0,0.000242,0.002508,0.483207,10.047439,1.507116,1.562500,0.000000,0.000000
234,10.189609,0.000000,0.999825,0.000000,0.000000,1.000000,0.918522,0,0.000318,0.002988,0.449964,9.954509,1.493176,1.562500,0.000000,0.000000
235,10.482172,0.000000,1.000025,0.000000,0.000000,1.000000,0.920503,0,0.000343,0.002582,0.422013,10.257373,1.538606,1.562500,0.000000,0.000000
236,10.357700,0.000000,1.000201,0.000000,0.000000,1.000000,0.922339,0,0.000632,0.002483,0.399146,10.132901,1.519935,1.562500,0.000000,0.000000
237,10.350198,0.000000,1.000555,0.000000,0.000000,1.000000,0.924024,0,0.000303,0.002490,0.380985,10.125398,1.518810,1.562500,0.000000,0.000000
238,10.234722,0.000000,1.000586,0.000000,0.000000,1.000000,0.925370,0,0.000458,0.002750,0.367156,10.009928,1.501489,1.562500,0.000000,0.000000
239,10.230738,0.000000,1.000441,0.000000,0.000000,1.000000,0.926598,0,0.000210,0.002569,0.355548,10.005941,1.500891,1.562500,0.000000,0.000000
240,10.059148,0.003610,1.000366,0.000000,0.000000,1.000000,0.772485,1,0.000410,0.002646,5.206965,9.934026,1.490104,1.562500,0.000000,0.000000
241,10.213732,0.003598,1.000433,0.000000,0.000000,1.000000,0.783208,1,0.000416,0.002276,4.675518,10.101111,1.515167,1.562500,0.000000,0.000000
242,10.308685,0.003506,1.000513,0.000000,0.000000,1.000000,0.793760,1,0.000270,0.002990,4.199589,10.207264,1.531090,1.562500,0.000000,0.000000
243,10.116078,0.003011,1.000592,0.000000,0.000000,1.000000,0.804195,1,0.000416,0.002247,3.770674,10.024770,1.503715,1.562500,0.000000,0.000000
244,10.036443,0.003662,1.000672,0.000000,0.000000,1.000000,0.814448,1,0.000592,0.002191,3.384537,9.954218,1.493133,1.562500,0.000000,0.000000
245,10.319764,0.003390,1.000732,0.000000,0.000000,1.000000,0.823972,1,0.000452,0.002674,3.037045,10.245754,1.536863,1.562500,0.000000,0.000000
246,10.156862,0.003250,1.000815,0.000000,0.000000,1.000000,0.833391,1,0.000237,0.002474,2.727954,10.090151,1.513523,1.562500,0.000000,0.000000
247,10.213200,0.003270,1.000908,0.000000,0.000000,1.000000,0.842558,1,0.000115,0.002291,2.449024,10.153086,1.522963,1.562500,0.000000,0.000000
248,10.089454,0.003417,1.000986,0.000000,0.000000,1.000000,0.851009,1,0.000164,0.002192,2.195952,10.025233,1.503785,1.562500,0.000000,0.000000
249,10.103554,0.003138,1.001040,0.000000,0.000000,1.000000,0.858067,1,0.000229,0.002588,1.968608,10.044742,1.506711,1.562500,0.000000,0.000000
250,9.942059,0.003347,1.001102,0.000000,0.000000,1.000000,0.864974,1,0.000341,0.002253,1.767224,9.888043,1.483206,1.562500,0.000000,0.000000
251,9.975976,0.003263,1.001182,0.000000,0.000000,1.000000,0.871297,1,0.000519,0.002280,1.587499,9.926264,1.488940,1.562500,0.000000,0.000000
252,10.218524,0.003520,1.001243,0.000000,0.000000,1.000000,0.877391,1,0.000494,0.001930,1.425349,10.162607,1.524391,1.562500,0.000000,0.000000
253,10.149807,0.003094,1.001334,0.000000,0.000000,1.000000,0.882058,1,0.000216,0.002370,1.280444,10.060698,1.509105,1.562500,0.000000,0.000000
254,10.052870,0.003432,1.001346,0.000000,0.000000,1.000000,0.887178,1,0.000452,0.002153,1.149159,9.950150,1.492522,1.562500,0.000000,0.000000
255,10.369730,0.003077,1.001455,0.000000,0.000000,1.000000,0.891357,1,0.000478,0.002804,1.035197,10.238918,1.535838,1.562500,0.000000,0.000000
256,10.238021,0.003091,1.001480,0.000000,0.000000,1.000000,0.895585,1,0.000478,0.002129,0.930711,10.095507,1.514326,1.562500,0.000000,0.000000
257,10.319721,0.000000,0.997913,0.000000,0.000000,1.000000,0.899418,0,0.000200,0.002565,0.839643,10.152715,1.522907,1.562500,0.000000,0.000000
258,10.197038,0.000000,0.998251,0.000000,0.000000,1.000000,0.902624,0,0.000214,0.002454,0.757833,10.007637,1.501146,1.562500,0.000000,0.000000
259,10.266775,0.000000,0.998577,0.000000,0.000000,1.000000,0.905872,0,0.000356,0.002092,0.685649,10.056476,1.508471,1.562500,0.000000,0.000000
260,10.117997,0.000000,0.998882,0.000000,0.000000,1.000000,0.908991,0,0.000212,0.002232,0.623041,9.909399,1.486410,1.562500,0.000000,0.000000
261,10.123055,0.000000,0.999145,0.000000,0.000000,1.000000,0.911623,0,0.000212,0.002553,0.569596,9.894557,1.484184,1.562500,0.000000,0.000000
262,10.414748,0.000000,0.999409,0.000000,0.000000,1.000000,0.914264,0,0.000287,0.002160,0.522017,10.177342,1.526601,1.562500,0.000000,0.000000
263,10.258318,0.000000,0.999636,0.000000,0.000000,1.000000,0.916407,0,0.000212,0.002153,0.483207,10.022119,1.503318,1.562500,0.000000,0.000000
264,10.167910,0.000000,0.999825,0.000000,0.000000,1.000000,0.918522,0,0.000193,0.002401,0.449964,9.932814,1.489922,1.562500,0.000000,0.000000
265,10.505674,0.000000,1.000025,0.000000,0.000000,1.000000,0.920503,0,0.000214,0.002540,0.422013,10.280875,1.542131,1.562500,0.000000,0.000000
266,10.303641,0.000000,1.000201,0.000000,0.000000,1.000000,0.922339,0,0.000195,0.002361,0.399146,10.078836,1.511825,1.562500,0.000000,0.000000
267,10.344616,0.000000,1.000555,0.000000,0.000000,1.000000,0.924024,0,0.000251,0.002186,0.380985,10.119817,1.517973,1.562500,0.000000,0.000000
268,10.254529,0.000000,1.000586,0.000000,0.000000,1.000000,0.925370,0,0.000318,0.002584,0.367156,10.029732,1.504460,1.562500,0.000000,0.000000
269,10.222326,0.000000,1.000441,0.000000,0.000000,1.000000,0.926598,0,0.000241,0.002389,0.355548,9.997526,1.499629,1.562500,0.000000,0.000000
270,10.087207,0.003556,1.000366,0.000000,0.000000,1.000000,0.772485,1,0.000308,0.002553,5.206965,9.962086,1.494313,1.562500,0.000000,0.000000
271,9.974159,0.003455,1.000433,0.000000,0.000000,1.000000,0.783208,1,0.000235,0.002469,4.675518,9.861546,1.479232,1.562500,0.000000,0.000000
272,10.282782,0.003346,1.000513,0.000000,0.000000,1.000000,0.793760,1,0.000210,0.002443,4.199589,10.181369,1.527205,1.562500,0.000000,0.000000
273,10.131641,0.003456,1.000592,0.000000,0.000000,1.000000,0.804195,1,0.000248,0.002362,3.770674,10.040329,1.506049,1.562500,0.000000,0.000000
274,10.049599,0.003897,1.000672,0.000000,0.000000,1.000000,0.814448,1,0.000312,0.002774,3.384537,9.967371,1.495106,1.562500,0.000000,0.000000
275,10.295224,0.003502,1.000732,0.000000,0.000000,1.000000,0.823972,1,0.000313,0.002410,3.037045,10.221206,1.533181,1.562500,0.000000,0.000000
276,10.194150,0.003116,1.000815,0.000000,0.000000,1.000000,0.833391,1,0.000219,0.002656,2.727954,10.127438,1.519116,1.562500,0.000000,0.000000
277,10.240205,0.003545,1.000908,0.000000,0.000000,1.000000,0.842558,1,0.000305,0.002687,2.449024,10.180076,1.527011,1.562500,0.000000,0.000000
278,10.110036,0.003694,1.000986,0.000000,0.000000,1.000000,0.851009,1,0.000211,0.002478,2.195952,10.045808,1.506871,1.562500,0.000000,0.000000
279,10.097281,0.003766,1.001040,0.000000,0.000000,1.000000,0.858067,1,0.000210,0.002263,1.968608,10.038454,1.505768,1.562500,0.000000,0.000000
280,9.991223,0.003540,1.001102,0.000000,0.000000,1.000000,0.864974,1,0.000209,0.002465,1.767224,9.937203,1.490581,1.562500,0.000000,0.000000
281,9.951860,0.003132,1.001182,0.000000,0.000000,1.000000,0.871297,1,0.000351,0.002096,1.587499,9.902150,1.485323,1.562500,0.000000,0.000000
282,10.271261,0.003316,1.001243,0.000000,0.000000,1.000000,0.877391,1,0.000217,0.002727,1.425349,10.215344,1.532302,1.562500,0.000000,0.000000
283,10.177178,0.003542,1.001334,0.000000,0.000000,1.000000,0.882058,1,0.000217,0.002084,1.280444,10.088058,1.513209,1.562500,0.000000,0.000000
284,10.094343,0.003516,1.001346,0.000000,0.000000,1.000000,0.887178,1,0.000308,0.002424,1.149159,9.991626,1.498744,1.562500,0.000000,0.000000
285,10.394414,0.003306,1.001455,0.000000,0.000000,1.000000,0.891357,1,0.000340,0.002293,1.035197,10.263599,1.539540,1.562500,0.000000,0.000000
286,10.278980,0.003316,1.001480,0.000000,0.000000,1.000000,0.895585,1,0.000534,0.002434,0.930711,10.136393,1.520459,1.562500,0.000000,0.000000
287,10.285710,0.000000,0.997913,0.000000,0.000000,1.000000,0.899418,0,0.000371,0.002271,0.839643,10.118712,1.517807,1.562500,0.000000,0.000000
288,10.297402,0.000000,0.998251,0.000000,0.000000,1.000000,0.902624,0,0.000400,0.002608,0.757833,10.108004,1.516201,1.562500,0.000000,0.000000
289,10.214751,0.000000,0.998577,0.000000,0.000000,1.000000,0.905872,0,0.000318,0.002510,0.685649,10.004456,1.500668,1.562500,0.000000,0.000000
290,10.118089,0.000000,0.998882,0.000000,0.000000,1.000000,0.908991,0,0.000330,0.002396,0.623041,9.909491,1.486424,1.562500,0.000000,0.000000
291,10.098221,0.000000,0.999145,0.000000,0.000000,1.000000,0.911623,0,0.000283,0.002795,0.569596,9.869720,1.480458,1.562500,0.000000,0.000000
292,10.464254,0.000000,0.999409,0.000000,0.000000,1.000000,0.914264,0,0.000319,0.002410,0.522017,10.226855,1.534028,1.562500,0.000000,0.000000
293,10.280404,0.000000,0.999636,0.000000,0.000000,1.000000,0.916407,0,0.000518,0.002783,0.483207,10.044202,1.506630,1.562500,0.000000,0.000000
294,10.243639,0.000000,0.999825,0.000000,0.000000,1.000000,0.918522,0,0.000412,0.003100,0.449964,10.008538,1.501281,1.562500,0.000000,0.000000
295,10.476191,0.000000,1.000025,0.000000,0.000000,1.000000,0.920503,0,0.000227,0.002378,0.422013,10.251388,1.537708,1.562500,0.000000,0.000000
296,10.303866,0.000000,1.000201,0.000000,0.000000,1.000000,0.922339,0,0.000214,0.002392,0.399146,10.079069,1.511860,1.562500,0.000000,0.000000
297,10.353260,0.000000,1.000555,0.000000,0.000000,1.000000,0.924024,0,0.000315,0.002656,0.380985,10.128460,1.519269,1.562500,0.000000,0.000000
298,10.295399,0.000000,1.000586,0.000000,0.000000,1.000000,0.925370,0,0.000248,0.002259,0.367156,10.070595,1.510589,1.562500,0.000000,0.000000
299,10.368034,0.000000,1.000441,0.000000,0.000000,1.000000,0.926598,0,0.000258,0.002204,0.355548,10.143230,1.521485,1.562500,0.000000,0.000000
300,10.087835,0.003761,1.000366,0.000000,0.000000,1.000000,0.772485,1,0.000440,0.002654,5.206965,9.962711,1.494407,1.562500,0.000000,0.000000
301,10.073115,0.003461,1.000433,0.000000,0.000000,1.000000,0.783208,1,0.000136,0.002156,4.675518,9.960502,1.494075,1.562500,0.000000,0.000000
302,10.336430,0.004337,1.000513,0.000000,0.000000,1.000000,0.793760,1,0.000140,0.002120,4.199589,10.234991,1.535249,1.562500,0.000000,0.000000
303,10.219670,0.003784,1.000592,0.000000,0.000000,1.000000,0.804195,1,0.000210,0.001888,3.770674,10.128350,1.519252,1.562500,0.000000,0.000000
304,10.204195,0.003619,1.000672,0.000000,0.000000,1.000000,0.814448,1,0.000232,0.002023,3.384537,10.121975,1.518296,1.562500,0.000000,0.000000
305,10.517843,0.003488,1.000732,0.000000,0.000000,1.000000,0.823972,1,0.000604,0.002105,3.037045,10.443824,1.566574,1.562500,0.000000,0.000000
306,10.350590,0.004265,1.000815,0.000000,0.000000,1.000000,0.833391,1,0.000228,0.002062,2.727954,10.283851,1.542578,1.562500,0.000000,0.000000
307,10.388820,0.003719,1.000908,0.000000,0.000000,1.000000,0.842558,1,0.000195,0.002186,2.449024,10.328694,1.549304,1.562500,0.000000,0.000000
308,10.248140,0.003867,1.000986,0.000000,0.000000,1.000000,0.851009,1,0.000218,0.002042,2.195952,10.183915,1.527587,1.562500,0.000000,0.000000
309,10.270645,0.004055,1.001040,0.000000,0.000000,1.000000,0.858067,1,0.000199,0.002823,1.968608,10.211816,1.531772,1.562500,0.000000,0.000000
310,10.040334,0.003622,1.001102,0.000000,0.000000,1.000000,0.864974,1,0.000217,0.002512,1.767224,9.986314,1.497947,1.562500,0.000000,0.000000
311,10.127002,0.003736,1.001182,0.000000,0.000000,1.000000,0.871297,1,0.000216,0.002156,1.587499,10.077273,1.511591,1.562500,0.000000,0.000000
312,10.386595,0.003694,1.001243,0.000000,0.000000,1.000000,0.877391,1,0.000414,0.002198,1.425349,10.330672,1.549601,1.562500,0.000000,0.000000
313,10.394002,0.003956,1.001334,0.000000,0.000000,1.000000,0.882058,1,0.000332,0.002236,1.280444,10.304871,1.545731,1.562500,0.000000,0.000000
314,10.283749,0.003510,1.001346,0.000000,0.000000,1.000000,0.887178,1,0.000320,0.002230,1.149159,10.181028,1.527154,1.562500,0.000000,0.000000
315,10.516360,0.003390,1.001455,0.000000,0.000000,1.000000,0.891357,1,0.000529,0.002757,1.035197,10.385541,1.557831,1.562500,0.000000,0.000000
316,10.310356,0.003773,1.001480,0.000000,0.000000,1.000000,0.895585,1,0.000445,0.002184,0.930711,10.167826,1.525174,1.562500,0.000000,0.000000
317,10.411014,0.000000,0.997913,0.000000,0.000000,1.000000,0.899418,0,0.000420,0.002483,0.839643,10.244015,1.536602,1.562500,0.000000,0.000000
318,10.262879,0.000000,0.998251,0.000000,0.000000,1.000000,0.902624,0,0.000195,0.002149,0.757833,10.073482,1.511022,1.562500,0.000000,0.000000
319,10.296084,0.000000,0.998577,0.000000,0.000000,1.000000,0.905872,0,0.000278,0.002332,0.685649,10.085787,1.512868,1.562500,0.000000,0.000000
320,10.176468,0.000000,0.998882,0.000000,0.000000,1.000000,0.908991,0,0.000214,0.002033,0.623041,9.967868,1.495180,1.562500,0.000000,0.000000
321,10.145709,0.000000,0.999145,0.000000,0.000000,1.000000,0.911623,0,0.000214,0.002483,0.569596,9.917204,1.487581,1.562500,0.000000,0.000000
322,10.500353,0.000000,0.999409,0.000000,0.000000,1.000000,0.914264,0,0.000444,0.002335,0.522017,10.262955,1.539443,1.562500,0.000000,0.000000
323,10.429015,0.000000,0.999636,0.000000,0.000000,1.000000,0.916407,0,0.000333,0.002311,0.483207,10.192809,1.528921,1.562500,0.000000,0.000000
324,10.318156,0.000000,0.999825,0.000000,0.000000,1.000000,0.918522,0,0.000339,0.002687,0.449964,10.083060,1.512459,1.562500,0.000000,0.000000
325,10.576199,0.000000,1.000025,0.000000,0.000000,1.000000,0.920503,0,0.000274,0.002463,0.422013,10.351403,1.552710,1.562500,0.000000,0.000000
326,10.345768,0.000000,1.000201,0.000000,0.000000,1.000000,0.922339,0,0.000323,0.002353,0.399146,10.120817,1.518123,1.562500,0.000000,0.000000
327,10.367909,0.000000,1.000555,0.000000,0.000000,1.000000,0.924024,0,0.000327,0.002172,0.380985,10.143108,1.521466,1.562500,0.000000,0.000000
328,10.377608,0.000000,1.000586,0.000000,0.000000,1.000000,0.925370,0,0.000213,0.002302,0.367156,10.152800,1.522920,1.562500,0.000000,0.000000
329,10.291223,0.000000,1.000441,0.000000,0.000000,1.000000,0.926598,0,0.000349,0.002616,0.355548,10.066419,1.509963,1.562500,0.000000,0.000000
330,10.061204,0.003763,1.000366,0.000000,0.000000,1.000000,0.772485,1,0.000240,0.002856,5.206965,9.936076,1.490411,1.562500,0.000000,0.000000
331,10.010057,0.003462,1.000433,0.000000,0.000000,1.000000,0.783208,1,0.000229,0.002213,4.675518,9.897440,1.484616,1.562500,0.000000,0.000000
332,10.311227,0.003366,1.000513,0.000000,0.000000,1.000000,0.793760,1,0.000221,0.002027,4.199589,10.209808,1.531471,1.562500,0.000000,0.000000
333,10.163229,0.003227,1.000592,0.000000,0.000000,1.000000,0.804195,1,0.000261,0.002154,3.770674,10.071919,1.510788,1.562500,0.000000,0.000000
334,10.099056,0.003147,1.000672,0.000000,0.000000,1.000000,0.814448,1,0.000233,0.002490,3.384537,10.016845,1.502527,1.562500,0.000000,0.000000
335,10.355755,0.003152,1.000732,0.000000,0.000000,1.000000,0.823972,1,0.000118,0.002624,3.037045,10.281743,1.542261,1.562500,0.000000,0.000000
336,10.170593,0.003230,1.000815,0.000000,0.000000,1.000000,0.833391,1,0.000146,0.002364,2.727954,10.103884,1.515583,1.562500,0.000000,0.000000
337,10.217637,0.003338,1.000908,0.000000,0.000000,1.000000,0.842558,1,0.000234,0.002202,2.449024,10.157522,1.523628,1.562500,0.000000,0.000000
338,10.141061,0.003672,1.000986,0.000000,0.000000,1.000000,0.851009,1,0.000387,0.002071,2.195952,10.076838,1.511526,1.562500,0.000000,0.000000
339,10.163679,0.003468,1.001040,0.000000,0.000000,1.000000,0.858067,1,0.000363,0.001852,1.968608,10.104861,1.515729,1.562500,0.000000,0.000000
340,10.017283,0.003733,1.001102,0.000000,0.000000,1.000000,0.864974,1,0.000223,0.002114,1.767224,9.963259,1.494489,1.562500,0.000000,0.000000
341,10.000152,0.003350,1.001182,0.000000,0.000000,1.000000,0.871297,1,0.000199,0.002112,1.587499,9.950437,1.492566,1.562500,0.000000,0.000000
342,10.266859,0.003592,1.001243,0.000000,0.000000,1.000000,0.877391,1,0.000264,0.001961,1.425349,10.210941,1.531641,1.562500,0.000000,0.000000
343,10.159708,0.003451,1.001334,0.000000,0.000000,1.000000,0.882058,1,0.000248,0.002588,1.280444,10.070591,1.510589,1.562500,0.000000,0.000000
344,10.094221,0.003489,1.001346,0.000000,0.000000,1.000000,0.887178,1,0.000350,0.002164,1.149159,9.991503,1.498725,1.562500,0.000000,0.000000
345,10.383334,0.003299,1.001455,0.000000,0.000000,1.000000,0.891357,1,0.000334,0.002157,1.035197,10.252517,1.537878,1.562500,0.000000,0.000000
346,10.281376,0.003456,1.001480,0.000000,0.000000,1.000000,0.895585,1,0.000226,0.002111,0.930711,10.138856,1.520828,1.562500,0.000000,0.000000
347,10.321135,0.000000,0.997913,0.000000,0.000000,1.000000,0.899418,0,0.000352,0.002270,0.839643,10.154134,1.523120,1.562500,0.000000,0.000000
348,10.224779,0.000000,0.998251,0.000000,0.000000,1.000000,0.902624,0,0.000446,0.002285,0.757833,10.035380,1.505307,1.562500,0.000000,0.000000
349,10.254379,0.000000,0.998577,0.000000,0.000000,1.000000,0.905872,0,0.000232,0.002115,0.685649,10.044073,1.506611,1.562500,0.000000,0.000000
350,10.191892,0.000000,0.998882,0.000000,0.000000,1.000000,0.908991,0,0.000346,0.002451,0.623041,9.983292,1.497494,1.562500,0.000000,0.000000
351,10.172484,0.000000,0.999145,0.000000,0.000000,1.000000,0.911623,0,0.000384,0.002071,0.569596,9.943982,1.491597,1.562500,0.000000,0.000000
352,10.498888,0.000000,0.999409,0.000000,0.000000,1.000000,0.914264,0,0.000239,0.002250,0.522017,10.261487,1.539223,1.562500,0.000000,0.000000
353,10.320546,0.000000,0.999636,0.000000,0.000000,1.000000,0.916407,0,0.000215,0.002397,0.483207,10.084345,1.512652,1.562500,0.000000,0.000000
354,10.261664,0.000000,0.999825,0.000000,0.000000,1.000000,0.918522,0,0.000205,0.002553,0.449964,10.026563,1.503984,1.562500,0.000000,0.000000
355,10.469417,0.000000,1.000025,0.000000,0.000000,1.000000,0.920503,0,0.000238,0.002604,0.422013,10.244617,1.536693,1.562500,0.000000,0.000000
356,10.323309,0.000000,1.000201,0.000000,0.000000,1.000000,0.922339,0,0.000252,0.002045,0.399146,10.098504,1.514776,1.562500,0.000000,0.000000
357,10.526189,0.000000,1.000555,0.000000,0.000000,1.000000,0.924024,0,0.000218,0.002227,0.380985,10.301390,1.545209,1.562500,0.000000,0.000000
358,10.360733,0.000000,1.000586,0.000000,0.000000,1.000000,0.925370,0,0.000329,0.002386,0.367156,10.135931,1.520390,1.562500,0.000000,0.000000
359,10.267115,0.000000,1.000441,0.000000,0.000000,1.000000,0.926598,0,0.000245,0.002335,0.355548,10.042312,1.506347,1.562500,0.000000,0.000000
360,10.042557,0.003953,1.000366,0.000000,0.000000,1.000000,0.772485,1,0.000259,0.002285,5.206965,9.917427,1.487614,1.562500,0.000000,0.000000
361,10.029524,0.003858,1.000433,0.000000,0.000000,1.000000,0.783208,1,0.000156,0.002308,4.675518,9.916897,1.487535,1.562500,0.000000,0.000000
362,10.299834,0.003308,1.000513,0.000000,0.000000,1.000000,0.793760,1,0.000200,0.002375,4.199589,10.198419,1.529763,1.562500,0.000000,0.000000
363,10.156101,0.003726,1.000592,0.000000,0.000000,1.000000,0.804195,1,0.000275,0.002334,3.770674,10.064774,1.509716,1.562500,0.000000,0.000000
364,10.086821,0.003661,1.000672,0.000000,0.000000,1.000000,0.814448,1,0.000395,0.002259,3.384537,10.004602,1.500690,1.562500,0.000000,0.000000
365,10.337273,0.003203,1.000732,0.000000,0.000000,1.000000,0.823972,1,0.000194,0.002367,3.037045,10.263261,1.539489,1.562500,0.000000,0.000000
366,10.194896,0.003209,1.000815,0.000000,0.000000,1.000000,0.833391,1,0.000237,0.002415,2.727954,10.128184,1.519228,1.562500,0.000000,0.000000
367,10.314920,0.003452,1.000908,0.000000,0.000000,1.000000,0.842558,1,0.000198,0.002702,2.449024,10.254803,1.538221,1.562500,0.000000,0.000000
368,10.138057,0.003427,1.000986,0.000000,0.000000,1.000000,0.851009,1,0.000229,0.002157,2.195952,10.073837,1.511076,1.562500,0.000000,0.000000
369,10.122457,0.003197,1.001040,0.000000,0.000000,1.000000,0.858067,1,0.000287,0.002292,1.968608,10.063644,1.509547,1.562500,0.000000,0.000000
370,9.983882,0.003023,1.001102,0.000000,0.000000,1.000000,0.864974,1,0.000235,0.002767,1.767224,9.929874,1.489481,1.562500,0.000000,0.000000
371,9.959041,0.003374,1.001182,0.000000,0.000000,1.000000,0.871297,1,0.000390,0.002120,1.587499,9.909326,1.486399,1.562500,0.000000,0.000000
372,10.277012,0.004012,1.001243,0.000000,0.000000,1.000000,0.877391,1,0.000360,0.002423,1.425349,10.221082,1.533162,1.562500,0.000000,0.000000
373,10.178246,0.003491,1.001334,0.000000,0.000000,1.000000,0.882058,1,0.000214,0.002808,1.280444,10.089121,1.513368,1.562500,0.000000,0.000000
374,10.064742,0.003497,1.001346,0.000000,0.000000,1.000000,0.887178,1,0.000368,0.002156,1.149159,9.962024,1.494304,1.562500,0.000000,0.000000
375,10.409690,0.003668,1.001455,0.000000,0.000000,1.000000,0.891357,1,0.000305,0.002410,1.035197,10.278867,1.541830,1.562500,0.000000,0.000000
376,10.243314,0.003367,1.001480,0.000000,0.000000,1.000000,0.895585,1,0.000344,0.001834,0.930711,10.100798,1.515120,1.562500,0.000000,0.000000
377,10.283571,0.000000,0.997913,0.000000,0.000000,1.000000,0.899418,0,0.000205,0.002490,0.839643,10.116574,1.517486,1.562500,0.000000,0.000000
378,10.209309,0.000000,0.998251,0.000000,0.000000,1.000000,0.902624,0,0.000333,0.002389,0.757833,10.019907,1.502986,1.562500,0.000000,0.000000
379,10.226614,0.000000,0.998577,0.000000,0.000000,1.000000,0.905872,0,0.000303,0.002668,0.685649,10.016312,1.502447,1.562500,0.000000,0.000000
380,10.124668,0.000000,0.998882,0.000000,0.000000,1.000000,0.908991,0,0.000197,0.002052,0.623041,9.916073,1.487411,1.562500,0.000000,0.000000
381,10.137078,0.000000,0.999145,0.000000,0.000000,1.000000,0.911623,0,0.000234,0.002187,0.569596,9.908577,1.486287,1.562500,0.000000,0.000000
382,10.404423,0.000000,0.999409,0.000000,0.000000,1.000000,0.914264,0,0.000426,0.001940,0.522017,10.167025,1.525054,1.562500,0.000000,0.000000
383,10.266063,0.000000,0.999636,0.000000,0.000000,1.000000,0.916407,0,0.000323,0.002464,0.483207,10.029863,1.504480,1.562500,0.000000,0.000000
384,10.194749,0.000000,0.999825,0.000000,0.000000,1.000000,0.918522,0,0.000451,0.002223,0.449964,9.959648,1.493947,1.562500,0.000000,0.000000
385,10.495743,0.000000,1.000025,0.000000,0.000000,1.000000,0.920503,0,0.000311,0.002676,0.422013,10.270947,1.540642,1.562500,0.000000,0.000000
386,10.379057,0.000000,1.000201,0.000000,0.000000,1.000000,0.922339,0,0.000270,0.002426,0.399146,10.154257,1.523139,1.562500,0.000000,0.000000
387,10.385918,0.000000,1.000555,0.000000,0.000000,1.000000,0.924024,0,0.000426,0.002993,0.380985,10.161117,1.524167,1.562500,0.000000,0.000000
388,10.292325,0.000000,1.000586,0.000000,0.000000,1.000000,0.925370,0,0.000650,0.002572,0.367156,10.067529,1.510129,1.562500,0.000000,0.000000
389,10.221762,0.000000,1.000441,0.000000,0.000000,1.000000,0.926598,0,0.000558,0.002435,0.355548,9.996966,1.499545,1.562500,0.000000,0.000000
390,10.062893,0.004189,1.000366,0.000000,0.000000,1.000000,0.772485,1,0.000327,0.002595,5.206965,9.937759,1.490664,1.562500,0.000000,0.000000
391,9.989480,0.003403,1.000433,0.000000,0.000000,1.000000,0.783208,1,0.000361,0.002467,4.675518,9.876866,1.481530,1.562500,0.000000,0.000000
392,10.292886,0.003369,1.000513,0.000000,0.000000,1.000000,0.793760,1,0.000147,0.002714,4.199589,10.191471,1.528721,1.562500,0.000000,0.000000
393,10.185227,0.003249,1.000592,0.000000,0.000000,1.000000,0.804195,1,0.000138,0.002400,3.770674,10.093914,1.514087,1.562500,0.000000,0.000000
394,10.108086,0.003829,1.000672,0.000000,0.000000,1.000000,0.814448,1,0.000196,0.002758,3.384537,10.025858,1.503879,1.562500,0.000000,0.000000
395,10.339825,0.003437,1.000732,0.000000,0.000000,1.000000,0.823972,1,0.000195,0.002420,3.037045,10.265812,1.539872,1.562500,0.000000,0.000000
396,10.232633,0.003477,1.000815,0.000000,0.000000,1.000000,0.833391,1,0.000212,0.002230,2.727954,10.165914,1.524887,1.562500,0.000000,0.000000
397,10.258269,0.002840,1.000908,0.000000,0.000000,1.000000,0.842558,1,0.000223,0.002432,2.449024,10.198171,1.529726,1.562500,0.000000,0.000000
398,10.135639,0.003349,1.000986,0.000000,0.000000,1.000000,0.851009,1,0.000231,0.002376,2.195952,10.071424,1.510714,1.562500,0.000000,0.000000
399,10.065568,0.003515,1.001040,0.000000,0.000000,1.000000,0.858067,1,0.000341,0.002244,1.968608,10.006748,1.501012,1.562500,0.000000,0.000000
400,10.024395,0.003596,1.001102,0.000000,0.000000,1.000000,0.864974,1,0.000213,0.002523,1.767224,9.970376,1.495556,1.562500,0.000000,0.000000
401,9.929393,0.003394,1.001182,0.000000,0.000000,1.000000,0.871297,1,0.000283,0.002279,1.587499,9.879677,1.481952,1.562500,0.000000,0.000000
402,10.258394,0.003464,1.001243,0.000000,0.000000,1.000000,0.877391,1,0.000215,0.002257,1.425349,10.202472,1.530371,1.562500,0.000000,0.000000
403,10.131358,0.003420,1.001334,0.000000,0.000000,1.000000,0.882058,1,0.000253,0.002204,1.280444,10.042244,1.506337,1.562500,0.000000,0.000000
404,10.142726,0.003138,1.001346,0.000000,0.000000,1.000000,0.887178,1,0.000207,0.002346,1.149159,10.040017,1.506003,1.562500,0.000000,0.000000
405,10.418382,0.003114,1.001455,0.000000,0.000000,1.000000,0.891357,1,0.000242,0.001937,1.035197,10.287573,1.543136,1.562500,0.000000,0.000000
406,10.286011,0.003427,1.001480,0.000000,0.000000,1.000000,0.895585,1,0.000212,0.002541,0.930711,10.143493,1.521524,1.562500,0.000000,0.000000
407,10.329198,0.000000,0.997913,0.000000,0.000000,1.000000,0.899418,0,0.000323,0.002456,0.839643,10.162201,1.524330,1.562500,0.000000,0.000000
408,10.239087,0.000000,0.998251,0.000000,0.000000,1.000000,0.902624,0,0.000220,0.002572,0.757833,10.049691,1.507454,1.562500,0.000000,0.000000
409,10.235553,0.000000,0.998577,0.000000,0.000000,1.000000,0.905872,0,0.000462,0.002098,0.685649,10.025258,1.503789,1.562500,0.000000,0.000000
410,10.209314,0.000000,0.998882,0.000000,0.000000,1.000000,0.908991,0,0.000317,0.002402,0.623041,10.000714,1.500107,1.562500,0.000000,0.000000
411,10.115784,0.000000,0.999145,0.000000,0.000000,1.000000,0.911623,0,0.000214,0.002186,0.569596,9.887290,1.483093,1.562500,0.000000,0.000000
412,10.407310,0.000000,0.999409,0.000000,0.000000,1.000000,0.914264,0,0.000323,0.002698,0.522017,10.169909,1.525486,1.562500,0.000000,0.000000
413,10.289205,0.000000,0.999636,0.000000,0.000000,1.000000,0.916407,0,0.000643,0.002246,0.483207,10.053005,1.507951,1.562500,0.000000,0.000000
414,10.194572,0.000000,0.999825,0.000000,0.000000,1.000000,0.918522,0,0.000204,0.002750,0.449964,9.959471,1.493921,1.562500,0.000000,0.000000
415,10.595564,0.000000,1.000025,0.000000,0.000000,1.000000,0.920503,0,0.000431,0.002450,0.422013,10.370765,1.555615,1.562500,0.000000,0.000000
416,10.386584,0.000000,1.000201,0.000000,0.000000,1.000000,0.922339,0,0.000490,0.002516,0.399146,10.161781,1.524267,1.562500,0.000000,0.000000
417,10.364077,0.000000,1.000555,0.000000,0.000000,1.000000,0.924024,0,0.000428,0.002153,0.380985,10.139278,1.520892,1.562500,0.000000,0.000000
418,10.254932,0.000000,1.000586,0.000000,0.000000,1.000000,0.925370,0,0.000594,0.002445,0.367156,10.030132,1.504520,1.562500,0.000000,0.000000
419,10.313054,0.000000,1.000441,0.000000,0.000000,1.000000,0.926598,0,0.000374,0.002428,0.355548,10.088253,1.513238,1.562500,0.000000,0.000000
420,10.412157,0.003736,1.000366,0.000000,0.000000,1.000000,0.772485,1,0.000352,0.002239,5.206965,10.287033,1.543055,1.562500,0.000000,0.000000
421,10.332522,0.003861,1.000433,0.000000,0.000000,1.000000,0.783208,1,0.000463,0.002702,4.675518,10.219896,1.532984,1.562500,0.000000,0.000000
422,10.413881,0.003438,1.000513,0.000000,0.000000,1.000000,0.793760,1,0.000496,0.002337,4.199589,10.312461,1.546869,1.562500,0.000000,0.000000
423,10.142522,0.003120,1.000592,0.000000,0.000000,1.000000,0.804195,1,0.000205,0.002797,3.770674,10.051211,1.507682,1.562500,0.000000,0.000000
424,10.035903,0.003702,1.000672,0.000000,0.000000,1.000000,0.814448,1,0.000243,0.002347,3.384537,9.953680,1.493052,1.562500,0.000000,0.000000
425,10.364304,0.003500,1.000732,0.000000,0.000000,1.000000,0.823972,1,0.000230,0.002682,3.037045,10.290287,1.543543,1.562500,0.000000,0.000000
426,10.139651,0.003127,1.000815,0.000000,0.000000,1.000000,0.833391,1,0.000223,0.002118,2.727954,10.072940,1.510941,1.562500,0.000000,0.000000
427,10.183683,0.003504,1.000908,0.000000,0.000000,1.000000,0.842558,1,0.000428,0.002600,2.449024,10.123562,1.518534,1.562500,0.000000,0.000000
428,10.086178,0.003399,1.000986,0.000000,0.000000,1.000000,0.851009,1,0.000681,0.002483,2.195952,10.021960,1.503294,1.562500,0.000000,0.000000
429,10.063751,0.003555,1.001040,0.000000,0.000000,1.000000,0.858067,1,0.000256,0.002663,1.968608,10.004929,1.500739,1.562500,0.000000,0.000000
430,9.977285,0.003621,1.001102,0.000000,0.000000,1.000000,0.864974,1,0.000268,0.002255,1.767224,9.923264,1.488490,1.562500,0.000000,0.000000
431,9.912599,0.003663,1.001182,0.000000,0.000000,1.000000,0.871297,1,0.000361,0.002341,1.587499,9.862876,1.479431,1.562500,0.000000,0.000000
432,10.219904,0.003556,1.001243,0.000000,0.000000,1.000000,0.877391,1,0.000248,0.002048,1.425349,10.163982,1.524597,1.562500,0.000000,0.000000
433,10.128232,0.003709,1.001334,0.000000,0.000000,1.000000,0.882058,1,0.000194,0.002227,1.280444,10.039110,1.505867,1.562500,0.000000,0.000000
434,10.062559,0.003339,1.001346,0.000000,0.000000,1.000000,0.887178,1,0.000234,0.002315,1.149159,9.959845,1.493977,1.562500,0.000000,0.000000
435,10.363041,0.003693,1.001455,0.000000,0.000000,1.000000,0.891357,1,0.000264,0.002564,1.035197,10.232220,1.534833,1.562500,0.000000,0.000000
436,10.243132,0.003573,1.001480,0.000000,0.000000,1.000000,0.895585,1,0.000363,0.002328,0.930711,10.100613,1.515092,1.562500,0.000000,0.000000
437,10.304432,0.000000,0.997913,0.000000,0.000000,1.000000,0.899418,0,0.000355,0.002042,0.839643,10.137434,1.520615,1.562500,0.000000,0.000000
438,10.242155,0.000000,0.998251,0.000000,0.000000,1.000000,0.902624,0,0.000226,0.002245,0.757833,10.052758,1.507914,1.562500,0.000000,0.000000
439,10.277474,0.000000,0.998577,0.000000,0.000000,1.000000,0.905872,0,0.000257,0.002683,0.685649,10.067176,1.510076,1.562500,0.000000,0.000000
440,10.154615,0.000000,0.998882,0.000000,0.000000,1.000000,0.908991,0,0.000301,0.002509,0.623041,9.946017,1.491903,1.562500,0.000000,0.000000
441,10.129187,0.000000,0.999145,0.000000,0.000000,1.000000,0.911623,0,0.000638,0.002770,0.569596,9.900683,1.485103,1.562500,0.000000,0.000000
442,10.432581,0.000000,0.999409,0.000000,0.000000,1.000000,0.914264,0,0.000346,0.002147,0.522017,10.195181,1.529277,1.562500,0.000000,0.000000
443,10.271807,0.000000,0.999636,0.000000,0.000000,1.000000,0.916407,0,0.000307,0.002326,0.483207,10.035606,1.505341,1.562500,0.000000,0.000000
444,10.212810,0.000000,0.999825,0.000000,0.000000,1.000000,0.918522,0,0.000311,0.002530,0.449964,9.977712,1.496657,1.562500,0.000000,0.000000
445,10.518173,0.000000,1.000025,0.000000,0.000000,1.000000,0.920503,0,0.000520,0.002801,0.422013,10.293379,1.544007,1.562500,0.000000,0.000000
446,10.289602,0.000000,1.000201,0.000000,0.000000,1.000000,0.922339,0,0.000424,0.002768,0.399146,10.064808,1.509721,1.562500,0.000000,0.000000
447,10.335135,0.000000,1.000555,0.000000,0.000000,1.000000,0.924024,0,0.000361,0.002671,0.380985,10.110338,1.516551,1.562500,0.000000,0.000000
448,10.221121,0.000000,1.000586,0.000000,0.000000,1.000000,0.925370,0,0.000364,0.002250,0.367156,9.996324,1.499449,1.562500,0.000000,0.000000
449,10.242743,0.000000,1.000441,0.000000,0.000000,1.000000,0.926598,0,0.000439,0.002440,0.355548,10.017946,1.502692,1.562500,0.000000,0.000000
450,10.027312,0.003442,1.000366,0.000000,0.000000,1.000000,0.772485,1,0.000448,0.002180,5.206965,9.902192,1.485329,1.562500,0.000000,0.000000
451,10.015733,0.003346,1.000433,0.000000,0.000000,1.000000,0.783208,1,0.000384,0.002108,4.675518,9.903121,1.485468,1.562500,0.000000,0.000000
452,10.282404,0.003444,1.000513,0.000000,0.000000,1.000000,0.793760,1,0.000245,0.002030,4.199589,10.180987,1.527148,1.562500,0.000000,0.000000
453,10.141030,0.003303,1.000592,0.000000,0.000000,1.000000,0.804195,1,0.000244,0.002691,3.770674,10.049716,1.507457,1.562500,0.000000,0.000000
454,10.016438,0.003137,1.000672,0.000000,0.000000,1.000000,0.814448,1,0.000147,0.002402,3.384537,9.934230,1.490134,1.562500,0.000000,0.000000
455,10.300874,0.003827,1.000732,0.000000,0.000000,1.000000,0.823972,1,0.000577,0.002941,3.037045,10.226849,1.534027,1.562500,0.000000,0.000000
456,10.145036,0.003269,1.000815,0.000000,0.000000,1.000000,0.833391,1,0.000575,0.002603,2.727954,10.078323,1.511748,1.562500,0.000000,0.000000
457,10.200658,0.003476,1.000908,0.000000,0.000000,1.000000,0.842558,1,0.000341,0.002309,2.449024,10.140543,1.521081,1.562500,0.000000,0.000000
458,10.097455,0.003592,1.000986,0.000000,0.000000,1.000000,0.851009,1,0.000330,0.002579,2.195952,10.033235,1.504985,1.562500,0.000000,0.000000
459,10.084407,0.003491,1.001040,0.000000,0.000000,1.000000,0.858067,1,0.000208,0.002312,1.968608,10.025584,1.503838,1.562500,0.000000,0.000000
460,9.971953,0.003449,1.001102,0.000000,0.000000,1.000000,0.864974,1,0.000210,0.002570,1.767224,9.917938,1.487691,1.562500,0.000000,0.000000
461,9.910745,0.003635,1.001182,0.000000,0.000000,1.000000,0.871297,1,0.000211,0.002372,1.587499,9.861026,1.479154,1.562500,0.000000,0.000000
462,10.237904,0.003354,1.001243,0.000000,0.000000,1.000000,0.877391,1,0.000220,0.011317,1.425349,10.181987,1.527298,1.562500,0.000000,0.000000
463,10.142107,0.003175,1.001334,0.000000,0.000000,1.000000,0.882058,1,0.000639,0.002610,1.280444,10.052993,1.507949,1.562500,0.000000,0.000000
464,10.068928,0.003245,1.001346,0.000000,0.000000,1.000000,0.887178,1,0.000418,0.002654,1.149159,9.966214,1.494932,1.562500,0.000000,0.000000
465,10.361301,0.003981,1.001455,0.000000,0.000000,1.000000,0.891357,1,0.000524,0.002187,1.035197,10.230475,1.534571,1.562500,0.000000,0.000000
466,10.240924,0.003075,1.001480,0.000000,0.000000,1.000000,0.895585,1,0.000498,0.002604,0.930711,10.098416,1.514762,1.562500,0.000000,0.000000
467,10.295293,0.000000,0.997913,0.000000,0.000000,1.000000,0.899418,0,0.000332,0.002816,0.839643,10.128296,1.519244,1.562500,0.000000,0.000000
468,10.261204,0.000000,0.998251,0.000000,0.000000,1.000000,0.902624,0,0.000239,0.002351,0.757833,10.071804,1.510771,1.562500,0.000000,0.000000
469,10.262763,0.000000,0.998577,0.000000,0.000000,1.000000,0.905872,0,0.000330,0.002332,0.685649,10.052466,1.507870,1.562500,0.000000,0.000000
470,10.105132,0.000000,0.998882,0.000000,0.000000,1.000000,0.908991,0,0.000251,0.002963,0.623041,9.896533,1.484480,1.562500,0.000000,0.000000
471,10.092743,0.000000,0.999145,0.000000,0.000000,1.000000,0.911623,0,0.000384,0.002140,0.569596,9.864246,1.479637,1.562500,0.000000,0.000000
472,10.398727,0.000000,0.999409,0.000000,0.000000,1.000000,0.914264,0,0.000538,0.002519,0.522017,10.161332,1.524200,1.562500,0.000000,0.000000
473,10.282162,0.000000,0.999636,0.000000,0.000000,1.000000,0.916407,0,0.000312,0.002287,0.483207,10.045965,1.506895,1.562500,0.000000,0.000000
474,10.372139,0.000000,0.999825,0.000000,0.000000,1.000000,0.918522,0,0.000227,0.002707,0.449964,10.137036,1.520555,1.562500,0.000000,0.000000
475,10.451527,0.000000,1.000025,0.000000,0.000000,1.000000,0.920503,0,0.000336,0.002774,0.422013,10.226729,1.534009,1.562500,0.000000,0.000000
476,10.338591,0.000000,1.000201,0.000000,0.000000,1.000000,0.922339,0,0.000346,0.002614,0.399146,10.113793,1.517069,1.562500,0.000000,0.000000
477,10.336120,0.000000,1.000555,0.000000,0.000000,1.000000,0.924024,0,0.000338,0.002690,0.380985,10.111320,1.516698,1.562500,0.000000,0.000000
478,10.247848,0.000000,1.000313,0.000000,0.000000,1.000000,0.925370,0,0.000214,0.002908,0.367156,10.023047,1.503457,1.562500,0.000000,0.000000
479,10.236673,0.000000,1.000751,0.000000,0.000000,1.000000,0.926875,0,0.000222,0.002304,0.355490,10.011871,1.501781,1.562500,0.000000,0.000000
480,10.105418,0.003742,1.000366,0.000000,0.000000,1.000000,0.772485,1,0.000229,0.002259,5.206965,9.980295,1.497044,1.562500,0.000000,0.000000
481,9.991078,0.003735,1.000433,0.000000,0.000000,1.000000,0.783208,1,0.000479,0.002143,4.675518,9.878455,1.481768,1.562500,0.000000,0.000000
482,10.309756,0.003523,1.000513,0.000000,0.000000,1.000000,0.793760,1,0.000199,0.002376,4.199589,10.208332,1.531250,1.562500,0.000000,0.000000
483,10.148864,0.003228,1.000592,0.000000,0.000000,1.000000,0.804195,1,0.000200,0.002238,3.770674,10.057548,1.508632,1.562500,0.000000,0.000000
484,10.099724,0.003169,1.000672,0.000000,0.000000,1.000000,0.814448,1,0.000432,0.002455,3.384537,10.017512,1.502627,1.562500,0.000000,0.000000
485,10.365303,0.003440,1.000732,0.000000,0.000000,1.000000,0.823972,1,0.000327,0.001976,3.037045,10.291285,1.543693,1.562500,0.000000,0.000000
486,10.199621,0.003464,1.000815,0.000000,0.000000,1.000000,0.833391,1,0.000194,0.002659,2.727954,10.132900,1.519935,1.562500,0.000000,0.000000
487,10.177218,0.003607,1.000908,0.000000,0.000000,1.000000,0.842558,1,0.000228,0.003163,2.449024,10.117097,1.517565,1.562500,0.000000,0.000000
488,10.108467,0.003350,1.000986,0.000000,0.000000,1.000000,0.851009,1,0.000541,0.002195,2.195952,10.044248,1.506637,1.562500,0.000000,0.000000
489,10.062514,0.003442,1.001040,0.000000,0.000000,1.000000,0.858067,1,0.000138,0.002631,1.968608,10.003699,1.500555,1.562500,0.000000,0.000000
490,9.971130,0.003421,1.001102,0.000000,0.000000,1.000000,0.864974,1,0.000335,0.002636,1.767224,9.917113,1.487567,1.562500,0.000000,0.000000
491,9.944213,0.003378,1.001182,0.000000,0.000000,1.000000,0.871297,1,0.000434,0.002475,1.587499,9.894496,1.484174,1.562500,0.000000,0.000000
492,10.321011,0.003622,1.001243,0.000000,0.000000,1.000000,0.877391,1,0.000434,0.002144,1.425349,10.265090,1.539764,1.562500,0.000000,0.000000
493,10.144771,0.003118,1.001334,0.000000,0.000000,1.000000,0.882058,1,0.000305,0.002497,1.280444,10.055658,1.508349,1.562500,0.000000,0.000000
494,10.070399,0.003391,1.001346,0.000000,0.000000,1.000000,0.887178,1,0.000461,0.002716,1.149159,9.967679,1.495152,1.562500,0.000000,0.000000
495,10.352358,0.003106,1.001455,0.000000,0.000000,1.000000,0.891357,1,0.000209,0.002400,1.035197,10.221545,1.533232,1.562500,0.000000,0.000000
496,10.225043,0.003306,1.001480,0.000000,0.000000,1.000000,0.895585,1,0.000341,0.002221,0.930711,10.082527,1.512379,1.562500,0.000000,0.000000
497,10.330542,0.000000,0.997913,0.000000,0.000000,1.000000,0.899418,0,0.000309,0.002404,0.839643,10.163533,1.524530,1.562500,0.000000,0.000000
498,10.259155,0.000000,0.998251,0.000000,0.000000,1.000000,0.902624,0,0.000324,0.002473,0.757833,10.069757,1.510464,1.562500,0.000000,0.000000
499,10.237801,0.000000,0.998577,0.000000,0.000000,1.000000,0.905872,0,0.000338,0.002726,0.685649,10.027502,1.504125,1.562500,0.000000,0.000000
500,10.164356,0.000000,0.998882,0.000000,0.000000,1.000000,0.908991,0,0.000229,0.002547,0.623041,9.955760,1.493364,1.562500,0.000000,0.000000
501,10.138581,0.000000,0.999145,0.000000,0.000000,1.000000,0.911623,0,0.000194,0.002268,0.569596,9.910086,1.486513,1.562500,0.000000,0.000000
502,10.393785,0.000000,0.999409,0.000000,0.000000,1.000000,0.914264,0,0.000331,0.002416,0.522017,10.156383,1.523458,1.562500,0.000000,0.000000
503,10.326286,0.000000,0.999636,0.000000,0.000000,1.000000,0.916407,0,0.000372,0.003116,0.483207,10.090089,1.513513,1.562500,0.000000,0.000000
504,10.195597,0.000000,0.999825,0.000000,0.000000,1.000000,0.918522,0,0.000353,0.002450,0.449964,9.960495,1.494074,1.562500,0.000000,0.000000
505,10.456574,0.000000,1.000025,0.000000,0.000000,1.000000,0.920503,0,0.000424,0.002139,0.422013,10.231779,1.534767,1.562500,0.000000,0.000000
506,10.351039,0.000000,1.000201,0.000000,0.000000,1.000000,0.922339,0,0.000339,0.002505,0.399146,10.126235,1.518935,1.562500,0.000000,0.000000
507,10.375581,0.000000,1.000555,0.000000,0.000000,1.000000,0.924024,0,0.000325,0.002646,0.380985,10.150785,1.522618,1.562500,0.000000,0.000000
508,10.225893,0.000000,1.000586,0.000000,0.000000,1.000000,0.925370,0,0.000500,0.010871,0.367156,10.001094,1.500164,1.562500,0.000000,0.000000
509,10.241430,0.000000,1.000441,0.000000,0.000000,1.000000,0.926598,0,0.000593,0.002957,0.355548,10.016633,1.502495,1.562500,0.000000,0.000000
510,10.016604,0.004155,1.000366,0.000000,0.000000,1.000000,0.772485,1,0.000253,0.002553,5.206965,9.891469,1.483720,1.562500,0.000000,0.000000
511,10.003073,0.003457,1.000433,0.000000,0.000000,1.000000,0.783208,1,0.000115,0.002805,4.675518,9.890456,1.483568,1.562500,0.000000,0.000000
512,10.265626,0.003344,1.000513,0.000000,0.000000,1.000000,0.793760,1,0.000213,0.002390,4.199589,10.164207,1.524631,1.562500,0.000000,0.000000
513,10.143146,0.003916,1.000592,0.000000,0.000000,1.000000,0.804195,1,0.000195,0.002173,3.770674,10.051817,1.507773,1.562500,0.000000,0.000000
514,10.048645,0.003185,1.000672,0.000000,0.000000,1.000000,0.814448,1,0.000320,0.002026,3.384537,9.966425,1.494964,1.562500,0.000000,0.000000
515,10.322058,0.003520,1.000732,0.000000,0.000000,1.000000,0.823972,1,0.000194,0.002703,3.037045,10.248038,1.537206,1.562500,0.000000,0.000000
516,10.151979,0.003524,1.000815,0.000000,0.000000,1.000000,0.833391,1,0.000286,0.003355,2.727954,10.085261,1.512789,1.562500,0.000000,0.000000
517,10.199453,0.003210,1.000908,0.000000,0.000000,1.000000,0.842558,1,0.000192,0.002390,2.449024,10.139343,1.520901,1.562500,0.000000,0.000000
518,10.077493,0.003446,1.000986,0.000000,0.000000,1.000000,0.851009,1,0.000386,0.002503,2.195952,10.013277,1.501992,1.562500,0.000000,0.000000
519,10.073303,0.003320,1.001040,0.000000,0.000000,1.000000,0.858067,1,0.000213,0.002488,1.968608,10.014488,1.502173,1.562500,0.000000,0.000000
520,9.958926,0.003504,1.001102,0.000000,0.000000,1.000000,0.864974,1,0.000327,0.002638,1.767224,9.904910,1.485737,1.562500,0.000000,0.000000
521,9.967654,0.003168,1.001182,0.000000,0.000000,1.000000,0.871297,1,0.000243,0.002267,1.587499,9.917939,1.487691,1.562500,0.000000,0.000000
522,10.212069,0.003175,1.001243,0.000000,0.000000,1.000000,0.877391,1,0.000319,0.002050,1.425349,10.156160,1.523424,1.562500,0.000000,0.000000
523,10.194221,0.003221,1.001334,0.000000,0.000000,1.000000,0.882058,1,0.000232,0.002446,1.280444,10.105111,1.515767,1.562500,0.000000,0.000000
524,10.043913,0.003352,1.001346,0.000000,0.000000,1.000000,0.887178,1,0.000451,0.002720,1.149159,9.941198,1.491180,1.562500,0.000000,0.000000
525,10.376022,0.003619,1.001455,0.000000,0.000000,1.000000,0.891357,1,0.000329,0.002188,1.035197,10.245199,1.536780,1.562500,0.000000,0.000000
526,10.228975,0.003315,1.001480,0.000000,0.000000,1.000000,0.895585,1,0.000580,0.002499,0.930711,10.086460,1.512969,1.562500,0.000000,0.000000
527,10.353223,0.000000,0.997913,0.000000,0.000000,1.000000,0.899418,0,0.000371,0.002538,0.839643,10.186225,1.527934,1.562500,0.000000,0.000000
528,10.235281,0.000000,0.998251,0.000000,0.000000,1.000000,0.902624,0,0.000399,0.002670,0.757833,10.045885,1.506883,1.562500,0.000000,0.000000
529,10.195901,0.000000,0.998577,0.000000,0.000000,1.000000,0.905872,0,0.000333,0.002196,0.685649,9.985606,1.497841,1.562500,0.000000,0.000000
530,10.105449,0.000000,0.998882,0.000000,0.000000,1.000000,0.908991,0,0.000323,0.002339,0.623041,9.896711,1.484507,1.562500,0.000000,0.000000
531,10.086833,0.000000,0.999145,0.000000,0.000000,1.000000,0.911623,0,0.000228,0.002588,0.569596,9.858326,1.478749,1.562500,0.000000,0.000000
532,10.565102,0.000000,0.999409,0.000000,0.000000,1.000000,0.914264,0,0.000427,0.010597,0.522017,10.327703,1.549155,1.562500,0.000000,0.000000
533,10.341221,0.000000,0.999636,0.000000,0.000000,1.000000,0.916407,0,0.000458,0.002253,0.483207,10.105023,1.515753,1.562500,0.000000,0.000000
534,10.207564,0.000000,0.999825,0.000000,0.000000,1.000000,0.918522,0,0.000525,0.002634,0.449964,9.972468,1.495870,1.562500,0.000000,0.000000
535,10.440682,0.000000,1.000025,0.000000,0.000000,1.000000,0.920503,0,0.000441,0.002062,0.422013,10.215884,1.532383,1.562500,0.000000,0.000000
536,10.522952,0.000000,1.000201,0.000000,0.000000,1.000000,0.922339,0,0.000425,0.002578,0.399146,10.298153,1.544723,1.562500,0.000000,0.000000
537,10.672383,0.000000,1.000555,0.000000,0.000000,1.000000,0.924024,0,0.000389,0.002379,0.380985,10.447577,1.567137,1.562500,0.000000,0.000000
538,10.533078,0.000000,1.000586,0.000000,0.000000,1.000000,0.925370,0,0.000221,0.002828,0.367156,10.308270,1.546241,1.562500,0.000000,0.000000
539,10.478883,0.000000,1.000441,0.000000,0.000000,1.000000,0.926598,0,0.000581,0.002669,0.355548,10.254080,1.538112,1.562500,0.000000,0.000000
540,10.166225,0.003498,1.000366,0.000000,0.000000,1.000000,0.772485,1,0.000467,0.002641,5.206965,10.041104,1.506166,1.562500,0.000000,0.000000
541,10.072953,0.003269,1.000433,0.000000,0.000000,1.000000,0.783208,1,0.000200,0.002315,4.675518,9.960344,1.494052,1.562500,0.000000,0.000000
542,10.402716,0.003181,1.000513,0.000000,0.000000,1.000000,0.793760,1,0.000194,0.002444,4.199589,10.301297,1.545195,1.562500,0.000000,0.000000
543,10.212728,0.003711,1.000592,0.000000,0.000000,1.000000,0.804195,1,0.000279,0.002258,3.770674,10.121402,1.518210,1.562500,0.000000,0.000000
544,10.170784,0.003572,1.000672,0.000000,0.000000,1.000000,0.814448,1,0.000229,0.002210,3.384537,10.088564,1.513285,1.562500,0.000000,0.000000
545,10.396211,0.003396,1.000732,0.000000,0.000000,1.000000,0.823972,1,0.000138,0.002079,3.037045,10.322196,1.548329,1.562500,0.000000,0.000000
546,10.266821,0.003036,1.000815,0.000000,0.000000,1.000000,0.833391,1,0.000330,0.002261,2.727954,10.200113,1.530017,1.562500,0.000000,0.000000
547,10.324847,0.003982,1.000908,0.000000,0.000000,1.000000,0.842558,1,0.000464,0.002044,2.449024,10.264715,1.539707,1.562500,0.000000,0.000000
548,10.156174,0.003300,1.000986,0.000000,0.000000,1.000000,0.851009,1,0.000235,0.002184,2.195952,10.091958,1.513794,1.562500,0.000000,0.000000
549,10.093496,0.003785,1.001040,0.000000,0.000000,1.000000,0.858067,1,0.000319,0.002263,1.968608,10.034672,1.505201,1.562500,0.000000,0.000000
550,10.034982,0.003523,1.001102,0.000000,0.000000,1.000000,0.864974,1,0.000220,0.002426,1.767224,9.980961,1.497144,1.562500,0.000000,0.000000
551,9.919570,0.003109,1.001182,0.000000,0.000000,1.000000,0.871297,1,0.000314,0.002412,1.587499,9.869859,1.480479,1.562500,0.000000,0.000000
552,10.245146,0.003501,1.001243,0.000000,0.000000,1.000000,0.877391,1,0.000409,0.002518,1.425349,10.189227,1.528384,1.562500,0.000000,0.000000
553,10.145989,0.002879,1.001334,0.000000,0.000000,1.000000,0.882058,1,0.000245,0.002312,1.280444,10.056880,1.508532,1.562500,0.000000,0.000000
554,10.102961,0.003161,1.001346,0.000000,0.000000,1.000000,0.887178,1,0.000287,0.002469,1.149159,10.000246,1.500037,1.562500,0.000000,0.000000
555,10.430608,0.003404,1.001455,0.000000,0.000000,1.000000,0.891357,1,0.000210,0.002341,1.035197,10.299788,1.544968,1.562500,0.000000,0.000000
556,10.294517,0.003481,1.001480,0.000000,0.000000,1.000000,0.895585,1,0.000343,0.002330,0.930711,10.151995,1.522799,1.562500,0.000000,0.000000
557,10.322617,0.000000,0.997913,0.000000,0.000000,1.000000,0.899418,0,0.000197,0.002433,0.839643,10.155619,1.523343,1.562500,0.000000,0.000000
558,10.244337,0.000000,0.998251,0.000000,0.000000,1.000000,0.902624,0,0.000352,0.002352,0.757833,10.054940,1.508241,1.562500,0.000000,0.000000
559,10.236504,0.000000,0.998577,0.000000,0.000000,1.000000,0.905872,0,0.000264,0.002578,0.685649,10.026205,1.503931,1.562500,0.000000,0.000000
560,10.140170,0.000000,0.998882,0.000000,0.000000,1.000000,0.908991,0,0.000228,0.002322,0.623041,9.931569,1.489735,1.562500,0.000000,0.000000
561,10.206433,0.000000,0.999145,0.000000,0.000000,1.000000,0.911623,0,0.000257,0.002432,0.569596,9.977928,1.496689,1.562500,0.000000,0.000000
562,10.435862,0.000000,0.999409,0.000000,0.000000,1.000000,0.914264,0,0.000372,0.002306,0.522017,10.198465,1.529770,1.562500,0.000000,0.000000
563,10.276414,0.000000,0.999636,0.000000,0.000000,1.000000,0.916407,0,0.000226,0.002230,0.483207,10.040214,1.506032,1.562500,0.000000,0.000000
564,10.201061,0.000000,0.999825,0.000000,0.000000,1.000000,0.918522,0,0.000422,0.002090,0.449964,9.965963,1.494894,1.562500,0.000000,0.000000
565,10.503894,0.000000,1.000025,0.000000,0.000000,1.000000,0.920503,0,0.000371,0.002351,0.422013,10.279089,1.541863,1.562500,0.000000,0.000000
566,10.368433,0.000000,1.000201,0.000000,0.000000,1.000000,0.922339,0,0.000213,0.002301,0.399146,10.143631,1.521545,1.562500,0.000000,0.000000
567,10.374619,0.000000,1.000555,0.000000,0.000000,1.000000,0.924024,0,0.000564,0.002452,0.380985,10.149822,1.522473,1.562500,0.000000,0.000000
568,10.284886,0.000000,1.000586,0.000000,0.000000,1.000000,0.925370,0,0.000311,0.002360,0.367156,10.060088,1.509013,1.562500,0.000000,0.000000
569,10.240545,0.000000,1.000441,0.000000,0.000000,1.000000,0.926598,0,0.000408,0.002686,0.355548,10.015749,1.502362,1.562500,0.000000,0.000000
570,10.059041,0.004028,1.000366,0.000000,0.000000,1.000000,0.772485,1,0.000334,0.002562,5.206965,9.933911,1.490087,1.562500,0.000000,0.000000
571,10.004788,0.003458,1.000433,0.000000,0.000000,1.000000,0.783208,1,0.000338,0.002480,4.675518,9.892173,1.483826,1.562500,0.000000,0.000000
572,10.314251,0.003719,1.000513,0.000000,0.000000,1.000000,0.793760,1,0.000200,0.002352,4.199589,10.212828,1.531924,1.562500,0.000000,0.000000
573,10.173566,0.003412,1.000592,0.000000,0.000000,1.000000,0.804195,1,0.000571,0.002596,3.770674,10.082250,1.512337,1.562500,0.000000,0.000000
574,10.065467,0.003255,1.000672,0.000000,0.000000,1.000000,0.814448,1,0.000313,0.002368,3.384537,9.983251,1.497488,1.562500,0.000000,0.000000
575,10.371840,0.003755,1.000732,0.000000,0.000000,1.000000,0.823972,1,0.000364,0.002252,3.037045,10.297814,1.544672,1.562500,0.000000,0.000000
576,10.202701,0.005170,1.000815,0.000000,0.000000,1.000000,0.833391,1,0.000154,0.002346,2.727954,10.135948,1.520392,1.562500,0.000000,0.000000
577,10.238416,0.003289,1.000908,0.000000,0.000000,1.000000,0.842558,1,0.000213,0.002876,2.449024,10.178304,1.526746,1.562500,0.000000,0.000000
578,10.126262,0.003562,1.000986,0.000000,0.000000,1.000000,0.851009,1,0.000211,0.002070,2.195952,10.062039,1.509306,1.562500,0.000000,0.000000
579,10.159400,0.003491,1.001040,0.000000,0.000000,1.000000,0.858067,1,0.000324,0.002360,1.968608,10.100574,1.515086,1.562500,0.000000,0.000000
580,9.997658,0.003769,1.001102,0.000000,0.000000,1.000000,0.864974,1,0.000400,0.002494,1.767224,9.943633,1.491545,1.562500,0.000000,0.000000
581,9.928951,0.003242,1.001182,0.000000,0.000000,1.000000,0.871297,1,0.000423,0.002496,1.587499,9.879239,1.481886,1.562500,0.000000,0.000000
582,10.268038,0.003740,1.001243,0.000000,0.000000,1.000000,0.877391,1,0.000449,0.002587,1.425349,10.212112,1.531817,1.562500,0.000000,0.000000
583,10.158364,0.003859,1.001334,0.000000,0.000000,1.000000,0.882058,1,0.000404,0.002160,1.280444,10.069233,1.510385,1.562500,0.000000,0.000000
584,10.070171,0.003318,1.001346,0.000000,0.000000,1.000000,0.887178,1,0.000209,0.002435,1.149159,9.967450,1.495118,1.562500,0.000000,0.000000
585,10.432475,0.003380,1.001455,0.000000,0.000000,1.000000,0.891357,1,0.000650,0.002322,1.035197,10.301652,1.545248,1.562500,0.000000,0.000000
586,10.216668,0.003005,1.001480,0.000000,0.000000,1.000000,0.895585,1,0.000443,0.002307,0.930711,10.074158,1.511124,1.562500,0.000000,0.000000
587,10.303503,0.000000,0.997913,0.000000,0.000000,1.000000,0.899418,0,0.000195,0.002449,0.839643,10.136501,1.520475,1.562500,0.000000,0.000000
588,10.241274,0.000000,0.998251,0.000000,0.000000,1.000000,0.902624,0,0.000309,0.004375,0.757833,10.051876,1.507781,1.562500,0.000000,0.000000
589,10.228213,0.000000,0.998577,0.000000,0.000000,1.000000,0.905872,0,0.000700,0.002274,0.685649,10.017914,1.502687,1.562500,0.000000,0.000000
590,10.355805,0.000000,0.998882,0.000000,0.000000,1.000000,0.908991,0,0.000520,0.002476,0.623041,10.147203,1.522080,1.562500,0.000000,0.000000
591,10.163857,0.000000,0.999145,0.000000,0.000000,1.000000,0.911623,0,0.000250,0.002635,0.569596,9.935356,1.490303,1.562500,0.000000,0.000000
592,10.445938,0.000000,0.999409,0.000000,0.000000,1.000000,0.914264,0,0.000513,0.002214,0.522017,10.208543,1.531281,1.562500,0.000000,0.000000
593,10.303148,0.000000,0.999636,0.000000,0.000000,1.000000,0.916407,0,0.000227,0.002448,0.483207,10.066945,1.510042,1.562500,0.000000,0.000000
594,10.220837,0.000000,0.999825,0.000000,0.000000,1.000000,0.918522,0,0.000421,0.002592,0.449964,9.985736,1.497860,1.562500,0.000000,0.000000
595,10.483605,0.000000,1.000025,0.000000,0.000000,1.000000,0.920503,0,0.000387,0.002709,0.422013,10.258805,1.538821,1.562500,0.000000,0.000000
596,10.409187,0.000000,1.000201,0.000000,0.000000,1.000000,0.922339,0,0.000532,0.002289,0.399146,10.184385,1.527658,1.562500,0.000000,0.000000
597,10.457965,0.000000,1.000555,0.000000,0.000000,1.000000,0.924024,0,0.000549,0.002389,0.380985,10.233162,1.534974,1.562500,0.000000,0.000000
598,10.278605,0.000000,1.000586,0.000000,0.000000,1.000000,0.925370,0,0.000230,0.002430,0.367156,10.053806,1.508071,1.562500,0.000000,0.000000
599,10.255943,0.000000,1.000441,0.000000,0.000000,1.000000,0.926598,0,0.000492,0.002066,0.355548,10.031143,1.504671,1.562500,0.000000,0.000000
600,10.190463,0.003200,1.000366,0.000000,0.000000,1.000000,0.772485,1,0.000604,0.002741,5.206965,10.065352,1.509803,1.562500,0.000000,0.000000
601,10.035191,0.003327,1.000433,0.000000,0.000000,1.000000,0.783208,1,0.000250,0.002491,4.675518,9.922578,1.488387,1.562500,0.000000,0.000000
602,10.342711,0.003648,1.000513,0.000000,0.000000,1.000000,0.793760,1,0.000204,0.002594,4.199589,10.241285,1.536193,1.562500,0.000000,0.000000
603,10.184188,0.003775,1.000592,0.000000,0.000000,1.000000,0.804195,1,0.000322,0.002137,3.770674,10.092859,1.513929,1.562500,0.000000,0.000000
604,10.069937,0.003612,1.000672,0.000000,0.000000,1.000000,0.814448,1,0.000310,0.002233,3.384537,9.987719,1.498158,1.562500,0.000000,0.000000
605,10.322830,0.003032,1.000732,0.000000,0.000000,1.000000,0.823972,1,0.000264,0.002449,3.037045,10.248824,1.537324,1.562500,0.000000,0.000000
606,10.155200,0.003269,1.000815,0.000000,0.000000,1.000000,0.833391,1,0.000208,0.002402,2.727954,10.088485,1.513273,1.562500,0.000000,0.000000
607,10.229038,0.003578,1.000908,0.000000,0.000000,1.000000,0.842558,1,0.000475,0.002643,2.449024,10.168915,1.525337,1.562500,0.000000,0.000000
608,10.165514,0.003397,1.000986,0.000000,0.000000,1.000000,0.851009,1,0.000346,0.003025,2.195952,10.101296,1.515194,1.562500,0.000000,0.000000
609,10.058515,0.003131,1.001040,0.000000,0.000000,1.000000,0.858067,1,0.000425,0.002923,1.968608,9.999699,1.499955,1.562500,0.000000,0.000000
610,9.967020,0.003262,1.001102,0.000000,0.000000,1.000000,0.864974,1,0.000316,0.002553,1.767224,9.913005,1.486951,1.562500,0.000000,0.000000
611,9.905826,0.003207,1.001182,0.000000,0.000000,1.000000,0.871297,1,0.000212,0.002508,1.587499,9.856113,1.478417,1.562500,0.000000,0.000000
612,10.267992,0.003403,1.001243,0.000000,0.000000,1.000000,0.877391,1,0.000343,0.002388,1.425349,10.212077,1.531811,1.562500,0.000000,0.000000
613,10.112501,0.003198,1.001334,0.000000,0.000000,1.000000,0.882058,1,0.000349,0.002401,1.280444,10.023384,1.503508,1.562500,0.000000,0.000000
614,10.114546,0.003208,1.001346,0.000000,0.000000,1.000000,0.887178,1,0.000306,0.002529,1.149159,10.011830,1.501774,1.562500,0.000000,0.000000
615,10.347103,0.003413,1.001455,0.000000,0.000000,1.000000,0.891357,1,0.000308,0.002406,1.035197,10.216283,1.532443,1.562500,0.000000,0.000000
616,10.217677,0.003398,1.001480,0.000000,0.000000,1.000000,0.895585,1,0.000214,0.002392,0.930711,10.075155,1.511273,1.562500,0.000000,0.000000
617,10.291502,0.000000,0.997913,0.000000,0.000000,1.000000,0.899418,0,0.000229,0.002359,0.839643,10.124502,1.518675,1.562500,0.000000,0.000000
618,10.211379,0.000000,0.998251,0.000000,0.000000,1.000000,0.902624,0,0.000208,0.002950,0.757833,10.021977,1.503297,1.562500,0.000000,0.000000
619,10.278477,0.000000,0.998577,0.000000,0.000000,1.000000,0.905872,0,0.000432,0.002376,0.685649,10.068178,1.510227,1.562500,0.000000,0.000000
620,10.129448,0.000000,0.998882,0.000000,0.000000,1.000000,0.908991,0,0.000363,0.002250,0.623041,9.920850,1.488127,1.562500,0.000000,0.000000
621,10.112973,0.000000,0.999145,0.000000,0.000000,1.000000,0.911623,0,0.000445,0.002303,0.569596,9.884476,1.482671,1.562500,0.000000,0.000000
622,10.428835,0.000000,0.999409,0.000000,0.000000,1.000000,0.914264,0,0.000496,0.002183,0.522017,10.191427,1.528714,1.562500,0.000000,0.000000
623,10.274419,0.000000,0.999636,0.000000,0.000000,1.000000,0.916407,0,0.000227,0.002622,0.483207,10.038217,1.505733,1.562500,0.000000,0.000000
624,10.206825,0.000000,0.999825,0.000000,0.000000,1.000000,0.918522,0,0.000501,0.002823,0.449964,9.971728,1.495759,1.562500,0.000000,0.000000
625,10.459091,0.000000,1.000025,0.000000,0.000000,1.000000,0.920503,0,0.000341,0.002677,0.422013,10.234291,1.535144,1.562500,0.000000,0.000000
626,10.321184,0.000000,1.000201,0.000000,0.000000,1.000000,0.922339,0,0.000214,0.002344,0.399146,10.096382,1.514457,1.562500,0.000000,0.000000
627,10.377468,0.000000,1.000555,0.000000,0.000000,1.000000,0.924024,0,0.000307,0.002493,0.380985,10.152670,1.522901,1.562500,0.000000,0.000000
628,10.240440,0.000000,1.000586,0.000000,0.000000,1.000000,0.925370,0,0.000321,0.002033,0.367156,10.015641,1.502346,1.562500,0.000000,0.000000
629,10.234398,0.000000,1.000441,0.000000,0.000000,1.000000,0.926598,0,0.000426,0.002403,0.355548,10.009603,1.501441,1.562500,0.000000,0.000000
630,10.044328,0.003472,1.000366,0.000000,0.000000,1.000000,0.772485,1,0.000311,0.002641,5.206965,9.919211,1.487882,1.562500,0.000000,0.000000
631,10.043478,0.003704,1.000433,0.000000,0.000000,1.000000,0.783208,1,0.000152,0.002166,4.675518,9.930854,1.489628,1.562500,0.000000,0.000000
632,10.276859,0.003047,1.000513,0.000000,0.000000,1.000000,0.793760,1,0.000229,0.002288,4.199589,10.175445,1.526317,1.562500,0.000000,0.000000
633,10.123867,0.003308,1.000592,0.000000,0.000000,1.000000,0.804195,1,0.000122,0.002261,3.770674,10.032555,1.504883,1.562500,0.000000,0.000000
634,10.040620,0.003390,1.000672,0.000000,0.000000,1.000000,0.814448,1,0.000115,0.002570,3.384537,9.958402,1.493760,1.562500,0.000000,0.000000
635,10.363578,0.003793,1.000732,0.000000,0.000000,1.000000,0.823972,1,0.000234,0.002278,3.037045,10.289545,1.543432,1.562500,0.000000,0.000000
636,10.139528,0.003703,1.000815,0.000000,0.000000,1.000000,0.833391,1,0.000303,0.002745,2.727954,10.072807,1.510921,1.562500,0.000000,0.000000
637,10.210832,0.003687,1.000908,0.000000,0.000000,1.000000,0.842558,1,0.000327,0.002900,2.449024,10.150711,1.522607,1.562500,0.000000,0.000000
638,10.084161,0.003377,1.000986,0.000000,0.000000,1.000000,0.851009,1,0.000476,0.002143,2.195952,10.019948,1.502992,1.562500,0.000000,0.000000
639,10.067703,0.003095,1.001040,0.000000,0.000000,1.000000,0.858067,1,0.000335,0.002390,1.968608,10.008893,1.501334,1.562500,0.000000,0.000000
640,9.947908,0.003075,1.001102,0.000000,0.000000,1.000000,0.864974,1,0.000132,0.002172,1.767224,9.893897,1.484085,1.562500,0.000000,0.000000
641,9.925664,0.003661,1.001182,0.000000,0.000000,1.000000,0.871297,1,0.000307,0.002849,1.587499,9.875941,1.481391,1.562500,0.000000,0.000000
642,10.213524,0.003505,1.001243,0.000000,0.000000,1.000000,0.877391,1,0.000254,0.002916,1.425349,10.157606,1.523641,1.562500,0.000000,0.000000
643,10.196484,0.003372,1.001334,0.000000,0.000000,1.000000,0.882058,1,0.000354,0.002591,1.280444,10.107369,1.516105,1.562500,0.000000,0.000000
644,10.048550,0.003674,1.001346,0.000000,0.000000,1.000000,0.887178,1,0.000359,0.002586,1.149159,9.945827,1.491874,1.562500,0.000000,0.000000
645,10.358579,0.003549,1.001455,0.000000,0.000000,1.000000,0.891357,1,0.000305,0.002116,1.035197,10.227756,1.534163,1.562500,0.000000,0.000000
646,10.207042,0.003347,1.001480,0.000000,0.000000,1.000000,0.895585,1,0.000439,0.002398,0.930711,10.064526,1.509679,1.562500,0.000000,0.000000
647,10.292149,0.000000,0.997913,0.000000,0.000000,1.000000,0.899418,0,0.000328,0.002444,0.839643,10.125154,1.518773,1.562500,0.000000,0.000000
648,10.326035,0.000000,0.998251,0.000000,0.000000,1.000000,0.902624,0,0.000382,0.002208,0.757833,10.136636,1.520495,1.562500,0.000000,0.000000
649,10.265088,0.000000,0.998577,0.000000,0.000000,1.000000,0.905872,0,0.000213,0.002463,0.685649,10.054792,1.508219,1.562500,0.000000,0.000000
650,10.112746,0.000000,0.998882,0.000000,0.000000,1.000000,0.908991,0,0.000309,0.002584,0.623041,9.904147,1.485622,1.562500,0.000000,0.000000
651,10.114007,0.000000,0.999145,0.000000,0.000000,1.000000,0.911623,0,0.000346,0.002459,0.569596,9.885512,1.482827,1.562500,0.000000,0.000000
652,10.403252,0.000000,0.999409,0.000000,0.000000,1.000000,0.914264,0,0.000214,0.002179,0.522017,10.165856,1.524878,1.562500,0.000000,0.000000
653,10.499008,0.000000,0.999636,0.000000,0.000000,1.000000,0.916407,0,0.000369,0.002125,0.483207,10.262807,1.539421,1.562500,0.000000,0.000000
654,10.246365,0.000000,0.999825,0.000000,0.000000,1.000000,0.918522,0,0.000361,0.002393,0.449964,10.011102,1.501665,1.562500,0.000000,0.000000
655,10.599912,0.000000,1.000025,0.000000,0.000000,1.000000,0.920503,0,0.000449,0.002073,0.422013,10.375110,1.556267,1.562500,0.000000,0.000000
656,10.319225,0.000000,1.000201,0.000000,0.000000,1.000000,0.922339,0,0.000359,0.002054,0.399146,10.094423,1.514163,1.562500,0.000000,0.000000
657,10.357864,0.000000,1.000555,0.000000,0.000000,1.000000,0.924024,0,0.000311,0.001961,0.380985,10.133067,1.519960,1.562500,0.000000,0.000000
658,10.297381,0.000000,1.000586,0.000000,0.000000,1.000000,0.925370,0,0.000337,0.002884,0.367156,10.072579,1.510887,1.562500,0.000000,0.000000
659,10.233351,0.000000,1.000441,0.000000,0.000000,1.000000,0.926598,0,0.000417,0.002484,0.355548,10.008552,1.501283,1.562500,0.000000,0.000000
660,10.016834,0.003906,1.000366,0.000000,0.000000,1.000000,0.772485,1,0.000316,0.002467,5.206965,9.891711,1.483757,1.562500,0.000000,0.000000
661,9.981491,0.003461,1.000433,0.000000,0.000000,1.000000,0.783208,1,0.000204,0.002282,4.675518,9.868874,1.480331,1.562500,0.000000,0.000000
662,10.270157,0.003246,1.000513,0.000000,0.000000,1.000000,0.793760,1,0.000386,0.002287,4.199589,10.168745,1.525312,1.562500,0.000000,0.000000
663,10.129817,0.003618,1.000592,0.000000,0.000000,1.000000,0.804195,1,0.000148,0.002257,3.770674,10.038497,1.505775,1.562500,0.000000,0.000000
664,10.021273,0.003413,1.000672,0.000000,0.000000,1.000000,0.814448,1,0.000130,0.002281,3.384537,9.939050,1.490858,1.562500,0.000000,0.000000
665,10.280153,0.003027,1.000732,0.000000,0.000000,1.000000,0.823972,1,0.000236,0.002031,3.037045,10.206141,1.530921,1.562500,0.000000,0.000000
666,10.153831,0.003417,1.000815,0.000000,0.000000,1.000000,0.833391,1,0.000248,0.002118,2.727954,10.087116,1.513067,1.562500,0.000000,0.000000
667,10.230845,0.003788,1.000908,0.000000,0.000000,1.000000,0.842558,1,0.000495,0.002118,2.449024,10.170721,1.525608,1.562500,0.000000,0.000000
668,10.116979,0.003826,1.000986,0.000000,0.000000,1.000000,0.851009,1,0.000228,0.002066,2.195952,10.052752,1.507913,1.562500,0.000000,0.000000
669,10.126068,0.004141,1.001040,0.000000,0.000000,1.000000,0.858067,1,0.000284,0.002593,1.968608,10.067236,1.510085,1.562500,0.000000,0.000000
670,10.025961,0.003582,1.001102,0.000000,0.000000,1.000000,0.864974,1,0.000461,0.002339,1.767224,9.971940,1.495791,1.562500,0.000000,0.000000
671,10.040284,0.003298,1.001182,0.000000,0.000000,1.000000,0.871297,1,0.000301,0.002738,1.587499,9.990568,1.498585,1.562500,0.000000,0.000000
672,10.345189,0.003549,1.001243,0.000000,0.000000,1.000000,0.877391,1,0.000310,0.001988,1.425349,10.289270,1.543390,1.562500,0.000000,0.000000
673,10.150843,0.003639,1.001334,0.000000,0.000000,1.000000,0.882058,1,0.000469,0.002367,1.280444,10.061722,1.509258,1.562500,0.000000,0.000000
674,10.055927,0.003583,1.001346,0.000000,0.000000,1.000000,0.887178,1,0.000188,0.002522,1.149159,9.953204,1.492981,1.562500,0.000000,0.000000
675,10.353904,0.003223,1.001455,0.000000,0.000000,1.000000,0.891357,1,0.000613,0.002187,1.035197,10.223082,1.533462,1.562500,0.000000,0.000000
676,10.227948,0.003275,1.001480,0.000000,0.000000,1.000000,0.895585,1,0.000321,0.002618,0.930711,10.085431,1.512815,1.562500,0.000000,0.000000
677,10.368146,0.000000,0.997913,0.000000,0.000000,1.000000,0.899418,0,0.000315,0.002386,0.839643,10.201145,1.530172,1.562500,0.000000,0.000000
678,10.246501,0.000000,0.998251,0.000000,0.000000,1.000000,0.902624,0,0.000330,0.002470,0.757833,10.057090,1.508563,1.562500,0.000000,0.000000
679,10.204543,0.000000,0.998577,0.000000,0.000000,1.000000,0.905872,0,0.000257,0.002033,0.685649,9.994241,1.499136,1.562500,0.000000,0.000000
680,10.130066,0.000000,0.998882,0.000000,0.000000,1.000000,0.908991,0,0.000311,0.002244,0.623041,9.921468,1.488220,1.562500,0.000000,0.000000
681,10.094713,0.000000,0.999145,0.000000,0.000000,1.000000,0.911623,0,0.000418,0.002269,0.569596,9.866210,1.479932,1.562500,0.000000,0.000000
682,10.416407,0.000000,0.999409,0.000000,0.000000,1.000000,0.914264,0,0.000594,0.002392,0.522017,10.179009,1.526851,1.562500,0.000000,0.000000
683,10.275310,0.000000,0.999636,0.000000,0.000000,1.000000,0.916407,0,0.000267,0.001967,0.483207,10.039111,1.505867,1.562500,0.000000,0.000000
684,10.200685,0.000000,0.999825,0.000000,0.000000,1.000000,0.918522,0,0.000369,0.002201,0.449964,9.965583,1.494838,1.562500,0.000000,0.000000
685,10.441532,0.000000,1.000025,0.000000,0.000000,1.000000,0.920503,0,0.000355,0.002242,0.422013,10.216732,1.532510,1.562500,0.000000,0.000000
686,10.304927,0.000000,1.000201,0.000000,0.000000,1.000000,0.922339,0,0.000325,0.002416,0.399146,10.080122,1.512018,1.562500,0.000000,0.000000
687,10.351431,0.000000,1.000555,0.000000,0.000000,1.000000,0.924024,0,0.000243,0.002535,0.380985,10.126628,1.518994,1.562500,0.000000,0.000000
688,10.250036,0.000000,1.000586,0.000000,0.000000,1.000000,0.925370,0,0.000474,0.002578,0.367156,10.025241,1.503786,1.562500,0.000000,0.000000
689,10.233971,0.000000,1.000441,0.000000,0.000000,1.000000,0.926598,0,0.000225,0.002298,0.355548,10.009172,1.501376,1.562500,0.000000,0.000000
690,10.031498,0.004131,1.000366,0.000000,0.000000,1.000000,0.772485,1,0.000328,0.002322,5.206965,9.906364,1.485955,1.562500,0.000000,0.000000
691,9.967623,0.003515,1.000433,0.000000,0.000000,1.000000,0.783208,1,0.000270,0.002957,4.675518,9.855003,1.478251,1.562500,0.000000,0.000000
692,10.274048,0.003965,1.000513,0.000000,0.000000,1.000000,0.793760,1,0.000244,0.002394,4.199589,10.172616,1.525892,1.562500,0.000000,0.000000
693,10.114699,0.003773,1.000592,0.000000,0.000000,1.000000,0.804195,1,0.000223,0.002467,3.770674,10.023374,1.503506,1.562500,0.000000,0.000000
694,10.046460,0.003769,1.000672,0.000000,0.000000,1.000000,0.814448,1,0.000223,0.002680,3.384537,9.964235,1.494635,1.562500,0.000000,0.000000
695,10.309316,0.003765,1.000732,0.000000,0.000000,1.000000,0.823972,1,0.000331,0.002091,3.037045,10.235291,1.535294,1.562500,0.000000,0.000000
696,10.157957,0.003587,1.000815,0.000000,0.000000,1.000000,0.833391,1,0.000148,0.002437,2.727954,10.091236,1.513685,1.562500,0.000000,0.000000
697,10.188561,0.003540,1.000908,0.000000,0.000000,1.000000,0.842558,1,0.000264,0.002412,2.449024,10.128442,1.519266,1.562500,0.000000,0.000000
698,10.076466,0.003555,1.000986,0.000000,0.000000,1.000000,0.851009,1,0.000412,0.002707,2.195952,10.012246,1.501837,1.562500,0.000000,0.000000
699,10.090170,0.003745,1.001040,0.000000,0.000000,1.000000,0.858067,1,0.000382,0.002435,1.968608,10.031349,1.504702,1.562500,0.000000,0.000000
700,9.976046,0.003532,1.001102,0.000000,0.000000,1.000000,0.864974,1,0.000227,0.002249,1.767224,9.922024,1.488304,1.562500,0.000000,0.000000
701,9.932948,0.003944,1.001182,0.000000,0.000000,1.000000,0.871297,1,0.000129,0.002280,1.587499,9.883221,1.482483,1.562500,0.000000,0.000000
702,10.223288,0.003746,1.001243,0.000000,0.000000,1.000000,0.877391,1,0.000225,0.002014,1.425349,10.167364,1.525105,1.562500,0.000000,0.000000
703,10.116752,0.003651,1.001334,0.000000,0.000000,1.000000,0.882058,1,0.000151,0.002332,1.280444,10.027629,1.504144,1.562500,0.000000,0.000000
704,10.033246,0.003138,1.001346,0.000000,0.000000,1.000000,0.887178,1,0.000217,0.002160,1.149159,9.930534,1.489580,1.562500,0.000000,0.000000
705,10.384882,0.003533,1.001455,0.000000,0.000000,1.000000,0.891357,1,0.000207,0.002200,1.035197,10.254062,1.538109,1.562500,0.000000,0.000000
706,10.294429,0.003462,1.001480,0.000000,0.000000,1.000000,0.895585,1,0.000306,0.002122,0.930711,10.151911,1.522787,1.562500,0.000000,0.000000
707,10.465559,0.000000,0.997913,0.000000,0.000000,1.000000,0.899418,0,0.000234,0.002152,0.839643,10.298562,1.544784,1.562500,0.000000,0.000000
708,10.235051,0.000000,0.998251,0.000000,0.000000,1.000000,0.902624,0,0.000242,0.002340,0.757833,10.045650,1.506848,1.562500,0.000000,0.000000
709,10.238523,0.000000,0.998577,0.000000,0.000000,1.000000,0.905872,0,0.000362,0.001946,0.685649,10.028224,1.504234,1.562500,0.000000,0.000000
710,10.095358,0.000000,0.998882,0.000000,0.000000,1.000000,0.908991,0,0.000381,0.001941,0.623041,9.886760,1.483014,1.562500,0.000000,0.000000
711,10.118678,0.000000,0.999145,0.000000,0.000000,1.000000,0.911623,0,0.000196,0.002348,0.569596,9.890176,1.483526,1.562500,0.000000,0.000000
712,10.402088,0.000000,0.999409,0.000000,0.000000,1.000000,0.914264,0,0.000360,0.002029,0.522017,10.164690,1.524703,1.562500,0.000000,0.000000
713,10.312946,0.000000,0.999636,0.000000,0.000000,1.000000,0.916407,0,0.000279,0.002417,0.483207,10.076744,1.511512,1.562500,0.000000,0.000000
714,10.176475,0.000000,0.999825,0.000000,0.000000,1.000000,0.918522,0,0.000421,0.002036,0.449964,9.941380,1.491207,1.562500,0.000000,0.000000
715,10.481085,0.000000,1.000025,0.000000,0.000000,1.000000,0.920503,0,0.000379,0.002036,0.422013,10.256291,1.538444,1.562500,0.000000,0.000000
716,10.329972,0.000000,1.000201,0.000000,0.000000,1.000000,0.922339,0,0.000502,0.002070,0.399146,10.105173,1.515776,1.562500,0.000000,0.000000
717,10.410287,0.000000,1.000555,0.000000,0.000000,1.000000,0.924024,0,0.000388,0.002154,0.380985,10.185489,1.527823,1.562500,0.000000,0.000000
718,10.226511,0.000000,1.000313,0.000000,0.000000,1.000000,0.925370,0,0.000376,0.002070,0.367156,10.001707,1.500256,1.562500,0.000000,0.000000
719,10.261474,0.000000,1.000751,0.000000,0.000000,1.000000,0.926875,0,0.000304,0.002548,0.355490,10.036668,1.505500,1.562500,0.000000,0.000000
720,10.070553,0.003868,1.000366,0.000000,0.000000,1.000000,0.772485,1,0.000230,0.002152,5.206965,9.945425,1.491814,1.562500,0.000000,0.000000
721,10.008101,0.003488,1.000433,0.000000,0.000000,1.000000,0.783208,1,0.000228,0.002307,4.675518,9.895484,1.484323,1.562500,0.000000,0.000000
722,10.258014,0.003598,1.000513,0.000000,0.000000,1.000000,0.793760,1,0.000248,0.002128,4.199589,10.156592,1.523489,1.562500,0.000000,0.000000
723,10.114742,0.003622,1.000592,0.000000,0.000000,1.000000,0.804195,1,0.000131,0.002312,3.770674,10.023421,1.503513,1.562500,0.000000,0.000000
724,10.026630,0.003103,1.000672,0.000000,0.000000,1.000000,0.814448,1,0.000229,0.002347,3.384537,9.944423,1.491663,1.562500,0.000000,0.000000
725,10.388019,0.003414,1.000732,0.000000,0.000000,1.000000,0.823972,1,0.000249,0.002264,3.037045,10.314002,1.547100,1.562500,0.000000,0.000000
726,10.150217,0.003402,1.000815,0.000000,0.000000,1.000000,0.833391,1,0.000501,0.001971,2.727954,10.083504,1.512526,1.562500,0.000000,0.000000
727,10.181732,0.003604,1.000908,0.000000,0.000000,1.000000,0.842558,1,0.000430,0.002032,2.449024,10.121611,1.518242,1.562500,0.000000,0.000000
728,10.062289,0.003293,1.000986,0.000000,0.000000,1.000000,0.851009,1,0.000200,0.002261,2.195952,9.998079,1.499712,1.562500,0.000000,0.000000
729,10.058979,0.003760,1.001040,0.000000,0.000000,1.000000,0.858067,1,0.000197,0.002526,1.968608,10.000157,1.500024,1.562500,0.000000,0.000000
730,9.956942,0.003333,1.001102,0.000000,0.000000,1.000000,0.864974,1,0.000450,0.002366,1.767224,9.902928,1.485439,1.562500,0.000000,0.000000
731,10.006051,0.003673,1.001182,0.000000,0.000000,1.000000,0.871297,1,0.000336,0.002065,1.587499,9.956329,1.493449,1.562500,0.000000,0.000000
732,10.244306,0.003689,1.001243,0.000000,0.000000,1.000000,0.877391,1,0.000350,0.002909,1.425349,10.188385,1.528258,1.562500,0.000000,0.000000
733,10.138661,0.002999,1.001334,0.000000,0.000000,1.000000,0.882058,1,0.000353,0.002091,1.280444,10.049553,1.507433,1.562500,0.000000,0.000000
734,10.066758,0.003430,1.001346,0.000000,0.000000,1.000000,0.887178,1,0.000515,0.002278,1.149159,9.964038,1.494606,1.562500,0.000000,0.000000
735,10.383654,0.003404,1.001455,0.000000,0.000000,1.000000,0.891357,1,0.000456,0.002097,1.035197,10.252834,1.537925,1.562500,0.000000,0.000000
736,10.314861,0.002998,1.001480,0.000000,0.000000,1.000000,0.895585,1,0.000247,0.002124,0.930711,10.172350,1.525852,1.562500,0.000000,0.000000
737,10.309865,0.000000,0.997913,0.000000,0.000000,1.000000,0.899418,0,0.000302,0.002211,0.839643,10.142867,1.521430,1.562500,0.000000,0.000000
738,10.252326,0.000000,0.998251,0.000000,0.000000,1.000000,0.902624,0,0.000617,0.002183,0.757833,10.062928,1.509439,1.562500,0.000000,0.000000
739,10.215408,0.000000,0.998577,0.000000,0.000000,1.000000,0.905872,0,0.000250,0.002074,0.685649,10.005110,1.500766,1.562500,0.000000,0.000000
740,10.097966,0.000000,0.998882,0.000000,0.000000,1.000000,0.908991,0,0.000439,0.002249,0.623041,9.889370,1.483406,1.562500,0.000000,0.000000
741,10.093919,0.000000,0.999145,0.000000,0.000000,1.000000,0.911623,0,0.000430,0.002174,0.569596,9.865426,1.479814,1.562500,0.000000,0.000000
742,10.401944,0.000000,0.999409,0.000000,0.000000,1.000000,0.914264,0,0.000330,0.002325,0.522017,10.164548,1.524682,1.562500,0.000000,0.000000
743,10.276288,0.000000,0.999636,0.000000,0.000000,1.000000,0.916407,0,0.000539,0.002343,0.483207,10.040091,1.506014,1.562500,0.000000,0.000000
744,10.226020,0.000000,0.999825,0.000000,0.000000,1.000000,0.918522,0,0.000247,0.002289,0.449964,9.990923,1.498639,1.562500,0.000000,0.000000
745,10.466352,0.000000,1.000025,0.000000,0.000000,1.000000,0.920503,0,0.000244,0.001954,0.422013,10.241554,1.536233,1.562500,0.000000,0.000000
746,10.320249,0.000000,1.000201,0.000000,0.000000,1.000000,0.922339,0,0.000434,0.002143,0.399146,10.095450,1.514318,1.562500,0.000000,0.000000
747,10.342279,0.000000,1.000555,0.000000,0.000000,1.000000,0.924024,0,0.000445,0.002146,0.380985,10.117477,1.517621,1.562500,0.000000,0.000000
748,10.246594,0.000000,1.000586,0.000000,0.000000,1.000000,0.925370,0,0.000375,0.002170,0.367156,10.021794,1.503269,1.562500,0.000000,0.000000
749,10.204220,0.000000,1.000441,0.000000,0.000000,1.000000,0.926598,0,0.000401,0.002377,0.355548,9.979422,1.496913,1.562500,0.000000,0.000000
750,10.054410,0.003588,1.000366,0.000000,0.000000,1.000000,0.772485,1,0.000212,0.002461,5.206965,9.929288,1.489393,1.562500,0.000000,0.000000
751,9.983295,0.004084,1.000433,0.000000,0.000000,1.000000,0.783208,1,0.000195,0.002410,4.675518,9.870661,1.480599,1.562500,0.000000,0.000000
752,10.307567,0.003834,1.000513,0.000000,0.000000,1.000000,0.793760,1,0.000232,0.002738,4.199589,10.206138,1.530921,1.562500,0.000000,0.000000
753,10.102499,0.003298,1.000592,0.000000,0.000000,1.000000,0.804195,1,0.000196,0.002997,3.770674,10.011182,1.501677,1.562500,0.000000,0.000000
754,10.057819,0.003779,1.000672,0.000000,0.000000,1.000000,0.814448,1,0.000193,0.002533,3.384537,9.975591,1.496339,1.562500,0.000000,0.000000
755,10.319437,0.003468,1.000732,0.000000,0.000000,1.000000,0.823972,1,0.000191,0.002538,3.037045,10.245417,1.536813,1.562500,0.000000,0.000000
756,10.148726,0.003321,1.000815,0.000000,0.000000,1.000000,0.833391,1,0.000347,0.002903,2.727954,10.082010,1.512302,1.562500,0.000000,0.000000
757,10.179353,0.003634,1.000908,0.000000,0.000000,1.000000,0.842558,1,0.000209,0.002685,2.449024,10.119226,1.517884,1.562500,0.000000,0.000000
758,10.063913,0.003976,1.000986,0.000000,0.000000,1.000000,0.851009,1,0.000196,0.002440,2.195952,9.999685,1.499953,1.562500,0.000000,0.000000
759,10.051908,0.003596,1.001040,0.000000,0.000000,1.000000,0.858067,1,0.000117,0.002389,1.968608,9.993085,1.498963,1.562500,0.000000,0.000000
760,10.051301,0.003567,1.001102,0.000000,0.000000,1.000000,0.864974,1,0.000284,0.002593,1.767224,9.997278,1.499592,1.562500,0.000000,0.000000
761,9.914233,0.003405,1.001182,0.000000,0.000000,1.000000,0.871297,1,0.000198,0.002431,1.587499,9.864515,1.479677,1.562500,0.000000,0.000000
762,10.222317,0.003181,1.001243,0.000000,0.000000,1.000000,0.877391,1,0.000307,0.002653,1.425349,10.166403,1.524961,1.562500,0.000000,0.000000
763,10.106585,0.003154,1.001334,0.000000,0.000000,1.000000,0.882058,1,0.000224,0.002324,1.280444,10.017472,1.502621,1.562500,0.000000,0.000000
764,10.043230,0.003155,1.001346,0.000000,0.000000,1.000000,0.887178,1,0.000198,0.002618,1.149159,9.940517,1.491078,1.562500,0.000000,0.000000
765,10.501146,0.003340,1.001455,0.000000,0.000000,1.000000,0.891357,1,0.000247,0.002617,1.035197,10.370324,1.555549,1.562500,0.000000,0.000000
766,10.249537,0.003205,1.001480,0.000000,0.000000,1.000000,0.895585,1,0.000445,0.002271,0.930711,10.107017,1.516052,1.562500,0.000000,0.000000
767,10.285135,0.000000,0.997913,0.000000,0.000000,1.000000,0.899418,0,0.000228,0.002636,0.839643,10.118134,1.517720,1.562500,0.000000,0.000000
768,10.208213,0.000000,0.998251,0.000000,0.000000,1.000000,0.902624,0,0.000445,0.002071,0.757833,10.018811,1.502822,1.562500,0.000000,0.000000
769,10.342738,0.000000,0.998577,0.000000,0.000000,1.000000,0.905872,0,0.000191,0.002184,0.685649,10.132437,1.519866,1.562500,0.000000,0.000000
770,10.390940,0.000000,0.998882,0.000000,0.000000,1.000000,0.908991,0,0.000220,0.002486,0.623041,10.182334,1.527350,1.562500,0.000000,0.000000
771,10.307909,0.000000,0.999145,0.000000,0.000000,1.000000,0.911623,0,0.000359,0.002114,0.569596,10.079406,1.511911,1.562500,0.000000,0.000000
772,10.562487,0.000000,0.999409,0.000000,0.000000,1.000000,0.914264,0,0.000367,0.002382,0.522017,10.325087,1.548763,1.562500,0.000000,0.000000
773,10.386815,0.000000,0.999636,0.000000,0.000000,1.000000,0.916407,0,0.000378,0.002594,0.483207,10.150608,1.522591,1.562500,0.000000,0.000000
774,10.260251,0.000000,0.999825,0.000000,0.000000,1.000000,0.918522,0,0.000236,0.002375,0.449964,10.025149,1.503772,1.562500,0.000000,0.000000
775,10.634962,0.000000,1.000025,0.000000,0.000000,1.000000,0.920503,0,0.000229,0.002834,0.422013,10.410162,1.561524,1.562500,0.000000,0.000000
776,10.360857,0.000000,1.000201,0.000000,0.000000,1.000000,0.922339,0,0.000222,0.002468,0.399146,10.136050,1.520407,1.562500,0.000000,0.000000
777,10.433687,0.000000,1.000555,0.000000,0.000000,1.000000,0.924024,0,0.000220,0.002377,0.380985,10.208887,1.531333,1.562500,0.000000,0.000000
778,10.362732,0.000000,1.000586,0.000000,0.000000,1.000000,0.925370,0,0.000533,0.002391,0.367156,10.137933,1.520690,1.562500,0.000000,0.000000
779,10.349875,0.000000,1.000441,0.000000,0.000000,1.000000,0.926598,0,0.000482,0.002564,0.355548,10.125076,1.518761,1.562500,0.000000,0.000000
780,10.191019,0.003995,1.000366,0.000000,0.000000,1.000000,0.772485,1,0.000366,0.002265,5.206965,10.065890,1.509883,1.562500,0.000000,0.000000
781,10.026138,0.003518,1.000433,0.000000,0.000000,1.000000,0.783208,1,0.000195,0.002224,4.675518,9.913524,1.487029,1.562500,0.000000,0.000000
782,10.270550,0.003545,1.000513,0.000000,0.000000,1.000000,0.793760,1,0.000205,0.002330,4.199589,10.169131,1.525370,1.562500,0.000000,0.000000
783,10.169642,0.003923,1.000592,0.000000,0.000000,1.000000,0.804195,1,0.000209,0.002163,3.770674,10.078316,1.511747,1.562500,0.000000,0.000000
784,10.049496,0.003216,1.000672,0.000000,0.000000,1.000000,0.814448,1,0.000237,0.002078,3.384537,9.967285,1.495093,1.562500,0.000000,0.000000
785,10.347120,0.003787,1.000732,0.000000,0.000000,1.000000,0.823972,1,0.000275,0.002466,3.037045,10.273097,1.540965,1.562500,0.000000,0.000000
786,10.182897,0.003146,1.000815,0.000000,0.000000,1.000000,0.833391,1,0.000268,0.002609,2.727954,10.116192,1.517429,1.562500,0.000000,0.000000
787,10.224349,0.003247,1.000908,0.000000,0.000000,1.000000,0.842558,1,0.000196,0.003076,2.449024,10.164237,1.524635,1.562500,0.000000,0.000000
788,10.123845,0.003428,1.000986,0.000000,0.000000,1.000000,0.851009,1,0.000332,0.002250,2.195952,10.059627,1.508944,1.562500,0.000000,0.000000
789,10.159101,0.003524,1.001040,0.000000,0.000000,1.000000,0.858067,1,0.000311,0.002196,1.968608,10.100280,1.515042,1.562500,0.000000,0.000000
790,10.018289,0.003075,1.001102,0.000000,0.000000,1.000000,0.864974,1,0.000533,0.002359,1.767224,9.964279,1.494642,1.562500,0.000000,0.000000
791,9.986919,0.003536,1.001182,0.000000,0.000000,1.000000,0.871297,1,0.000318,0.002106,1.587499,9.937200,1.490580,1.562500,0.000000,0.000000
792,10.239055,0.003405,1.001243,0.000000,0.000000,1.000000,0.877391,1,0.000356,0.002124,1.425349,10.183139,1.527471,1.562500,0.000000,0.000000
793,10.146877,0.003821,1.001334,0.000000,0.000000,1.000000,0.882058,1,0.000326,0.002108,1.280444,10.057751,1.508663,1.562500,0.000000,0.000000
794,10.138117,0.003535,1.001346,0.000000,0.000000,1.000000,0.887178,1,0.000209,0.002096,1.149159,10.035395,1.505309,1.562500,0.000000,0.000000
795,10.385403,0.003418,1.001455,0.000000,0.000000,1.000000,0.891357,1,0.000236,0.002075,1.035197,10.254580,1.538187,1.562500,0.000000,0.000000
796,10.231032,0.003573,1.001480,0.000000,0.000000,1.000000,0.895585,1,0.000536,0.002531,0.930711,10.088511,1.513277,1.562500,0.000000,0.000000
797,10.280497,0.000000,0.997913,0.000000,0.000000,1.000000,0.899418,0,0.000313,0.002293,0.839643,10.113500,1.517025,1.562500,0.000000,0.000000
798,10.238097,0.000000,0.998251,0.000000,0.000000,1.000000,0.902624,0,0.000103,0.002219,0.757833,10.048699,1.507305,1.562500,0.000000,0.000000
799,10.225037,0.000000,0.998577,0.000000,0.000000,1.000000,0.905872,0,0.000665,0.002387,0.685649,10.014741,1.502211,1.562500,0.000000,0.000000
800,10.136312,0.000000,0.998882,0.000000,0.000000,1.000000,0.908991,0,0.000349,0.002220,0.623041,9.927710,1.489156,1.562500,0.000000,0.000000
801,10.162731,0.000000,0.999145,0.000000,0.000000,1.000000,0.911623,0,0.000397,0.002251,0.569596,9.934228,1.490134,1.562500,0.000000,0.000000
802,10.448266,0.000000,0.999409,0.000000,0.000000,1.000000,0.914264,0,0.000382,0.002286,0.522017,10.210869,1.531630,1.562500,0.000000,0.000000
803,10.311321,0.000000,0.999636,0.000000,0.000000,1.000000,0.916407,0,0.000348,0.001936,0.483207,10.075122,1.511268,1.562500,0.000000,0.000000
804,10.211080,0.000000,0.999825,0.000000,0.000000,1.000000,0.918522,0,0.000347,0.002054,0.449964,9.975977,1.496397,1.562500,0.000000,0.000000
805,10.473638,0.000000,1.000025,0.000000,0.000000,1.000000,0.920503,0,0.000558,0.002525,0.422013,10.248834,1.537325,1.562500,0.000000,0.000000
806,10.331353,0.000000,1.000201,0.000000,0.000000,1.000000,0.922339,0,0.000323,0.002401,0.399146,10.106553,1.515983,1.562500,0.000000,0.000000
807,10.382905,0.000000,1.000555,0.000000,0.000000,1.000000,0.924024,0,0.000443,0.002243,0.380985,10.158105,1.523716,1.562500,0.000000,0.000000
808,10.269596,0.000000,1.000313,0.000000,0.000000,1.000000,0.925370,0,0.000284,0.002528,0.367156,10.044793,1.506719,1.562500,0.000000,0.000000
809,10.272927,0.000000,1.000751,0.000000,0.000000,1.000000,0.926875,0,0.000443,0.002422,0.355490,10.048122,1.507218,1.562500,0.000000,0.000000
810,10.137963,0.003535,1.000366,0.000000,0.000000,1.000000,0.772485,1,0.000453,0.002385,5.206965,10.012844,1.501927,1.562500,0.000000,0.000000
811,10.031841,0.003259,1.000433,0.000000,0.000000,1.000000,0.783208,1,0.000200,0.002254,4.675518,9.919232,1.487885,1.562500,0.000000,0.000000
812,10.324336,0.003198,1.000513,0.000000,0.000000,1.000000,0.793760,1,0.000197,0.002456,4.199589,10.222917,1.533438,1.562500,0.000000,0.000000
813,10.147623,0.003687,1.000592,0.000000,0.000000,1.000000,0.804195,1,0.000257,0.002575,3.770674,10.056299,1.508445,1.562500,0.000000,0.000000
814,10.061593,0.003373,1.000672,0.000000,0.000000,1.000000,0.814448,1,0.000197,0.002412,3.384537,9.979374,1.496906,1.562500,0.000000,0.000000
815,10.321533,0.003351,1.000732,0.000000,0.000000,1.000000,0.823972,1,0.000145,0.002216,3.037045,10.247518,1.537128,1.562500,0.000000,0.000000
816,10.211555,0.003359,1.000815,0.000000,0.000000,1.000000,0.833391,1,0.000223,0.002567,2.727954,10.144841,1.521726,1.562500,0.000000,0.000000
817,10.220540,0.003243,1.000908,0.000000,0.000000,1.000000,0.842558,1,0.000235,0.002680,2.449024,10.160428,1.524064,1.562500,0.000000,0.000000
818,10.151386,0.003345,1.000986,0.000000,0.000000,1.000000,0.851009,1,0.000436,0.002659,2.195952,10.087170,1.513076,1.562500,0.000000,0.000000
819,10.053165,0.003358,1.001040,0.000000,0.000000,1.000000,0.858067,1,0.000215,0.002182,1.968608,9.994350,1.499152,1.562500,0.000000,0.000000
820,10.000089,0.003292,1.001102,0.000000,0.000000,1.000000,0.864974,1,0.000230,0.002991,1.767224,9.946075,1.491911,1.562500,0.000000,0.000000
821,9.922633,0.003277,1.001182,0.000000,0.000000,1.000000,0.871297,1,0.000214,0.002553,1.587499,9.872913,1.480937,1.562500,0.000000,0.000000
822,10.243731,0.003762,1.001243,0.000000,0.000000,1.000000,0.877391,1,0.000335,0.002345,1.425349,10.187809,1.528171,1.562500,0.000000,0.000000
823,10.325542,0.003206,1.001334,0.000000,0.000000,1.000000,0.882058,1,0.000219,0.002316,1.280444,10.236429,1.535464,1.562500,0.000000,0.000000
824,10.118366,0.003058,1.001346,0.000000,0.000000,1.000000,0.887178,1,0.000244,0.003316,1.149159,10.015653,1.502348,1.562500,0.000000,0.000000
825,10.372740,0.003146,1.001455,0.000000,0.000000,1.000000,0.891357,1,0.000250,0.002635,1.035197,10.241926,1.536289,1.562500,0.000000,0.000000
826,10.236969,0.003350,1.001480,0.000000,0.000000,1.000000,0.895585,1,0.000211,0.002235,0.930711,10.094452,1.514168,1.562500,0.000000,0.000000
827,10.291915,0.000000,0.997913,0.000000,0.000000,1.000000,0.899418,0,0.000321,0.002248,0.839643,10.124914,1.518737,1.562500,0.000000,0.000000
828,10.263188,0.000000,0.998251,0.000000,0.000000,1.000000,0.902624,0,0.000246,0.002768,0.757833,10.073786,1.511068,1.562500,0.000000,0.000000
829,10.231475,0.000000,0.998577,0.000000,0.000000,1.000000,0.905872,0,0.000451,0.002632,0.685649,10.021174,1.503176,1.562500,0.000000,0.000000
830,10.178797,0.000000,0.998882,0.000000,0.000000,1.000000,0.908991,0,0.000217,0.002280,0.623041,9.970195,1.495529,1.562500,0.000000,0.000000
831,10.122569,0.000000,0.999145,0.000000,0.000000,1.000000,0.911623,0,0.000312,0.002743,0.569596,9.894067,1.484110,1.562500,0.000000,0.000000
832,10.483884,0.000000,0.999409,0.000000,0.000000,1.000000,0.914264,0,0.000422,0.002437,0.522017,10.246488,1.536973,1.562500,0.000000,0.000000
833,10.402887,0.000000,0.999636,0.000000,0.000000,1.000000,0.916407,0,0.000381,0.002294,0.483207,10.166684,1.525003,1.562500,0.000000,0.000000
834,10.211155,0.000000,0.999825,0.000000,0.000000,1.000000,0.918522,0,0.000380,0.002600,0.449964,9.976056,1.496408,1.562500,0.000000,0.000000
835,10.486691,0.000000,1.000025,0.000000,0.000000,1.000000,0.920503,0,0.000257,0.002472,0.422013,10.261892,1.539284,1.562500,0.000000,0.000000
836,10.360571,0.000000,1.000201,0.000000,0.000000,1.000000,0.922339,0,0.000216,0.002651,0.399146,10.135760,1.520364,1.562500,0.000000,0.000000
837,10.414141,0.000000,1.000555,0.000000,0.000000,1.000000,0.924024,0,0.000368,0.002640,0.380985,10.189340,1.528401,1.562500,0.000000,0.000000
838,10.294174,0.000000,1.000586,0.000000,0.000000,1.000000,0.925370,0,0.000360,0.002420,0.367156,10.069373,1.510406,1.562500,0.000000,0.000000
839,10.254366,0.000000,1.000441,0.000000,0.000000,1.000000,0.926598,0,0.000226,0.002375,0.355548,10.029564,1.504435,1.562500,0.000000,0.000000
840,10.052122,0.003206,1.000366,0.000000,0.000000,1.000000,0.772485,1,0.000229,0.002872,5.206965,9.927009,1.489051,1.562500,0.000000,0.000000
841,9.986559,0.004044,1.000433,0.000000,0.000000,1.000000,0.783208,1,0.000116,0.002740,4.675518,9.873931,1.481090,1.562500,0.000000,0.000000
842,10.340046,0.003698,1.000513,0.000000,0.000000,1.000000,0.793760,1,0.000195,0.002494,4.199589,10.238621,1.535793,1.562500,0.000000,0.000000
843,10.100658,0.003282,1.000592,0.000000,0.000000,1.000000,0.804195,1,0.000196,0.002612,3.770674,10.009340,1.501401,1.562500,0.000000,0.000000
844,10.007768,0.003437,1.000672,0.000000,0.000000,1.000000,0.814448,1,0.000234,0.002592,3.384537,9.925553,1.488833,1.562500,0.000000,0.000000
845,10.313744,0.003138,1.000732,0.000000,0.000000,1.000000,0.823972,1,0.000206,0.002632,3.037045,10.239733,1.535960,1.562500,0.000000,0.000000
846,10.182973,0.003309,1.000815,0.000000,0.000000,1.000000,0.833391,1,0.000192,0.002429,2.727954,10.116254,1.517438,1.562500,0.000000,0.000000
847,10.209890,0.003359,1.000908,0.000000,0.000000,1.000000,0.842558,1,0.000196,0.002575,2.449024,10.149771,1.522466,1.562500,0.000000,0.000000
848,10.075211,0.003417,1.000986,0.000000,0.000000,1.000000,0.851009,1,0.000200,0.002402,2.195952,10.010993,1.501649,1.562500,0.000000,0.000000
849,10.049959,0.003344,1.001040,0.000000,0.000000,1.000000,0.858067,1,0.000452,0.002551,1.968608,9.991137,1.498671,1.562500,0.000000,0.000000
850,9.946783,0.003541,1.001102,0.000000,0.000000,1.000000,0.864974,1,0.000523,0.002476,1.767224,9.892760,1.483914,1.562500,0.000000,0.000000
851,9.922075,0.003000,1.001182,0.000000,0.000000,1.000000,0.871297,1,0.000378,0.002504,1.587499,9.872364,1.480855,1.562500,0.000000,0.000000
852,10.257281,0.003826,1.001243,0.000000,0.000000,1.000000,0.877391,1,0.000227,0.002130,1.425349,10.201355,1.530203,1.562500,0.000000,0.000000
853,10.157090,0.003481,1.001334,0.000000,0.000000,1.000000,0.882058,1,0.000205,0.002744,1.280444,10.067963,1.510195,1.562500,0.000000,0.000000
854,10.029062,0.003380,1.001346,0.000000,0.000000,1.000000,0.887178,1,0.000463,0.002185,1.149159,9.926342,1.488951,1.562500,0.000000,0.000000
855,10.333858,0.003340,1.001455,0.000000,0.000000,1.000000,0.891357,1,0.000341,0.002530,1.035197,10.203042,1.530456,1.562500,0.000000,0.000000
856,10.203513,0.003134,1.001480,0.000000,0.000000,1.000000,0.895585,1,0.000433,0.002599,0.930711,10.061000,1.509150,1.562500,0.000000,0.000000
857,10.285664,0.000000,0.997913,0.000000,0.000000,1.000000,0.899418,0,0.000568,0.002238,0.839643,10.118663,1.517799,1.562500,0.000000,0.000000
858,10.209449,0.000000,0.998251,0.000000,0.000000,1.000000,0.902624,0,0.000385,0.002190,0.757833,10.020051,1.503008,1.562500,0.000000,0.000000
859,10.244589,0.000000,0.998577,0.000000,0.000000,1.000000,0.905872,0,0.000387,0.002059,0.685649,10.034294,1.505144,1.562500,0.000000,0.000000
860,10.121851,0.000000,0.998882,0.000000,0.000000,1.000000,0.908991,0,0.000392,0.002041,0.623041,9.913255,1.486988,1.562500,0.000000,0.000000
861,10.104849,0.000000,0.999145,0.000000,0.000000,1.000000,0.911623,0,0.000397,0.001961,0.569596,9.876353,1.481453,1.562500,0.000000,0.000000
862,10.402556,0.000000,0.999409,0.000000,0.000000,1.000000,0.914264,0,0.000299,0.002340,0.522017,10.165160,1.524774,1.562500,0.000000,0.000000
863,10.293911,0.000000,0.999636,0.000000,0.000000,1.000000,0.916407,0,0.000218,0.002489,0.483207,10.057716,1.508657,1.562500,0.000000,0.000000
864,10.192139,0.000000,0.999825,0.000000,0.000000,1.000000,0.918522,0,0.000385,0.001932,0.449964,9.957045,1.493557,1.562500,0.000000,0.000000
865,10.521854,0.000000,1.000025,0.000000,0.000000,1.000000,0.920503,0,0.000397,0.002702,0.422013,10.297060,1.544559,1.562500,0.000000,0.000000
866,10.296821,0.000000,1.000201,0.000000,0.000000,1.000000,0.922339,0,0.000604,0.002219,0.399146,10.072021,1.510803,1.562500,0.000000,0.000000
867,10.388912,0.000000,1.000555,0.000000,0.000000,1.000000,0.924024,0,0.000326,0.002447,0.380985,10.164115,1.524617,1.562500,0.000000,0.000000
868,10.251963,0.000000,1.000586,0.000000,0.000000,1.000000,0.925370,0,0.000363,0.002928,0.367156,10.027166,1.504075,1.562500,0.000000,0.000000
869,10.211889,0.000000,1.000441,0.000000,0.000000,1.000000,0.926598,0,0.000385,0.002856,0.355548,9.987092,1.498064,1.562500,0.000000,0.000000
870,10.051576,0.003584,1.000366,0.000000,0.000000,1.000000,0.772485,1,0.000321,0.002393,5.206965,9.926459,1.488969,1.562500,0.000000,0.000000
871,9.982825,0.003557,1.000433,0.000000,0.000000,1.000000,0.783208,1,0.000281,0.002467,4.675518,9.870209,1.480531,1.562500,0.000000,0.000000
872,10.267918,0.003277,1.000513,0.000000,0.000000,1.000000,0.793760,1,0.000221,0.002577,4.199589,10.166508,1.524976,1.562500,0.000000,0.000000
873,10.101469,0.003481,1.000592,0.000000,0.000000,1.000000,0.804195,1,0.000294,0.002013,3.770674,10.010150,1.501522,1.562500,0.000000,0.000000
874,10.040177,0.003138,1.000672,0.000000,0.000000,1.000000,0.814448,1,0.000183,0.001894,3.384537,9.957966,1.493695,1.562500,0.000000,0.000000
875,10.313738,0.003363,1.000732,0.000000,0.000000,1.000000,0.823972,1,0.000295,0.002086,3.037045,10.239724,1.535959,1.562500,0.000000,0.000000
876,10.155901,0.003263,1.000815,0.000000,0.000000,1.000000,0.833391,1,0.000255,0.002045,2.727954,10.089188,1.513378,1.562500,0.000000,0.000000
877,10.195236,0.003386,1.000908,0.000000,0.000000,1.000000,0.842558,1,0.000386,0.002403,2.449024,10.135121,1.520268,1.562500,0.000000,0.000000
878,10.076918,0.003295,1.000986,0.000000,0.000000,1.000000,0.851009,1,0.000423,0.001896,2.195952,10.012704,1.501906,1.562500,0.000000,0.000000
879,10.065964,0.003511,1.001040,0.000000,0.000000,1.000000,0.858067,1,0.000274,0.002200,1.968608,10.007146,1.501072,1.562500,0.000000,0.000000
880,9.963529,0.003649,1.001102,0.000000,0.000000,1.000000,0.864974,1,0.000456,0.002094,1.767224,9.909504,1.486426,1.562500,0.000000,0.000000
881,9.967591,0.003324,1.001182,0.000000,0.000000,1.000000,0.871297,1,0.000211,0.002452,1.587499,9.917876,1.487681,1.562500,0.000000,0.000000
882,10.320833,0.003412,1.001243,0.000000,0.000000,1.000000,0.877391,1,0.000215,0.002625,1.425349,10.264913,1.539737,1.562500,0.000000,0.000000
883,10.135588,0.003188,1.001334,0.000000,0.000000,1.000000,0.882058,1,0.000443,0.001873,1.280444,10.046476,1.506971,1.562500,0.000000,0.000000
884,10.048864,0.003180,1.001346,0.000000,0.000000,1.000000,0.887178,1,0.000408,0.002967,1.149159,9.946150,1.491922,1.562500,0.000000,0.000000
885,10.342312,0.003325,1.001455,0.000000,0.000000,1.000000,0.891357,1,0.000257,0.002265,1.035197,10.211497,1.531724,1.562500,0.000000,0.000000
886,10.369587,0.003347,1.001480,0.000000,0.000000,1.000000,0.895585,1,0.000198,0.002680,0.930711,10.227072,1.534061,1.562500,0.000000,0.000000
887,10.371357,0.000000,0.997913,0.000000,0.000000,1.000000,0.899418,0,0.000338,0.002483,0.839643,10.204356,1.530653,1.562500,0.000000,0.000000
888,10.335191,0.000000,0.998251,0.000000,0.000000,1.000000,0.902624,0,0.000463,0.002373,0.757833,10.145790,1.521869,1.562500,0.000000,0.000000
889,10.223076,0.000000,0.998577,0.000000,0.000000,1.000000,0.905872,0,0.000459,0.002569,0.685649,10.012780,1.501917,1.562500,0.000000,0.000000
890,10.157218,0.000000,0.998882,0.000000,0.000000,1.000000,0.908991,0,0.000404,0.002703,0.623041,9.948621,1.492293,1.562500,0.000000,0.000000
891,10.126597,0.000000,0.999145,0.000000,0.000000,1.000000,0.911623,0,0.000243,0.002495,0.569596,9.898101,1.484715,1.562500,0.000000,0.000000
892,10.425589,0.000000,0.999409,0.000000,0.000000,1.000000,0.914264,0,0.000314,0.002685,0.522017,10.188194,1.528229,1.562500,0.000000,0.000000
893,10.264964,0.000000,0.999636,0.000000,0.000000,1.000000,0.916407,0,0.000319,0.002214,0.483207,10.028768,1.504315,1.562500,0.000000,0.000000
894,10.195268,0.000000,0.999825,0.000000,0.000000,1.000000,0.918522,0,0.000289,0.002300,0.449964,9.960171,1.494026,1.562500,0.000000,0.000000
895,10.436613,0.000000,1.000025,0.000000,0.000000,1.000000,0.920503,0,0.000446,0.002201,0.422013,10.211814,1.531772,1.562500,0.000000,0.000000
896,10.314137,0.000000,1.000201,0.000000,0.000000,1.000000,0.922339,0,0.000580,0.002425,0.399146,10.089330,1.513399,1.562500,0.000000,0.000000
897,10.346056,0.000000,1.000555,0.000000,0.000000,1.000000,0.924024,0,0.000310,0.002372,0.380985,10.121257,1.518189,1.562500,0.000000,0.000000
898,10.271619,0.000000,1.000586,0.000000,0.000000,1.000000,0.925370,0,0.000257,0.002299,0.367156,10.046825,1.507024,1.562500,0.000000,0.000000
899,10.201075,0.000000,1.000441,0.000000,0.000000,1.000000,0.926598,0,0.000194,0.002418,0.355548,9.976280,1.496442,1.562500,0.000000,0.000000
