epoch,aggregation_latency_ms,recovery_latency_ms,aggregation_completeness,loss_exposure_fraction,communication_overhead_KB,system_availability,queue_utilization,recovery_frequency,scheduling_latency_ms,state_refresh_ms,workload_imbalance,processing_overhead_ms,energy_joules,scheduling_comm_kb,recomputation_overhead_ms,reused_microslot_count
0,10.139950,0.001758,1.001748,0.000000,0.000000,1.000000,0.779133,1,0.000209,0.000985,3.596840,10.014837,1.502225,0.781250,0.000000,0.000000
1,10.146576,0.001872,1.001911,0.000000,0.000000,1.000000,0.794073,1,0.000206,0.001388,3.224112,10.033847,1.505077,0.781250,0.000000,0.000000
2,10.331518,0.001602,1.002033,0.000000,0.000000,1.000000,0.807986,1,0.000162,0.001685,2.887719,10.229988,1.534498,0.781250,0.000000,0.000000
3,10.254078,0.001739,1.002174,0.000000,0.000000,1.000000,0.820889,1,0.000160,0.001541,2.587667,10.162565,1.524385,0.781250,0.000000,0.000000
4,10.180494,0.001916,1.002353,0.000000,0.000000,1.000000,0.833389,1,0.000301,0.001340,2.318035,10.097972,1.514696,0.781250,0.000000,0.000000
5,10.424780,0.001731,1.002501,0.000000,0.000000,1.000000,0.845273,1,0.000374,0.001393,2.072818,10.350469,1.552570,0.781250,0.000000,0.000000
6,10.282107,0.001621,1.002602,0.000000,0.000000,1.000000,0.856927,1,0.000166,0.001244,1.852164,10.215198,1.532280,0.781250,0.000000,0.000000
7,10.292509,0.001431,1.002761,0.000000,0.000000,1.000000,0.866852,1,0.000180,0.001392,1.655730,10.232207,1.534831,0.781250,0.000000,0.000000
8,10.179323,0.001819,1.002883,0.000000,0.000000,1.000000,0.876688,1,0.000104,0.001885,1.477957,10.125006,1.518751,0.781250,0.000000,0.000000
9,10.162484,0.001597,1.002952,0.000000,0.000000,1.000000,0.883888,1,0.000165,0.001289,1.318194,10.113577,1.517037,0.781250,0.000000,0.000000
10,10.096374,0.001432,1.003124,0.000000,0.000000,1.000000,0.892164,1,0.000166,0.001520,1.177441,9.997470,1.499620,0.781250,0.000000,0.000000
11,10.122275,0.000000,0.996411,0.000000,0.000000,1.000000,0.900544,0,0.000185,0.001457,1.049785,10.002179,1.500327,0.781250,0.000000,0.000000
12,10.539157,0.000000,0.997040,0.000000,0.000000,1.000000,0.907391,0,0.000164,0.001792,0.940308,10.374462,1.556169,0.781250,0.000000,0.000000
13,10.405801,0.000000,0.997575,0.000000,0.000000,1.000000,0.914191,0,0.000162,0.001418,0.843962,10.199310,1.529896,0.781250,0.000000,0.000000
14,10.280279,0.000000,0.999537,0.000000,0.000000,1.000000,0.921000,0,0.000205,0.001380,0.755155,10.055381,1.508307,0.781250,0.000000,0.000000
15,10.592017,0.000000,0.998655,0.000000,0.000000,1.000000,0.924733,0,0.000163,0.001214,0.678557,10.369915,1.555487,0.781250,0.000000,0.000000
16,10.528241,0.000000,1.000180,0.000000,0.000000,1.000000,0.929279,0,0.000171,0.001286,0.610326,10.288348,1.543252,0.781250,0.000000,0.000000
17,10.479316,0.000000,1.000776,0.000000,0.000000,1.000000,0.933072,0,0.000167,0.001454,0.554573,10.262020,1.539303,0.781250,0.000000,0.000000
18,10.357649,0.000000,0.999907,0.000000,0.000000,1.000000,0.936079,0,0.000406,0.001732,0.505863,10.184158,1.527624,0.781250,0.000000,0.000000
19,10.432697,0.000000,1.001431,0.000000,0.000000,1.000000,0.938489,0,0.000173,0.001590,0.465032,10.235401,1.535310,0.781250,0.000000,0.000000
20,10.368924,0.000000,1.001625,0.000000,0.000000,1.000000,0.940808,0,0.000185,0.001387,0.430729,10.195419,1.529313,0.781250,0.000000,0.000000
21,10.314429,0.000000,1.002257,0.000000,0.000000,1.000000,0.943431,0,0.000193,0.001042,0.399414,10.115724,1.517359,0.781250,0.000000,0.000000
22,10.777313,0.000000,1.001790,0.000000,0.000000,1.000000,0.945170,0,0.000391,0.001040,0.374811,10.579985,1.586998,0.781250,0.000000,0.000000
23,10.505461,0.000000,1.001670,0.000000,0.000000,1.000000,0.947114,0,0.000212,0.001145,0.355009,10.281368,1.542205,0.781250,0.000000,0.000000
24,10.492951,0.000000,1.002331,0.000000,0.000000,1.000000,0.949276,0,0.000320,0.001829,0.335476,10.242856,1.536428,0.781250,0.000000,0.000000
25,10.786255,0.000000,1.002653,0.000000,0.000000,1.000000,0.951221,0,0.000343,0.001389,0.317759,10.541563,1.581235,0.781250,0.000000,0.000000
26,10.641816,0.000000,1.001594,0.000000,0.000000,1.000000,0.952769,0,0.000185,0.001508,0.300100,10.395915,1.559387,0.781250,0.000000,0.000000
27,10.631947,0.000000,1.002494,0.000000,0.000000,1.000000,0.954974,0,0.000201,0.001186,0.284205,10.409054,1.561358,0.781250,0.000000,0.000000
28,10.470056,0.000000,1.002177,0.000000,0.000000,1.000000,0.956420,0,0.000306,0.001435,0.269888,10.194159,1.529124,0.781250,0.000000,0.000000
29,10.575010,0.000000,1.001563,0.000000,0.000000,1.000000,0.958325,0,0.000355,0.001589,0.257003,10.278114,1.541717,0.781250,0.000000,0.000000
30,10.181153,0.001693,1.001748,0.000000,0.000000,1.000000,0.779133,1,0.000186,0.001848,3.596840,10.056036,1.508405,0.781250,0.000000,0.000000
31,10.150424,0.001726,1.001911,0.000000,0.000000,1.000000,0.794073,1,0.000297,0.001617,3.224112,10.037698,1.505655,0.781250,0.000000,0.000000
32,10.475887,0.001660,1.002033,0.000000,0.000000,1.000000,0.807986,1,0.000164,0.001450,2.887719,10.374361,1.556154,0.781250,0.000000,0.000000
33,10.356020,0.001743,1.002174,0.000000,0.000000,1.000000,0.820889,1,0.000181,0.001471,2.587667,10.264500,1.539675,0.781250,0.000000,0.000000
34,10.172347,0.001625,1.002353,0.000000,0.000000,1.000000,0.833389,1,0.000165,0.001530,2.318035,10.089837,1.513476,0.781250,0.000000,0.000000
35,10.458878,0.001488,1.002501,0.000000,0.000000,1.000000,0.845273,1,0.000170,0.001617,2.072818,10.384571,1.557686,0.781250,0.000000,0.000000
36,10.286234,0.001957,1.002602,0.000000,0.000000,1.000000,0.856927,1,0.000175,0.001493,1.852164,10.219311,1.532897,0.781250,0.000000,0.000000
37,10.474516,0.001860,1.002761,0.000000,0.000000,1.000000,0.866852,1,0.000165,0.001348,1.655730,10.414194,1.562129,0.781250,0.000000,0.000000
38,10.389695,0.001869,1.002883,0.000000,0.000000,1.000000,0.876688,1,0.000429,0.001819,1.477957,10.335362,1.550304,0.781250,0.000000,0.000000
39,10.296826,0.001848,1.002952,0.000000,0.000000,1.000000,0.883888,1,0.000169,0.001428,1.318194,10.247904,1.537186,0.781250,0.000000,0.000000
40,10.223635,0.002384,1.003124,0.000000,0.000000,1.000000,0.892164,1,0.000184,0.001427,1.177441,10.124690,1.518703,0.781250,0.000000,0.000000
41,10.211031,0.000000,0.996411,0.000000,0.000000,1.000000,0.900544,0,0.000162,0.001486,1.049785,10.090933,1.513640,0.781250,0.000000,0.000000
42,10.576904,0.000000,0.997040,0.000000,0.000000,1.000000,0.907391,0,0.000326,0.001612,0.940308,10.412210,1.561831,0.781250,0.000000,0.000000
43,10.491229,0.000000,0.997575,0.000000,0.000000,1.000000,0.914191,0,0.000188,0.001845,0.843962,10.284727,1.542709,0.781250,0.000000,0.000000
44,10.257284,0.000000,0.998155,0.000000,0.000000,1.000000,0.921000,0,0.000419,0.001026,0.755155,10.032385,1.504858,0.781250,0.000000,0.000000
45,10.645126,0.000000,0.999963,0.000000,0.000000,1.000000,0.925545,0,0.000312,0.001983,0.679604,10.402036,1.560305,0.781250,0.000000,0.000000
46,10.488171,0.000000,1.000180,0.000000,0.000000,1.000000,0.929012,0,0.000181,0.001733,0.610445,10.248278,1.537242,0.781250,0.000000,0.000000
47,10.505852,0.000000,1.000776,0.000000,0.000000,1.000000,0.932805,0,0.000235,0.001542,0.554704,10.288555,1.543283,0.781250,0.000000,0.000000
48,10.269249,0.000000,0.999907,0.000000,0.000000,1.000000,0.935813,0,0.000406,0.001465,0.506007,10.095752,1.514363,0.781250,0.000000,0.000000
49,10.255154,0.000000,1.001431,0.000000,0.000000,1.000000,0.938222,0,0.000185,0.001503,0.465188,10.081661,1.512249,0.781250,0.000000,0.000000
50,10.241041,0.000000,1.001625,0.000000,0.000000,1.000000,0.940541,0,0.000208,0.001697,0.430898,10.067740,1.510161,0.781250,0.000000,0.000000
51,10.199647,0.000000,1.002257,0.000000,0.000000,1.000000,0.943164,0,0.000209,0.001100,0.399596,10.001138,1.500171,0.781250,0.000000,0.000000
52,10.551414,0.000000,1.001790,0.000000,0.000000,1.000000,0.944903,0,0.000275,0.001873,0.375004,10.354320,1.553148,0.781250,0.000000,0.000000
53,10.423277,0.000000,1.001670,0.000000,0.000000,1.000000,0.946848,0,0.000223,0.001489,0.355213,10.199385,1.529908,0.781250,0.000000,0.000000
54,10.351021,0.000000,1.002331,0.000000,0.000000,1.000000,0.949010,0,0.000252,0.001731,0.335692,10.101118,1.515168,0.781250,0.000000,0.000000
55,10.554266,0.000000,1.002653,0.000000,0.000000,1.000000,0.950954,0,0.000183,0.001219,0.317987,10.309771,1.546466,0.781250,0.000000,0.000000
56,10.624623,0.000000,1.001594,0.000000,0.000000,1.000000,0.952503,0,0.000184,0.001585,0.300342,10.378929,1.556839,0.781250,0.000000,0.000000
57,10.605815,0.000000,1.002494,0.000000,0.000000,1.000000,0.954707,0,0.000220,0.001502,0.284460,10.383125,1.557469,0.781250,0.000000,0.000000
58,10.596309,0.000000,1.002177,0.000000,0.000000,1.000000,0.956153,0,0.000197,0.001627,0.270157,10.320613,1.548092,0.781250,0.000000,0.000000
59,10.446855,0.000000,1.001563,0.000000,0.000000,1.000000,0.958058,0,0.000182,0.002026,0.257285,10.150164,1.522525,0.781250,0.000000,0.000000
60,10.266582,0.001850,1.001748,0.000000,0.000000,1.000000,0.779133,1,0.000205,0.001673,3.596840,10.141450,1.521217,0.781250,0.000000,0.000000
61,10.192354,0.001956,1.001911,0.000000,0.000000,1.000000,0.794073,1,0.000395,0.001389,3.224112,10.079623,1.511943,0.781250,0.000000,0.000000
62,10.438280,0.001717,1.002033,0.000000,0.000000,1.000000,0.807986,1,0.000188,0.001348,2.887719,10.336769,1.550515,0.781250,0.000000,0.000000
63,10.281681,0.001845,1.002174,0.000000,0.000000,1.000000,0.820889,1,0.000199,0.001316,2.587667,10.190166,1.528525,0.781250,0.000000,0.000000
64,10.196386,0.002025,1.002353,0.000000,0.000000,1.000000,0.833389,1,0.000312,0.001766,2.318035,10.113855,1.517078,0.781250,0.000000,0.000000
65,10.468152,0.001756,1.002501,0.000000,0.000000,1.000000,0.845273,1,0.000271,0.001326,2.072818,10.393834,1.559075,0.781250,0.000000,0.000000
66,10.340034,0.001579,1.002602,0.000000,0.000000,1.000000,0.856927,1,0.000166,0.001458,1.852164,10.273126,1.540969,0.781250,0.000000,0.000000
67,10.397678,0.001475,1.002761,0.000000,0.000000,1.000000,0.866852,1,0.000235,0.001283,1.655730,10.337370,1.550606,0.781250,0.000000,0.000000
68,10.237136,0.001546,1.002883,0.000000,0.000000,1.000000,0.876688,1,0.000311,0.001674,1.477957,10.182829,1.527424,0.781250,0.000000,0.000000
69,10.244600,0.001533,1.002952,0.000000,0.000000,1.000000,0.883888,1,0.000165,0.001417,1.318194,10.195692,1.529354,0.781250,0.000000,0.000000
70,10.293665,0.001832,1.003124,0.000000,0.000000,1.000000,0.892164,1,0.000182,0.001200,1.177441,10.194738,1.529211,0.781250,0.000000,0.000000
71,10.277040,0.000000,0.996411,0.000000,0.000000,1.000000,0.900544,0,0.000345,0.001529,1.049785,10.156936,1.523540,0.781250,0.000000,0.000000
72,10.464622,0.000000,0.997040,0.000000,0.000000,1.000000,0.907391,0,0.000183,0.001636,0.940308,10.299925,1.544989,0.781250,0.000000,0.000000
73,10.478819,0.000000,0.997575,0.000000,0.000000,1.000000,0.914191,0,0.000162,0.001693,0.843962,10.272323,1.540849,0.781250,0.000000,0.000000
74,10.330637,0.000000,0.998155,0.000000,0.000000,1.000000,0.921000,0,0.000269,0.001395,0.755155,10.105743,1.515861,0.781250,0.000000,0.000000
75,10.669318,0.000000,0.999963,0.000000,0.000000,1.000000,0.925545,0,0.000340,0.001998,0.679604,10.426226,1.563934,0.781250,0.000000,0.000000
76,10.453739,0.000000,1.000180,0.000000,0.000000,1.000000,0.929012,0,0.000197,0.001685,0.610445,10.213839,1.532076,0.781250,0.000000,0.000000
77,10.415286,0.000000,1.000776,0.000000,0.000000,1.000000,0.932805,0,0.000312,0.001662,0.554704,10.197991,1.529699,0.781250,0.000000,0.000000
78,10.245720,0.000000,0.999907,0.000000,0.000000,1.000000,0.935813,0,0.000209,0.001527,0.506007,10.072224,1.510834,0.781250,0.000000,0.000000
79,10.228500,0.000000,1.001431,0.000000,0.000000,1.000000,0.938222,0,0.000262,0.001767,0.465188,10.055003,1.508250,0.781250,0.000000,0.000000
80,10.153722,0.000000,1.001625,0.000000,0.000000,1.000000,0.940541,0,0.000208,0.001976,0.430898,9.980431,1.497065,0.781250,0.000000,0.000000
81,10.227087,0.000000,1.002257,0.000000,0.000000,1.000000,0.943164,0,0.000165,0.001336,0.399596,10.028599,1.504290,0.781250,0.000000,0.000000
82,10.483247,0.000000,1.001790,0.000000,0.000000,1.000000,0.944903,0,0.000201,0.001226,0.375004,10.286155,1.542923,0.781250,0.000000,0.000000
83,10.358709,0.000000,1.001670,0.000000,0.000000,1.000000,0.946848,0,0.000189,0.001213,0.355213,10.134820,1.520223,0.781250,0.000000,0.000000
84,10.354612,0.000000,1.002331,0.000000,0.000000,1.000000,0.949010,0,0.000413,0.001853,0.335692,10.104721,1.515708,0.781250,0.000000,0.000000
85,10.553497,0.000000,1.002653,0.000000,0.000000,1.000000,0.950954,0,0.000215,0.001232,0.317987,10.309006,1.546351,0.781250,0.000000,0.000000
86,10.466364,0.000000,1.001594,0.000000,0.000000,1.000000,0.952503,0,0.000335,0.001533,0.300342,10.220670,1.533100,0.781250,0.000000,0.000000
87,10.525485,0.000000,1.002494,0.000000,0.000000,1.000000,0.954707,0,0.000475,0.001746,0.284460,10.302786,1.545418,0.781250,0.000000,0.000000
88,10.502200,0.000000,1.002177,0.000000,0.000000,1.000000,0.956153,0,0.000284,0.001630,0.270157,10.226508,1.533976,0.781250,0.000000,0.000000
89,10.348212,0.000000,1.002068,0.000000,0.000000,1.000000,0.958058,0,0.000184,0.001440,0.257285,10.051515,1.507727,0.781250,0.000000,0.000000
90,10.076804,0.002068,1.001748,0.000000,0.000000,1.000000,0.779133,1,0.000181,0.001842,3.596840,9.951679,1.492752,0.781250,0.000000,0.000000
91,10.098895,0.001886,1.001911,0.000000,0.000000,1.000000,0.794073,1,0.000164,0.001761,3.224112,9.986177,1.497927,0.781250,0.000000,0.000000
92,10.342647,0.001560,1.002033,0.000000,0.000000,1.000000,0.807986,1,0.000165,0.001651,2.887719,10.241140,1.536171,0.781250,0.000000,0.000000
93,10.219879,0.001485,1.002174,0.000000,0.000000,1.000000,0.820889,1,0.000221,0.001932,2.587667,10.128379,1.519257,0.781250,0.000000,0.000000
94,10.072310,0.001676,1.002353,0.000000,0.000000,1.000000,0.833389,1,0.000238,0.001455,2.318035,9.989800,1.498470,0.781250,0.000000,0.000000
95,10.486989,0.001717,1.002501,0.000000,0.000000,1.000000,0.845273,1,0.000227,0.001502,2.072818,10.412677,1.561902,0.781250,0.000000,0.000000
96,10.184626,0.001819,1.002602,0.000000,0.000000,1.000000,0.856927,1,0.000207,0.002138,1.852164,10.117711,1.517657,0.781250,0.000000,0.000000
97,10.236896,0.001738,1.002761,0.000000,0.000000,1.000000,0.866852,1,0.000179,0.001744,1.655730,10.176586,1.526488,0.781250,0.000000,0.000000
98,10.081810,0.001945,1.002883,0.000000,0.000000,1.000000,0.876688,1,0.000179,0.001440,1.477957,10.027491,1.504124,0.781250,0.000000,0.000000
99,10.112877,0.001469,1.002952,0.000000,0.000000,1.000000,0.883888,1,0.000166,0.001531,1.318194,10.063976,1.509596,0.781250,0.000000,0.000000
100,10.168375,0.001675,1.003124,0.000000,0.000000,1.000000,0.892164,1,0.000352,0.001489,1.177441,10.069462,1.510419,0.781250,0.000000,0.000000
101,10.018115,0.000000,0.996411,0.000000,0.000000,1.000000,0.900544,0,0.000180,0.001432,1.049785,9.898025,1.484704,0.781250,0.000000,0.000000
102,10.443687,0.000000,0.997040,0.000000,0.000000,1.000000,0.907391,0,0.000240,0.001632,0.940308,10.278998,1.541850,0.781250,0.000000,0.000000
103,10.430277,0.000000,0.997575,0.000000,0.000000,1.000000,0.914191,0,0.000160,0.001599,0.843962,10.223783,1.533567,0.781250,0.000000,0.000000
104,10.367674,0.000000,0.999537,0.000000,0.000000,1.000000,0.921000,0,0.000323,0.001541,0.755155,10.142780,1.521417,0.781250,0.000000,0.000000
105,10.601578,0.000000,0.998655,0.000000,0.000000,1.000000,0.924733,0,0.000170,0.001225,0.678557,10.379480,1.556922,0.781250,0.000000,0.000000
106,10.433013,0.000000,1.000180,0.000000,0.000000,1.000000,0.929279,0,0.000186,0.001711,0.610326,10.193117,1.528968,0.781250,0.000000,0.000000
107,10.515454,0.000000,1.000776,0.000000,0.000000,1.000000,0.933072,0,0.000321,0.001605,0.554573,10.298160,1.544724,0.781250,0.000000,0.000000
108,10.389291,0.000000,0.999907,0.000000,0.000000,1.000000,0.936079,0,0.000168,0.001638,0.505863,10.215795,1.532369,0.781250,0.000000,0.000000
109,10.493225,0.000000,1.001431,0.000000,0.000000,1.000000,0.938489,0,0.000340,0.001476,0.465032,10.295929,1.544389,0.781250,0.000000,0.000000
110,10.281409,0.000000,1.001625,0.000000,0.000000,1.000000,0.940808,0,0.000180,0.001520,0.430729,10.107911,1.516187,0.781250,0.000000,0.000000
111,10.281358,0.000000,1.002257,0.000000,0.000000,1.000000,0.943431,0,0.000187,0.001477,0.399414,10.082662,1.512399,0.781250,0.000000,0.000000
112,10.457795,0.000000,1.001790,0.000000,0.000000,1.000000,0.945170,0,0.000352,0.001577,0.374811,10.260505,1.539076,0.781250,0.000000,0.000000
113,10.368607,0.000000,1.001670,0.000000,0.000000,1.000000,0.947114,0,0.000202,0.001455,0.355009,10.144507,1.521676,0.781250,0.000000,0.000000
114,10.356490,0.000000,1.002331,0.000000,0.000000,1.000000,0.949276,0,0.000178,0.001652,0.335476,10.106398,1.515960,0.781250,0.000000,0.000000
115,10.697304,0.000000,1.002653,0.000000,0.000000,1.000000,0.951221,0,0.000397,0.001317,0.317759,10.452602,1.567890,0.781250,0.000000,0.000000
116,10.508295,0.000000,1.001594,0.000000,0.000000,1.000000,0.952769,0,0.000338,0.001777,0.300100,10.262400,1.539360,0.781250,0.000000,0.000000
117,10.510770,0.000000,1.002494,0.000000,0.000000,1.000000,0.954974,0,0.000211,0.001458,0.284205,10.287880,1.543182,0.781250,0.000000,0.000000
118,10.553181,0.000000,1.002177,0.000000,0.000000,1.000000,0.956420,0,0.000184,0.001483,0.269888,10.277286,1.541593,0.781250,0.000000,0.000000
119,10.564390,0.000000,1.001563,0.000000,0.000000,1.000000,0.958325,0,0.000181,0.001718,0.257003,10.267497,1.540124,0.781250,0.000000,0.000000
120,10.252263,0.002161,1.001748,0.000000,0.000000,1.000000,0.779133,1,0.000223,0.001576,3.596840,10.127123,1.519068,0.781250,0.000000,0.000000
121,10.227418,0.002015,1.001911,0.000000,0.000000,1.000000,0.794073,1,0.000172,0.001636,3.224112,10.114692,1.517204,0.781250,0.000000,0.000000
122,10.509721,0.001945,1.002033,0.000000,0.000000,1.000000,0.807986,1,0.000187,0.001505,2.887719,10.408196,1.561229,0.781250,0.000000,0.000000
123,10.237992,0.001601,1.002174,0.000000,0.000000,1.000000,0.820889,1,0.000165,0.001695,2.587667,10.146477,1.521972,0.781250,0.000000,0.000000
124,10.161381,0.001704,1.002353,0.000000,0.000000,1.000000,0.833389,1,0.000178,0.001588,2.318035,10.078870,1.511831,0.781250,0.000000,0.000000
125,10.557173,0.002048,1.002501,0.000000,0.000000,1.000000,0.845273,1,0.000167,0.001558,2.072818,10.482843,1.572426,0.781250,0.000000,0.000000
126,10.314208,0.001362,1.002602,0.000000,0.000000,1.000000,0.856927,1,0.000184,0.001338,1.852164,10.247304,1.537096,0.781250,0.000000,0.000000
127,10.369273,0.001782,1.002761,0.000000,0.000000,1.000000,0.866852,1,0.000182,0.001506,1.655730,10.308951,1.546343,0.781250,0.000000,0.000000
128,10.284673,0.001667,1.002883,0.000000,0.000000,1.000000,0.876688,1,0.000216,0.001578,1.477957,10.230357,1.534554,0.781250,0.000000,0.000000
129,10.275941,0.001699,1.002952,0.000000,0.000000,1.000000,0.883888,1,0.000201,0.006828,1.318194,10.227026,1.534054,0.781250,0.000000,0.000000
130,10.227426,0.001568,1.003124,0.000000,0.000000,1.000000,0.892164,1,0.000411,0.001602,1.177441,10.128513,1.519277,0.781250,0.000000,0.000000
131,10.209403,0.000000,0.996411,0.000000,0.000000,1.000000,0.900544,0,0.000290,0.001861,1.049785,10.089304,1.513396,0.781250,0.000000,0.000000
132,10.470956,0.000000,0.997040,0.000000,0.000000,1.000000,0.907391,0,0.000338,0.001811,0.940308,10.306254,1.545938,0.781250,0.000000,0.000000
133,10.334532,0.000000,0.997575,0.000000,0.000000,1.000000,0.914191,0,0.000183,0.001357,0.843962,10.128037,1.519206,0.781250,0.000000,0.000000
134,10.332374,0.000000,0.998155,0.000000,0.000000,1.000000,0.921000,0,0.000180,0.001407,0.755155,10.107475,1.516121,0.781250,0.000000,0.000000
135,10.615312,0.000000,0.999963,0.000000,0.000000,1.000000,0.925545,0,0.000348,0.001522,0.679604,10.372212,1.555832,0.781250,0.000000,0.000000
136,10.463331,0.000000,1.000180,0.000000,0.000000,1.000000,0.929012,0,0.000493,0.001652,0.610445,10.223432,1.533515,0.781250,0.000000,0.000000
137,10.416225,0.000000,1.000776,0.000000,0.000000,1.000000,0.932805,0,0.000337,0.001426,0.554704,10.198930,1.529840,0.781250,0.000000,0.000000
138,10.300140,0.000000,0.999907,0.000000,0.000000,1.000000,0.935813,0,0.000424,0.001335,0.506007,10.126643,1.518996,0.781250,0.000000,0.000000
139,10.277644,0.000000,1.001431,0.000000,0.000000,1.000000,0.938222,0,0.000204,0.001258,0.465188,10.104152,1.515623,0.781250,0.000000,0.000000
140,10.157395,0.000000,1.001625,0.000000,0.000000,1.000000,0.940541,0,0.000160,0.001454,0.430898,9.984099,1.497615,0.781250,0.000000,0.000000
141,10.162308,0.000000,1.002257,0.000000,0.000000,1.000000,0.943164,0,0.000166,0.001372,0.399596,9.963810,1.494571,0.781250,0.000000,0.000000
142,10.486185,0.000000,1.001790,0.000000,0.000000,1.000000,0.944903,0,0.000180,0.001548,0.375004,10.289090,1.543364,0.781250,0.000000,0.000000
143,10.268672,0.000000,1.001670,0.000000,0.000000,1.000000,0.946848,0,0.000182,0.001565,0.355213,10.044769,1.506715,0.781250,0.000000,0.000000
144,10.211482,0.000000,1.002331,0.000000,0.000000,1.000000,0.949010,0,0.000460,0.001414,0.335692,9.961583,1.494237,0.781250,0.000000,0.000000
145,10.502618,0.000000,1.002653,0.000000,0.000000,1.000000,0.950954,0,0.000188,0.001512,0.317987,10.258123,1.538719,0.781250,0.000000,0.000000
146,10.395369,0.000000,1.001594,0.000000,0.000000,1.000000,0.952503,0,0.000411,0.001438,0.300342,10.149670,1.522451,0.781250,0.000000,0.000000
147,10.346659,0.000000,1.002494,0.000000,0.000000,1.000000,0.954707,0,0.000187,0.001350,0.284460,10.123964,1.518595,0.781250,0.000000,0.000000
148,10.420564,0.000000,1.002177,0.000000,0.000000,1.000000,0.956153,0,0.000177,0.001648,0.270157,10.144866,1.521730,0.781250,0.000000,0.000000
149,10.298566,0.000000,1.002068,0.000000,0.000000,1.000000,0.958058,0,0.000180,0.001403,0.257285,10.001869,1.500280,0.781250,0.000000,0.000000
150,10.102394,0.001813,1.001748,0.000000,0.000000,1.000000,0.779133,1,0.000457,0.001814,3.596840,9.977274,1.496591,0.781250,0.000000,0.000000
151,9.998212,0.001700,1.001911,0.000000,0.000000,1.000000,0.794073,1,0.000161,0.001440,3.224112,9.885499,1.482825,0.781250,0.000000,0.000000
152,10.385440,0.001291,1.002033,0.000000,0.000000,1.000000,0.807986,1,0.000160,0.001698,2.887719,10.283944,1.542592,0.781250,0.000000,0.000000
153,10.359771,0.001590,1.002174,0.000000,0.000000,1.000000,0.820889,1,0.000359,0.001838,2.587667,10.268259,1.540239,0.781250,0.000000,0.000000
154,10.133651,0.001624,1.002353,0.000000,0.000000,1.000000,0.833389,1,0.000167,0.001911,2.318035,10.051133,1.507670,0.781250,0.000000,0.000000
155,10.327006,0.001584,1.002501,0.000000,0.000000,1.000000,0.845273,1,0.000160,0.001802,2.072818,10.252691,1.537904,0.781250,0.000000,0.000000
156,10.172133,0.001702,1.002602,0.000000,0.000000,1.000000,0.856927,1,0.000156,0.001823,1.852164,10.105225,1.515784,0.781250,0.000000,0.000000
157,10.392999,0.001733,1.002761,0.000000,0.000000,1.000000,0.866852,1,0.000340,0.001765,1.655730,10.332685,1.549903,0.781250,0.000000,0.000000
158,10.381079,0.002322,1.002883,0.000000,0.000000,1.000000,0.876688,1,0.000134,0.001592,1.477957,10.326739,1.549011,0.781250,0.000000,0.000000
159,10.445296,0.001936,1.002952,0.000000,0.000000,1.000000,0.883888,1,0.000100,0.001292,1.318194,10.396374,1.559456,0.781250,0.000000,0.000000
160,10.435098,0.002185,1.003124,0.000000,0.000000,1.000000,0.892164,1,0.000186,0.001703,1.177441,10.336161,1.550424,0.781250,0.000000,0.000000
161,10.373602,0.000000,0.996411,0.000000,0.000000,1.000000,0.900544,0,0.000167,0.001939,1.049785,10.253504,1.538026,0.781250,0.000000,0.000000
162,10.709915,0.000000,0.997040,0.000000,0.000000,1.000000,0.907391,0,0.000328,0.001945,0.940308,10.545208,1.581781,0.781250,0.000000,0.000000
163,10.374427,0.000000,0.997575,0.000000,0.000000,1.000000,0.914191,0,0.000167,0.001206,0.843962,10.167925,1.525189,0.781250,0.000000,0.000000
164,10.235935,0.000000,0.998155,0.000000,0.000000,1.000000,0.921000,0,0.000181,0.001631,0.755155,10.011039,1.501656,0.781250,0.000000,0.000000
165,10.616460,0.000000,0.999963,0.000000,0.000000,1.000000,0.925545,0,0.000357,0.001721,0.679604,10.373367,1.556005,0.781250,0.000000,0.000000
166,10.476512,0.000000,1.000180,0.000000,0.000000,1.000000,0.929012,0,0.000165,0.001337,0.610445,10.236614,1.535492,0.781250,0.000000,0.000000
167,10.439493,0.000000,1.000776,0.000000,0.000000,1.000000,0.932805,0,0.000180,0.001717,0.554704,10.222199,1.533330,0.781250,0.000000,0.000000
168,10.322656,0.000000,0.999907,0.000000,0.000000,1.000000,0.935813,0,0.000224,0.001776,0.506007,10.149164,1.522375,0.781250,0.000000,0.000000
169,10.378816,0.000000,1.001431,0.000000,0.000000,1.000000,0.938222,0,0.000217,0.001513,0.465188,10.205321,1.530798,0.781250,0.000000,0.000000
170,10.294539,0.000000,1.001625,0.000000,0.000000,1.000000,0.940541,0,0.000360,0.001732,0.430898,10.121239,1.518186,0.781250,0.000000,0.000000
171,10.316433,0.000000,1.002257,0.000000,0.000000,1.000000,0.943164,0,0.000177,0.002039,0.399596,10.117937,1.517691,0.781250,0.000000,0.000000
172,10.656163,0.000000,1.001790,0.000000,0.000000,1.000000,0.944903,0,0.000161,0.001573,0.375004,10.459067,1.568860,0.781250,0.000000,0.000000
173,10.519408,0.000000,1.001670,0.000000,0.000000,1.000000,0.946848,0,0.000308,0.001756,0.355213,10.295509,1.544326,0.781250,0.000000,0.000000
174,10.501283,0.000000,1.002080,0.000000,0.000000,1.000000,0.949010,0,0.000320,0.001338,0.335692,10.251389,1.537708,0.781250,0.000000,0.000000
175,10.662644,0.000000,1.002653,0.000000,0.000000,1.000000,0.951214,0,0.000245,0.001856,0.317966,10.415133,1.562270,0.781250,0.000000,0.000000
176,10.571340,0.000000,1.001984,0.000000,0.000000,1.000000,0.952763,0,0.000224,0.001387,0.300319,10.298248,1.544737,0.781250,0.000000,0.000000
177,10.571966,0.000000,1.001762,0.000000,0.000000,1.000000,0.954450,0,0.000199,0.001838,0.284161,10.326869,1.549030,0.781250,0.000000,0.000000
178,10.391709,0.000000,1.002177,0.000000,0.000000,1.000000,0.956450,0,0.000211,0.001074,0.270386,10.097017,1.514553,0.781250,0.000000,0.000000
179,10.391595,0.000000,1.002068,0.000000,0.000000,1.000000,0.958354,0,0.000182,0.001296,0.257525,10.075894,1.511384,0.781250,0.000000,0.000000
180,10.194085,0.002294,1.001748,0.000000,0.000000,1.000000,0.779133,1,0.000396,0.001661,3.596840,10.068937,1.510341,0.781250,0.000000,0.000000
181,10.146569,0.001634,1.001911,0.000000,0.000000,1.000000,0.794073,1,0.000168,0.001131,3.224112,10.033854,1.505078,0.781250,0.000000,0.000000
182,10.402418,0.001406,1.002033,0.000000,0.000000,1.000000,0.807986,1,0.000169,0.001217,2.887719,10.300911,1.545137,0.781250,0.000000,0.000000
183,10.266621,0.002095,1.002174,0.000000,0.000000,1.000000,0.820889,1,0.000161,0.001547,2.587667,10.175090,1.526263,0.781250,0.000000,0.000000
184,10.181695,0.001516,1.002353,0.000000,0.000000,1.000000,0.833389,1,0.000177,0.001690,2.318035,10.099183,1.514877,0.781250,0.000000,0.000000
185,10.543053,0.001531,1.002501,0.000000,0.000000,1.000000,0.845273,1,0.000369,0.001099,2.072818,10.468746,1.570312,0.781250,0.000000,0.000000
186,10.327362,0.001602,1.002602,0.000000,0.000000,1.000000,0.856927,1,0.000167,0.001625,1.852164,10.260457,1.539069,0.781250,0.000000,0.000000
187,10.259209,0.001577,1.002761,0.000000,0.000000,1.000000,0.866852,1,0.000164,0.001233,1.655730,10.198904,1.529836,0.781250,0.000000,0.000000
188,10.236573,0.001803,1.002883,0.000000,0.000000,1.000000,0.876688,1,0.000168,0.001483,1.477957,10.182259,1.527339,0.781250,0.000000,0.000000
189,10.262594,0.001625,1.002952,0.000000,0.000000,1.000000,0.883888,1,0.000163,0.001457,1.318194,10.213685,1.532053,0.781250,0.000000,0.000000
190,10.154808,0.001923,1.003124,0.000000,0.000000,1.000000,0.892164,1,0.000182,0.001344,1.177441,10.055875,1.508381,0.781250,0.000000,0.000000
191,10.217080,0.000000,0.996411,0.000000,0.000000,1.000000,0.900544,0,0.000168,0.001402,1.049785,10.096981,1.514547,0.781250,0.000000,0.000000
192,10.514992,0.000000,0.997040,0.000000,0.000000,1.000000,0.907391,0,0.000315,0.001241,0.940308,10.350290,1.552544,0.781250,0.000000,0.000000
193,10.462812,0.000000,0.997575,0.000000,0.000000,1.000000,0.914191,0,0.000405,0.001248,0.843962,10.256316,1.538447,0.781250,0.000000,0.000000
194,10.391604,0.000000,0.998155,0.000000,0.000000,1.000000,0.921000,0,0.000129,0.001118,0.755155,10.166711,1.525007,0.781250,0.000000,0.000000
195,10.642728,0.000000,0.999963,0.000000,0.000000,1.000000,0.925545,0,0.000213,0.001258,0.679604,10.399629,1.559944,0.781250,0.000000,0.000000
196,10.554686,0.000000,1.000180,0.000000,0.000000,1.000000,0.929012,0,0.000202,0.001624,0.610445,10.314795,1.547219,0.781250,0.000000,0.000000
197,10.629264,0.000000,1.000776,0.000000,0.000000,1.000000,0.932805,0,0.000192,0.001363,0.554704,10.411969,1.561795,0.781250,0.000000,0.000000
198,10.327949,0.000000,0.999907,0.000000,0.000000,1.000000,0.935813,0,0.000185,0.001368,0.506007,10.154448,1.523167,0.781250,0.000000,0.000000
199,10.327169,0.000000,1.001431,0.000000,0.000000,1.000000,0.938222,0,0.000375,0.001496,0.465188,10.153675,1.523051,0.781250,0.000000,0.000000
200,10.239394,0.000000,1.001625,0.000000,0.000000,1.000000,0.940541,0,0.000237,0.001558,0.430898,10.066101,1.509915,0.781250,0.000000,0.000000
201,10.168244,0.000000,1.002257,0.000000,0.000000,1.000000,0.943164,0,0.000171,0.001751,0.399596,9.969750,1.495462,0.781250,0.000000,0.000000
202,10.450988,0.000000,1.001790,0.000000,0.000000,1.000000,0.944903,0,0.000353,0.001330,0.375004,10.253884,1.538083,0.781250,0.000000,0.000000
203,10.374139,0.000000,1.001670,0.000000,0.000000,1.000000,0.946848,0,0.000165,0.001585,0.355213,10.150238,1.522536,0.781250,0.000000,0.000000
204,10.296470,0.000000,1.002331,0.000000,0.000000,1.000000,0.949010,0,0.000336,0.009480,0.335692,10.046567,1.506985,0.781250,0.000000,0.000000
205,10.646601,0.000000,1.002653,0.000000,0.000000,1.000000,0.950954,0,0.000157,0.001193,0.317987,10.402095,1.560314,0.781250,0.000000,0.000000
206,10.344487,0.000000,1.001594,0.000000,0.000000,1.000000,0.952503,0,0.000164,0.001736,0.300342,10.098798,1.514820,0.781250,0.000000,0.000000
207,10.337497,0.000000,1.002494,0.000000,0.000000,1.000000,0.954707,0,0.000369,0.001235,0.284460,10.114803,1.517220,0.781250,0.000000,0.000000
208,10.404633,0.000000,1.002177,0.000000,0.000000,1.000000,0.956153,0,0.000240,0.001475,0.270157,10.128940,1.519341,0.781250,0.000000,0.000000
209,10.407518,0.000000,1.002068,0.000000,0.000000,1.000000,0.958058,0,0.000163,0.001596,0.257285,10.110822,1.516623,0.781250,0.000000,0.000000
210,10.307331,0.002297,1.001748,0.000000,0.000000,1.000000,0.779133,1,0.000372,0.002031,3.596840,10.182193,1.527329,0.781250,0.000000,0.000000
211,10.079949,0.002029,1.001911,0.000000,0.000000,1.000000,0.794073,1,0.000164,0.001491,3.224112,9.967228,1.495084,0.781250,0.000000,0.000000
212,10.344325,0.001640,1.002033,0.000000,0.000000,1.000000,0.807986,1,0.000193,0.001249,2.887719,10.242816,1.536422,0.781250,0.000000,0.000000
213,10.255616,0.002090,1.002174,0.000000,0.000000,1.000000,0.820889,1,0.000190,0.001553,2.587667,10.164089,1.524613,0.781250,0.000000,0.000000
214,10.159901,0.002047,1.002353,0.000000,0.000000,1.000000,0.833389,1,0.000163,0.001266,2.318035,10.077370,1.511606,0.781250,0.000000,0.000000
215,10.584035,0.005825,1.002501,0.000000,0.000000,1.000000,0.845273,1,0.000161,0.001665,2.072818,10.509556,1.576433,0.781250,0.000000,0.000000
216,10.398057,0.001681,1.002602,0.000000,0.000000,1.000000,0.856927,1,0.000375,0.001740,1.852164,10.331147,1.549672,0.781250,0.000000,0.000000
217,10.352529,0.001640,1.002761,0.000000,0.000000,1.000000,0.866852,1,0.000239,0.001799,1.655730,10.292217,1.543833,0.781250,0.000000,0.000000
218,10.270606,0.001874,1.002883,0.000000,0.000000,1.000000,0.876688,1,0.000163,0.001550,1.477957,10.216290,1.532444,0.781250,0.000000,0.000000
219,10.295920,0.001739,1.002952,0.000000,0.000000,1.000000,0.883888,1,0.000160,0.001607,1.318194,10.247007,1.537051,0.781250,0.000000,0.000000
220,10.349904,0.001804,1.003124,0.000000,0.000000,1.000000,0.892164,1,0.000350,0.001327,1.177441,10.250986,1.537648,0.781250,0.000000,0.000000
221,10.221400,0.000000,0.996411,0.000000,0.000000,1.000000,0.900544,0,0.000404,0.001615,1.049785,10.101308,1.515196,0.781250,0.000000,0.000000
222,10.507979,0.000000,0.997040,0.000000,0.000000,1.000000,0.907391,0,0.000323,0.001578,0.940308,10.343282,1.551492,0.781250,0.000000,0.000000
223,10.336603,0.000000,0.997575,0.000000,0.000000,1.000000,0.914191,0,0.000317,0.001804,0.843962,10.130110,1.519517,0.781250,0.000000,0.000000
224,10.358809,0.000000,0.999537,0.000000,0.000000,1.000000,0.921000,0,0.000197,0.001488,0.755155,10.133918,1.520088,0.781250,0.000000,0.000000
225,10.551126,0.000000,0.998655,0.000000,0.000000,1.000000,0.924733,0,0.000409,0.001553,0.678557,10.329031,1.549355,0.781250,0.000000,0.000000
226,10.389087,0.000000,1.000180,0.000000,0.000000,1.000000,0.929279,0,0.000173,0.001600,0.610326,10.149189,1.522378,0.781250,0.000000,0.000000
227,10.424216,0.000000,1.000776,0.000000,0.000000,1.000000,0.933072,0,0.000353,0.001498,0.554573,10.206919,1.531038,0.781250,0.000000,0.000000
228,10.238832,0.000000,0.999907,0.000000,0.000000,1.000000,0.936079,0,0.000303,0.001923,0.505863,10.065335,1.509800,0.781250,0.000000,0.000000
229,10.263182,0.000000,1.001431,0.000000,0.000000,1.000000,0.938489,0,0.000182,0.001285,0.465032,10.065878,1.509882,0.781250,0.000000,0.000000
230,10.211157,0.000000,1.001625,0.000000,0.000000,1.000000,0.940808,0,0.000376,0.001674,0.430729,10.037664,1.505650,0.781250,0.000000,0.000000
231,10.198356,0.000000,1.002257,0.000000,0.000000,1.000000,0.943431,0,0.000188,0.001750,0.399414,9.999663,1.499949,0.781250,0.000000,0.000000
232,10.441536,0.000000,1.001790,0.000000,0.000000,1.000000,0.945170,0,0.000180,0.001675,0.374811,10.244246,1.536637,0.781250,0.000000,0.000000
233,10.371978,0.000000,1.001670,0.000000,0.000000,1.000000,0.947114,0,0.000185,0.001719,0.355009,10.147877,1.522182,0.781250,0.000000,0.000000
234,10.298486,0.000000,1.002331,0.000000,0.000000,1.000000,0.949276,0,0.000187,0.001557,0.335476,10.048399,1.507260,0.781250,0.000000,0.000000
235,10.579683,0.000000,1.002653,0.000000,0.000000,1.000000,0.951221,0,0.000214,0.001550,0.317759,10.334987,1.550248,0.781250,0.000000,0.000000
236,10.465717,0.000000,1.001594,0.000000,0.000000,1.000000,0.952769,0,0.000185,0.001390,0.300100,10.219826,1.532974,0.781250,0.000000,0.000000
237,10.480192,0.000000,1.002494,0.000000,0.000000,1.000000,0.954974,0,0.000193,0.001587,0.284205,10.257299,1.538595,0.781250,0.000000,0.000000
238,10.432658,0.000000,1.002177,0.000000,0.000000,1.000000,0.956420,0,0.000238,0.001430,0.269888,10.156764,1.523515,0.781250,0.000000,0.000000
239,10.427306,0.000000,1.001563,0.000000,0.000000,1.000000,0.958325,0,0.000167,0.001331,0.257003,10.130406,1.519561,0.781250,0.000000,0.000000
240,10.132895,0.001805,1.001748,0.000000,0.000000,1.000000,0.779133,1,0.000166,0.001825,3.596840,10.007774,1.501166,0.781250,0.000000,0.000000
241,10.050010,0.001432,1.001911,0.000000,0.000000,1.000000,0.794073,1,0.000224,0.002095,3.224112,9.937310,1.490597,0.781250,0.000000,0.000000
242,10.456191,0.001547,1.002033,0.000000,0.000000,1.000000,0.807986,1,0.000203,0.001848,2.887719,10.354688,1.553203,0.781250,0.000000,0.000000
243,10.362669,0.001762,1.002174,0.000000,0.000000,1.000000,0.820889,1,0.000167,0.001449,2.587667,10.271154,1.540673,0.781250,0.000000,0.000000
244,10.192076,0.001335,1.002353,0.000000,0.000000,1.000000,0.833389,1,0.000167,0.001928,2.318035,10.109578,1.516437,0.781250,0.000000,0.000000
245,10.383673,0.001491,1.002501,0.000000,0.000000,1.000000,0.845273,1,0.000217,0.001578,2.072818,10.309368,1.546405,0.781250,0.000000,0.000000
246,10.257942,0.001581,1.002602,0.000000,0.000000,1.000000,0.856927,1,0.000163,0.001694,1.852164,10.191032,1.528655,0.781250,0.000000,0.000000
247,10.255303,0.001586,1.002761,0.000000,0.000000,1.000000,0.866852,1,0.000164,0.001299,1.655730,10.194992,1.529249,0.781250,0.000000,0.000000
248,10.131762,0.001657,1.002883,0.000000,0.000000,1.000000,0.876688,1,0.000166,0.001610,1.477957,10.077452,1.511618,0.781250,0.000000,0.000000
249,10.137402,0.001905,1.002952,0.000000,0.000000,1.000000,0.883888,1,0.000163,0.001363,1.318194,10.088484,1.513273,0.781250,0.000000,0.000000
250,10.097630,0.001502,1.003124,0.000000,0.000000,1.000000,0.892164,1,0.000180,0.001483,1.177441,9.998728,1.499809,0.781250,0.000000,0.000000
251,10.110718,0.000000,0.996411,0.000000,0.000000,1.000000,0.900544,0,0.000213,0.001169,1.049785,9.990623,1.498593,0.781250,0.000000,0.000000
252,10.496185,0.000000,0.997040,0.000000,0.000000,1.000000,0.907391,0,0.000183,0.001497,0.940308,10.331490,1.549723,0.781250,0.000000,0.000000
253,10.412806,0.000000,0.997575,0.000000,0.000000,1.000000,0.914191,0,0.000183,0.001577,0.843962,10.206308,1.530946,0.781250,0.000000,0.000000
254,10.424564,0.000000,0.998155,0.000000,0.000000,1.000000,0.921000,0,0.000201,0.001914,0.755155,10.199667,1.529950,0.781250,0.000000,0.000000
255,10.599893,0.000000,0.999963,0.000000,0.000000,1.000000,0.925545,0,0.000228,0.001437,0.679604,10.356798,1.553520,0.781250,0.000000,0.000000
256,10.329257,0.000000,1.000180,0.000000,0.000000,1.000000,0.929012,0,0.000197,0.001455,0.610445,10.089366,1.513405,0.781250,0.000000,0.000000
257,10.389286,0.000000,1.000776,0.000000,0.000000,1.000000,0.932805,0,0.000179,0.001519,0.554704,10.171995,1.525799,0.781250,0.000000,0.000000
258,10.245701,0.000000,0.999907,0.000000,0.000000,1.000000,0.935813,0,0.000200,0.001460,0.506007,10.072205,1.510831,0.781250,0.000000,0.000000
259,10.314875,0.000000,1.001431,0.000000,0.000000,1.000000,0.938222,0,0.000174,0.002195,0.465188,10.141381,1.521207,0.781250,0.000000,0.000000
260,10.160280,0.000000,1.001625,0.000000,0.000000,1.000000,0.940541,0,0.000181,0.001677,0.430898,9.986991,1.498049,0.781250,0.000000,0.000000
261,10.180757,0.000000,1.002257,0.000000,0.000000,1.000000,0.943164,0,0.000444,0.001364,0.399596,9.982257,1.497339,0.781250,0.000000,0.000000
262,10.469466,0.000000,1.001790,0.000000,0.000000,1.000000,0.944903,0,0.000184,0.001563,0.375004,10.272364,1.540855,0.781250,0.000000,0.000000
263,10.405185,0.000000,1.001670,0.000000,0.000000,1.000000,0.946848,0,0.000328,0.002101,0.355213,10.181292,1.527194,0.781250,0.000000,0.000000
264,10.314711,0.000000,1.002080,0.000000,0.000000,1.000000,0.949010,0,0.000236,0.001614,0.335692,10.064822,1.509723,0.781250,0.000000,0.000000
265,10.528385,0.000000,1.002653,0.000000,0.000000,1.000000,0.951214,0,0.000180,0.001676,0.317966,10.280898,1.542135,0.781250,0.000000,0.000000
266,10.531146,0.000000,1.001984,0.000000,0.000000,1.000000,0.952763,0,0.000270,0.001373,0.300319,10.258050,1.538708,0.781250,0.000000,0.000000
267,10.579397,0.000000,1.001762,0.000000,0.000000,1.000000,0.954450,0,0.000178,0.001438,0.284161,10.334301,1.550145,0.781250,0.000000,0.000000
268,10.566080,0.000000,1.002177,0.000000,0.000000,1.000000,0.956450,0,0.000200,0.001489,0.270386,10.271381,1.540707,0.781250,0.000000,0.000000
269,10.469595,0.000000,1.002068,0.000000,0.000000,1.000000,0.958354,0,0.000179,0.001817,0.257525,10.153898,1.523085,0.781250,0.000000,0.000000
270,10.073392,0.002012,1.001748,0.000000,0.000000,1.000000,0.779133,1,0.000355,0.001594,3.596840,9.948267,1.492240,0.781250,0.000000,0.000000
271,10.054783,0.002064,1.001911,0.000000,0.000000,1.000000,0.794073,1,0.000168,0.001474,3.224112,9.942057,1.491308,0.781250,0.000000,0.000000
272,10.307687,0.001553,1.002033,0.000000,0.000000,1.000000,0.807986,1,0.000378,0.001791,2.887719,10.206180,1.530927,0.781250,0.000000,0.000000
273,10.226157,0.001663,1.002174,0.000000,0.000000,1.000000,0.820889,1,0.000165,0.001595,2.587667,10.134648,1.520197,0.781250,0.000000,0.000000
274,10.150014,0.001753,1.002353,0.000000,0.000000,1.000000,0.833389,1,0.000158,0.001180,2.318035,10.067501,1.510125,0.781250,0.000000,0.000000
275,10.463149,0.001863,1.002501,0.000000,0.000000,1.000000,0.845273,1,0.000163,0.001370,2.072818,10.388832,1.558325,0.781250,0.000000,0.000000
276,10.228619,0.001949,1.002602,0.000000,0.000000,1.000000,0.856927,1,0.000375,0.001675,1.852164,10.161698,1.524255,0.781250,0.000000,0.000000
277,10.394320,0.002040,1.002761,0.000000,0.000000,1.000000,0.866852,1,0.000170,0.001735,1.655730,10.333999,1.550100,0.781250,0.000000,0.000000
278,10.186365,0.001557,1.002883,0.000000,0.000000,1.000000,0.876688,1,0.000180,0.001456,1.477957,10.132062,1.519809,0.781250,0.000000,0.000000
279,10.104093,0.001779,1.002952,0.000000,0.000000,1.000000,0.883888,1,0.000168,0.001612,1.318194,10.055174,1.508276,0.781250,0.000000,0.000000
280,10.094999,0.001619,1.003124,0.000000,0.000000,1.000000,0.892164,1,0.000195,0.001862,1.177441,9.996091,1.499414,0.781250,0.000000,0.000000
281,10.055124,0.000000,0.996411,0.000000,0.000000,1.000000,0.900544,0,0.000170,0.001659,1.049785,9.935033,1.490255,0.781250,0.000000,0.000000
282,10.515758,0.000000,0.997040,0.000000,0.000000,1.000000,0.907391,0,0.000344,0.001471,0.940308,10.351061,1.552659,0.781250,0.000000,0.000000
283,10.249573,0.000000,0.997575,0.000000,0.000000,1.000000,0.914191,0,0.000270,0.001735,0.843962,10.043081,1.506462,0.781250,0.000000,0.000000
284,10.208080,0.000000,0.999537,0.000000,0.000000,1.000000,0.921000,0,0.000257,0.001623,0.755155,9.983186,1.497478,0.781250,0.000000,0.000000
285,10.456955,0.000000,0.998655,0.000000,0.000000,1.000000,0.924733,0,0.000291,0.001329,0.678557,10.234862,1.535229,0.781250,0.000000,0.000000
286,10.314227,0.000000,1.000180,0.000000,0.000000,1.000000,0.929279,0,0.000187,0.001598,0.610326,10.074337,1.511151,0.781250,0.000000,0.000000
287,10.398323,0.000000,1.000776,0.000000,0.000000,1.000000,0.933072,0,0.000196,0.001616,0.554573,10.181032,1.527155,0.781250,0.000000,0.000000
288,10.406718,0.000000,0.999907,0.000000,0.000000,1.000000,0.936079,0,0.000186,0.001604,0.505863,10.233221,1.534983,0.781250,0.000000,0.000000
289,10.223796,0.000000,1.001431,0.000000,0.000000,1.000000,0.938489,0,0.000185,0.001393,0.465032,10.026502,1.503975,0.781250,0.000000,0.000000
290,10.068710,0.000000,1.001625,0.000000,0.000000,1.000000,0.940808,0,0.000199,0.001686,0.430729,9.895219,1.484283,0.781250,0.000000,0.000000
291,10.060164,0.000000,1.002257,0.000000,0.000000,1.000000,0.943431,0,0.000305,0.001327,0.399414,9.861467,1.479220,0.781250,0.000000,0.000000
292,10.376253,0.000000,1.001790,0.000000,0.000000,1.000000,0.945170,0,0.000183,0.001184,0.374811,10.178965,1.526845,0.781250,0.000000,0.000000
293,10.275388,0.000000,1.001670,0.000000,0.000000,1.000000,0.947114,0,0.000186,0.001237,0.355009,10.051297,1.507694,0.781250,0.000000,0.000000
294,10.266732,0.000000,1.002080,0.000000,0.000000,1.000000,0.949276,0,0.000297,0.001252,0.335476,10.016639,1.502496,0.781250,0.000000,0.000000
295,10.515404,0.000000,1.002653,0.000000,0.000000,1.000000,0.951481,0,0.000190,0.001358,0.317737,10.267709,1.540156,0.781250,0.000000,0.000000
296,10.436960,0.000000,1.001984,0.000000,0.000000,1.000000,0.953030,0,0.000184,0.001257,0.300077,10.163666,1.524550,0.781250,0.000000,0.000000
297,10.368134,0.000000,1.001762,0.000000,0.000000,1.000000,0.954716,0,0.000245,0.001446,0.283905,10.122845,1.518427,0.781250,0.000000,0.000000
298,10.290058,0.000000,1.002177,0.000000,0.000000,1.000000,0.956716,0,0.000202,0.001269,0.270117,9.995167,1.499275,0.781250,0.000000,0.000000
299,10.344584,0.000000,1.002416,0.000000,0.000000,1.000000,0.958621,0,0.000242,0.001634,0.257243,10.028692,1.504304,0.781250,0.000000,0.000000
300,10.042694,0.001916,1.001748,0.000000,0.000000,1.000000,0.779133,1,0.000179,0.001608,3.596840,9.917575,1.487636,0.781250,0.000000,0.000000
301,10.050808,0.001723,1.001911,0.000000,0.000000,1.000000,0.794073,1,0.000196,0.001192,3.224112,9.938089,1.490713,0.781250,0.000000,0.000000
302,10.271786,0.001666,1.002033,0.000000,0.000000,1.000000,0.807986,1,0.000167,0.001240,2.887719,10.170275,1.525541,0.781250,0.000000,0.000000
303,10.119226,0.001590,1.002174,0.000000,0.000000,1.000000,0.820889,1,0.000164,0.001496,2.587667,10.027720,1.504158,0.781250,0.000000,0.000000
304,10.054307,0.001601,1.002353,0.000000,0.000000,1.000000,0.833389,1,0.000162,0.001249,2.318035,9.971801,1.495770,0.781250,0.000000,0.000000
305,10.301293,0.001319,1.002501,0.000000,0.000000,1.000000,0.845273,1,0.000167,0.001294,2.072818,10.226999,1.534050,0.781250,0.000000,0.000000
306,10.135808,0.001607,1.002602,0.000000,0.000000,1.000000,0.856927,1,0.000160,0.001323,1.852164,10.068902,1.510335,0.781250,0.000000,0.000000
307,10.161121,0.001535,1.002761,0.000000,0.000000,1.000000,0.866852,1,0.000165,0.001294,1.655730,10.100818,1.515123,0.781250,0.000000,0.000000
308,10.096728,0.001723,1.002883,0.000000,0.000000,1.000000,0.876688,1,0.000367,0.001352,1.477957,10.042415,1.506362,0.781250,0.000000,0.000000
309,10.058430,0.001403,1.002952,0.000000,0.000000,1.000000,0.883888,1,0.000167,0.001231,1.318194,10.009529,1.501429,0.781250,0.000000,0.000000
310,10.008555,0.001591,1.003124,0.000000,0.000000,1.000000,0.892164,1,0.000208,0.001416,1.177441,9.909646,1.486447,0.781250,0.000000,0.000000
311,9.999922,0.000000,0.996411,0.000000,0.000000,1.000000,0.900544,0,0.000412,0.001782,1.049785,9.879833,1.481975,0.781250,0.000000,0.000000
312,10.435849,0.000000,0.997040,0.000000,0.000000,1.000000,0.907391,0,0.000356,0.001744,0.940308,10.271159,1.540674,0.781250,0.000000,0.000000
313,10.253541,0.000000,0.997575,0.000000,0.000000,1.000000,0.914191,0,0.000323,0.001541,0.843962,10.047047,1.507057,0.781250,0.000000,0.000000
314,10.160564,0.000000,0.999537,0.000000,0.000000,1.000000,0.921000,0,0.000228,0.001674,0.755155,9.935671,1.490351,0.781250,0.000000,0.000000
315,10.442208,0.000000,0.998655,0.000000,0.000000,1.000000,0.924733,0,0.000177,0.001775,0.678557,10.220117,1.533017,0.781250,0.000000,0.000000
316,10.308438,0.000000,1.000180,0.000000,0.000000,1.000000,0.929279,0,0.000216,0.001376,0.610326,10.068541,1.510281,0.781250,0.000000,0.000000
317,10.346895,0.000000,1.000776,0.000000,0.000000,1.000000,0.933072,0,0.000186,0.001273,0.554573,10.129594,1.519439,0.781250,0.000000,0.000000
318,10.164890,0.000000,0.999907,0.000000,0.000000,1.000000,0.936079,0,0.000203,0.001513,0.505863,9.991385,1.498708,0.781250,0.000000,0.000000
319,10.210715,0.000000,1.001431,0.000000,0.000000,1.000000,0.938489,0,0.000189,0.001496,0.465032,10.013423,1.502013,0.781250,0.000000,0.000000
320,10.096269,0.000000,1.001625,0.000000,0.000000,1.000000,0.940808,0,0.000205,0.001375,0.430729,9.922776,1.488416,0.781250,0.000000,0.000000
321,10.071571,0.000000,1.002257,0.000000,0.000000,1.000000,0.943431,0,0.000295,0.001400,0.399414,9.872878,1.480932,0.781250,0.000000,0.000000
322,10.347861,0.000000,1.001790,0.000000,0.000000,1.000000,0.945170,0,0.000182,0.001632,0.374811,10.150563,1.522584,0.781250,0.000000,0.000000
323,10.298942,0.000000,1.001670,0.000000,0.000000,1.000000,0.947114,0,0.000179,0.001760,0.355009,10.074850,1.511227,0.781250,0.000000,0.000000
324,10.286949,0.000000,1.002331,0.000000,0.000000,1.000000,0.949276,0,0.000212,0.001267,0.335476,10.036854,1.505528,0.781250,0.000000,0.000000
325,10.525083,0.000000,1.002653,0.000000,0.000000,1.000000,0.951221,0,0.000195,0.001876,0.317759,10.280390,1.542059,0.781250,0.000000,0.000000
326,10.442032,0.000000,1.001594,0.000000,0.000000,1.000000,0.952769,0,0.000363,0.001697,0.300100,10.196138,1.529421,0.781250,0.000000,0.000000
327,10.380220,0.000000,1.002494,0.000000,0.000000,1.000000,0.954974,0,0.000189,0.001572,0.284205,10.157323,1.523598,0.781250,0.000000,0.000000
328,10.285056,0.000000,1.002177,0.000000,0.000000,1.000000,0.956420,0,0.000180,0.001547,0.269888,10.009158,1.501374,0.781250,0.000000,0.000000
329,10.295055,0.000000,1.001563,0.000000,0.000000,1.000000,0.958325,0,0.000195,0.001595,0.257003,9.998163,1.499724,0.781250,0.000000,0.000000
330,10.012981,0.001845,1.001748,0.000000,0.000000,1.000000,0.779133,1,0.000394,0.001306,3.596840,9.887866,1.483180,0.781250,0.000000,0.000000
331,10.062682,0.001554,1.001911,0.000000,0.000000,1.000000,0.794073,1,0.000163,0.001364,3.224112,9.949978,1.492497,0.781250,0.000000,0.000000
332,10.343662,0.001846,1.002033,0.000000,0.000000,1.000000,0.807986,1,0.000160,0.001693,2.887719,10.242143,1.536321,0.781250,0.000000,0.000000
333,10.192464,0.002147,1.002174,0.000000,0.000000,1.000000,0.820889,1,0.000167,0.001502,2.587667,10.100939,1.515141,0.781250,0.000000,0.000000
334,10.053935,0.001664,1.002353,0.000000,0.000000,1.000000,0.833389,1,0.000169,0.001555,2.318035,9.971426,1.495714,0.781250,0.000000,0.000000
335,10.392608,0.001650,1.002501,0.000000,0.000000,1.000000,0.845273,1,0.000166,0.001458,2.072818,10.318302,1.547745,0.781250,0.000000,0.000000
336,10.216684,0.001990,1.002602,0.000000,0.000000,1.000000,0.856927,1,0.000172,0.001483,1.852164,10.149762,1.522464,0.781250,0.000000,0.000000
337,10.191461,0.001844,1.002761,0.000000,0.000000,1.000000,0.866852,1,0.000168,0.001524,1.655730,10.131145,1.519672,0.781250,0.000000,0.000000
338,10.068230,0.001619,1.002883,0.000000,0.000000,1.000000,0.876688,1,0.000165,0.001436,1.477957,10.013924,1.502089,0.781250,0.000000,0.000000
339,10.059543,0.001860,1.002952,0.000000,0.000000,1.000000,0.883888,1,0.000164,0.001770,1.318194,10.010627,1.501594,0.781250,0.000000,0.000000
340,10.016336,0.001622,1.003124,0.000000,0.000000,1.000000,0.892164,1,0.000168,0.001536,1.177441,9.917427,1.487614,0.781250,0.000000,0.000000
341,9.986378,0.000000,0.996411,0.000000,0.000000,1.000000,0.900544,0,0.000166,0.001104,1.049785,9.866288,1.479943,0.781250,0.000000,0.000000
342,10.322593,0.000000,0.997040,0.000000,0.000000,1.000000,0.907391,0,0.000182,0.001176,0.940308,10.157907,1.523686,0.781250,0.000000,0.000000
343,10.264567,0.000000,0.997575,0.000000,0.000000,1.000000,0.914191,0,0.000178,0.001266,0.843962,10.058076,1.508711,0.781250,0.000000,0.000000
344,10.164985,0.000000,0.999537,0.000000,0.000000,1.000000,0.921000,0,0.000235,0.001518,0.755155,9.940096,1.491014,0.781250,0.000000,0.000000
345,10.458529,0.000000,0.998655,0.000000,0.000000,1.000000,0.924733,0,0.000180,0.001633,0.678557,10.236439,1.535466,0.781250,0.000000,0.000000
346,10.332088,0.000000,1.000180,0.000000,0.000000,1.000000,0.929279,0,0.000373,0.001730,0.610326,10.092193,1.513829,0.781250,0.000000,0.000000
347,10.387121,0.000000,1.000776,0.000000,0.000000,1.000000,0.933072,0,0.000182,0.001266,0.554573,10.169830,1.525475,0.781250,0.000000,0.000000
348,10.192751,0.000000,0.999907,0.000000,0.000000,1.000000,0.936079,0,0.000183,0.001299,0.505863,10.019261,1.502889,0.781250,0.000000,0.000000
349,10.186700,0.000000,1.001431,0.000000,0.000000,1.000000,0.938489,0,0.000218,0.001461,0.465032,9.989412,1.498412,0.781250,0.000000,0.000000
350,10.092199,0.000000,1.002130,0.000000,0.000000,1.000000,0.940808,0,0.000200,0.001441,0.430729,9.918703,1.487805,0.781250,0.000000,0.000000
351,10.102029,0.000000,1.001808,0.000000,0.000000,1.000000,0.942795,0,0.000207,0.001253,0.399250,9.908535,1.486280,0.781250,0.000000,0.000000
352,10.392214,0.000000,1.001790,0.000000,0.000000,1.000000,0.945090,0,0.000182,0.001707,0.374778,10.166526,1.524979,0.781250,0.000000,0.000000
353,10.243629,0.000000,1.001670,0.000000,0.000000,1.000000,0.947035,0,0.000343,0.001629,0.354974,10.019542,1.502931,0.781250,0.000000,0.000000
354,10.196865,0.000000,1.002331,0.000000,0.000000,1.000000,0.949197,0,0.000299,0.001280,0.335440,9.946768,1.492015,0.781250,0.000000,0.000000
355,10.484970,0.000000,1.002653,0.000000,0.000000,1.000000,0.951141,0,0.000181,0.001106,0.317720,10.240276,1.536041,0.781250,0.000000,0.000000
356,10.305180,0.000000,1.001594,0.000000,0.000000,1.000000,0.952690,0,0.000227,0.001146,0.300059,10.059290,1.508893,0.781250,0.000000,0.000000
357,10.331821,0.000000,1.002494,0.000000,0.000000,1.000000,0.954895,0,0.000390,0.001352,0.284162,10.108929,1.516339,0.781250,0.000000,0.000000
358,10.321113,0.000000,1.002177,0.000000,0.000000,1.000000,0.956340,0,0.000354,0.001614,0.269843,10.045221,1.506783,0.781250,0.000000,0.000000
359,10.324402,0.000000,1.001563,0.000000,0.000000,1.000000,0.958245,0,0.000357,0.001240,0.256955,10.027516,1.504127,0.781250,0.000000,0.000000
360,10.089083,0.002158,1.001748,0.000000,0.000000,1.000000,0.779133,1,0.000305,0.001715,3.596840,9.963946,1.494592,0.781250,0.000000,0.000000
361,9.948358,0.001881,1.001911,0.000000,0.000000,1.000000,0.794073,1,0.000166,0.001663,3.224112,9.835641,1.475346,0.781250,0.000000,0.000000
362,10.280827,0.004126,1.002033,0.000000,0.000000,1.000000,0.807986,1,0.000161,0.001479,2.887719,10.179218,1.526883,0.781250,0.000000,0.000000
363,10.077788,0.001294,1.002174,0.000000,0.000000,1.000000,0.820889,1,0.000195,0.001662,2.587667,9.986293,1.497944,0.781250,0.000000,0.000000
364,10.017322,0.001572,1.002353,0.000000,0.000000,1.000000,0.833389,1,0.000261,0.001390,2.318035,9.934814,1.490222,0.781250,0.000000,0.000000
365,10.279583,0.001591,1.002501,0.000000,0.000000,1.000000,0.845273,1,0.000102,0.001327,2.072818,10.205274,1.530791,0.781250,0.000000,0.000000
366,10.210538,0.001548,1.002602,0.000000,0.000000,1.000000,0.856927,1,0.000163,0.001446,1.852164,10.143636,1.521545,0.781250,0.000000,0.000000
367,10.186232,0.001448,1.002761,0.000000,0.000000,1.000000,0.866852,1,0.000385,0.001567,1.655730,10.125931,1.518890,0.781250,0.000000,0.000000
368,10.065935,0.001996,1.002883,0.000000,0.000000,1.000000,0.876688,1,0.000156,0.001770,1.477957,10.011613,1.501742,0.781250,0.000000,0.000000
369,10.037950,0.001620,1.002952,0.000000,0.000000,1.000000,0.883888,1,0.000327,0.001899,1.318194,9.989043,1.498356,0.781250,0.000000,0.000000
370,10.033097,0.001489,1.003124,0.000000,0.000000,1.000000,0.892164,1,0.000427,0.001815,1.177441,9.934195,1.490129,0.781250,0.000000,0.000000
371,10.029338,0.000000,0.996411,0.000000,0.000000,1.000000,0.900544,0,0.000175,0.001098,1.049785,9.909250,1.486387,0.781250,0.000000,0.000000
372,10.286924,0.000000,0.997040,0.000000,0.000000,1.000000,0.907391,0,0.000234,0.001408,0.940308,10.122235,1.518335,0.781250,0.000000,0.000000
373,10.220036,0.000000,0.997575,0.000000,0.000000,1.000000,0.914191,0,0.000174,0.001526,0.843962,10.013538,1.502031,0.781250,0.000000,0.000000
374,10.155107,0.000000,0.999537,0.000000,0.000000,1.000000,0.921000,0,0.000161,0.001676,0.755155,9.930206,1.489531,0.781250,0.000000,0.000000
375,10.429042,0.000000,0.998655,0.000000,0.000000,1.000000,0.924733,0,0.000194,0.001173,0.678557,10.206947,1.531042,0.781250,0.000000,0.000000
376,10.297049,0.000000,1.000180,0.000000,0.000000,1.000000,0.929279,0,0.000181,0.001317,0.610326,10.057150,1.508573,0.781250,0.000000,0.000000
377,10.323328,0.000000,1.000776,0.000000,0.000000,1.000000,0.933072,0,0.000205,0.001383,0.554573,10.106032,1.515905,0.781250,0.000000,0.000000
378,10.217087,0.000000,0.999907,0.000000,0.000000,1.000000,0.936079,0,0.000372,0.001280,0.505863,10.043594,1.506539,0.781250,0.000000,0.000000
379,10.217517,0.000000,1.001431,0.000000,0.000000,1.000000,0.938489,0,0.000179,0.001304,0.465032,10.020224,1.503034,0.781250,0.000000,0.000000
380,10.087529,0.000000,1.001625,0.000000,0.000000,1.000000,0.940808,0,0.000332,0.002117,0.430729,9.914038,1.487106,0.781250,0.000000,0.000000
381,10.082126,0.000000,1.002257,0.000000,0.000000,1.000000,0.943431,0,0.000175,0.001561,0.399414,9.883433,1.482515,0.781250,0.000000,0.000000
382,10.400838,0.000000,1.001790,0.000000,0.000000,1.000000,0.945170,0,0.000165,0.001840,0.374811,10.203541,1.530531,0.781250,0.000000,0.000000
383,10.307199,0.000000,1.001670,0.000000,0.000000,1.000000,0.947114,0,0.000195,0.001458,0.355009,10.083101,1.512465,0.781250,0.000000,0.000000
384,10.363033,0.000000,1.002331,0.000000,0.000000,1.000000,0.949276,0,0.000195,0.001400,0.335476,10.112934,1.516940,0.781250,0.000000,0.000000
385,10.712461,0.000000,1.002653,0.000000,0.000000,1.000000,0.951221,0,0.000178,0.001787,0.317759,10.467758,1.570164,0.781250,0.000000,0.000000
386,10.351782,0.000000,1.001594,0.000000,0.000000,1.000000,0.952769,0,0.008883,0.001451,0.300100,10.105885,1.515883,0.781250,0.000000,0.000000
387,10.353248,0.000000,1.002494,0.000000,0.000000,1.000000,0.954974,0,0.000102,0.001407,0.284205,10.130353,1.519553,0.781250,0.000000,0.000000
388,10.379234,0.000000,1.002177,0.000000,0.000000,1.000000,0.956420,0,0.000096,0.001605,0.269888,10.103343,1.515501,0.781250,0.000000,0.000000
389,10.508953,0.000000,1.001563,0.000000,0.000000,1.000000,0.958325,0,0.000162,0.001624,0.257003,10.212054,1.531808,0.781250,0.000000,0.000000
390,10.385889,0.002471,1.001748,0.000000,0.000000,1.000000,0.779133,1,0.000181,0.001256,3.596840,10.260730,1.539110,0.781250,0.000000,0.000000
391,10.234434,0.002030,1.001911,0.000000,0.000000,1.000000,0.794073,1,0.000219,0.001123,3.224112,10.121696,1.518254,0.781250,0.000000,0.000000
392,10.592241,0.001931,1.002033,0.000000,0.000000,1.000000,0.807986,1,0.000172,0.001510,2.887719,10.490713,1.573607,0.781250,0.000000,0.000000
393,10.413264,0.001645,1.002174,0.000000,0.000000,1.000000,0.820889,1,0.000171,0.001727,2.587667,10.321756,1.548263,0.781250,0.000000,0.000000
394,10.340266,0.001884,1.002353,0.000000,0.000000,1.000000,0.833389,1,0.000186,0.001480,2.318035,10.257740,1.538661,0.781250,0.000000,0.000000
395,10.525022,0.001775,1.002501,0.000000,0.000000,1.000000,0.845273,1,0.000203,0.001199,2.072818,10.450705,1.567606,0.781250,0.000000,0.000000
396,10.324501,0.001746,1.002602,0.000000,0.000000,1.000000,0.856927,1,0.000262,0.001369,1.852164,10.257577,1.538637,0.781250,0.000000,0.000000
397,10.357635,0.001698,1.002761,0.000000,0.000000,1.000000,0.866852,1,0.000170,0.001621,1.655730,10.297321,1.544598,0.781250,0.000000,0.000000
398,10.156992,0.001741,1.002883,0.000000,0.000000,1.000000,0.876688,1,0.000165,0.001391,1.477957,10.102666,1.515400,0.781250,0.000000,0.000000
399,10.175340,0.001646,1.002952,0.000000,0.000000,1.000000,0.883888,1,0.000313,0.001430,1.318194,10.126430,1.518965,0.781250,0.000000,0.000000
400,10.056650,0.001595,1.003124,0.000000,0.000000,1.000000,0.892164,1,0.000188,0.001295,1.177441,9.957741,1.493661,0.781250,0.000000,0.000000
401,10.127884,0.000000,0.996411,0.000000,0.000000,1.000000,0.900544,0,0.000163,0.001394,1.049785,10.007788,1.501168,0.781250,0.000000,0.000000
402,10.377388,0.000000,0.997040,0.000000,0.000000,1.000000,0.907391,0,0.000338,0.001411,0.940308,10.212693,1.531904,0.781250,0.000000,0.000000
403,10.353123,0.000000,0.997575,0.000000,0.000000,1.000000,0.914191,0,0.000365,0.001498,0.843962,10.146621,1.521993,0.781250,0.000000,0.000000
404,10.409780,0.000000,0.999537,0.000000,0.000000,1.000000,0.921000,0,0.000181,0.001505,0.755155,10.184885,1.527733,0.781250,0.000000,0.000000
405,10.534564,0.000000,0.998655,0.000000,0.000000,1.000000,0.924733,0,0.000184,0.001601,0.678557,10.312464,1.546870,0.781250,0.000000,0.000000
406,10.509329,0.000000,1.000180,0.000000,0.000000,1.000000,0.929279,0,0.000212,0.001699,0.610326,10.269426,1.540414,0.781250,0.000000,0.000000
407,10.400854,0.000000,1.000776,0.000000,0.000000,1.000000,0.933072,0,0.000185,0.001699,0.554573,10.183551,1.527533,0.781250,0.000000,0.000000
408,10.327607,0.000000,0.999907,0.000000,0.000000,1.000000,0.936079,0,0.000189,0.001191,0.505863,10.154104,1.523116,0.781250,0.000000,0.000000
409,10.314495,0.000000,1.001431,0.000000,0.000000,1.000000,0.938489,0,0.000319,0.001197,0.465032,10.117202,1.517580,0.781250,0.000000,0.000000
410,10.201803,0.000000,1.001625,0.000000,0.000000,1.000000,0.940808,0,0.000180,0.001482,0.430729,10.028305,1.504246,0.781250,0.000000,0.000000
411,10.116162,0.000000,1.002257,0.000000,0.000000,1.000000,0.943431,0,0.000410,0.001508,0.399414,9.917468,1.487620,0.781250,0.000000,0.000000
412,10.390048,0.000000,1.001790,0.000000,0.000000,1.000000,0.945170,0,0.000367,0.001483,0.374811,10.192753,1.528913,0.781250,0.000000,0.000000
413,10.275378,0.000000,1.001670,0.000000,0.000000,1.000000,0.947114,0,0.000369,0.001386,0.355009,10.051284,1.507693,0.781250,0.000000,0.000000
414,10.225471,0.000000,1.002080,0.000000,0.000000,1.000000,0.949276,0,0.000252,0.001238,0.335476,9.975365,1.496305,0.781250,0.000000,0.000000
415,10.505999,0.000000,1.002653,0.000000,0.000000,1.000000,0.951481,0,0.000377,0.001764,0.317737,10.258307,1.538746,0.781250,0.000000,0.000000
416,10.409690,0.000000,1.001984,0.000000,0.000000,1.000000,0.953030,0,0.000178,0.001451,0.300077,10.136392,1.520459,0.781250,0.000000,0.000000
417,10.490596,0.000000,1.001762,0.000000,0.000000,1.000000,0.954716,0,0.000185,0.001441,0.283905,10.245299,1.536795,0.781250,0.000000,0.000000
418,10.363256,0.000000,1.002177,0.000000,0.000000,1.000000,0.956716,0,0.000195,0.002011,0.270117,10.068360,1.510254,0.781250,0.000000,0.000000
419,10.296389,0.000000,1.002416,0.000000,0.000000,1.000000,0.958621,0,0.000182,0.001896,0.257243,9.980493,1.497074,0.781250,0.000000,0.000000
420,10.035756,0.001841,1.001748,0.000000,0.000000,1.000000,0.779133,1,0.000232,0.001546,3.596840,9.910638,1.486596,0.781250,0.000000,0.000000
421,10.013799,0.002044,1.001911,0.000000,0.000000,1.000000,0.794073,1,0.000162,0.001514,3.224112,9.901073,1.485161,0.781250,0.000000,0.000000
422,10.286211,0.001733,1.002033,0.000000,0.000000,1.000000,0.807986,1,0.000163,0.001962,2.887719,10.184693,1.527704,0.781250,0.000000,0.000000
423,10.109104,0.001364,1.002174,0.000000,0.000000,1.000000,0.820889,1,0.000171,0.001637,2.587667,10.017608,1.502641,0.781250,0.000000,0.000000
424,10.118071,0.001807,1.002353,0.000000,0.000000,1.000000,0.833389,1,0.000161,0.001485,2.318035,10.035555,1.505333,0.781250,0.000000,0.000000
425,10.320112,0.001641,1.002501,0.000000,0.000000,1.000000,0.845273,1,0.000411,0.001517,2.072818,10.245804,1.536871,0.781250,0.000000,0.000000
426,10.190532,0.001569,1.002602,0.000000,0.000000,1.000000,0.856927,1,0.000296,0.001573,1.852164,10.123625,1.518544,0.781250,0.000000,0.000000
427,10.222405,0.001904,1.002761,0.000000,0.000000,1.000000,0.866852,1,0.000161,0.001555,1.655730,10.162088,1.524313,0.781250,0.000000,0.000000
428,10.165193,0.001602,1.002883,0.000000,0.000000,1.000000,0.876688,1,0.000171,0.002005,1.477957,10.110888,1.516633,0.781250,0.000000,0.000000
429,10.135988,0.001654,1.002952,0.000000,0.000000,1.000000,0.883888,1,0.000181,0.001531,1.318194,10.087080,1.513062,0.781250,0.000000,0.000000
430,10.054136,0.001622,1.003124,0.000000,0.000000,1.000000,0.892164,1,0.000183,0.002111,1.177441,9.955222,1.493283,0.781250,0.000000,0.000000
431,10.020690,0.000000,0.996411,0.000000,0.000000,1.000000,0.900544,0,0.000416,0.001810,1.049785,9.900604,1.485091,0.781250,0.000000,0.000000
432,10.385077,0.000000,0.997040,0.000000,0.000000,1.000000,0.907391,0,0.000404,0.001778,0.940308,10.220382,1.533057,0.781250,0.000000,0.000000
433,10.353697,0.000000,0.997575,0.000000,0.000000,1.000000,0.914191,0,0.000183,0.001504,0.843962,10.147203,1.522080,0.781250,0.000000,0.000000
434,10.166026,0.000000,0.999537,0.000000,0.000000,1.000000,0.921000,0,0.000209,0.001771,0.755155,9.941131,1.491170,0.781250,0.000000,0.000000
435,10.463021,0.000000,0.998655,0.000000,0.000000,1.000000,0.924733,0,0.000182,0.001517,0.678557,10.240925,1.536139,0.781250,0.000000,0.000000
436,10.349726,0.000000,1.000180,0.000000,0.000000,1.000000,0.929279,0,0.000312,0.001611,0.610326,10.109836,1.516475,0.781250,0.000000,0.000000
437,10.338301,0.000000,1.000776,0.000000,0.000000,1.000000,0.933072,0,0.000202,0.001277,0.554573,10.121008,1.518151,0.781250,0.000000,0.000000
438,10.217799,0.000000,0.999907,0.000000,0.000000,1.000000,0.936079,0,0.000378,0.001685,0.505863,10.044305,1.506646,0.781250,0.000000,0.000000
439,10.236886,0.000000,1.001431,0.000000,0.000000,1.000000,0.938489,0,0.000207,0.001753,0.465032,10.039589,1.505938,0.781250,0.000000,0.000000
440,10.125708,0.000000,1.001625,0.000000,0.000000,1.000000,0.940808,0,0.000413,0.001935,0.430729,9.952215,1.492832,0.781250,0.000000,0.000000
441,10.094828,0.000000,1.002257,0.000000,0.000000,1.000000,0.943431,0,0.000374,0.001740,0.399414,9.896134,1.484420,0.781250,0.000000,0.000000
442,10.501008,0.000000,1.001790,0.000000,0.000000,1.000000,0.945170,0,0.000181,0.001581,0.374811,10.303714,1.545557,0.781250,0.000000,0.000000
443,10.364834,0.000000,1.001670,0.000000,0.000000,1.000000,0.947114,0,0.000315,0.001254,0.355009,10.140738,1.521111,0.781250,0.000000,0.000000
444,10.234715,0.000000,1.002331,0.000000,0.000000,1.000000,0.949276,0,0.000180,0.001229,0.335476,9.984620,1.497693,0.781250,0.000000,0.000000
445,10.513784,0.000000,1.002653,0.000000,0.000000,1.000000,0.951221,0,0.000353,0.001988,0.317759,10.269091,1.540364,0.781250,0.000000,0.000000
446,10.375925,0.000000,1.001594,0.000000,0.000000,1.000000,0.952769,0,0.000418,0.001585,0.300100,10.130027,1.519504,0.781250,0.000000,0.000000
447,10.415798,0.000000,1.002494,0.000000,0.000000,1.000000,0.954974,0,0.000186,0.001513,0.284205,10.192905,1.528936,0.781250,0.000000,0.000000
448,10.364463,0.000000,1.002177,0.000000,0.000000,1.000000,0.956420,0,0.000176,0.001412,0.269888,10.088571,1.513286,0.781250,0.000000,0.000000
449,10.393164,0.000000,1.001563,0.000000,0.000000,1.000000,0.958325,0,0.000365,0.001505,0.257003,10.096273,1.514441,0.781250,0.000000,0.000000
450,10.109521,0.001710,1.001748,0.000000,0.000000,1.000000,0.779133,1,0.000187,0.001522,3.596840,9.984402,1.497660,0.781250,0.000000,0.000000
451,10.046922,0.001586,1.001911,0.000000,0.000000,1.000000,0.794073,1,0.000167,0.001531,3.224112,9.934212,1.490132,0.781250,0.000000,0.000000
452,10.314016,0.001366,1.002033,0.000000,0.000000,1.000000,0.807986,1,0.000235,0.002039,2.887719,10.212520,1.531878,0.781250,0.000000,0.000000
453,10.173941,0.001880,1.002174,0.000000,0.000000,1.000000,0.820889,1,0.000219,0.001693,2.587667,10.082425,1.512364,0.781250,0.000000,0.000000
454,10.022917,0.001466,1.002353,0.000000,0.000000,1.000000,0.833389,1,0.000194,0.001496,2.318035,9.940417,1.491063,0.781250,0.000000,0.000000
455,10.335970,0.001410,1.002501,0.000000,0.000000,1.000000,0.845273,1,0.000175,0.001480,2.072818,10.261671,1.539251,0.781250,0.000000,0.000000
456,10.152675,0.001434,1.002602,0.000000,0.000000,1.000000,0.856927,1,0.000166,0.001699,1.852164,10.085778,1.512867,0.781250,0.000000,0.000000
457,10.221815,0.001554,1.002761,0.000000,0.000000,1.000000,0.866852,1,0.000178,0.001392,1.655730,10.161511,1.524227,0.781250,0.000000,0.000000
458,10.116167,0.001694,1.002883,0.000000,0.000000,1.000000,0.876688,1,0.000305,0.001739,1.477957,10.061859,1.509279,0.781250,0.000000,0.000000
459,10.056992,0.001522,1.002952,0.000000,0.000000,1.000000,0.883888,1,0.000169,0.001531,1.318194,10.008092,1.501214,0.781250,0.000000,0.000000
460,10.038631,0.001545,1.003124,0.000000,0.000000,1.000000,0.892164,1,0.000201,0.001330,1.177441,9.939722,1.490958,0.781250,0.000000,0.000000
461,10.004507,0.000000,0.996411,0.000000,0.000000,1.000000,0.900544,0,0.000187,0.001675,1.049785,9.884415,1.482662,0.781250,0.000000,0.000000
462,10.374598,0.000000,0.997040,0.000000,0.000000,1.000000,0.907391,0,0.000177,0.001977,0.940308,10.209900,1.531485,0.781250,0.000000,0.000000
463,10.285295,0.000000,0.997575,0.000000,0.000000,1.000000,0.914191,0,0.000222,0.001473,0.843962,10.078804,1.511821,0.781250,0.000000,0.000000
464,10.254750,0.000000,0.999537,0.000000,0.000000,1.000000,0.921000,0,0.000169,0.001549,0.755155,10.029849,1.504477,0.781250,0.000000,0.000000
465,10.484604,0.000000,0.998655,0.000000,0.000000,1.000000,0.924733,0,0.000207,0.002246,0.678557,10.262510,1.539376,0.781250,0.000000,0.000000
466,10.419530,0.000000,1.000180,0.000000,0.000000,1.000000,0.929279,0,0.000413,0.001753,0.610326,10.179644,1.526947,0.781250,0.000000,0.000000
467,10.379715,0.000000,1.000776,0.000000,0.000000,1.000000,0.933072,0,0.000184,0.001847,0.554573,10.162428,1.524364,0.781250,0.000000,0.000000
468,10.239520,0.000000,0.999907,0.000000,0.000000,1.000000,0.936079,0,0.000271,0.001267,0.505863,10.066031,1.509905,0.781250,0.000000,0.000000
469,10.226894,0.000000,1.001431,0.000000,0.000000,1.000000,0.938489,0,0.000234,0.001738,0.465032,10.029605,1.504441,0.781250,0.000000,0.000000
470,10.103841,0.000000,1.001625,0.000000,0.000000,1.000000,0.940808,0,0.000215,0.001479,0.430729,9.930357,1.489554,0.781250,0.000000,0.000000
471,10.093007,0.000000,1.002257,0.000000,0.000000,1.000000,0.943431,0,0.000190,0.002151,0.399414,9.894317,1.484147,0.781250,0.000000,0.000000
472,10.334165,0.000000,1.001790,0.000000,0.000000,1.000000,0.945170,0,0.000351,0.001406,0.374811,10.136877,1.520532,0.781250,0.000000,0.000000
473,10.247822,0.000000,1.001670,0.000000,0.000000,1.000000,0.947114,0,0.000174,0.001565,0.355009,10.023732,1.503560,0.781250,0.000000,0.000000
474,10.192965,0.000000,1.002331,0.000000,0.000000,1.000000,0.949276,0,0.000198,0.001830,0.335476,9.942871,1.491431,0.781250,0.000000,0.000000
475,10.540160,0.000000,1.002653,0.000000,0.000000,1.000000,0.951221,0,0.000347,0.001379,0.317759,10.295464,1.544320,0.781250,0.000000,0.000000
476,10.334198,0.000000,1.001594,0.000000,0.000000,1.000000,0.952769,0,0.000202,0.001193,0.300100,10.088307,1.513246,0.781250,0.000000,0.000000
477,10.357225,0.000000,1.002494,0.000000,0.000000,1.000000,0.954974,0,0.000184,0.001422,0.284205,10.134336,1.520150,0.781250,0.000000,0.000000
478,10.288089,0.000000,1.002177,0.000000,0.000000,1.000000,0.956420,0,0.000395,0.001369,0.269888,10.012200,1.501830,0.781250,0.000000,0.000000
479,10.282281,0.000000,1.001563,0.000000,0.000000,1.000000,0.958325,0,0.000186,0.001530,0.257003,9.985387,1.497808,0.781250,0.000000,0.000000
480,10.027353,0.001642,1.001748,0.000000,0.000000,1.000000,0.779133,1,0.000198,0.001630,3.596840,9.902241,1.485336,0.781250,0.000000,0.000000
481,9.994220,0.001557,1.001911,0.000000,0.000000,1.000000,0.794073,1,0.000298,0.001679,3.224112,9.881513,1.482227,0.781250,0.000000,0.000000
482,10.315115,0.001322,1.002033,0.000000,0.000000,1.000000,0.807986,1,0.000167,0.001763,2.887719,10.213618,1.532043,0.781250,0.000000,0.000000
483,10.138278,0.001751,1.002174,0.000000,0.000000,1.000000,0.820889,1,0.000304,0.001282,2.587667,10.046761,1.507014,0.781250,0.000000,0.000000
484,10.047839,0.001389,1.002353,0.000000,0.000000,1.000000,0.833389,1,0.000166,0.002071,2.318035,9.965341,1.494801,0.781250,0.000000,0.000000
485,10.295188,0.001863,1.002501,0.000000,0.000000,1.000000,0.845273,1,0.000164,0.001401,2.072818,10.220869,1.533130,0.781250,0.000000,0.000000
486,10.229668,0.001490,1.002602,0.000000,0.000000,1.000000,0.856927,1,0.000162,0.001582,1.852164,10.162764,1.524415,0.781250,0.000000,0.000000
487,10.299288,0.001839,1.002761,0.000000,0.000000,1.000000,0.866852,1,0.000183,0.001502,1.655730,10.238970,1.535845,0.781250,0.000000,0.000000
488,10.129705,0.002011,1.002883,0.000000,0.000000,1.000000,0.876688,1,0.000186,0.001515,1.477957,10.075381,1.511307,0.781250,0.000000,0.000000
489,10.091193,0.001827,1.002952,0.000000,0.000000,1.000000,0.883888,1,0.000164,0.001897,1.318194,10.042277,1.506342,0.781250,0.000000,0.000000
490,10.039092,0.001616,1.003124,0.000000,0.000000,1.000000,0.892164,1,0.000319,0.001273,1.177441,9.940181,1.491027,0.781250,0.000000,0.000000
491,10.018331,0.000000,0.996411,0.000000,0.000000,1.000000,0.900544,0,0.000164,0.002220,1.049785,9.898230,1.484735,0.781250,0.000000,0.000000
492,10.381442,0.000000,0.997040,0.000000,0.000000,1.000000,0.907391,0,0.000179,0.002091,0.940308,10.216752,1.532513,0.781250,0.000000,0.000000
493,10.281192,0.000000,0.997575,0.000000,0.000000,1.000000,0.914191,0,0.000314,0.001764,0.843962,10.074697,1.511205,0.781250,0.000000,0.000000
494,10.238100,0.000000,0.999537,0.000000,0.000000,1.000000,0.921000,0,0.000209,0.001705,0.755155,10.013203,1.501980,0.781250,0.000000,0.000000
495,10.513612,0.000000,0.998655,0.000000,0.000000,1.000000,0.924733,0,0.000187,0.001481,0.678557,10.291523,1.543728,0.781250,0.000000,0.000000
496,10.379837,0.000000,1.000180,0.000000,0.000000,1.000000,0.929279,0,0.000316,0.001477,0.610326,10.139951,1.520993,0.781250,0.000000,0.000000
497,10.350838,0.000000,1.000692,0.000000,0.000000,1.000000,0.933072,0,0.000178,0.001385,0.554573,10.133549,1.520032,0.781250,0.000000,0.000000
498,10.226763,0.000000,0.999907,0.000000,0.000000,1.000000,0.936350,0,0.000185,0.001737,0.506140,10.052673,1.507901,0.781250,0.000000,0.000000
499,10.337725,0.000000,1.001262,0.000000,0.000000,1.000000,0.938760,0,0.000213,0.001836,0.465333,10.139826,1.520974,0.781250,0.000000,0.000000
500,10.161146,0.000000,1.001864,0.000000,0.000000,1.000000,0.941166,0,0.000514,0.001695,0.430884,9.985456,1.497818,0.781250,0.000000,0.000000
501,10.366971,0.000000,1.002257,0.000000,0.000000,1.000000,0.943485,0,0.000311,0.001225,0.399493,10.168877,1.525332,0.781250,0.000000,0.000000
502,10.548467,0.000000,1.001790,0.000000,0.000000,1.000000,0.945224,0,0.000220,0.001507,0.374894,10.353375,1.553006,0.781250,0.000000,0.000000
503,10.333124,0.000000,1.001670,0.000000,0.000000,1.000000,0.947168,0,0.000183,0.001258,0.355097,10.109034,1.516355,0.781250,0.000000,0.000000
504,10.206946,0.000000,1.002080,0.000000,0.000000,1.000000,0.949331,0,0.000217,0.001368,0.335570,9.956856,1.493528,0.781250,0.000000,0.000000
505,10.465151,0.000000,1.002653,0.000000,0.000000,1.000000,0.951535,0,0.000174,0.001745,0.317836,10.217461,1.532619,0.781250,0.000000,0.000000
506,10.425664,0.000000,1.001984,0.000000,0.000000,1.000000,0.953084,0,0.000333,0.001846,0.300181,10.152368,1.522855,0.781250,0.000000,0.000000
507,10.401973,0.000000,1.001762,0.000000,0.000000,1.000000,0.954770,0,0.000184,0.001543,0.284016,10.156683,1.523502,0.781250,0.000000,0.000000
508,10.330183,0.000000,1.002177,0.000000,0.000000,1.000000,0.956770,0,0.000356,0.001889,0.270233,10.035290,1.505293,0.781250,0.000000,0.000000
509,10.365172,0.000000,1.002416,0.000000,0.000000,1.000000,0.958675,0,0.000417,0.001441,0.257365,10.049277,1.507392,0.781250,0.000000,0.000000
510,10.085846,0.001566,1.001748,0.000000,0.000000,1.000000,0.779133,1,0.000298,0.001558,3.596840,9.960736,1.494110,0.781250,0.000000,0.000000
511,10.051227,0.001641,1.001911,0.000000,0.000000,1.000000,0.794073,1,0.000165,0.001519,3.224112,9.938519,1.490778,0.781250,0.000000,0.000000
512,10.267176,0.001536,1.002033,0.000000,0.000000,1.000000,0.807986,1,0.000178,0.001310,2.887719,10.165673,1.524851,0.781250,0.000000,0.000000
513,10.149175,0.001816,1.002174,0.000000,0.000000,1.000000,0.820889,1,0.000161,0.001430,2.587667,10.057660,1.508649,0.781250,0.000000,0.000000
514,10.062056,0.001568,1.002353,0.000000,0.000000,1.000000,0.833389,1,0.000122,0.001372,2.318035,9.979547,1.496932,0.781250,0.000000,0.000000
515,10.329193,0.001382,1.002501,0.000000,0.000000,1.000000,0.845273,1,0.000161,0.001286,2.072818,10.254898,1.538235,0.781250,0.000000,0.000000
516,10.142403,0.001604,1.002602,0.000000,0.000000,1.000000,0.856927,1,0.000355,0.001630,1.852164,10.075496,1.511324,0.781250,0.000000,0.000000
517,10.194652,0.001483,1.002761,0.000000,0.000000,1.000000,0.866852,1,0.000164,0.001608,1.655730,10.134343,1.520151,0.781250,0.000000,0.000000
518,10.093955,0.001609,1.002883,0.000000,0.000000,1.000000,0.876688,1,0.000160,0.001439,1.477957,10.039651,1.505948,0.781250,0.000000,0.000000
519,10.098094,0.001347,1.002952,0.000000,0.000000,1.000000,0.883888,1,0.000166,0.001517,1.318194,10.049198,1.507380,0.781250,0.000000,0.000000
520,10.107527,0.001576,1.003124,0.000000,0.000000,1.000000,0.892164,1,0.000308,0.001637,1.177441,10.008621,1.501293,0.781250,0.000000,0.000000
521,10.131840,0.000000,0.996411,0.000000,0.000000,1.000000,0.900544,0,0.000182,0.001306,1.049785,10.011756,1.501763,0.781250,0.000000,0.000000
522,10.452024,0.000000,0.997040,0.000000,0.000000,1.000000,0.907391,0,0.000209,0.001276,0.940308,10.287338,1.543101,0.781250,0.000000,0.000000
523,10.252475,0.000000,0.997575,0.000000,0.000000,1.000000,0.914191,0,0.000296,0.001288,0.843962,10.045974,1.506896,0.781250,0.000000,0.000000
524,10.196539,0.000000,0.999537,0.000000,0.000000,1.000000,0.921000,0,0.000180,0.001561,0.755155,9.971637,1.495745,0.781250,0.000000,0.000000
525,10.465703,0.000000,0.998655,0.000000,0.000000,1.000000,0.924733,0,0.000182,0.001419,0.678557,10.243610,1.536542,0.781250,0.000000,0.000000
526,10.342934,0.000000,1.000180,0.000000,0.000000,1.000000,0.929279,0,0.000257,0.001369,0.610326,10.103049,1.515457,0.781250,0.000000,0.000000
527,10.406941,0.000000,1.000776,0.000000,0.000000,1.000000,0.933072,0,0.000346,0.001996,0.554573,10.189656,1.528448,0.781250,0.000000,0.000000
528,10.200189,0.000000,0.999907,0.000000,0.000000,1.000000,0.936079,0,0.000188,0.001509,0.505863,10.026697,1.504005,0.781250,0.000000,0.000000
529,10.224541,0.000000,1.001431,0.000000,0.000000,1.000000,0.938489,0,0.000178,0.001828,0.465032,10.027250,1.504087,0.781250,0.000000,0.000000
530,10.063508,0.000000,1.002130,0.000000,0.000000,1.000000,0.940808,0,0.000200,0.001351,0.430729,9.890011,1.483502,0.781250,0.000000,0.000000
531,10.060732,0.000000,1.001808,0.000000,0.000000,1.000000,0.942795,0,0.000362,0.001233,0.399250,9.867238,1.480086,0.781250,0.000000,0.000000
532,10.362788,0.000000,1.001790,0.000000,0.000000,1.000000,0.945090,0,0.000406,0.001830,0.374778,10.137096,1.520564,0.781250,0.000000,0.000000
533,10.272121,0.000000,1.001670,0.000000,0.000000,1.000000,0.947035,0,0.000180,0.001321,0.354974,10.048030,1.507205,0.781250,0.000000,0.000000
534,10.241559,0.000000,1.002331,0.000000,0.000000,1.000000,0.949197,0,0.000197,0.001691,0.335440,9.991470,1.498721,0.781250,0.000000,0.000000
535,10.503273,0.000000,1.002653,0.000000,0.000000,1.000000,0.951141,0,0.000177,0.001470,0.317720,10.258575,1.538786,0.781250,0.000000,0.000000
536,10.341073,0.000000,1.001594,0.000000,0.000000,1.000000,0.952690,0,0.000179,0.001335,0.300059,10.095178,1.514277,0.781250,0.000000,0.000000
537,10.352097,0.000000,1.002494,0.000000,0.000000,1.000000,0.954895,0,0.000375,0.001481,0.284162,10.129204,1.519381,0.781250,0.000000,0.000000
538,10.310848,0.000000,1.002177,0.000000,0.000000,1.000000,0.956340,0,0.000362,0.001301,0.269843,10.034961,1.505244,0.781250,0.000000,0.000000
539,10.291908,0.000000,1.001563,0.000000,0.000000,1.000000,0.958245,0,0.000182,0.001847,0.256955,9.995011,1.499252,0.781250,0.000000,0.000000
540,10.026351,0.001604,1.001748,0.000000,0.000000,1.000000,0.779133,1,0.000251,0.001522,3.596840,9.901237,1.485186,0.781250,0.000000,0.000000
541,10.010775,0.001622,1.001911,0.000000,0.000000,1.000000,0.794073,1,0.000182,0.001254,3.224112,9.898070,1.484710,0.781250,0.000000,0.000000
542,10.239467,0.001474,1.002033,0.000000,0.000000,1.000000,0.807986,1,0.000355,0.001480,2.887719,10.137967,1.520695,0.781250,0.000000,0.000000
543,10.119115,0.001690,1.002174,0.000000,0.000000,1.000000,0.820889,1,0.000179,0.001553,2.587667,10.027593,1.504139,0.781250,0.000000,0.000000
544,10.025873,0.001878,1.002353,0.000000,0.000000,1.000000,0.833389,1,0.000181,0.001584,2.318035,9.943350,1.491503,0.781250,0.000000,0.000000
545,10.385614,0.001922,1.002501,0.000000,0.000000,1.000000,0.845273,1,0.000178,0.001461,2.072818,10.311296,1.546694,0.781250,0.000000,0.000000
546,10.186274,0.001793,1.002602,0.000000,0.000000,1.000000,0.856927,1,0.000170,0.001504,1.852164,10.119357,1.517904,0.781250,0.000000,0.000000
547,10.203357,0.001606,1.002761,0.000000,0.000000,1.000000,0.866852,1,0.000175,0.001240,1.655730,10.143051,1.521458,0.781250,0.000000,0.000000
548,10.084483,0.001495,1.002883,0.000000,0.000000,1.000000,0.876688,1,0.000104,0.001558,1.477957,10.030183,1.504527,0.781250,0.000000,0.000000
549,10.071997,0.001507,1.002952,0.000000,0.000000,1.000000,0.883888,1,0.000375,0.001786,1.318194,10.023095,1.503464,0.781250,0.000000,0.000000
550,10.034095,0.001512,1.003124,0.000000,0.000000,1.000000,0.892164,1,0.000380,0.001735,1.177441,9.935190,1.490279,0.781250,0.000000,0.000000
551,10.088079,0.000000,0.996411,0.000000,0.000000,1.000000,0.900544,0,0.000126,0.001516,1.049785,9.967978,1.495197,0.781250,0.000000,0.000000
552,10.456641,0.000000,0.997040,0.000000,0.000000,1.000000,0.907391,0,0.000068,0.000998,0.940308,10.291947,1.543792,0.781250,0.000000,0.000000
553,10.302669,0.000000,0.997575,0.000000,0.000000,1.000000,0.914191,0,0.000207,0.001270,0.843962,10.096172,1.514426,0.781250,0.000000,0.000000
554,10.254611,0.000000,0.999537,0.000000,0.000000,1.000000,0.921000,0,0.000133,0.001185,0.755155,10.029716,1.504457,0.781250,0.000000,0.000000
555,10.500869,0.000000,0.998655,0.000000,0.000000,1.000000,0.924733,0,0.000174,0.001295,0.678557,10.278773,1.541816,0.781250,0.000000,0.000000
556,10.385577,0.000000,1.000180,0.000000,0.000000,1.000000,0.929279,0,0.000337,0.001145,0.610326,10.145682,1.521852,0.781250,0.000000,0.000000
557,10.389758,0.000000,1.000776,0.000000,0.000000,1.000000,0.933072,0,0.000378,0.001439,0.554573,10.172465,1.525870,0.781250,0.000000,0.000000
558,10.234124,0.000000,0.999907,0.000000,0.000000,1.000000,0.936079,0,0.000354,0.001990,0.505863,10.060633,1.509095,0.781250,0.000000,0.000000
559,10.310162,0.000000,1.001431,0.000000,0.000000,1.000000,0.938489,0,0.000184,0.001762,0.465032,10.112864,1.516930,0.781250,0.000000,0.000000
560,10.099069,0.000000,1.001625,0.000000,0.000000,1.000000,0.940808,0,0.000180,0.001445,0.430729,9.925580,1.488837,0.781250,0.000000,0.000000
561,10.045107,0.000000,1.002257,0.000000,0.000000,1.000000,0.943431,0,0.000222,0.001575,0.399414,9.846413,1.476962,0.781250,0.000000,0.000000
562,10.349364,0.000000,1.001790,0.000000,0.000000,1.000000,0.945170,0,0.000303,0.001495,0.374811,10.152072,1.522811,0.781250,0.000000,0.000000
563,10.239370,0.000000,1.001670,0.000000,0.000000,1.000000,0.947114,0,0.000178,0.001420,0.355009,10.015281,1.502292,0.781250,0.000000,0.000000
564,10.214492,0.000000,1.002331,0.000000,0.000000,1.000000,0.949276,0,0.000177,0.001497,0.335476,9.964398,1.494660,0.781250,0.000000,0.000000
565,10.446916,0.000000,1.002653,0.000000,0.000000,1.000000,0.951221,0,0.000193,0.001855,0.317759,10.202220,1.530333,0.781250,0.000000,0.000000
566,10.361002,0.000000,1.001594,0.000000,0.000000,1.000000,0.952769,0,0.000180,0.001554,0.300100,10.115108,1.517266,0.781250,0.000000,0.000000
567,10.321582,0.000000,1.002494,0.000000,0.000000,1.000000,0.954974,0,0.000182,0.001812,0.284205,10.098681,1.514802,0.781250,0.000000,0.000000
568,10.349731,0.000000,1.002177,0.000000,0.000000,1.000000,0.956420,0,0.000328,0.001725,0.269888,10.073835,1.511075,0.781250,0.000000,0.000000
569,10.313066,0.000000,1.001563,0.000000,0.000000,1.000000,0.958325,0,0.000204,0.001462,0.257003,10.016170,1.502425,0.781250,0.000000,0.000000
570,10.040291,0.001878,1.001748,0.000000,0.000000,1.000000,0.779133,1,0.000314,0.001736,3.596840,9.915172,1.487276,0.781250,0.000000,0.000000
571,9.968535,0.002206,1.001911,0.000000,0.000000,1.000000,0.794073,1,0.000281,0.001265,3.224112,9.855806,1.478371,0.781250,0.000000,0.000000
572,10.306701,0.001796,1.002033,0.000000,0.000000,1.000000,0.807986,1,0.000163,0.001498,2.887719,10.205187,1.530778,0.781250,0.000000,0.000000
573,10.136557,0.001503,1.002174,0.000000,0.000000,1.000000,0.820889,1,0.000170,0.001845,2.587667,10.045050,1.506758,0.781250,0.000000,0.000000
574,10.011170,0.001354,1.002353,0.000000,0.000000,1.000000,0.833389,1,0.000158,0.001562,2.318035,9.928672,1.489301,0.781250,0.000000,0.000000
575,10.295459,0.001391,1.002501,0.000000,0.000000,1.000000,0.845273,1,0.000160,0.001522,2.072818,10.221162,1.533174,0.781250,0.000000,0.000000
576,10.160071,0.001771,1.002602,0.000000,0.000000,1.000000,0.856927,1,0.000161,0.001519,1.852164,10.093159,1.513974,0.781250,0.000000,0.000000
577,10.174162,0.001377,1.002761,0.000000,0.000000,1.000000,0.866852,1,0.000111,0.001589,1.655730,10.113862,1.517079,0.781250,0.000000,0.000000
578,10.084628,0.001503,1.002883,0.000000,0.000000,1.000000,0.876688,1,0.000179,0.001475,1.477957,10.030322,1.504548,0.781250,0.000000,0.000000
579,10.045065,0.001407,1.002952,0.000000,0.000000,1.000000,0.883888,1,0.000163,0.001735,1.318194,9.996166,1.499425,0.781250,0.000000,0.000000
580,10.074794,0.001779,1.003124,0.000000,0.000000,1.000000,0.892164,1,0.000135,0.001609,1.177441,9.975880,1.496382,0.781250,0.000000,0.000000
581,9.979019,0.000000,0.996411,0.000000,0.000000,1.000000,0.900544,0,0.000168,0.001348,1.049785,9.858928,1.478839,0.781250,0.000000,0.000000
582,10.301022,0.000000,0.997040,0.000000,0.000000,1.000000,0.907391,0,0.000242,0.001375,0.940308,10.136328,1.520449,0.781250,0.000000,0.000000
583,10.213679,0.000000,0.997575,0.000000,0.000000,1.000000,0.914191,0,0.000181,0.001571,0.843962,10.007187,1.501078,0.781250,0.000000,0.000000
584,10.201307,0.000000,0.999537,0.000000,0.000000,1.000000,0.921000,0,0.000219,0.002004,0.755155,9.976421,1.496463,0.781250,0.000000,0.000000
585,10.457471,0.000000,0.998655,0.000000,0.000000,1.000000,0.924733,0,0.000379,0.001754,0.678557,10.235386,1.535308,0.781250,0.000000,0.000000
586,10.320104,0.000000,1.000180,0.000000,0.000000,1.000000,0.929279,0,0.000180,0.001573,0.610326,10.080212,1.512032,0.781250,0.000000,0.000000
587,10.379991,0.000000,1.000776,0.000000,0.000000,1.000000,0.933072,0,0.000182,0.001568,0.554573,10.162698,1.524405,0.781250,0.000000,0.000000
588,10.166828,0.000000,0.999907,0.000000,0.000000,1.000000,0.936079,0,0.000189,0.001591,0.505863,9.993338,1.499001,0.781250,0.000000,0.000000
589,10.215241,0.000000,1.001431,0.000000,0.000000,1.000000,0.938489,0,0.000180,0.001798,0.465032,10.017951,1.502693,0.781250,0.000000,0.000000
590,10.106443,0.000000,1.001625,0.000000,0.000000,1.000000,0.940808,0,0.000190,0.001393,0.430729,9.932948,1.489942,0.781250,0.000000,0.000000
591,10.171546,0.000000,1.002257,0.000000,0.000000,1.000000,0.943431,0,0.000183,0.001598,0.399414,9.972855,1.495928,0.781250,0.000000,0.000000
592,10.437364,0.000000,1.001790,0.000000,0.000000,1.000000,0.945170,0,0.000366,0.001118,0.374811,10.240061,1.536009,0.781250,0.000000,0.000000
593,10.350015,0.000000,1.001670,0.000000,0.000000,1.000000,0.947114,0,0.000420,0.001237,0.355009,10.125922,1.518888,0.781250,0.000000,0.000000
594,10.249133,0.000000,1.002331,0.000000,0.000000,1.000000,0.949276,0,0.000181,0.001620,0.335476,9.999042,1.499856,0.781250,0.000000,0.000000
595,10.565839,0.000000,1.002653,0.000000,0.000000,1.000000,0.951221,0,0.000358,0.001372,0.317759,10.321142,1.548171,0.781250,0.000000,0.000000
596,10.364075,0.000000,1.001594,0.000000,0.000000,1.000000,0.952769,0,0.000185,0.001584,0.300100,10.118181,1.517727,0.781250,0.000000,0.000000
597,10.367674,0.000000,1.002494,0.000000,0.000000,1.000000,0.954974,0,0.000179,0.001796,0.284205,10.144774,1.521716,0.781250,0.000000,0.000000
598,10.299458,0.000000,1.002177,0.000000,0.000000,1.000000,0.956420,0,0.000181,0.001330,0.269888,10.023555,1.503533,0.781250,0.000000,0.000000
599,10.313802,0.000000,1.001563,0.000000,0.000000,1.000000,0.958325,0,0.000414,0.001669,0.257003,10.016909,1.502536,0.781250,0.000000,0.000000
600,9.993406,0.001853,1.001748,0.000000,0.000000,1.000000,0.779133,1,0.000190,0.001617,3.596840,9.868285,1.480243,0.781250,0.000000,0.000000
601,9.973139,0.001770,1.001911,0.000000,0.000000,1.000000,0.794073,1,0.000168,0.001520,3.224112,9.860418,1.479063,0.781250,0.000000,0.000000
602,10.275944,0.001593,1.002033,0.000000,0.000000,1.000000,0.807986,1,0.000181,0.001660,2.887719,10.174439,1.526166,0.781250,0.000000,0.000000
603,10.182103,0.001730,1.002174,0.000000,0.000000,1.000000,0.820889,1,0.000164,0.001302,2.587667,10.090592,1.513589,0.781250,0.000000,0.000000
604,10.087057,0.001768,1.002353,0.000000,0.000000,1.000000,0.833389,1,0.000368,0.001288,2.318035,10.004546,1.500682,0.781250,0.000000,0.000000
605,10.302501,0.001622,1.002501,0.000000,0.000000,1.000000,0.845273,1,0.000157,0.001827,2.072818,10.228196,1.534229,0.781250,0.000000,0.000000
606,10.139566,0.001610,1.002602,0.000000,0.000000,1.000000,0.856927,1,0.000240,0.001605,1.852164,10.072661,1.510899,0.781250,0.000000,0.000000
607,10.180125,0.001563,1.002761,0.000000,0.000000,1.000000,0.866852,1,0.000181,0.001559,1.655730,10.119817,1.517973,0.781250,0.000000,0.000000
608,10.027755,0.001634,1.002883,0.000000,0.000000,1.000000,0.876688,1,0.000110,0.001843,1.477957,9.973447,1.496017,0.781250,0.000000,0.000000
609,10.044966,0.001641,1.002952,0.000000,0.000000,1.000000,0.883888,1,0.000325,0.001743,1.318194,9.996056,1.499408,0.781250,0.000000,0.000000
610,9.998069,0.001277,1.003124,0.000000,0.000000,1.000000,0.892164,1,0.000225,0.001470,1.177441,9.899176,1.484876,0.781250,0.000000,0.000000
611,10.000376,0.000000,0.996411,0.000000,0.000000,1.000000,0.900544,0,0.000412,0.001828,1.049785,9.880282,1.482042,0.781250,0.000000,0.000000
612,10.322689,0.000000,0.997040,0.000000,0.000000,1.000000,0.907391,0,0.000382,0.001549,0.940308,10.158000,1.523700,0.781250,0.000000,0.000000
613,10.234618,0.000000,0.997575,0.000000,0.000000,1.000000,0.914191,0,0.000370,0.001889,0.843962,10.028125,1.504219,0.781250,0.000000,0.000000
614,10.170085,0.000000,0.999537,0.000000,0.000000,1.000000,0.921000,0,0.000268,0.001563,0.755155,9.945194,1.491779,0.781250,0.000000,0.000000
615,10.528897,0.000000,0.998655,0.000000,0.000000,1.000000,0.924733,0,0.000205,0.001564,0.678557,10.306804,1.546021,0.781250,0.000000,0.000000
616,10.378116,0.000000,1.000180,0.000000,0.000000,1.000000,0.929279,0,0.000365,0.001776,0.610326,10.138224,1.520734,0.781250,0.000000,0.000000
617,10.536609,0.000000,1.000776,0.000000,0.000000,1.000000,0.933072,0,0.000373,0.001770,0.554573,10.319319,1.547898,0.781250,0.000000,0.000000
618,10.336387,0.000000,0.999907,0.000000,0.000000,1.000000,0.936079,0,0.000215,0.001586,0.505863,10.162891,1.524434,0.781250,0.000000,0.000000
619,10.237564,0.000000,1.001431,0.000000,0.000000,1.000000,0.938489,0,0.000316,0.001566,0.465032,10.040276,1.506041,0.781250,0.000000,0.000000
620,10.077636,0.000000,1.001625,0.000000,0.000000,1.000000,0.940808,0,0.000183,0.001483,0.430729,9.904145,1.485622,0.781250,0.000000,0.000000
621,10.060424,0.000000,1.002257,0.000000,0.000000,1.000000,0.943431,0,0.000184,0.001395,0.399414,9.861731,1.479260,0.781250,0.000000,0.000000
622,10.556087,0.000000,1.001790,0.000000,0.000000,1.000000,0.945170,0,0.000185,0.001571,0.374811,10.358784,1.553818,0.781250,0.000000,0.000000
623,10.488884,0.000000,1.001670,0.000000,0.000000,1.000000,0.947114,0,0.000272,0.001340,0.355009,10.264786,1.539718,0.781250,0.000000,0.000000
624,10.266565,0.000000,1.002080,0.000000,0.000000,1.000000,0.949276,0,0.000411,0.001641,0.335476,10.016473,1.502471,0.781250,0.000000,0.000000
625,10.502960,0.000000,1.002653,0.000000,0.000000,1.000000,0.951481,0,0.000193,0.001593,0.317737,10.255267,1.538290,0.781250,0.000000,0.000000
626,10.408330,0.000000,1.001984,0.000000,0.000000,1.000000,0.953030,0,0.000181,0.001538,0.300077,10.135037,1.520256,0.781250,0.000000,0.000000
627,10.536472,0.000000,1.001762,0.000000,0.000000,1.000000,0.954716,0,0.000310,0.001645,0.283905,10.291173,1.543676,0.781250,0.000000,0.000000
628,10.416612,0.000000,1.002177,0.000000,0.000000,1.000000,0.956716,0,0.000295,0.001634,0.270117,10.121715,1.518257,0.781250,0.000000,0.000000
629,10.324845,0.000000,1.002416,0.000000,0.000000,1.000000,0.958621,0,0.000306,0.001954,0.257243,10.008949,1.501342,0.781250,0.000000,0.000000
630,10.039184,0.002225,1.001748,0.000000,0.000000,1.000000,0.779133,1,0.000218,0.001418,3.596840,9.914049,1.487107,0.781250,0.000000,0.000000
631,9.966882,0.001822,1.001911,0.000000,0.000000,1.000000,0.794073,1,0.000164,0.001341,3.224112,9.854170,1.478126,0.781250,0.000000,0.000000
632,10.269870,0.001619,1.002033,0.000000,0.000000,1.000000,0.807986,1,0.000166,0.001479,2.887719,10.168360,1.525254,0.781250,0.000000,0.000000
633,10.117760,0.001547,1.002174,0.000000,0.000000,1.000000,0.820889,1,0.000160,0.001740,2.587667,10.026254,1.503938,0.781250,0.000000,0.000000
634,10.016784,0.001850,1.002353,0.000000,0.000000,1.000000,0.833389,1,0.000165,0.001740,2.318035,9.934267,1.490140,0.781250,0.000000,0.000000
635,10.293976,0.001872,1.002501,0.000000,0.000000,1.000000,0.845273,1,0.000164,0.001430,2.072818,10.219656,1.532948,0.781250,0.000000,0.000000
636,10.140268,0.001601,1.002602,0.000000,0.000000,1.000000,0.856927,1,0.000278,0.001414,1.852164,10.073361,1.511004,0.781250,0.000000,0.000000
637,10.214783,0.001685,1.002761,0.000000,0.000000,1.000000,0.866852,1,0.000174,0.001275,1.655730,10.154468,1.523170,0.781250,0.000000,0.000000
638,10.221965,0.001839,1.002883,0.000000,0.000000,1.000000,0.876688,1,0.000209,0.001500,1.477957,10.167651,1.525148,0.781250,0.000000,0.000000
639,10.066428,0.001556,1.002952,0.000000,0.000000,1.000000,0.883888,1,0.000102,0.001241,1.318194,10.017524,1.502629,0.781250,0.000000,0.000000
640,9.995008,0.002208,1.003124,0.000000,0.000000,1.000000,0.892164,1,0.000179,0.001939,1.177441,9.896072,1.484411,0.781250,0.000000,0.000000
641,9.990214,0.000000,0.996411,0.000000,0.000000,1.000000,0.900544,0,0.000184,0.001334,1.049785,9.870116,1.480517,0.781250,0.000000,0.000000
642,10.430224,0.000000,0.997040,0.000000,0.000000,1.000000,0.907391,0,0.000310,0.002042,0.940308,10.265524,1.539829,0.781250,0.000000,0.000000
643,10.306741,0.000000,0.997575,0.000000,0.000000,1.000000,0.914191,0,0.000198,0.001259,0.843962,10.100242,1.515036,0.781250,0.000000,0.000000
644,10.239937,0.000000,0.999537,0.000000,0.000000,1.000000,0.921000,0,0.000166,0.001603,0.755155,10.015034,1.502255,0.781250,0.000000,0.000000
645,10.525261,0.000000,0.998655,0.000000,0.000000,1.000000,0.924733,0,0.000163,0.001548,0.678557,10.303159,1.545474,0.781250,0.000000,0.000000
646,10.395523,0.000000,1.000180,0.000000,0.000000,1.000000,0.929279,0,0.000177,0.001484,0.610326,10.155628,1.523344,0.781250,0.000000,0.000000
647,10.367805,0.000000,1.000776,0.000000,0.000000,1.000000,0.933072,0,0.000254,0.001689,0.554573,10.150509,1.522576,0.781250,0.000000,0.000000
648,10.235898,0.000000,0.999907,0.000000,0.000000,1.000000,0.936079,0,0.000201,0.001438,0.505863,10.062403,1.509360,0.781250,0.000000,0.000000
649,10.268089,0.000000,1.001431,0.000000,0.000000,1.000000,0.938489,0,0.000280,0.001756,0.465032,10.070788,1.510618,0.781250,0.000000,0.000000
650,10.222773,0.000000,1.001625,0.000000,0.000000,1.000000,0.940808,0,0.000294,0.001301,0.430729,10.049278,1.507392,0.781250,0.000000,0.000000
651,10.171622,0.000000,1.002257,0.000000,0.000000,1.000000,0.943431,0,0.000177,0.001457,0.399414,9.972924,1.495939,0.781250,0.000000,0.000000
652,10.433878,0.000000,1.001790,0.000000,0.000000,1.000000,0.945170,0,0.000183,0.001208,0.374811,10.236575,1.535486,0.781250,0.000000,0.000000
653,10.306976,0.000000,1.001670,0.000000,0.000000,1.000000,0.947114,0,0.000177,0.001549,0.355009,10.082883,1.512432,0.781250,0.000000,0.000000
654,10.333060,0.000000,1.002331,0.000000,0.000000,1.000000,0.949276,0,0.000293,0.001913,0.335476,10.082962,1.512444,0.781250,0.000000,0.000000
655,10.561962,0.000000,1.002653,0.000000,0.000000,1.000000,0.951221,0,0.000319,0.001577,0.317759,10.317266,1.547590,0.781250,0.000000,0.000000
656,10.344810,0.000000,1.001594,0.000000,0.000000,1.000000,0.952769,0,0.000184,0.001721,0.300100,10.098914,1.514837,0.781250,0.000000,0.000000
657,10.440894,0.000000,1.002494,0.000000,0.000000,1.000000,0.954974,0,0.000237,0.001895,0.284205,10.217996,1.532699,0.781250,0.000000,0.000000
658,10.415552,0.000000,1.002177,0.000000,0.000000,1.000000,0.956420,0,0.000369,0.001959,0.269888,10.139658,1.520949,0.781250,0.000000,0.000000
659,10.341871,0.000000,1.001563,0.000000,0.000000,1.000000,0.958325,0,0.000199,0.002495,0.257003,10.044978,1.506747,0.781250,0.000000,0.000000
660,10.069187,0.001856,1.001748,0.000000,0.000000,1.000000,0.779133,1,0.000177,0.002310,3.596840,9.944066,1.491610,0.781250,0.000000,0.000000
661,10.053748,0.001851,1.001911,0.000000,0.000000,1.000000,0.794073,1,0.000168,0.001728,3.224112,9.941025,1.491154,0.781250,0.000000,0.000000
662,10.358689,0.001596,1.002033,0.000000,0.000000,1.000000,0.807986,1,0.000160,0.001652,2.887719,10.257175,1.538576,0.781250,0.000000,0.000000
663,10.115906,0.001753,1.002174,0.000000,0.000000,1.000000,0.820889,1,0.000164,0.001354,2.587667,10.024387,1.503658,0.781250,0.000000,0.000000
664,10.053187,0.001434,1.002353,0.000000,0.000000,1.000000,0.833389,1,0.000376,0.001541,2.318035,9.970681,1.495602,0.781250,0.000000,0.000000
665,10.377925,0.001813,1.002501,0.000000,0.000000,1.000000,0.845273,1,0.000306,0.001556,2.072818,10.303604,1.545541,0.781250,0.000000,0.000000
666,10.170241,0.001714,1.002602,0.000000,0.000000,1.000000,0.856927,1,0.000448,0.010315,1.852164,10.103328,1.515499,0.781250,0.000000,0.000000
667,10.181331,0.001502,1.002761,0.000000,0.000000,1.000000,0.866852,1,0.000176,0.001548,1.655730,10.121027,1.518154,0.781250,0.000000,0.000000
668,10.061198,0.001585,1.002883,0.000000,0.000000,1.000000,0.876688,1,0.000164,0.001524,1.477957,10.006891,1.501034,0.781250,0.000000,0.000000
669,10.091132,0.001515,1.002952,0.000000,0.000000,1.000000,0.883888,1,0.000164,0.001734,1.318194,10.042229,1.506334,0.781250,0.000000,0.000000
670,10.014493,0.001646,1.003124,0.000000,0.000000,1.000000,0.892164,1,0.000292,0.001539,1.177441,9.915580,1.487337,0.781250,0.000000,0.000000
671,10.000397,0.000000,0.996411,0.000000,0.000000,1.000000,0.900544,0,0.000170,0.001427,1.049785,9.880304,1.482046,0.781250,0.000000,0.000000
672,10.356713,0.000000,0.997040,0.000000,0.000000,1.000000,0.907391,0,0.000381,0.001510,0.940308,10.192016,1.528802,0.781250,0.000000,0.000000
673,10.332860,0.000000,0.997575,0.000000,0.000000,1.000000,0.914191,0,0.000182,0.001246,0.843962,10.126362,1.518954,0.781250,0.000000,0.000000
674,10.199257,0.000000,0.999537,0.000000,0.000000,1.000000,0.921000,0,0.000354,0.001187,0.755155,9.974361,1.496154,0.781250,0.000000,0.000000
675,10.587663,0.000000,0.998655,0.000000,0.000000,1.000000,0.924733,0,0.000258,0.001356,0.678557,10.365568,1.554835,0.781250,0.000000,0.000000
676,10.420178,0.000000,1.000180,0.000000,0.000000,1.000000,0.929279,0,0.000185,0.001606,0.610326,10.180281,1.527042,0.781250,0.000000,0.000000
677,10.307748,0.000000,1.000776,0.000000,0.000000,1.000000,0.933072,0,0.000348,0.001238,0.554573,10.090457,1.513569,0.781250,0.000000,0.000000
678,10.186281,0.000000,0.999907,0.000000,0.000000,1.000000,0.936079,0,0.000182,0.001546,0.505863,10.012784,1.501918,0.781250,0.000000,0.000000
679,10.193373,0.000000,1.001431,0.000000,0.000000,1.000000,0.938489,0,0.000184,0.001276,0.465032,9.996078,1.499412,0.781250,0.000000,0.000000
680,10.155162,0.000000,1.001625,0.000000,0.000000,1.000000,0.940808,0,0.000181,0.001422,0.430729,9.981667,1.497250,0.781250,0.000000,0.000000
681,10.096936,0.000000,1.002257,0.000000,0.000000,1.000000,0.943431,0,0.000372,0.001139,0.399414,9.898244,1.484737,0.781250,0.000000,0.000000
682,10.370466,0.000000,1.001790,0.000000,0.000000,1.000000,0.945170,0,0.000229,0.001394,0.374811,10.173174,1.525976,0.781250,0.000000,0.000000
683,10.239622,0.000000,1.001670,0.000000,0.000000,1.000000,0.947114,0,0.000173,0.001393,0.355009,10.015523,1.502328,0.781250,0.000000,0.000000
684,10.209477,0.000000,1.002331,0.000000,0.000000,1.000000,0.949276,0,0.000185,0.001649,0.335476,9.959377,1.493907,0.781250,0.000000,0.000000
685,10.517097,0.000000,1.002653,0.000000,0.000000,1.000000,0.951221,0,0.000183,0.001663,0.317759,10.272405,1.540861,0.781250,0.000000,0.000000
686,10.304523,0.000000,1.001594,0.000000,0.000000,1.000000,0.952769,0,0.000230,0.001418,0.300100,10.058634,1.508795,0.781250,0.000000,0.000000
687,10.319497,0.000000,1.002494,0.000000,0.000000,1.000000,0.954974,0,0.000245,0.001607,0.284205,10.096597,1.514490,0.781250,0.000000,0.000000
688,10.306508,0.000000,1.002177,0.000000,0.000000,1.000000,0.956420,0,0.000177,0.001513,0.269888,10.030616,1.504592,0.781250,0.000000,0.000000
689,10.323148,0.000000,1.001563,0.000000,0.000000,1.000000,0.958325,0,0.000202,0.001446,0.257003,10.026250,1.503938,0.781250,0.000000,0.000000
690,10.102324,0.002268,1.001748,0.000000,0.000000,1.000000,0.779133,1,0.000187,0.001618,3.596840,9.977187,1.496578,0.781250,0.000000,0.000000
691,10.018432,0.002151,1.001911,0.000000,0.000000,1.000000,0.794073,1,0.000308,0.001552,3.224112,9.905704,1.485856,0.781250,0.000000,0.000000
692,10.328031,0.001706,1.002033,0.000000,0.000000,1.000000,0.807986,1,0.000163,0.001558,2.887719,10.226518,1.533978,0.781250,0.000000,0.000000
693,10.111297,0.001686,1.002174,0.000000,0.000000,1.000000,0.820889,1,0.000180,0.001526,2.587667,10.019786,1.502968,0.781250,0.000000,0.000000
694,10.095621,0.001735,1.002353,0.000000,0.000000,1.000000,0.833389,1,0.000299,0.001989,2.318035,10.013101,1.501965,0.781250,0.000000,0.000000
695,10.311880,0.001748,1.002501,0.000000,0.000000,1.000000,0.845273,1,0.000165,0.001514,2.072818,10.237565,1.535635,0.781250,0.000000,0.000000
696,10.331079,0.001622,1.002602,0.000000,0.000000,1.000000,0.856927,1,0.000261,0.002058,1.852164,10.264165,1.539625,0.781250,0.000000,0.000000
697,10.280598,0.001618,1.002761,0.000000,0.000000,1.000000,0.866852,1,0.000189,0.001582,1.655730,10.220286,1.533043,0.781250,0.000000,0.000000
698,10.094329,0.001735,1.002883,0.000000,0.000000,1.000000,0.876688,1,0.000188,0.001642,1.477957,10.040015,1.506002,0.781250,0.000000,0.000000
699,10.124090,0.001617,1.002952,0.000000,0.000000,1.000000,0.883888,1,0.000241,0.001666,1.318194,10.075180,1.511277,0.781250,0.000000,0.000000
700,10.072070,0.001719,1.003124,0.000000,0.000000,1.000000,0.892164,1,0.000330,0.001633,1.177441,9.973154,1.495973,0.781250,0.000000,0.000000
701,9.983584,0.000000,0.996411,0.000000,0.000000,1.000000,0.900544,0,0.000163,0.001303,1.049785,9.863499,1.479525,0.781250,0.000000,0.000000
702,10.333536,0.000000,0.997040,0.000000,0.000000,1.000000,0.907391,0,0.000215,0.001385,0.940308,10.168840,1.525326,0.781250,0.000000,0.000000
703,10.237763,0.000000,0.997575,0.000000,0.000000,1.000000,0.914191,0,0.000163,0.001552,0.843962,10.031268,1.504690,0.781250,0.000000,0.000000
704,10.226628,0.000000,0.999537,0.000000,0.000000,1.000000,0.921000,0,0.000161,0.001197,0.755155,10.001733,1.500260,0.781250,0.000000,0.000000
705,10.495799,0.000000,0.998655,0.000000,0.000000,1.000000,0.924733,0,0.000429,0.001420,0.678557,10.273700,1.541055,0.781250,0.000000,0.000000
706,10.315345,0.000000,1.000180,0.000000,0.000000,1.000000,0.929279,0,0.000166,0.001403,0.610326,10.075455,1.511318,0.781250,0.000000,0.000000
707,10.317432,0.000000,1.000776,0.000000,0.000000,1.000000,0.933072,0,0.000170,0.002195,0.554573,10.100132,1.515020,0.781250,0.000000,0.000000
708,10.190932,0.000000,0.999907,0.000000,0.000000,1.000000,0.936079,0,0.000267,0.001440,0.505863,10.017430,1.502615,0.781250,0.000000,0.000000
709,10.194447,0.000000,1.001431,0.000000,0.000000,1.000000,0.938489,0,0.000161,0.001612,0.465032,9.997155,1.499573,0.781250,0.000000,0.000000
710,10.098298,0.000000,1.001625,0.000000,0.000000,1.000000,0.940808,0,0.000199,0.001574,0.430729,9.924807,1.488721,0.781250,0.000000,0.000000
711,10.063673,0.000000,1.002257,0.000000,0.000000,1.000000,0.943431,0,0.000444,0.001788,0.399414,9.864975,1.479746,0.781250,0.000000,0.000000
712,10.353498,0.000000,1.001790,0.000000,0.000000,1.000000,0.945170,0,0.000180,0.001898,0.374811,10.156199,1.523430,0.781250,0.000000,0.000000
713,10.235636,0.000000,1.001670,0.000000,0.000000,1.000000,0.947114,0,0.000183,0.001421,0.355009,10.011543,1.501731,0.781250,0.000000,0.000000
714,10.212098,0.000000,1.002331,0.000000,0.000000,1.000000,0.949276,0,0.000184,0.001495,0.335476,9.962008,1.494301,0.781250,0.000000,0.000000
715,10.456657,0.000000,1.002653,0.000000,0.000000,1.000000,0.951221,0,0.000237,0.001579,0.317759,10.211965,1.531795,0.781250,0.000000,0.000000
716,10.346968,0.000000,1.001594,0.000000,0.000000,1.000000,0.952769,0,0.000214,0.001655,0.300100,10.101074,1.515161,0.781250,0.000000,0.000000
717,10.358697,0.000000,1.002494,0.000000,0.000000,1.000000,0.954974,0,0.000346,0.001434,0.284205,10.135796,1.520369,0.781250,0.000000,0.000000
718,10.282603,0.000000,1.002177,0.000000,0.000000,1.000000,0.956420,0,0.000184,0.001465,0.269888,10.006699,1.501005,0.781250,0.000000,0.000000
719,10.301235,0.000000,1.001563,0.000000,0.000000,1.000000,0.958325,0,0.000189,0.001549,0.257003,10.004334,1.500650,0.781250,0.000000,0.000000
720,10.104755,0.001956,1.001748,0.000000,0.000000,1.000000,0.779133,1,0.000210,0.001708,3.596840,9.979629,1.496944,0.781250,0.000000,0.000000
721,9.969218,0.002045,1.001911,0.000000,0.000000,1.000000,0.794073,1,0.000163,0.001769,3.224112,9.856491,1.478474,0.781250,0.000000,0.000000
722,10.259616,0.002147,1.002033,0.000000,0.000000,1.000000,0.807986,1,0.000160,0.001543,2.887719,10.158084,1.523713,0.781250,0.000000,0.000000
723,10.119860,0.001827,1.002174,0.000000,0.000000,1.000000,0.820889,1,0.000153,0.001441,2.587667,10.028338,1.504251,0.781250,0.000000,0.000000
724,10.039239,0.001511,1.002353,0.000000,0.000000,1.000000,0.833389,1,0.000174,0.001688,2.318035,9.956732,1.493510,0.781250,0.000000,0.000000
725,10.330109,0.001556,1.002501,0.000000,0.000000,1.000000,0.845273,1,0.000163,0.001877,2.072818,10.255803,1.538371,0.781250,0.000000,0.000000
726,10.137488,0.001669,1.002602,0.000000,0.000000,1.000000,0.856927,1,0.000271,0.001441,1.852164,10.070572,1.510586,0.781250,0.000000,0.000000
727,10.164789,0.001669,1.002761,0.000000,0.000000,1.000000,0.866852,1,0.000384,0.002041,1.655730,10.104475,1.515671,0.781250,0.000000,0.000000
728,10.054675,0.001497,1.002883,0.000000,0.000000,1.000000,0.876688,1,0.000184,0.001296,1.477957,10.000368,1.500055,0.781250,0.000000,0.000000
729,10.035198,0.001552,1.002952,0.000000,0.000000,1.000000,0.883888,1,0.000161,0.001456,1.318194,9.986290,1.497944,0.781250,0.000000,0.000000
730,9.988734,0.001478,1.003124,0.000000,0.000000,1.000000,0.892164,1,0.000170,0.001261,1.177441,9.889827,1.483474,0.781250,0.000000,0.000000
731,9.998451,0.000000,0.996411,0.000000,0.000000,1.000000,0.900544,0,0.000185,0.001517,1.049785,9.878359,1.481754,0.781250,0.000000,0.000000
732,10.388038,0.000000,0.997040,0.000000,0.000000,1.000000,0.907391,0,0.000396,0.001624,0.940308,10.223341,1.533501,0.781250,0.000000,0.000000
733,10.270227,0.000000,0.997575,0.000000,0.000000,1.000000,0.914191,0,0.000177,0.001323,0.843962,10.063729,1.509559,0.781250,0.000000,0.000000
734,10.403828,0.000000,0.999537,0.000000,0.000000,1.000000,0.921000,0,0.000220,0.001488,0.755155,10.178929,1.526839,0.781250,0.000000,0.000000
735,10.576506,0.000000,0.998655,0.000000,0.000000,1.000000,0.924733,0,0.000180,0.001640,0.678557,10.354413,1.553162,0.781250,0.000000,0.000000
736,10.326188,0.000000,1.000180,0.000000,0.000000,1.000000,0.929279,0,0.000181,0.001446,0.610326,10.086294,1.512944,0.781250,0.000000,0.000000
737,10.315646,0.000000,1.000776,0.000000,0.000000,1.000000,0.933072,0,0.000200,0.001823,0.554573,10.098352,1.514753,0.781250,0.000000,0.000000
738,10.172652,0.000000,0.999907,0.000000,0.000000,1.000000,0.936079,0,0.000337,0.001875,0.505863,9.999151,1.499873,0.781250,0.000000,0.000000
739,10.220307,0.000000,1.001431,0.000000,0.000000,1.000000,0.938489,0,0.000183,0.001307,0.465032,10.023013,1.503452,0.781250,0.000000,0.000000
740,10.079713,0.000000,1.002130,0.000000,0.000000,1.000000,0.940808,0,0.000380,0.001719,0.430729,9.906217,1.485933,0.781250,0.000000,0.000000
741,10.060003,0.000000,1.001808,0.000000,0.000000,1.000000,0.942795,0,0.000232,0.001457,0.399250,9.866511,1.479977,0.781250,0.000000,0.000000
742,10.390022,0.000000,1.001790,0.000000,0.000000,1.000000,0.945090,0,0.000382,0.001765,0.374778,10.164333,1.524650,0.781250,0.000000,0.000000
743,10.241598,0.000000,1.001670,0.000000,0.000000,1.000000,0.947035,0,0.000230,0.001579,0.354974,10.017498,1.502625,0.781250,0.000000,0.000000
744,10.202693,0.000000,1.002331,0.000000,0.000000,1.000000,0.949197,0,0.000177,0.001631,0.335440,9.952607,1.492891,0.781250,0.000000,0.000000
745,10.442495,0.000000,1.002653,0.000000,0.000000,1.000000,0.951141,0,0.000201,0.001586,0.317720,10.197800,1.529670,0.781250,0.000000,0.000000
746,10.364855,0.000000,1.001594,0.000000,0.000000,1.000000,0.952690,0,0.000175,0.001551,0.300059,10.118963,1.517844,0.781250,0.000000,0.000000
747,10.380715,0.000000,1.002494,0.000000,0.000000,1.000000,0.954895,0,0.000228,0.001839,0.284162,10.157818,1.523673,0.781250,0.000000,0.000000
748,10.350975,0.000000,1.002177,0.000000,0.000000,1.000000,0.956340,0,0.000243,0.001741,0.269843,10.075083,1.511262,0.781250,0.000000,0.000000
749,10.314511,0.000000,1.001563,0.000000,0.000000,1.000000,0.958245,0,0.000257,0.001638,0.256955,10.017621,1.502643,0.781250,0.000000,0.000000
750,10.112768,0.001829,1.001748,0.000000,0.000000,1.000000,0.779133,1,0.000180,0.001982,3.596840,9.987650,1.498148,0.781250,0.000000,0.000000
751,9.979330,0.001581,1.001911,0.000000,0.000000,1.000000,0.794073,1,0.000353,0.001394,3.224112,9.866622,1.479993,0.781250,0.000000,0.000000
752,10.279695,0.001883,1.002033,0.000000,0.000000,1.000000,0.807986,1,0.000159,0.002020,2.887719,10.178176,1.526726,0.781250,0.000000,0.000000
753,10.262823,0.001888,1.002174,0.000000,0.000000,1.000000,0.820889,1,0.000175,0.001583,2.587667,10.171303,1.525696,0.781250,0.000000,0.000000
754,10.331239,0.001944,1.002353,0.000000,0.000000,1.000000,0.833389,1,0.000163,0.001742,2.318035,10.248715,1.537307,0.781250,0.000000,0.000000
755,10.460107,0.001888,1.002501,0.000000,0.000000,1.000000,0.845273,1,0.000163,0.001786,2.072818,10.385775,1.557866,0.781250,0.000000,0.000000
756,10.186754,0.001662,1.002602,0.000000,0.000000,1.000000,0.856927,1,0.000180,0.001446,1.852164,10.119841,1.517976,0.781250,0.000000,0.000000
757,10.179972,0.001475,1.002761,0.000000,0.000000,1.000000,0.866852,1,0.000164,0.001664,1.655730,10.119663,1.517949,0.781250,0.000000,0.000000
758,10.114919,0.001823,1.002883,0.000000,0.000000,1.000000,0.876688,1,0.000181,0.001980,1.477957,10.060598,1.509090,0.781250,0.000000,0.000000
759,10.043647,0.001779,1.002952,0.000000,0.000000,1.000000,0.883888,1,0.000206,0.001556,1.318194,9.994732,1.499210,0.781250,0.000000,0.000000
760,10.004572,0.001320,1.003124,0.000000,0.000000,1.000000,0.892164,1,0.000179,0.001762,1.177441,9.905673,1.485851,0.781250,0.000000,0.000000
761,9.987252,0.000000,0.996411,0.000000,0.000000,1.000000,0.900544,0,0.000182,0.001690,1.049785,9.867166,1.480075,0.781250,0.000000,0.000000
762,10.335798,0.000000,0.997040,0.000000,0.000000,1.000000,0.907391,0,0.000184,0.001801,0.940308,10.171108,1.525666,0.781250,0.000000,0.000000
763,10.211412,0.000000,0.997575,0.000000,0.000000,1.000000,0.914191,0,0.000182,0.001714,0.843962,10.004919,1.500738,0.781250,0.000000,0.000000
764,10.143276,0.000000,0.999537,0.000000,0.000000,1.000000,0.921000,0,0.000182,0.001373,0.755155,9.918386,1.487758,0.781250,0.000000,0.000000
765,10.494077,0.000000,0.998655,0.000000,0.000000,1.000000,0.924733,0,0.000271,0.001553,0.678557,10.271984,1.540798,0.781250,0.000000,0.000000
766,10.381848,0.000000,1.000180,0.000000,0.000000,1.000000,0.929279,0,0.000345,0.001620,0.610326,10.141955,1.521293,0.781250,0.000000,0.000000
767,10.502315,0.000000,1.000776,0.000000,0.000000,1.000000,0.933072,0,0.000221,0.001215,0.554573,10.285022,1.542753,0.781250,0.000000,0.000000
768,10.202957,0.000000,0.999907,0.000000,0.000000,1.000000,0.936079,0,0.000202,0.010036,0.505863,10.029465,1.504420,0.781250,0.000000,0.000000
769,10.202077,0.000000,1.001431,0.000000,0.000000,1.000000,0.938489,0,0.000183,0.001520,0.465032,10.004786,1.500718,0.781250,0.000000,0.000000
770,10.089772,0.000000,1.001625,0.000000,0.000000,1.000000,0.940808,0,0.000346,0.001880,0.430729,9.916280,1.487442,0.781250,0.000000,0.000000
771,10.070105,0.000000,1.002257,0.000000,0.000000,1.000000,0.943431,0,0.000180,0.001417,0.399414,9.871414,1.480712,0.781250,0.000000,0.000000
772,10.367292,0.000000,1.001790,0.000000,0.000000,1.000000,0.945170,0,0.000176,0.001793,0.374811,10.169999,1.525500,0.781250,0.000000,0.000000
773,10.244726,0.000000,1.001670,0.000000,0.000000,1.000000,0.947114,0,0.000199,0.001863,0.355009,10.020635,1.503095,0.781250,0.000000,0.000000
774,10.235409,0.000000,1.002331,0.000000,0.000000,1.000000,0.949276,0,0.000181,0.001669,0.335476,9.985316,1.497797,0.781250,0.000000,0.000000
775,10.459468,0.000000,1.002653,0.000000,0.000000,1.000000,0.951221,0,0.000277,0.001257,0.317759,10.214771,1.532216,0.781250,0.000000,0.000000
776,10.353757,0.000000,1.001594,0.000000,0.000000,1.000000,0.952769,0,0.000173,0.001582,0.300100,10.107866,1.516180,0.781250,0.000000,0.000000
777,10.351814,0.000000,1.002494,0.000000,0.000000,1.000000,0.954974,0,0.000357,0.001508,0.284205,10.128923,1.519338,0.781250,0.000000,0.000000
778,10.345483,0.000000,1.002177,0.000000,0.000000,1.000000,0.956420,0,0.000186,0.002156,0.269888,10.069591,1.510439,0.781250,0.000000,0.000000
779,10.340097,0.000000,1.001563,0.000000,0.000000,1.000000,0.958325,0,0.000200,0.001525,0.257003,10.043201,1.506480,0.781250,0.000000,0.000000
780,10.028442,0.002091,1.001748,0.000000,0.000000,1.000000,0.779133,1,0.000362,0.002070,3.596840,9.903307,1.485496,0.781250,0.000000,0.000000
781,9.998060,0.001983,1.001911,0.000000,0.000000,1.000000,0.794073,1,0.000162,0.001818,3.224112,9.885337,1.482801,0.781250,0.000000,0.000000
782,10.291500,0.002177,1.002033,0.000000,0.000000,1.000000,0.807986,1,0.000160,0.001900,2.887719,10.189965,1.528495,0.781250,0.000000,0.000000
783,10.106649,0.001523,1.002174,0.000000,0.000000,1.000000,0.820889,1,0.000170,0.001782,2.587667,10.015140,1.502271,0.781250,0.000000,0.000000
784,10.003801,0.001749,1.002353,0.000000,0.000000,1.000000,0.833389,1,0.000102,0.001584,2.318035,9.921288,1.488193,0.781250,0.000000,0.000000
785,10.295569,0.001310,1.002501,0.000000,0.000000,1.000000,0.845273,1,0.000279,0.001390,2.072818,10.221272,1.533191,0.781250,0.000000,0.000000
786,10.172257,0.001936,1.002602,0.000000,0.000000,1.000000,0.856927,1,0.000168,0.001102,1.852164,10.105331,1.515800,0.781250,0.000000,0.000000
787,10.148172,0.001599,1.002761,0.000000,0.000000,1.000000,0.866852,1,0.000349,0.001596,1.655730,10.087860,1.513179,0.781250,0.000000,0.000000
788,10.069577,0.001466,1.002883,0.000000,0.000000,1.000000,0.876688,1,0.000098,0.001357,1.477957,10.015274,1.502291,0.781250,0.000000,0.000000
789,10.043295,0.001378,1.002952,0.000000,0.000000,1.000000,0.883888,1,0.000159,0.001581,1.318194,9.994394,1.499159,0.781250,0.000000,0.000000
790,10.012036,0.001724,1.003124,0.000000,0.000000,1.000000,0.892164,1,0.000156,0.001443,1.177441,9.913117,1.486968,0.781250,0.000000,0.000000
791,9.983259,0.000000,0.996411,0.000000,0.000000,1.000000,0.900544,0,0.000280,0.001267,1.049785,9.863166,1.479475,0.781250,0.000000,0.000000
792,10.431310,0.000000,0.997040,0.000000,0.000000,1.000000,0.907391,0,0.000215,0.001410,0.940308,10.266616,1.539992,0.781250,0.000000,0.000000
793,10.265557,0.000000,0.997575,0.000000,0.000000,1.000000,0.914191,0,0.000420,0.001482,0.843962,10.059055,1.508858,0.781250,0.000000,0.000000
794,10.177184,0.000000,0.999537,0.000000,0.000000,1.000000,0.921000,0,0.000363,0.001610,0.755155,9.952286,1.492843,0.781250,0.000000,0.000000
795,10.438554,0.000000,0.998655,0.000000,0.000000,1.000000,0.924733,0,0.000170,0.001272,0.678557,10.216462,1.532469,0.781250,0.000000,0.000000
796,10.296665,0.000000,1.000180,0.000000,0.000000,1.000000,0.929279,0,0.000333,0.001438,0.610326,10.056768,1.508515,0.781250,0.000000,0.000000
797,10.359985,0.000000,1.000776,0.000000,0.000000,1.000000,0.933072,0,0.000177,0.001828,0.554573,10.142685,1.521403,0.781250,0.000000,0.000000
798,10.177688,0.000000,0.999907,0.000000,0.000000,1.000000,0.936079,0,0.000400,0.001223,0.505863,10.004195,1.500629,0.781250,0.000000,0.000000
799,10.182583,0.000000,1.001431,0.000000,0.000000,1.000000,0.938489,0,0.000175,0.001468,0.465032,9.985297,1.497795,0.781250,0.000000,0.000000
800,10.057453,0.000000,1.001625,0.000000,0.000000,1.000000,0.940808,0,0.000207,0.001527,0.430729,9.883958,1.482594,0.781250,0.000000,0.000000
801,10.111345,0.000000,1.002257,0.000000,0.000000,1.000000,0.943431,0,0.000415,0.002090,0.399414,9.912656,1.486898,0.781250,0.000000,0.000000
802,10.438217,0.000000,1.001790,0.000000,0.000000,1.000000,0.945170,0,0.000237,0.001768,0.374811,10.240921,1.536138,0.781250,0.000000,0.000000
803,10.271481,0.000000,1.001670,0.000000,0.000000,1.000000,0.947114,0,0.000180,0.001578,0.355009,10.047389,1.507108,0.781250,0.000000,0.000000
804,10.208254,0.000000,1.002331,0.000000,0.000000,1.000000,0.949276,0,0.000396,0.001398,0.335476,9.958161,1.493724,0.781250,0.000000,0.000000
805,10.508466,0.000000,1.002653,0.000000,0.000000,1.000000,0.951221,0,0.000215,0.001650,0.317759,10.263770,1.539565,0.781250,0.000000,0.000000
806,10.316754,0.000000,1.001594,0.000000,0.000000,1.000000,0.952769,0,0.000199,0.001695,0.300100,10.070862,1.510629,0.781250,0.000000,0.000000
807,10.333026,0.000000,1.002494,0.000000,0.000000,1.000000,0.954974,0,0.000205,0.001571,0.284205,10.110130,1.516519,0.781250,0.000000,0.000000
808,10.294865,0.000000,1.002177,0.000000,0.000000,1.000000,0.956420,0,0.000251,0.001534,0.269888,10.018964,1.502845,0.781250,0.000000,0.000000
809,10.354155,0.000000,1.001563,0.000000,0.000000,1.000000,0.958325,0,0.000280,0.001635,0.257003,10.057263,1.508589,0.781250,0.000000,0.000000
810,10.051924,0.001871,1.001748,0.000000,0.000000,1.000000,0.779133,1,0.000199,0.001865,3.596840,9.926804,1.489021,0.781250,0.000000,0.000000
811,9.988230,0.001938,1.001911,0.000000,0.000000,1.000000,0.794073,1,0.000164,0.001478,3.224112,9.875505,1.481326,0.781250,0.000000,0.000000
812,10.278887,0.001776,1.002033,0.000000,0.000000,1.000000,0.807986,1,0.000161,0.001952,2.887719,10.177366,1.526605,0.781250,0.000000,0.000000
813,10.157888,0.001357,1.002174,0.000000,0.000000,1.000000,0.820889,1,0.000158,0.001570,2.587667,10.066390,1.509959,0.781250,0.000000,0.000000
814,10.035355,0.001582,1.002353,0.000000,0.000000,1.000000,0.833389,1,0.000161,0.001583,2.318035,9.952849,1.492927,0.781250,0.000000,0.000000
815,10.280634,0.001683,1.002501,0.000000,0.000000,1.000000,0.845273,1,0.000246,0.001304,2.072818,10.206323,1.530948,0.781250,0.000000,0.000000
816,10.123577,0.001725,1.002602,0.000000,0.000000,1.000000,0.856927,1,0.000390,0.001512,1.852164,10.056665,1.508500,0.781250,0.000000,0.000000
817,10.225594,0.001867,1.002761,0.000000,0.000000,1.000000,0.866852,1,0.000165,0.001409,1.655730,10.165279,1.524792,0.781250,0.000000,0.000000
818,10.132714,0.001932,1.002883,0.000000,0.000000,1.000000,0.876688,1,0.000165,0.001605,1.477957,10.078396,1.511759,0.781250,0.000000,0.000000
819,10.132013,0.001731,1.002952,0.000000,0.000000,1.000000,0.883888,1,0.000175,0.003187,1.318194,10.083096,1.512464,0.781250,0.000000,0.000000
820,10.003440,0.001714,1.003124,0.000000,0.000000,1.000000,0.892164,1,0.000190,0.001589,1.177441,9.904528,1.485679,0.781250,0.000000,0.000000
821,10.016333,0.000000,0.996411,0.000000,0.000000,1.000000,0.900544,0,0.000290,0.001884,1.049785,9.896240,1.484436,0.781250,0.000000,0.000000
822,10.317649,0.000000,0.997040,0.000000,0.000000,1.000000,0.907391,0,0.000181,0.001223,0.940308,10.152956,1.522943,0.781250,0.000000,0.000000
823,10.215722,0.000000,0.997575,0.000000,0.000000,1.000000,0.914191,0,0.000362,0.001241,0.843962,10.009233,1.501385,0.781250,0.000000,0.000000
824,10.144254,0.000000,0.999537,0.000000,0.000000,1.000000,0.921000,0,0.000171,0.001454,0.755155,9.919358,1.487904,0.781250,0.000000,0.000000
825,10.517009,0.000000,0.998655,0.000000,0.000000,1.000000,0.924733,0,0.000171,0.001584,0.678557,10.294912,1.544237,0.781250,0.000000,0.000000
826,10.312145,0.000000,1.000180,0.000000,0.000000,1.000000,0.929279,0,0.000276,0.001645,0.610326,10.072249,1.510837,0.781250,0.000000,0.000000
827,10.312897,0.000000,1.000776,0.000000,0.000000,1.000000,0.933072,0,0.000200,0.002192,0.554573,10.095604,1.514341,0.781250,0.000000,0.000000
828,10.163618,0.000000,0.999907,0.000000,0.000000,1.000000,0.936079,0,0.000181,0.001672,0.505863,9.990134,1.498520,0.781250,0.000000,0.000000
829,10.189079,0.000000,1.001431,0.000000,0.000000,1.000000,0.938489,0,0.000392,0.001265,0.465032,9.991795,1.498769,0.781250,0.000000,0.000000
830,10.072323,0.000000,1.001625,0.000000,0.000000,1.000000,0.940808,0,0.000229,0.001596,0.430729,9.898829,1.484824,0.781250,0.000000,0.000000
831,10.053895,0.000000,1.002257,0.000000,0.000000,1.000000,0.943431,0,0.000183,0.001418,0.399414,9.855200,1.478280,0.781250,0.000000,0.000000
832,10.365428,0.000000,1.001790,0.000000,0.000000,1.000000,0.945170,0,0.000305,0.001558,0.374811,10.168129,1.525219,0.781250,0.000000,0.000000
833,10.268493,0.000000,1.001670,0.000000,0.000000,1.000000,0.947114,0,0.000188,0.001631,0.355009,10.044408,1.506661,0.781250,0.000000,0.000000
834,10.193772,0.000000,1.002331,0.000000,0.000000,1.000000,0.949276,0,0.000181,0.001503,0.335476,9.943679,1.491552,0.781250,0.000000,0.000000
835,10.464222,0.000000,1.002653,0.000000,0.000000,1.000000,0.951221,0,0.000345,0.001438,0.317759,10.219534,1.532930,0.781250,0.000000,0.000000
836,10.358185,0.000000,1.001594,0.000000,0.000000,1.000000,0.952769,0,0.000203,0.001503,0.300100,10.112286,1.516843,0.781250,0.000000,0.000000
837,10.386274,0.000000,1.002494,0.000000,0.000000,1.000000,0.954974,0,0.000179,0.001394,0.284205,10.163375,1.524506,0.781250,0.000000,0.000000
838,10.277647,0.000000,1.002177,0.000000,0.000000,1.000000,0.956420,0,0.000184,0.001532,0.269888,10.001750,1.500262,0.781250,0.000000,0.000000
839,10.258098,0.000000,1.001563,0.000000,0.000000,1.000000,0.958325,0,0.000312,0.001943,0.257003,9.961201,1.494180,0.781250,0.000000,0.000000
840,9.999449,0.002149,1.001748,0.000000,0.000000,1.000000,0.779133,1,0.000184,0.001681,3.596840,9.874316,1.481147,0.781250,0.000000,0.000000
841,10.014947,0.001700,1.001911,0.000000,0.000000,1.000000,0.794073,1,0.000188,0.001367,3.224112,9.902235,1.485335,0.781250,0.000000,0.000000
842,10.291584,0.001791,1.002033,0.000000,0.000000,1.000000,0.807986,1,0.000103,0.001478,2.887719,10.190068,1.528510,0.781250,0.000000,0.000000
843,10.099297,0.001758,1.002174,0.000000,0.000000,1.000000,0.820889,1,0.000158,0.001680,2.587667,10.007781,1.501167,0.781250,0.000000,0.000000
844,10.099625,0.001568,1.002353,0.000000,0.000000,1.000000,0.833389,1,0.000097,0.001300,2.318035,10.017117,1.502568,0.781250,0.000000,0.000000
845,10.344359,0.001546,1.002501,0.000000,0.000000,1.000000,0.845273,1,0.000100,0.001364,2.072818,10.270053,1.540508,0.781250,0.000000,0.000000
846,10.181173,0.001862,1.002602,0.000000,0.000000,1.000000,0.856927,1,0.000101,0.001666,1.852164,10.114251,1.517138,0.781250,0.000000,0.000000
847,10.166575,0.001513,1.002761,0.000000,0.000000,1.000000,0.866852,1,0.000178,0.001651,1.655730,10.106273,1.515941,0.781250,0.000000,0.000000
848,10.057194,0.001878,1.002883,0.000000,0.000000,1.000000,0.876688,1,0.000216,0.001517,1.477957,10.002876,1.500431,0.781250,0.000000,0.000000
849,10.102769,0.001622,1.002952,0.000000,0.000000,1.000000,0.883888,1,0.000190,0.001470,1.318194,10.053862,1.508079,0.781250,0.000000,0.000000
850,10.132445,0.001687,1.003124,0.000000,0.000000,1.000000,0.892164,1,0.000177,0.001351,1.177441,10.033535,1.505030,0.781250,0.000000,0.000000
851,10.242240,0.000000,0.996411,0.000000,0.000000,1.000000,0.900544,0,0.000357,0.001468,1.049785,10.122143,1.518321,0.781250,0.000000,0.000000
852,10.364638,0.000000,0.997040,0.000000,0.000000,1.000000,0.907391,0,0.000264,0.001697,0.940308,10.199940,1.529991,0.781250,0.000000,0.000000
853,10.216981,0.000000,0.997575,0.000000,0.000000,1.000000,0.914191,0,0.000252,0.001528,0.843962,10.010488,1.501573,0.781250,0.000000,0.000000
854,10.220404,0.000000,0.999537,0.000000,0.000000,1.000000,0.921000,0,0.000202,0.001912,0.755155,9.995507,1.499326,0.781250,0.000000,0.000000
855,10.574763,0.000000,0.998655,0.000000,0.000000,1.000000,0.924733,0,0.000253,0.001570,0.678557,10.352667,1.552900,0.781250,0.000000,0.000000
856,10.728513,0.000000,1.000180,0.000000,0.000000,1.000000,0.929279,0,0.000227,0.001880,0.610326,10.488609,1.573291,0.781250,0.000000,0.000000
857,10.690360,0.000000,1.000692,0.000000,0.000000,1.000000,0.933072,0,0.000185,0.001606,0.554573,10.473063,1.570959,0.781250,0.000000,0.000000
858,10.485583,0.000000,0.999907,0.000000,0.000000,1.000000,0.936350,0,0.000314,0.001574,0.506140,10.311486,1.546723,0.781250,0.000000,0.000000
859,10.425611,0.000000,1.001262,0.000000,0.000000,1.000000,0.938760,0,0.000326,0.002065,0.465333,10.227714,1.534157,0.781250,0.000000,0.000000
860,10.294782,0.000000,1.001864,0.000000,0.000000,1.000000,0.941166,0,0.000295,0.001779,0.430884,10.119089,1.517863,0.781250,0.000000,0.000000
861,10.188615,0.000000,1.002257,0.000000,0.000000,1.000000,0.943485,0,0.000350,0.001764,0.399493,9.990520,1.498578,0.781250,0.000000,0.000000
862,10.494684,0.000000,1.001790,0.000000,0.000000,1.000000,0.945224,0,0.000253,0.001965,0.374894,10.299590,1.544938,0.781250,0.000000,0.000000
863,10.442402,0.000000,1.001670,0.000000,0.000000,1.000000,0.947168,0,0.000186,0.002000,0.355097,10.218313,1.532747,0.781250,0.000000,0.000000
864,10.301805,0.000000,1.002080,0.000000,0.000000,1.000000,0.949331,0,0.000200,0.001732,0.335570,10.051715,1.507757,0.781250,0.000000,0.000000
865,10.613472,0.000000,1.002653,0.000000,0.000000,1.000000,0.951535,0,0.000183,0.001581,0.317836,10.365777,1.554867,0.781250,0.000000,0.000000
866,10.466973,0.000000,1.001984,0.000000,0.000000,1.000000,0.953084,0,0.000182,0.001545,0.300181,10.193677,1.529052,0.781250,0.000000,0.000000
867,10.424620,0.000000,1.001762,0.000000,0.000000,1.000000,0.954770,0,0.000202,0.001685,0.284016,10.179329,1.526899,0.781250,0.000000,0.000000
868,10.386081,0.000000,1.002177,0.000000,0.000000,1.000000,0.956770,0,0.000199,0.001465,0.270233,10.091186,1.513678,0.781250,0.000000,0.000000
869,10.473594,0.000000,1.002416,0.000000,0.000000,1.000000,0.958675,0,0.000465,0.001685,0.257365,10.157698,1.523655,0.781250,0.000000,0.000000
870,10.229549,0.001849,1.001748,0.000000,0.000000,1.000000,0.779133,1,0.000488,0.001612,3.596840,10.104423,1.515664,0.781250,0.000000,0.000000
871,10.140592,0.001750,1.001911,0.000000,0.000000,1.000000,0.794073,1,0.000205,0.001575,3.224112,10.027879,1.504182,0.781250,0.000000,0.000000
872,10.460322,0.001874,1.002033,0.000000,0.000000,1.000000,0.807986,1,0.000164,0.001677,2.887719,10.358796,1.553819,0.781250,0.000000,0.000000
873,10.236826,0.001459,1.002174,0.000000,0.000000,1.000000,0.820889,1,0.000162,0.001185,2.587667,10.145322,1.521798,0.781250,0.000000,0.000000
874,10.186654,0.001688,1.002353,0.000000,0.000000,1.000000,0.833389,1,0.000168,0.001420,2.318035,10.104137,1.515621,0.781250,0.000000,0.000000
875,10.474284,0.001627,1.002501,0.000000,0.000000,1.000000,0.845273,1,0.000175,0.001587,2.072818,10.399969,1.559995,0.781250,0.000000,0.000000
876,10.274466,0.001812,1.002602,0.000000,0.000000,1.000000,0.856927,1,0.000355,0.001927,1.852164,10.207541,1.531131,0.781250,0.000000,0.000000
877,10.368018,0.001924,1.002761,0.000000,0.000000,1.000000,0.866852,1,0.000163,0.001681,1.655730,10.307692,1.546154,0.781250,0.000000,0.000000
878,10.153857,0.001842,1.002883,0.000000,0.000000,1.000000,0.876688,1,0.000165,0.001687,1.477957,10.099535,1.514930,0.781250,0.000000,0.000000
879,10.150157,0.002057,1.002952,0.000000,0.000000,1.000000,0.883888,1,0.000159,0.001652,1.318194,10.101225,1.515184,0.781250,0.000000,0.000000
880,10.019139,0.001765,1.003124,0.000000,0.000000,1.000000,0.892164,1,0.000240,0.001389,1.177441,9.920220,1.488033,0.781250,0.000000,0.000000
881,10.080485,0.000000,0.996411,0.000000,0.000000,1.000000,0.900544,0,0.000176,0.001839,1.049785,9.960393,1.494059,0.781250,0.000000,0.000000
882,10.384125,0.000000,0.997040,0.000000,0.000000,1.000000,0.907391,0,0.000184,0.001607,0.940308,10.219428,1.532914,0.781250,0.000000,0.000000
883,10.344508,0.000000,0.997575,0.000000,0.000000,1.000000,0.914191,0,0.000181,0.001722,0.843962,10.138012,1.520702,0.781250,0.000000,0.000000
884,10.213869,0.000000,0.999537,0.000000,0.000000,1.000000,0.921000,0,0.000417,0.001416,0.755155,9.988975,1.498346,0.781250,0.000000,0.000000
885,10.463368,0.000000,0.998655,0.000000,0.000000,1.000000,0.924733,0,0.000163,0.001572,0.678557,10.241270,1.536191,0.781250,0.000000,0.000000
886,10.358880,0.000000,1.000180,0.000000,0.000000,1.000000,0.929279,0,0.000307,0.001890,0.610326,10.118988,1.517848,0.781250,0.000000,0.000000
887,10.397077,0.000000,1.000776,0.000000,0.000000,1.000000,0.933072,0,0.000180,0.001495,0.554573,10.179779,1.526967,0.781250,0.000000,0.000000
888,10.214263,0.000000,0.999907,0.000000,0.000000,1.000000,0.936079,0,0.000408,0.001340,0.505863,10.040772,1.506116,0.781250,0.000000,0.000000
889,10.204374,0.000000,1.001431,0.000000,0.000000,1.000000,0.938489,0,0.000183,0.001411,0.465032,10.007079,1.501062,0.781250,0.000000,0.000000
890,10.131810,0.000000,1.002130,0.000000,0.000000,1.000000,0.940808,0,0.000307,0.001947,0.430729,9.958312,1.493747,0.781250,0.000000,0.000000
891,10.060328,0.000000,1.001808,0.000000,0.000000,1.000000,0.942795,0,0.000192,0.001991,0.399250,9.866838,1.480026,0.781250,0.000000,0.000000
892,10.410328,0.000000,1.001790,0.000000,0.000000,1.000000,0.945090,0,0.000176,0.001781,0.374778,10.184630,1.527695,0.781250,0.000000,0.000000
893,10.309944,0.000000,1.001670,0.000000,0.000000,1.000000,0.947035,0,0.000186,0.001626,0.354974,10.085850,1.512878,0.781250,0.000000,0.000000
894,10.318477,0.000000,1.002331,0.000000,0.000000,1.000000,0.949197,0,0.000209,0.001424,0.335440,10.068361,1.510254,0.781250,0.000000,0.000000
895,10.621599,0.000000,1.002653,0.000000,0.000000,1.000000,0.951141,0,0.000185,0.001682,0.317720,10.376908,1.556536,0.781250,0.000000,0.000000
896,10.392119,0.000000,1.001594,0.000000,0.000000,1.000000,0.952690,0,0.000185,0.001619,0.300059,10.146219,1.521933,0.781250,0.000000,0.000000
897,10.390019,0.000000,1.002494,0.000000,0.000000,1.000000,0.954895,0,0.000395,0.002112,0.284162,10.167120,1.525068,0.781250,0.000000,0.000000
898,10.347577,0.000000,1.002177,0.000000,0.000000,1.000000,0.956340,0,0.000382,0.001976,0.269843,10.071687,1.510753,0.781250,0.000000,0.000000
899,10.377079,0.000000,1.001563,0.000000,0.000000,1.000000,0.958245,0,0.000191,0.001557,0.256955,10.080179,1.512027,0.781250,0.000000,0.000000
