epoch,aggregation_latency_ms,recovery_latency_ms,aggregation_completeness,loss_exposure_fraction,communication_overhead_KB,system_availability,queue_utilization,recovery_frequency,scheduling_latency_ms,state_refresh_ms,workload_imbalance,processing_overhead_ms,energy_joules,scheduling_comm_kb,recomputation_overhead_ms,reused_microslot_count
0,10.219623,0.000000,0.998597,0.000000,0.000000,1.000000,0.842606,0,0.000177,0.000475,1.275351,10.094513,1.514177,0.156250,0.000000,0.000000
1,10.184091,0.000000,1.000616,0.000000,0.000000,1.000000,0.857064,0,0.000059,0.000705,1.113348,10.070972,1.510646,0.156250,0.000000,0.000000
2,10.415826,0.000000,1.004498,0.000000,0.000000,1.000000,0.873606,0,0.000078,0.000418,0.965955,10.313738,1.547061,0.156250,0.000000,0.000000
3,10.222874,0.000000,1.007287,0.000000,0.000000,1.000000,0.885654,0,0.000050,0.000396,0.832067,10.222757,1.533414,0.156250,0.000000,0.000000
4,10.107080,0.000000,1.007174,0.000000,0.000000,1.000000,0.896497,0,0.000051,0.000470,0.712783,10.106993,1.516049,0.156250,0.000000,0.000000
5,10.445028,0.000000,1.008922,0.000000,0.000000,1.000000,0.908527,0,0.000050,0.000326,0.608238,10.444928,1.566739,0.156250,0.000000,0.000000
6,10.356955,0.000000,1.010195,0.000000,0.000000,1.000000,0.919054,0,0.000051,0.000446,0.519053,10.356845,1.553527,0.156250,0.000000,0.000000
7,10.470310,0.000000,1.012669,0.000000,0.000000,1.000000,0.926282,0,0.000055,0.000502,0.443176,10.470221,1.570533,0.156250,0.000000,0.000000
8,10.350962,0.000000,1.011608,0.000000,0.000000,1.000000,0.933511,0,0.000058,0.000362,0.370175,10.350869,1.552630,0.156250,0.000000,0.000000
9,10.194968,0.000000,1.014047,0.000000,0.000000,1.000000,0.941030,0,0.000049,0.000513,0.314142,10.194875,1.529231,0.156250,0.000000,0.000000
10,10.042344,0.000000,1.003953,0.000000,0.000000,1.000000,0.948549,0,0.000049,0.000373,0.264595,10.042254,1.506338,0.156250,0.000000,0.000000
11,10.111260,0.000000,1.013374,0.000000,0.000000,1.000000,0.960549,0,0.000058,0.000500,0.226057,10.111161,1.516674,0.156250,0.000000,0.000000
12,10.433632,0.000000,1.015535,0.000000,0.000000,1.000000,0.965368,0,0.000058,0.000699,0.183491,10.433528,1.565029,0.156250,0.000000,0.000000
13,10.424052,0.000000,1.006638,0.000000,0.000000,1.000000,0.970188,0,0.000051,0.000356,0.149320,10.320945,1.548142,0.156250,0.000000,0.000000
14,10.327866,0.000000,1.013089,0.000000,0.000000,1.000000,0.970188,0,0.000046,0.000602,0.119923,10.197762,1.529664,0.156250,0.000000,0.000000
15,10.688178,0.000000,0.986957,0.000000,0.000000,1.000000,0.973802,0,0.000133,0.000470,0.099143,10.558084,1.583713,0.156250,0.000000,0.000000
16,10.532721,0.000000,1.015082,0.000000,0.000000,1.000000,0.973802,0,0.000120,0.000412,0.139800,10.402593,1.560389,0.156250,0.000000,0.000000
17,10.735509,0.000000,1.000000,0.000000,0.000000,1.000000,0.978313,0,0.000133,0.000896,0.096938,10.342412,1.551362,0.156250,0.000000,0.000000
18,10.520114,0.000000,1.000000,0.000000,0.000000,1.000000,0.978313,0,0.000120,0.000557,0.096938,10.127011,1.519052,0.156250,0.000000,0.000000
19,10.530556,0.000000,1.000000,0.000000,0.000000,1.000000,0.978313,0,0.000132,0.000785,0.096938,10.137454,1.520618,0.156250,0.000000,0.000000
20,10.443386,0.000000,1.000000,0.000000,0.000000,1.000000,0.978313,0,0.000063,0.000466,0.096938,10.050265,1.507540,0.156250,0.000000,0.000000
21,10.404341,0.000000,1.008810,0.000000,0.000000,1.000000,0.978313,0,0.000052,0.000392,0.096938,10.011236,1.501685,0.156250,0.000000,0.000000
22,10.682746,0.000000,1.006828,0.000000,0.000000,1.000000,0.978313,0,0.000057,0.000504,0.082905,10.289656,1.543448,0.156250,0.000000,0.000000
23,10.242414,0.000000,1.008454,0.000000,0.000000,1.000000,0.978313,0,0.000053,0.000349,0.078230,10.094314,1.514147,0.156250,0.000000,0.000000
24,10.201060,0.000000,0.985931,0.000000,0.000000,1.000000,0.975283,0,0.000057,0.000385,0.074535,10.052972,1.507946,0.156250,0.000000,0.000000
25,10.690437,0.000000,1.007164,0.000000,0.000000,1.000000,0.975306,0,0.000121,0.000345,0.107083,10.304340,1.545651,0.156250,0.000000,0.000000
26,10.419287,0.000000,1.005866,0.000000,0.000000,1.000000,0.975306,0,0.000053,0.000351,0.091559,10.140199,1.521030,0.156250,0.000000,0.000000
27,10.445584,0.000000,1.008811,0.000000,0.000000,1.000000,0.978313,0,0.000039,0.000357,0.074700,10.194493,1.529174,0.156250,0.000000,0.000000
28,10.389062,0.000000,0.993275,0.000000,0.000000,1.000000,0.975283,0,0.000040,0.000345,0.076478,10.240949,1.536142,0.156250,0.000000,0.000000
29,10.429379,0.000000,1.007082,0.000000,0.000000,1.000000,0.976313,0,0.000053,0.000531,0.091123,10.281282,1.542192,0.156250,0.000000,0.000000
30,10.226531,0.000000,0.998597,0.000000,0.000000,1.000000,0.842606,0,0.000058,0.000563,1.275351,10.101384,1.515208,0.156250,0.000000,0.000000
31,10.088408,0.000000,1.000616,0.000000,0.000000,1.000000,0.857064,0,0.000054,0.000508,1.113348,9.975284,1.496293,0.156250,0.000000,0.000000
32,10.265463,0.000000,1.004498,0.000000,0.000000,1.000000,0.873606,0,0.000056,0.000601,0.965955,10.163347,1.524502,0.156250,0.000000,0.000000
33,10.126183,0.000000,1.007287,0.000000,0.000000,1.000000,0.885654,0,0.000054,0.000558,0.832067,10.126091,1.518914,0.156250,0.000000,0.000000
34,10.013895,0.000000,1.007174,0.000000,0.000000,1.000000,0.896497,0,0.000053,0.000384,0.712783,10.013801,1.502070,0.156250,0.000000,0.000000
35,10.358017,0.000000,1.008922,0.000000,0.000000,1.000000,0.908527,0,0.000052,0.000354,0.608238,10.357926,1.553689,0.156250,0.000000,0.000000
36,10.222583,0.000000,1.010195,0.000000,0.000000,1.000000,0.919054,0,0.000057,0.000372,0.519053,10.222481,1.533372,0.156250,0.000000,0.000000
37,10.240413,0.000000,1.012669,0.000000,0.000000,1.000000,0.926282,0,0.000055,0.000631,0.443176,10.240321,1.536048,0.156250,0.000000,0.000000
38,10.078260,0.000000,1.011608,0.000000,0.000000,1.000000,0.933511,0,0.000055,0.000806,0.370175,10.078164,1.511725,0.156250,0.000000,0.000000
39,10.086838,0.000000,1.014047,0.000000,0.000000,1.000000,0.941030,0,0.000052,0.000585,0.314142,10.086738,1.513011,0.156250,0.000000,0.000000
40,10.097342,0.000000,1.003953,0.000000,0.000000,1.000000,0.948549,0,0.000050,0.000448,0.264595,10.097229,1.514584,0.156250,0.000000,0.000000
41,9.920018,0.000000,1.013374,0.000000,0.000000,1.000000,0.960549,0,0.000052,0.000418,0.226057,9.919918,1.487988,0.156250,0.000000,0.000000
42,10.252958,0.000000,1.015535,0.000000,0.000000,1.000000,0.965368,0,0.000050,0.000433,0.183491,10.252867,1.537930,0.156250,0.000000,0.000000
43,10.189939,0.000000,1.006638,0.000000,0.000000,1.000000,0.970188,0,0.000051,0.000384,0.149320,10.086842,1.513026,0.156250,0.000000,0.000000
44,10.160906,0.000000,1.013089,0.000000,0.000000,1.000000,0.970188,0,0.000057,0.000526,0.119923,10.030811,1.504622,0.156250,0.000000,0.000000
45,10.403254,0.000000,0.986957,0.000000,0.000000,1.000000,0.973802,0,0.000057,0.000700,0.099143,10.273154,1.540973,0.156250,0.000000,0.000000
46,10.241632,0.000000,1.015082,0.000000,0.000000,1.000000,0.973802,0,0.000056,0.000392,0.139800,10.111536,1.516730,0.156250,0.000000,0.000000
47,10.613490,0.000000,1.000000,0.000000,0.000000,1.000000,0.978313,0,0.000054,0.000436,0.096938,10.220370,1.533056,0.156250,0.000000,0.000000
48,10.472881,0.000000,1.000000,0.000000,0.000000,1.000000,0.978313,0,0.000129,0.000916,0.096938,10.079770,1.511966,0.156250,0.000000,0.000000
49,10.472931,0.000000,1.000000,0.000000,0.000000,1.000000,0.978313,0,0.000121,0.000655,0.096938,10.079820,1.511973,0.156250,0.000000,0.000000
50,10.347796,0.000000,1.000000,0.000000,0.000000,1.000000,0.978313,0,0.000052,0.000586,0.096938,9.954692,1.493204,0.156250,0.000000,0.000000
51,10.326878,0.000000,1.008810,0.000000,0.000000,1.000000,0.978313,0,0.000052,0.000459,0.096938,9.933765,1.490065,0.156250,0.000000,0.000000
52,10.578550,0.000000,1.006828,0.000000,0.000000,1.000000,0.978313,0,0.000053,0.000515,0.082905,10.185445,1.527817,0.156250,0.000000,0.000000
53,10.233576,0.000000,1.008454,0.000000,0.000000,1.000000,0.978313,0,0.000058,0.000395,0.078230,10.085469,1.512820,0.156250,0.000000,0.000000
54,10.084248,0.000000,0.985931,0.000000,0.000000,1.000000,0.975283,0,0.000050,0.000356,0.074535,9.936134,1.490420,0.156250,0.000000,0.000000
55,10.679170,0.000000,1.007164,0.000000,0.000000,1.000000,0.975306,0,0.000053,0.000324,0.107083,10.293067,1.543960,0.156250,0.000000,0.000000
56,10.565850,0.000000,1.005866,0.000000,0.000000,1.000000,0.975306,0,0.000055,0.000382,0.091559,10.286749,1.543012,0.156250,0.000000,0.000000
57,10.384842,0.000000,1.008811,0.000000,0.000000,1.000000,0.978313,0,0.000054,0.000354,0.074700,10.133735,1.520060,0.156250,0.000000,0.000000
58,10.298909,0.000000,0.993275,0.000000,0.000000,1.000000,0.975283,0,0.000050,0.000626,0.076478,10.150797,1.522620,0.156250,0.000000,0.000000
59,10.156796,0.000000,1.007082,0.000000,0.000000,1.000000,0.976313,0,0.000056,0.000465,0.091123,10.008696,1.501304,0.156250,0.000000,0.000000
60,10.022820,0.000000,0.998597,0.000000,0.000000,1.000000,0.842606,0,0.000052,0.000369,1.275351,9.897716,1.484657,0.156250,0.000000,0.000000
61,9.979553,0.000000,1.000616,0.000000,0.000000,1.000000,0.857064,0,0.000060,0.000787,1.113348,9.866439,1.479966,0.156250,0.000000,0.000000
62,10.357059,0.000000,1.004498,0.000000,0.000000,1.000000,0.873606,0,0.000052,0.000459,0.965955,10.254960,1.538244,0.156250,0.000000,0.000000
63,10.026081,0.000000,1.007287,0.000000,0.000000,1.000000,0.885654,0,0.000051,0.000432,0.832067,10.025987,1.503898,0.156250,0.000000,0.000000
64,9.967764,0.000000,1.007174,0.000000,0.000000,1.000000,0.896497,0,0.000058,0.000410,0.712783,9.967671,1.495151,0.156250,0.000000,0.000000
65,10.293118,0.000000,1.008922,0.000000,0.000000,1.000000,0.908527,0,0.000056,0.000338,0.608238,10.293018,1.543953,0.156250,0.000000,0.000000
66,10.096540,0.000000,1.010195,0.000000,0.000000,1.000000,0.919054,0,0.000052,0.000343,0.519053,10.096453,1.514468,0.156250,0.000000,0.000000
67,10.126062,0.000000,1.012669,0.000000,0.000000,1.000000,0.926282,0,0.000056,0.000468,0.443176,10.125975,1.518896,0.156250,0.000000,0.000000
68,10.132715,0.000000,1.011608,0.000000,0.000000,1.000000,0.933511,0,0.000057,0.000517,0.370175,10.132619,1.519893,0.156250,0.000000,0.000000
69,10.102359,0.000000,1.014047,0.000000,0.000000,1.000000,0.941030,0,0.000050,0.000454,0.314142,10.102263,1.515339,0.156250,0.000000,0.000000
70,9.994685,0.000000,1.003953,0.000000,0.000000,1.000000,0.948549,0,0.000055,0.000453,0.264595,9.994588,1.499188,0.156250,0.000000,0.000000
71,9.940289,0.000000,1.013374,0.000000,0.000000,1.000000,0.960549,0,0.000056,0.000546,0.226057,9.940185,1.491028,0.156250,0.000000,0.000000
72,10.199851,0.000000,1.015535,0.000000,0.000000,1.000000,0.965368,0,0.000056,0.000425,0.183491,10.199759,1.529964,0.156250,0.000000,0.000000
73,10.272011,0.000000,1.006638,0.000000,0.000000,1.000000,0.970188,0,0.000050,0.000339,0.149320,10.168902,1.525335,0.156250,0.000000,0.000000
74,10.232569,0.000000,1.013089,0.000000,0.000000,1.000000,0.970188,0,0.000130,0.000624,0.119923,10.102473,1.515371,0.156250,0.000000,0.000000
75,10.495279,0.000000,0.986957,0.000000,0.000000,1.000000,0.973802,0,0.000048,0.000483,0.099143,10.365180,1.554777,0.156250,0.000000,0.000000
76,10.275936,0.000000,1.015082,0.000000,0.000000,1.000000,0.973802,0,0.000055,0.000437,0.139800,10.145844,1.521877,0.156250,0.000000,0.000000
77,10.599716,0.000000,1.000000,0.000000,0.000000,1.000000,0.978313,0,0.000053,0.000401,0.096938,10.206615,1.530992,0.156250,0.000000,0.000000
78,10.650158,0.000000,1.000000,0.000000,0.000000,1.000000,0.978313,0,0.000055,0.000390,0.096938,10.257043,1.538557,0.156250,0.000000,0.000000
79,10.658478,0.000000,1.000000,0.000000,0.000000,1.000000,0.978313,0,0.000050,0.000498,0.096938,10.265366,1.539805,0.156250,0.000000,0.000000
80,10.523678,0.000000,1.000000,0.000000,0.000000,1.000000,0.978313,0,0.000055,0.000396,0.096938,10.130561,1.519584,0.156250,0.000000,0.000000
81,10.313411,0.000000,1.008810,0.000000,0.000000,1.000000,0.978313,0,0.000058,0.000490,0.096938,9.920303,1.488046,0.156250,0.000000,0.000000
82,10.664002,0.000000,1.006828,0.000000,0.000000,1.000000,0.978313,0,0.000057,0.000435,0.082905,10.270889,1.540633,0.156250,0.000000,0.000000
83,10.211442,0.000000,1.008454,0.000000,0.000000,1.000000,0.978313,0,0.000055,0.000513,0.078230,10.063341,1.509501,0.156250,0.000000,0.000000
84,10.153628,0.000000,0.985931,0.000000,0.000000,1.000000,0.975283,0,0.000056,0.000476,0.074535,10.005510,1.500826,0.156250,0.000000,0.000000
85,10.729297,0.000000,1.007164,0.000000,0.000000,1.000000,0.975306,0,0.000052,0.000508,0.107083,10.343211,1.551482,0.156250,0.000000,0.000000
86,10.374246,0.000000,1.005866,0.000000,0.000000,1.000000,0.975306,0,0.000048,0.000340,0.091559,10.095143,1.514271,0.156250,0.000000,0.000000
87,10.493577,0.000000,1.008811,0.000000,0.000000,1.000000,0.978313,0,0.000050,0.000317,0.074700,10.242464,1.536370,0.156250,0.000000,0.000000
88,10.250496,0.000000,0.993275,0.000000,0.000000,1.000000,0.975283,0,0.000047,0.000471,0.076478,10.102369,1.515355,0.156250,0.000000,0.000000
89,10.209711,0.000000,1.007082,0.000000,0.000000,1.000000,0.976313,0,0.000051,0.000597,0.091123,10.061611,1.509242,0.156250,0.000000,0.000000
90,10.134666,0.000000,0.998597,0.000000,0.000000,1.000000,0.842606,0,0.000049,0.000600,1.275351,10.009545,1.501432,0.156250,0.000000,0.000000
91,10.031238,0.000000,1.000616,0.000000,0.000000,1.000000,0.857064,0,0.000051,0.000412,1.113348,9.918137,1.487721,0.156250,0.000000,0.000000
92,10.267963,0.000000,1.004498,0.000000,0.000000,1.000000,0.873606,0,0.000039,0.000354,0.965955,10.165857,1.524879,0.156250,0.000000,0.000000
93,10.009189,0.000000,1.007287,0.000000,0.000000,1.000000,0.885654,0,0.000038,0.000365,0.832067,10.009091,1.501364,0.156250,0.000000,0.000000
94,9.986928,0.000000,1.007174,0.000000,0.000000,1.000000,0.896497,0,0.000058,0.000321,0.712783,9.986847,1.498027,0.156250,0.000000,0.000000
95,10.244254,0.000000,1.009982,0.000000,0.000000,1.000000,0.908527,0,0.000054,0.000431,0.608238,10.244163,1.536624,0.156250,0.000000,0.000000
96,10.064363,0.000000,1.009271,0.000000,0.000000,1.000000,0.916961,0,0.000051,0.000359,0.517923,10.064266,1.509640,0.156250,0.000000,0.000000
97,10.149368,0.000000,1.011829,0.000000,0.000000,1.000000,0.925984,0,0.000057,0.000505,0.442960,10.149276,1.522391,0.156250,0.000000,0.000000
98,10.044635,0.000000,1.012309,0.000000,0.000000,1.000000,0.935006,0,0.000054,0.000466,0.371629,10.044540,1.506681,0.156250,0.000000,0.000000
99,9.974229,0.000000,1.014047,0.000000,0.000000,1.000000,0.941030,0,0.000048,0.000429,0.314142,9.974135,1.496120,0.156250,0.000000,0.000000
100,9.921394,0.000000,1.003953,0.000000,0.000000,1.000000,0.948549,0,0.000056,0.000404,0.264595,9.921295,1.488194,0.156250,0.000000,0.000000
101,9.854650,0.000000,1.013374,0.000000,0.000000,1.000000,0.960549,0,0.000050,0.000436,0.226057,9.854558,1.478184,0.156250,0.000000,0.000000
102,10.170552,0.000000,1.015535,0.000000,0.000000,1.000000,0.965368,0,0.000051,0.000412,0.183491,10.170456,1.525568,0.156250,0.000000,0.000000
103,10.123566,0.000000,1.006638,0.000000,0.000000,1.000000,0.970188,0,0.000050,0.000394,0.149320,10.020468,1.503070,0.156250,0.000000,0.000000
104,10.119081,0.000000,1.013089,0.000000,0.000000,1.000000,0.970188,0,0.000050,0.000374,0.119923,9.988987,1.498348,0.156250,0.000000,0.000000
105,10.390115,0.000000,0.986957,0.000000,0.000000,1.000000,0.973802,0,0.000056,0.000320,0.099143,10.260022,1.539003,0.156250,0.000000,0.000000
106,10.177499,0.000000,1.015082,0.000000,0.000000,1.000000,0.973802,0,0.000056,0.000362,0.139800,10.047396,1.507109,0.156250,0.000000,0.000000
107,10.546783,0.000000,1.000000,0.000000,0.000000,1.000000,0.978313,0,0.000050,0.000400,0.096938,10.153677,1.523052,0.156250,0.000000,0.000000
108,10.406889,0.000000,1.000000,0.000000,0.000000,1.000000,0.978313,0,0.000050,0.000389,0.096938,10.013781,1.502067,0.156250,0.000000,0.000000
109,10.372067,0.000000,1.000000,0.000000,0.000000,1.000000,0.978313,0,0.000038,0.000303,0.096938,9.978962,1.496844,0.156250,0.000000,0.000000
110,10.318519,0.000000,1.000000,0.000000,0.000000,1.000000,0.978313,0,0.000052,0.000333,0.096938,9.925407,1.488811,0.156250,0.000000,0.000000
111,10.303032,0.000000,1.008810,0.000000,0.000000,1.000000,0.978313,0,0.000052,0.000370,0.096938,9.909932,1.486490,0.156250,0.000000,0.000000
112,10.568045,0.000000,1.006828,0.000000,0.000000,1.000000,0.978313,0,0.000052,0.000302,0.082905,10.174938,1.526241,0.156250,0.000000,0.000000
113,10.274346,0.000000,1.008454,0.000000,0.000000,1.000000,0.978313,0,0.000056,0.000357,0.078230,10.126246,1.518937,0.156250,0.000000,0.000000
114,10.177052,0.000000,0.985931,0.000000,0.000000,1.000000,0.975283,0,0.000055,0.000596,0.074535,10.028948,1.504342,0.156250,0.000000,0.000000
115,10.664049,0.000000,1.007164,0.000000,0.000000,1.000000,0.975306,0,0.000054,0.000368,0.107083,10.277947,1.541692,0.156250,0.000000,0.000000
116,10.443313,0.000000,1.005866,0.000000,0.000000,1.000000,0.975306,0,0.000055,0.000371,0.091559,10.164203,1.524630,0.156250,0.000000,0.000000
117,10.585291,0.000000,1.008811,0.000000,0.000000,1.000000,0.978313,0,0.000122,0.000431,0.074700,10.334180,1.550127,0.156250,0.000000,0.000000
118,10.364208,0.000000,0.993275,0.000000,0.000000,1.000000,0.975283,0,0.000057,0.000806,0.076478,10.216097,1.532415,0.156250,0.000000,0.000000
119,10.177392,0.000000,1.007082,0.000000,0.000000,1.000000,0.976313,0,0.000053,0.000613,0.091123,10.029272,1.504391,0.156250,0.000000,0.000000
120,10.074579,0.000000,0.998597,0.000000,0.000000,1.000000,0.842606,0,0.000055,0.000387,1.275351,9.949480,1.492422,0.156250,0.000000,0.000000
121,10.001461,0.000000,1.000616,0.000000,0.000000,1.000000,0.857064,0,0.000052,0.000408,1.113348,9.888359,1.483254,0.156250,0.000000,0.000000
122,10.310866,0.000000,1.004498,0.000000,0.000000,1.000000,0.873606,0,0.000047,0.000274,0.965955,10.208773,1.531316,0.156250,0.000000,0.000000
123,10.115359,0.000000,1.007287,0.000000,0.000000,1.000000,0.885654,0,0.000055,0.000410,0.832067,10.115267,1.517290,0.156250,0.000000,0.000000
124,10.059937,0.000000,1.007174,0.000000,0.000000,1.000000,0.896497,0,0.000055,0.000290,0.712783,10.059848,1.508977,0.156250,0.000000,0.000000
125,10.242577,0.000000,1.009982,0.000000,0.000000,1.000000,0.908527,0,0.000055,0.000279,0.608238,10.242474,1.536371,0.156250,0.000000,0.000000
126,10.105759,0.000000,1.009271,0.000000,0.000000,1.000000,0.916961,0,0.000054,0.000406,0.517923,10.105659,1.515849,0.156250,0.000000,0.000000
127,10.149605,0.000000,1.011829,0.000000,0.000000,1.000000,0.925984,0,0.000127,0.000457,0.442960,10.149506,1.522426,0.156250,0.000000,0.000000
128,10.016998,0.000000,1.012309,0.000000,0.000000,1.000000,0.935006,0,0.000056,0.000359,0.371629,10.016901,1.502535,0.156250,0.000000,0.000000
129,10.026984,0.000000,1.014047,0.000000,0.000000,1.000000,0.941030,0,0.000054,0.000507,0.314142,10.026883,1.504032,0.156250,0.000000,0.000000
130,10.016278,0.000000,1.003953,0.000000,0.000000,1.000000,0.948549,0,0.000051,0.000362,0.264595,10.016179,1.502427,0.156250,0.000000,0.000000
131,9.911956,0.000000,1.013374,0.000000,0.000000,1.000000,0.960549,0,0.000209,0.000565,0.226057,9.911865,1.486780,0.156250,0.000000,0.000000
132,10.237977,0.000000,1.015535,0.000000,0.000000,1.000000,0.965368,0,0.000250,0.000859,0.183491,10.237881,1.535682,0.156250,0.000000,0.000000
133,10.099468,0.000000,1.006638,0.000000,0.000000,1.000000,0.970188,0,0.000052,0.000611,0.149320,9.996370,1.499455,0.156250,0.000000,0.000000
134,10.231071,0.000000,1.013089,0.000000,0.000000,1.000000,0.970188,0,0.000056,0.000376,0.119923,10.100974,1.515146,0.156250,0.000000,0.000000
135,10.432482,0.000000,0.986957,0.000000,0.000000,1.000000,0.973802,0,0.000137,0.000415,0.099143,10.302376,1.545356,0.156250,0.000000,0.000000
136,10.471254,0.000000,1.015082,0.000000,0.000000,1.000000,0.973802,0,0.000055,0.000357,0.139800,10.341146,1.551172,0.156250,0.000000,0.000000
137,10.716227,0.000000,1.000000,0.000000,0.000000,1.000000,0.978313,0,0.000057,0.000425,0.096938,10.323125,1.548469,0.156250,0.000000,0.000000
138,10.669258,0.000000,1.000000,0.000000,0.000000,1.000000,0.978313,0,0.000055,0.000700,0.096938,10.276141,1.541421,0.156250,0.000000,0.000000
139,10.593466,0.000000,1.000000,0.000000,0.000000,1.000000,0.978313,0,0.000050,0.000639,0.096938,10.200354,1.530053,0.156250,0.000000,0.000000
140,10.337815,0.000000,1.000000,0.000000,0.000000,1.000000,0.978313,0,0.000052,0.000712,0.096938,9.944707,1.491706,0.156250,0.000000,0.000000
141,10.332506,0.000000,1.008810,0.000000,0.000000,1.000000,0.978313,0,0.000056,0.000601,0.096938,9.939396,1.490909,0.156250,0.000000,0.000000
142,10.563731,0.000000,1.006828,0.000000,0.000000,1.000000,0.978313,0,0.000049,0.000612,0.082905,10.170628,1.525594,0.156250,0.000000,0.000000
143,10.177429,0.000000,1.008454,0.000000,0.000000,1.000000,0.978313,0,0.000054,0.000346,0.078230,10.029316,1.504397,0.156250,0.000000,0.000000
144,10.147388,0.000000,0.985931,0.000000,0.000000,1.000000,0.975283,0,0.000052,0.000309,0.074535,9.999282,1.499892,0.156250,0.000000,0.000000
145,10.662984,0.000000,1.007164,0.000000,0.000000,1.000000,0.975306,0,0.000054,0.000369,0.107083,10.276872,1.541531,0.156250,0.000000,0.000000
146,10.370843,0.000000,1.005866,0.000000,0.000000,1.000000,0.975306,0,0.000056,0.000291,0.091559,10.091733,1.513760,0.156250,0.000000,0.000000
147,10.396183,0.000000,1.008811,0.000000,0.000000,1.000000,0.978313,0,0.000051,0.000436,0.074700,10.145058,1.521759,0.156250,0.000000,0.000000
148,10.255588,0.000000,0.993275,0.000000,0.000000,1.000000,0.975283,0,0.000055,0.000328,0.076478,10.107486,1.516123,0.156250,0.000000,0.000000
149,10.214358,0.000000,1.007082,0.000000,0.000000,1.000000,0.976313,0,0.000052,0.000344,0.091123,10.066259,1.509939,0.156250,0.000000,0.000000
150,10.056854,0.000000,0.998597,0.000000,0.000000,1.000000,0.842606,0,0.000059,0.000451,1.275351,9.931730,1.489759,0.156250,0.000000,0.000000
151,9.973056,0.000000,1.000616,0.000000,0.000000,1.000000,0.857064,0,0.000051,0.000438,1.113348,9.859952,1.478993,0.156250,0.000000,0.000000
152,10.340143,0.000000,1.004498,0.000000,0.000000,1.000000,0.873606,0,0.000052,0.000461,0.965955,10.238047,1.535707,0.156250,0.000000,0.000000
153,10.207879,0.000000,1.007287,0.000000,0.000000,1.000000,0.885654,0,0.000055,0.000321,0.832067,10.207789,1.531168,0.156250,0.000000,0.000000
154,10.002452,0.000000,1.007174,0.000000,0.000000,1.000000,0.896497,0,0.000123,0.000434,0.712783,10.002356,1.500353,0.156250,0.000000,0.000000
155,10.292657,0.000000,1.008922,0.000000,0.000000,1.000000,0.908527,0,0.000060,0.000812,0.608238,10.292562,1.543884,0.156250,0.000000,0.000000
156,10.089174,0.000000,1.010195,0.000000,0.000000,1.000000,0.919054,0,0.000055,0.000483,0.519053,10.089085,1.513363,0.156250,0.000000,0.000000
157,10.137772,0.000000,1.012669,0.000000,0.000000,1.000000,0.926282,0,0.000055,0.000462,0.443176,10.137681,1.520652,0.156250,0.000000,0.000000
158,10.073883,0.000000,1.011608,0.000000,0.000000,1.000000,0.933511,0,0.000053,0.000559,0.370175,10.073794,1.511069,0.156250,0.000000,0.000000
159,10.018974,0.000000,1.014047,0.000000,0.000000,1.000000,0.941030,0,0.000054,0.000426,0.314142,10.018874,1.502831,0.156250,0.000000,0.000000
160,9.933325,0.000000,1.003953,0.000000,0.000000,1.000000,0.948549,0,0.000053,0.000450,0.264595,9.933232,1.489985,0.156250,0.000000,0.000000
161,9.893252,0.000000,1.013374,0.000000,0.000000,1.000000,0.960549,0,0.000054,0.000517,0.226057,9.893156,1.483973,0.156250,0.000000,0.000000
162,10.200874,0.000000,1.015535,0.000000,0.000000,1.000000,0.965368,0,0.000050,0.000369,0.183491,10.200782,1.530117,0.156250,0.000000,0.000000
163,10.209117,0.000000,1.006638,0.000000,0.000000,1.000000,0.970188,0,0.000057,0.000756,0.149320,10.106022,1.515903,0.156250,0.000000,0.000000
164,10.134530,0.000000,1.013089,0.000000,0.000000,1.000000,0.970188,0,0.000049,0.000496,0.119923,10.004428,1.500664,0.156250,0.000000,0.000000
165,10.321448,0.000000,0.986957,0.000000,0.000000,1.000000,0.973802,0,0.000052,0.000391,0.099143,10.191348,1.528702,0.156250,0.000000,0.000000
166,10.269309,0.000000,1.015082,0.000000,0.000000,1.000000,0.973802,0,0.000056,0.000439,0.139800,10.139218,1.520883,0.156250,0.000000,0.000000
167,10.504096,0.000000,1.000000,0.000000,0.000000,1.000000,0.978313,0,0.000126,0.000408,0.096938,10.110994,1.516649,0.156250,0.000000,0.000000
168,10.431448,0.000000,1.000000,0.000000,0.000000,1.000000,0.978313,0,0.000125,0.000309,0.096938,10.038339,1.505751,0.156250,0.000000,0.000000
169,10.425079,0.000000,1.000000,0.000000,0.000000,1.000000,0.978313,0,0.000052,0.000296,0.096938,10.031988,1.504798,0.156250,0.000000,0.000000
170,10.380599,0.000000,1.000000,0.000000,0.000000,1.000000,0.978313,0,0.000052,0.000307,0.096938,9.987491,1.498124,0.156250,0.000000,0.000000
171,10.312279,0.000000,1.008810,0.000000,0.000000,1.000000,0.978313,0,0.000052,0.000397,0.096938,9.919184,1.487878,0.156250,0.000000,0.000000
172,10.588228,0.000000,1.006828,0.000000,0.000000,1.000000,0.978313,0,0.000055,0.000531,0.082905,10.195112,1.529267,0.156250,0.000000,0.000000
173,10.223558,0.000000,1.008454,0.000000,0.000000,1.000000,0.978313,0,0.000057,0.000433,0.078230,10.075452,1.511318,0.156250,0.000000,0.000000
174,10.105652,0.000000,0.985931,0.000000,0.000000,1.000000,0.975283,0,0.000053,0.000616,0.074535,9.957538,1.493631,0.156250,0.000000,0.000000
175,10.592939,0.000000,1.007164,0.000000,0.000000,1.000000,0.975306,0,0.000051,0.000474,0.107083,10.206839,1.531026,0.156250,0.000000,0.000000
176,10.429600,0.000000,1.005866,0.000000,0.000000,1.000000,0.975306,0,0.000050,0.000423,0.091559,10.150503,1.522576,0.156250,0.000000,0.000000
177,10.434776,0.000000,1.008811,0.000000,0.000000,1.000000,0.978313,0,0.000057,0.000428,0.074700,10.183677,1.527552,0.156250,0.000000,0.000000
178,10.238712,0.000000,0.993275,0.000000,0.000000,1.000000,0.975283,0,0.000053,0.000441,0.076478,10.090607,1.513591,0.156250,0.000000,0.000000
179,10.145062,0.000000,1.007082,0.000000,0.000000,1.000000,0.976313,0,0.000053,0.000395,0.091123,9.996960,1.499544,0.156250,0.000000,0.000000
180,10.158001,0.000000,0.998597,0.000000,0.000000,1.000000,0.842606,0,0.000054,0.000390,1.275351,10.032904,1.504936,0.156250,0.000000,0.000000
181,10.065558,0.000000,1.000616,0.000000,0.000000,1.000000,0.857064,0,0.000055,0.000579,1.113348,9.952467,1.492870,0.156250,0.000000,0.000000
182,10.395156,0.000000,1.004498,0.000000,0.000000,1.000000,0.873606,0,0.000053,0.000506,0.965955,10.293056,1.543958,0.156250,0.000000,0.000000
183,10.094998,0.000000,1.007287,0.000000,0.000000,1.000000,0.885654,0,0.000054,0.000465,0.832067,10.094893,1.514234,0.156250,0.000000,0.000000
184,9.971078,0.000000,1.007174,0.000000,0.000000,1.000000,0.896497,0,0.000052,0.000476,0.712783,9.970973,1.495646,0.156250,0.000000,0.000000
185,10.214800,0.000000,1.008922,0.000000,0.000000,1.000000,0.908527,0,0.000052,0.000387,0.608238,10.214697,1.532205,0.156250,0.000000,0.000000
186,10.147029,0.000000,1.010195,0.000000,0.000000,1.000000,0.919054,0,0.000055,0.000380,0.519053,10.146936,1.522040,0.156250,0.000000,0.000000
187,10.154410,0.000000,1.012669,0.000000,0.000000,1.000000,0.926282,0,0.000052,0.000318,0.443176,10.154309,1.523146,0.156250,0.000000,0.000000
188,10.059521,0.000000,1.011608,0.000000,0.000000,1.000000,0.933511,0,0.000055,0.000437,0.370175,10.059413,1.508912,0.156250,0.000000,0.000000
189,9.995285,0.000000,1.014047,0.000000,0.000000,1.000000,0.941030,0,0.000054,0.000459,0.314142,9.995190,1.499278,0.156250,0.000000,0.000000
190,9.932874,0.000000,1.003953,0.000000,0.000000,1.000000,0.948549,0,0.000056,0.000520,0.264595,9.932790,1.489919,0.156250,0.000000,0.000000
191,9.911911,0.000000,1.013374,0.000000,0.000000,1.000000,0.960549,0,0.000054,0.000611,0.226057,9.911819,1.486773,0.156250,0.000000,0.000000
192,10.387582,0.000000,1.015535,0.000000,0.000000,1.000000,0.965368,0,0.000054,0.000544,0.183491,10.387488,1.558123,0.156250,0.000000,0.000000
193,10.139190,0.000000,1.006638,0.000000,0.000000,1.000000,0.970188,0,0.000055,0.000558,0.149320,10.036099,1.505415,0.156250,0.000000,0.000000
194,10.149920,0.000000,1.013089,0.000000,0.000000,1.000000,0.970188,0,0.000052,0.000309,0.119923,10.019819,1.502973,0.156250,0.000000,0.000000
195,10.383591,0.000000,0.986957,0.000000,0.000000,1.000000,0.973802,0,0.000053,0.000406,0.099143,10.253494,1.538024,0.156250,0.000000,0.000000
196,10.332095,0.000000,1.015082,0.000000,0.000000,1.000000,0.973802,0,0.000054,0.000414,0.139800,10.201982,1.530297,0.156250,0.000000,0.000000
197,10.637622,0.000000,1.000000,0.000000,0.000000,1.000000,0.978313,0,0.000053,0.000515,0.096938,10.244529,1.536679,0.156250,0.000000,0.000000
198,10.520062,0.000000,1.000000,0.000000,0.000000,1.000000,0.978313,0,0.000125,0.000407,0.096938,10.126946,1.519042,0.156250,0.000000,0.000000
199,10.497078,0.000000,1.000000,0.000000,0.000000,1.000000,0.978313,0,0.000087,0.000553,0.096938,10.103965,1.515595,0.156250,0.000000,0.000000
200,10.322895,0.000000,1.000000,0.000000,0.000000,1.000000,0.978313,0,0.000057,0.000528,0.096938,9.929789,1.489468,0.156250,0.000000,0.000000
201,10.270444,0.000000,1.008810,0.000000,0.000000,1.000000,0.978313,0,0.000040,0.000732,0.096938,9.877355,1.481603,0.156250,0.000000,0.000000
202,10.684280,0.000000,1.006828,0.000000,0.000000,1.000000,0.978313,0,0.000052,0.000495,0.082905,10.291171,1.543676,0.156250,0.000000,0.000000
203,10.335025,0.000000,1.008454,0.000000,0.000000,1.000000,0.978313,0,0.000053,0.000384,0.078230,10.186897,1.528035,0.156250,0.000000,0.000000
204,10.264579,0.000000,0.985931,0.000000,0.000000,1.000000,0.975283,0,0.000051,0.000722,0.074535,10.116467,1.517470,0.156250,0.000000,0.000000
205,10.803485,0.000000,1.007164,0.000000,0.000000,1.000000,0.975306,0,0.000057,0.000758,0.107083,10.417390,1.562608,0.156250,0.000000,0.000000
206,10.576321,0.000000,1.005866,0.000000,0.000000,1.000000,0.975306,0,0.000058,0.000705,0.091559,10.297206,1.544581,0.156250,0.000000,0.000000
207,10.597899,0.000000,1.008811,0.000000,0.000000,1.000000,0.978313,0,0.000061,0.000905,0.074700,10.346788,1.552018,0.156250,0.000000,0.000000
208,10.242439,0.000000,0.993275,0.000000,0.000000,1.000000,0.975283,0,0.000055,0.000571,0.076478,10.094335,1.514150,0.156250,0.000000,0.000000
209,10.131871,0.000000,1.007082,0.000000,0.000000,1.000000,0.976313,0,0.000054,0.000581,0.091123,9.983778,1.497567,0.156250,0.000000,0.000000
210,10.070399,0.000000,0.998597,0.000000,0.000000,1.000000,0.842606,0,0.000047,0.000577,1.275351,9.945308,1.491796,0.156250,0.000000,0.000000
211,10.061676,0.000000,1.000616,0.000000,0.000000,1.000000,0.857064,0,0.000054,0.000338,1.113348,9.948563,1.492284,0.156250,0.000000,0.000000
212,10.357437,0.000000,1.004498,0.000000,0.000000,1.000000,0.873606,0,0.000052,0.000381,0.965955,10.255337,1.538300,0.156250,0.000000,0.000000
213,10.017034,0.000000,1.007287,0.000000,0.000000,1.000000,0.885654,0,0.000056,0.000472,0.832067,10.016925,1.502539,0.156250,0.000000,0.000000
214,9.952423,0.000000,1.007174,0.000000,0.000000,1.000000,0.896497,0,0.000063,0.000354,0.712783,9.952331,1.492850,0.156250,0.000000,0.000000
215,10.228096,0.000000,1.008922,0.000000,0.000000,1.000000,0.908527,0,0.000055,0.000349,0.608238,10.228007,1.534201,0.156250,0.000000,0.000000
216,10.107803,0.000000,1.010195,0.000000,0.000000,1.000000,0.919054,0,0.000039,0.000439,0.519053,10.107701,1.516155,0.156250,0.000000,0.000000
217,10.103960,0.000000,1.012669,0.000000,0.000000,1.000000,0.926282,0,0.000057,0.000391,0.443176,10.103866,1.515580,0.156250,0.000000,0.000000
218,10.023813,0.000000,1.011608,0.000000,0.000000,1.000000,0.933511,0,0.000053,0.000406,0.370175,10.023711,1.503557,0.156250,0.000000,0.000000
219,10.007061,0.000000,1.014047,0.000000,0.000000,1.000000,0.941030,0,0.000054,0.000286,0.314142,10.006966,1.501045,0.156250,0.000000,0.000000
220,9.912400,0.000000,1.003953,0.000000,0.000000,1.000000,0.948549,0,0.000055,0.000371,0.264595,9.912310,1.486847,0.156250,0.000000,0.000000
221,9.845109,0.000000,1.013374,0.000000,0.000000,1.000000,0.960549,0,0.000051,0.000370,0.226057,9.845014,1.476752,0.156250,0.000000,0.000000
222,10.165016,0.000000,1.015535,0.000000,0.000000,1.000000,0.965368,0,0.000053,0.000390,0.183491,10.164919,1.524738,0.156250,0.000000,0.000000
223,10.102601,0.000000,1.006638,0.000000,0.000000,1.000000,0.970188,0,0.000057,0.000318,0.149320,9.999505,1.499926,0.156250,0.000000,0.000000
224,10.074224,0.000000,1.013089,0.000000,0.000000,1.000000,0.970188,0,0.000056,0.000385,0.119923,9.944130,1.491620,0.156250,0.000000,0.000000
225,10.355026,0.000000,0.986957,0.000000,0.000000,1.000000,0.973802,0,0.000053,0.000396,0.099143,10.224932,1.533740,0.156250,0.000000,0.000000
226,10.222983,0.000000,1.015082,0.000000,0.000000,1.000000,0.973802,0,0.000054,0.000469,0.139800,10.092882,1.513932,0.156250,0.000000,0.000000
227,10.533762,0.000000,1.000000,0.000000,0.000000,1.000000,0.978313,0,0.000056,0.000370,0.096938,10.140658,1.521099,0.156250,0.000000,0.000000
228,10.407992,0.000000,1.000000,0.000000,0.000000,1.000000,0.978313,0,0.000054,0.000324,0.096938,10.014880,1.502232,0.156250,0.000000,0.000000
229,10.549728,0.000000,1.000000,0.000000,0.000000,1.000000,0.978313,0,0.000053,0.000416,0.096938,10.156625,1.523494,0.156250,0.000000,0.000000
230,10.397223,0.000000,1.000000,0.000000,0.000000,1.000000,0.978313,0,0.000056,0.000389,0.096938,10.004117,1.500618,0.156250,0.000000,0.000000
231,10.380460,0.000000,1.008810,0.000000,0.000000,1.000000,0.978313,0,0.000059,0.000453,0.096938,9.987351,1.498103,0.156250,0.000000,0.000000
232,10.541620,0.000000,1.006828,0.000000,0.000000,1.000000,0.978313,0,0.000053,0.000502,0.082905,10.148509,1.522276,0.156250,0.000000,0.000000
233,10.226250,0.000000,1.008454,0.000000,0.000000,1.000000,0.978313,0,0.000051,0.000363,0.078230,10.078144,1.511722,0.156250,0.000000,0.000000
234,10.070037,0.000000,0.985931,0.000000,0.000000,1.000000,0.975283,0,0.000057,0.000428,0.074535,9.921926,1.488289,0.156250,0.000000,0.000000
235,10.632517,0.000000,1.007164,0.000000,0.000000,1.000000,0.975306,0,0.000052,0.000438,0.107083,10.246421,1.536963,0.156250,0.000000,0.000000
236,10.339777,0.000000,1.005866,0.000000,0.000000,1.000000,0.975306,0,0.000055,0.000369,0.091559,10.060675,1.509101,0.156250,0.000000,0.000000
237,10.414270,0.000000,1.008811,0.000000,0.000000,1.000000,0.978313,0,0.000052,0.000317,0.074700,10.163174,1.524476,0.156250,0.000000,0.000000
238,10.163170,0.000000,0.993275,0.000000,0.000000,1.000000,0.975283,0,0.000055,0.000450,0.076478,10.015069,1.502260,0.156250,0.000000,0.000000
239,10.167662,0.000000,1.007082,0.000000,0.000000,1.000000,0.976313,0,0.000054,0.000342,0.091123,10.019548,1.502932,0.156250,0.000000,0.000000
240,10.039819,0.000000,0.998597,0.000000,0.000000,1.000000,0.842606,0,0.000052,0.000550,1.275351,9.914726,1.487209,0.156250,0.000000,0.000000
241,9.997487,0.000000,1.000616,0.000000,0.000000,1.000000,0.857064,0,0.000055,0.000449,1.113348,9.884392,1.482659,0.156250,0.000000,0.000000
242,10.277955,0.000000,1.004498,0.000000,0.000000,1.000000,0.873606,0,0.000051,0.000519,0.965955,10.175862,1.526379,0.156250,0.000000,0.000000
243,10.035816,0.000000,1.007287,0.000000,0.000000,1.000000,0.885654,0,0.000059,0.000352,0.832067,10.035725,1.505359,0.156250,0.000000,0.000000
244,9.938717,0.000000,1.007174,0.000000,0.000000,1.000000,0.896497,0,0.000055,0.000313,0.712783,9.938613,1.490792,0.156250,0.000000,0.000000
245,10.300655,0.000000,1.009982,0.000000,0.000000,1.000000,0.908527,0,0.000055,0.000534,0.608238,10.300551,1.545083,0.156250,0.000000,0.000000
246,10.112164,0.000000,1.009271,0.000000,0.000000,1.000000,0.916961,0,0.000052,0.000826,0.517923,10.112069,1.516810,0.156250,0.000000,0.000000
247,10.144442,0.000000,1.011829,0.000000,0.000000,1.000000,0.925984,0,0.000057,0.000488,0.442960,10.144342,1.521651,0.156250,0.000000,0.000000
248,10.007794,0.000000,1.012309,0.000000,0.000000,1.000000,0.935006,0,0.000053,0.000549,0.371629,10.007694,1.501154,0.156250,0.000000,0.000000
249,9.995837,0.000000,1.014047,0.000000,0.000000,1.000000,0.941030,0,0.000061,0.000502,0.314142,9.995742,1.499361,0.156250,0.000000,0.000000
250,9.947338,0.000000,1.003953,0.000000,0.000000,1.000000,0.948549,0,0.000127,0.000555,0.264595,9.947245,1.492087,0.156250,0.000000,0.000000
251,10.022209,0.000000,1.013374,0.000000,0.000000,1.000000,0.960549,0,0.000057,0.000398,0.226057,10.022112,1.503317,0.156250,0.000000,0.000000
252,10.218340,0.000000,1.015535,0.000000,0.000000,1.000000,0.965368,0,0.000125,0.000495,0.183491,10.218243,1.532736,0.156250,0.000000,0.000000
253,10.219641,0.000000,1.006638,0.000000,0.000000,1.000000,0.970188,0,0.000126,0.000554,0.149320,10.116537,1.517481,0.156250,0.000000,0.000000
254,10.153818,0.000000,1.013089,0.000000,0.000000,1.000000,0.970188,0,0.000053,0.000757,0.119923,10.023725,1.503559,0.156250,0.000000,0.000000
255,10.523545,0.000000,0.986957,0.000000,0.000000,1.000000,0.973802,0,0.000054,0.000361,0.099143,10.393454,1.559018,0.156250,0.000000,0.000000
256,10.305549,0.000000,1.015082,0.000000,0.000000,1.000000,0.973802,0,0.000163,0.000530,0.139800,10.175441,1.526316,0.156250,0.000000,0.000000
257,10.525481,0.000000,1.000000,0.000000,0.000000,1.000000,0.978313,0,0.000055,0.000392,0.096938,10.132372,1.519856,0.156250,0.000000,0.000000
258,10.412181,0.000000,1.000000,0.000000,0.000000,1.000000,0.978313,0,0.000127,0.000793,0.096938,10.019061,1.502859,0.156250,0.000000,0.000000
259,10.412385,0.000000,1.000000,0.000000,0.000000,1.000000,0.978313,0,0.000054,0.000469,0.096938,10.019272,1.502891,0.156250,0.000000,0.000000
260,10.313039,0.000000,1.000000,0.000000,0.000000,1.000000,0.978313,0,0.000052,0.000279,0.096938,9.919925,1.487989,0.156250,0.000000,0.000000
261,10.385768,0.000000,1.008810,0.000000,0.000000,1.000000,0.978313,0,0.000054,0.000258,0.096938,9.992668,1.498900,0.156250,0.000000,0.000000
262,10.625591,0.000000,1.006828,0.000000,0.000000,1.000000,0.978313,0,0.000078,0.000483,0.082905,10.232489,1.534873,0.156250,0.000000,0.000000
263,10.180956,0.000000,1.008454,0.000000,0.000000,1.000000,0.978313,0,0.000050,0.000389,0.078230,10.032853,1.504928,0.156250,0.000000,0.000000
264,10.078504,0.000000,0.985931,0.000000,0.000000,1.000000,0.975283,0,0.000056,0.000362,0.074535,9.930394,1.489559,0.156250,0.000000,0.000000
265,10.630025,0.000000,1.007164,0.000000,0.000000,1.000000,0.975306,0,0.000053,0.000495,0.107083,10.243916,1.536587,0.156250,0.000000,0.000000
266,10.380912,0.000000,1.005866,0.000000,0.000000,1.000000,0.975306,0,0.000052,0.000443,0.091559,10.101819,1.515273,0.156250,0.000000,0.000000
267,10.369205,0.000000,1.008811,0.000000,0.000000,1.000000,0.978313,0,0.000045,0.000434,0.074700,10.118101,1.517715,0.156250,0.000000,0.000000
268,10.201943,0.000000,0.993275,0.000000,0.000000,1.000000,0.975283,0,0.000055,0.000378,0.076478,10.053831,1.508075,0.156250,0.000000,0.000000
269,10.133733,0.000000,1.007082,0.000000,0.000000,1.000000,0.976313,0,0.000055,0.000474,0.091123,9.985635,1.497845,0.156250,0.000000,0.000000
270,10.279331,0.000000,0.998597,0.000000,0.000000,1.000000,0.842606,0,0.000048,0.000485,1.275351,10.154231,1.523135,0.156250,0.000000,0.000000
271,9.999339,0.000000,1.000616,0.000000,0.000000,1.000000,0.857064,0,0.000053,0.000870,1.113348,9.886229,1.482934,0.156250,0.000000,0.000000
272,10.262405,0.000000,1.004498,0.000000,0.000000,1.000000,0.873606,0,0.000055,0.000678,0.965955,10.160301,1.524045,0.156250,0.000000,0.000000
273,10.302268,0.000000,1.007287,0.000000,0.000000,1.000000,0.885654,0,0.000057,0.000396,0.832067,10.302150,1.545323,0.156250,0.000000,0.000000
274,9.977086,0.000000,1.007174,0.000000,0.000000,1.000000,0.896497,0,0.000054,0.000553,0.712783,9.976992,1.496549,0.156250,0.000000,0.000000
275,10.286956,0.000000,1.008922,0.000000,0.000000,1.000000,0.908527,0,0.000051,0.000737,0.608238,10.286857,1.543029,0.156250,0.000000,0.000000
276,10.088522,0.000000,1.010195,0.000000,0.000000,1.000000,0.919054,0,0.000132,0.000594,0.519053,10.088423,1.513263,0.156250,0.000000,0.000000
277,10.121014,0.000000,1.012669,0.000000,0.000000,1.000000,0.926282,0,0.000131,0.000469,0.443176,10.120917,1.518138,0.156250,0.000000,0.000000
278,10.043317,0.000000,1.011608,0.000000,0.000000,1.000000,0.933511,0,0.000057,0.000368,0.370175,10.043222,1.506483,0.156250,0.000000,0.000000
279,10.005580,0.000000,1.014047,0.000000,0.000000,1.000000,0.941030,0,0.000053,0.000464,0.314142,10.005484,1.500823,0.156250,0.000000,0.000000
280,9.944329,0.000000,1.003953,0.000000,0.000000,1.000000,0.948549,0,0.000054,0.000383,0.264595,9.944240,1.491636,0.156250,0.000000,0.000000
281,9.948102,0.000000,1.013374,0.000000,0.000000,1.000000,0.960549,0,0.000050,0.000413,0.226057,9.948005,1.492201,0.156250,0.000000,0.000000
282,10.147251,0.000000,1.015535,0.000000,0.000000,1.000000,0.965368,0,0.000050,0.000333,0.183491,10.147155,1.522073,0.156250,0.000000,0.000000
283,10.132956,0.000000,1.006638,0.000000,0.000000,1.000000,0.970188,0,0.000049,0.000421,0.149320,10.029851,1.504478,0.156250,0.000000,0.000000
284,10.091368,0.000000,1.013089,0.000000,0.000000,1.000000,0.970188,0,0.000376,0.000575,0.119923,9.961266,1.494190,0.156250,0.000000,0.000000
285,10.374778,0.000000,0.986957,0.000000,0.000000,1.000000,0.973802,0,0.000053,0.000374,0.099143,10.244681,1.536702,0.156250,0.000000,0.000000
286,10.253506,0.000000,1.015082,0.000000,0.000000,1.000000,0.973802,0,0.000055,0.000484,0.139800,10.123403,1.518510,0.156250,0.000000,0.000000
287,10.547765,0.000000,1.000000,0.000000,0.000000,1.000000,0.978313,0,0.000051,0.000423,0.096938,10.154661,1.523199,0.156250,0.000000,0.000000
288,10.461076,0.000000,1.000000,0.000000,0.000000,1.000000,0.978313,0,0.000039,0.000517,0.096938,10.067941,1.510191,0.156250,0.000000,0.000000
289,10.410575,0.000000,1.000000,0.000000,0.000000,1.000000,0.978313,0,0.000053,0.000441,0.096938,10.017450,1.502618,0.156250,0.000000,0.000000
290,10.376056,0.000000,1.000000,0.000000,0.000000,1.000000,0.978313,0,0.000053,0.000413,0.096938,9.982938,1.497441,0.156250,0.000000,0.000000
291,10.265471,0.000000,1.008810,0.000000,0.000000,1.000000,0.978313,0,0.000055,0.000404,0.096938,9.872364,1.480855,0.156250,0.000000,0.000000
292,10.577198,0.000000,1.006828,0.000000,0.000000,1.000000,0.978313,0,0.000052,0.000494,0.082905,10.184089,1.527613,0.156250,0.000000,0.000000
293,10.227544,0.000000,1.008454,0.000000,0.000000,1.000000,0.978313,0,0.000051,0.000641,0.078230,10.079432,1.511915,0.156250,0.000000,0.000000
294,10.089146,0.000000,0.985931,0.000000,0.000000,1.000000,0.975283,0,0.000051,0.000379,0.074535,9.941046,1.491157,0.156250,0.000000,0.000000
295,10.643790,0.000000,1.007164,0.000000,0.000000,1.000000,0.975306,0,0.000052,0.000396,0.107083,10.257678,1.538652,0.156250,0.000000,0.000000
296,10.404074,0.000000,1.005866,0.000000,0.000000,1.000000,0.975306,0,0.000074,0.000430,0.091559,10.124954,1.518743,0.156250,0.000000,0.000000
297,10.454955,0.000000,1.008811,0.000000,0.000000,1.000000,0.978313,0,0.000055,0.000666,0.074700,10.203848,1.530577,0.156250,0.000000,0.000000
298,10.276246,0.000000,0.993275,0.000000,0.000000,1.000000,0.975283,0,0.000054,0.000636,0.076478,10.128135,1.519220,0.156250,0.000000,0.000000
299,10.180502,0.000000,1.007082,0.000000,0.000000,1.000000,0.976313,0,0.000054,0.000770,0.091123,10.032396,1.504859,0.156250,0.000000,0.000000
300,10.048979,0.000000,0.998597,0.000000,0.000000,1.000000,0.842606,0,0.000053,0.000433,1.275351,9.923879,1.488582,0.156250,0.000000,0.000000
301,9.985523,0.000000,1.000616,0.000000,0.000000,1.000000,0.857064,0,0.000054,0.000522,1.113348,9.872411,1.480862,0.156250,0.000000,0.000000
302,10.353074,0.000000,1.004498,0.000000,0.000000,1.000000,0.873606,0,0.000056,0.000482,0.965955,10.250982,1.537647,0.156250,0.000000,0.000000
303,10.040925,0.000000,1.007287,0.000000,0.000000,1.000000,0.885654,0,0.000037,0.000425,0.832067,10.040833,1.506125,0.156250,0.000000,0.000000
304,9.993169,0.000000,1.007174,0.000000,0.000000,1.000000,0.896497,0,0.000055,0.000394,0.712783,9.993078,1.498962,0.156250,0.000000,0.000000
305,10.255018,0.000000,1.009982,0.000000,0.000000,1.000000,0.908527,0,0.000054,0.000310,0.608238,10.254924,1.538239,0.156250,0.000000,0.000000
306,10.089304,0.000000,1.009271,0.000000,0.000000,1.000000,0.916961,0,0.000054,0.000423,0.517923,10.089217,1.513383,0.156250,0.000000,0.000000
307,10.110919,0.000000,1.011829,0.000000,0.000000,1.000000,0.925984,0,0.000056,0.000432,0.442960,10.110827,1.516624,0.156250,0.000000,0.000000
308,10.114374,0.000000,1.012309,0.000000,0.000000,1.000000,0.935006,0,0.000059,0.000362,0.371629,10.114280,1.517142,0.156250,0.000000,0.000000
309,10.264564,0.000000,1.014047,0.000000,0.000000,1.000000,0.941030,0,0.000055,0.000374,0.314142,10.264466,1.539670,0.156250,0.000000,0.000000
310,9.932771,0.000000,1.003953,0.000000,0.000000,1.000000,0.948549,0,0.000121,0.000428,0.264595,9.932681,1.489902,0.156250,0.000000,0.000000
311,9.907266,0.000000,1.013374,0.000000,0.000000,1.000000,0.960549,0,0.000055,0.000519,0.226057,9.907164,1.486075,0.156250,0.000000,0.000000
312,10.246892,0.000000,1.015535,0.000000,0.000000,1.000000,0.965368,0,0.000124,0.000321,0.183491,10.246806,1.537021,0.156250,0.000000,0.000000
313,10.219803,0.000000,1.006638,0.000000,0.000000,1.000000,0.970188,0,0.000055,0.000435,0.149320,10.116705,1.517506,0.156250,0.000000,0.000000
314,10.123517,0.000000,1.013089,0.000000,0.000000,1.000000,0.970188,0,0.000054,0.000350,0.119923,9.993410,1.499012,0.156250,0.000000,0.000000
315,10.408252,0.000000,0.986957,0.000000,0.000000,1.000000,0.973802,0,0.000055,0.000617,0.099143,10.278155,1.541723,0.156250,0.000000,0.000000
316,10.234739,0.000000,1.015082,0.000000,0.000000,1.000000,0.973802,0,0.000055,0.000470,0.139800,10.104646,1.515697,0.156250,0.000000,0.000000
317,10.513638,0.000000,1.000000,0.000000,0.000000,1.000000,0.978313,0,0.000154,0.000525,0.096938,10.120537,1.518080,0.156250,0.000000,0.000000
318,10.422858,0.000000,1.000000,0.000000,0.000000,1.000000,0.978313,0,0.000055,0.000602,0.096938,10.029753,1.504463,0.156250,0.000000,0.000000
319,10.411317,0.000000,1.000000,0.000000,0.000000,1.000000,0.978313,0,0.000050,0.000504,0.096938,10.018198,1.502730,0.156250,0.000000,0.000000
320,10.349441,0.000000,1.000000,0.000000,0.000000,1.000000,0.978313,0,0.000052,0.000320,0.096938,9.956327,1.493449,0.156250,0.000000,0.000000
321,10.290381,0.000000,1.008810,0.000000,0.000000,1.000000,0.978313,0,0.000054,0.000366,0.096938,9.897271,1.484591,0.156250,0.000000,0.000000
322,10.683341,0.000000,1.006828,0.000000,0.000000,1.000000,0.978313,0,0.000039,0.000646,0.082905,10.290231,1.543535,0.156250,0.000000,0.000000
323,10.160925,0.000000,1.008454,0.000000,0.000000,1.000000,0.978313,0,0.000038,0.000558,0.078230,10.012806,1.501921,0.156250,0.000000,0.000000
324,10.106647,0.000000,0.985931,0.000000,0.000000,1.000000,0.975283,0,0.000135,0.000489,0.074535,9.958544,1.493782,0.156250,0.000000,0.000000
325,10.610759,0.000000,1.007164,0.000000,0.000000,1.000000,0.975306,0,0.000135,0.000375,0.107083,10.224662,1.533699,0.156250,0.000000,0.000000
326,10.488080,0.000000,1.005866,0.000000,0.000000,1.000000,0.975306,0,0.000327,0.000388,0.091559,10.208961,1.531344,0.156250,0.000000,0.000000
327,10.516919,0.000000,1.008811,0.000000,0.000000,1.000000,0.978313,0,0.000054,0.000540,0.074700,10.265813,1.539872,0.156250,0.000000,0.000000
328,10.447573,0.000000,0.993275,0.000000,0.000000,1.000000,0.975283,0,0.000055,0.000332,0.076478,10.299459,1.544919,0.156250,0.000000,0.000000
329,10.391516,0.000000,1.007082,0.000000,0.000000,1.000000,0.976313,0,0.000055,0.000758,0.091123,10.243404,1.536511,0.156250,0.000000,0.000000
330,10.139434,0.000000,0.998597,0.000000,0.000000,1.000000,0.842606,0,0.000055,0.000513,1.275351,10.014335,1.502150,0.156250,0.000000,0.000000
331,10.069624,0.000000,1.000616,0.000000,0.000000,1.000000,0.857064,0,0.000051,0.000666,1.113348,9.956512,1.493477,0.156250,0.000000,0.000000
332,10.405504,0.000000,1.004498,0.000000,0.000000,1.000000,0.873606,0,0.000052,0.000383,0.965955,10.303405,1.545511,0.156250,0.000000,0.000000
333,10.215083,0.000000,1.007287,0.000000,0.000000,1.000000,0.885654,0,0.000044,0.000419,0.832067,10.214973,1.532246,0.156250,0.000000,0.000000
334,10.054166,0.000000,1.007174,0.000000,0.000000,1.000000,0.896497,0,0.000054,0.000367,0.712783,10.054063,1.508109,0.156250,0.000000,0.000000
335,10.328325,0.000000,1.009982,0.000000,0.000000,1.000000,0.908527,0,0.000053,0.000372,0.608238,10.328228,1.549234,0.156250,0.000000,0.000000
336,10.110561,0.000000,1.009271,0.000000,0.000000,1.000000,0.916961,0,0.000060,0.000429,0.517923,10.110452,1.516568,0.156250,0.000000,0.000000
337,10.208373,0.000000,1.011829,0.000000,0.000000,1.000000,0.925984,0,0.000052,0.000498,0.442960,10.208268,1.531240,0.156250,0.000000,0.000000
338,10.065983,0.000000,1.012309,0.000000,0.000000,1.000000,0.935006,0,0.000056,0.000475,0.371629,10.065892,1.509884,0.156250,0.000000,0.000000
339,10.096005,0.000000,1.014047,0.000000,0.000000,1.000000,0.941030,0,0.000040,0.000426,0.314142,10.095913,1.514387,0.156250,0.000000,0.000000
340,9.904592,0.000000,1.003953,0.000000,0.000000,1.000000,0.948549,0,0.000054,0.000510,0.264595,9.904488,1.485673,0.156250,0.000000,0.000000
341,9.861246,0.000000,1.013374,0.000000,0.000000,1.000000,0.960549,0,0.000056,0.000819,0.226057,9.861153,1.479173,0.156250,0.000000,0.000000
342,10.200057,0.000000,1.015535,0.000000,0.000000,1.000000,0.965368,0,0.000133,0.000498,0.183491,10.199942,1.529991,0.156250,0.000000,0.000000
343,10.167152,0.000000,1.006638,0.000000,0.000000,1.000000,0.970188,0,0.000052,0.000492,0.149320,10.064060,1.509609,0.156250,0.000000,0.000000
344,10.142783,0.000000,1.013089,0.000000,0.000000,1.000000,0.970188,0,0.000056,0.000505,0.119923,10.012688,1.501903,0.156250,0.000000,0.000000
345,10.380258,0.000000,0.986957,0.000000,0.000000,1.000000,0.973802,0,0.000052,0.000361,0.099143,10.250169,1.537525,0.156250,0.000000,0.000000
346,10.218301,0.000000,1.015082,0.000000,0.000000,1.000000,0.973802,0,0.000118,0.000404,0.139800,10.088203,1.513230,0.156250,0.000000,0.000000
347,10.541996,0.000000,1.000000,0.000000,0.000000,1.000000,0.978313,0,0.000051,0.000384,0.096938,10.148893,1.522334,0.156250,0.000000,0.000000
348,10.495422,0.000000,1.000000,0.000000,0.000000,1.000000,0.978313,0,0.000055,0.000440,0.096938,10.102321,1.515348,0.156250,0.000000,0.000000
349,10.410230,0.000000,1.000000,0.000000,0.000000,1.000000,0.978313,0,0.000060,0.000979,0.096938,10.017125,1.502569,0.156250,0.000000,0.000000
350,10.317453,0.000000,1.000000,0.000000,0.000000,1.000000,0.978313,0,0.000054,0.000454,0.096938,9.924354,1.488653,0.156250,0.000000,0.000000
351,10.263695,0.000000,1.008810,0.000000,0.000000,1.000000,0.978313,0,0.000056,0.000578,0.096938,9.870588,1.480588,0.156250,0.000000,0.000000
352,10.630814,0.000000,1.006828,0.000000,0.000000,1.000000,0.978313,0,0.000059,0.000481,0.082905,10.237721,1.535658,0.156250,0.000000,0.000000
353,10.183997,0.000000,1.008454,0.000000,0.000000,1.000000,0.978313,0,0.000055,0.000426,0.078230,10.035900,1.505385,0.156250,0.000000,0.000000
354,10.183563,0.000000,0.985931,0.000000,0.000000,1.000000,0.975283,0,0.000051,0.000399,0.074535,10.035453,1.505318,0.156250,0.000000,0.000000
355,10.638818,0.000000,1.007164,0.000000,0.000000,1.000000,0.975306,0,0.000055,0.000592,0.107083,10.252708,1.537906,0.156250,0.000000,0.000000
356,10.354449,0.000000,1.005866,0.000000,0.000000,1.000000,0.975306,0,0.000053,0.000730,0.091559,10.075357,1.511303,0.156250,0.000000,0.000000
357,10.491581,0.000000,1.008811,0.000000,0.000000,1.000000,0.978313,0,0.000054,0.000393,0.074700,10.240472,1.536071,0.156250,0.000000,0.000000
358,10.203840,0.000000,0.993275,0.000000,0.000000,1.000000,0.975283,0,0.000054,0.000498,0.076478,10.055748,1.508362,0.156250,0.000000,0.000000
359,10.122121,0.000000,1.007082,0.000000,0.000000,1.000000,0.976313,0,0.000049,0.000548,0.091123,9.974025,1.496104,0.156250,0.000000,0.000000
360,9.992052,0.000000,0.998597,0.000000,0.000000,1.000000,0.842606,0,0.000059,0.000355,1.275351,9.866960,1.480044,0.156250,0.000000,0.000000
361,9.983705,0.000000,1.000616,0.000000,0.000000,1.000000,0.857064,0,0.000052,0.000530,1.113348,9.870601,1.480590,0.156250,0.000000,0.000000
362,10.255792,0.000000,1.004498,0.000000,0.000000,1.000000,0.873606,0,0.000050,0.000409,0.965955,10.153700,1.523055,0.156250,0.000000,0.000000
363,10.028319,0.000000,1.007287,0.000000,0.000000,1.000000,0.885654,0,0.000131,0.000607,0.832067,10.028218,1.504233,0.156250,0.000000,0.000000
364,9.978729,0.000000,1.007174,0.000000,0.000000,1.000000,0.896497,0,0.000049,0.000485,0.712783,9.978637,1.496796,0.156250,0.000000,0.000000
365,10.246006,0.000000,1.009982,0.000000,0.000000,1.000000,0.908527,0,0.000050,0.000378,0.608238,10.245913,1.536887,0.156250,0.000000,0.000000
366,10.076654,0.000000,1.009271,0.000000,0.000000,1.000000,0.916961,0,0.000050,0.000334,0.517923,10.076564,1.511485,0.156250,0.000000,0.000000
367,10.182374,0.000000,1.011829,0.000000,0.000000,1.000000,0.925984,0,0.000057,0.000448,0.442960,10.182280,1.527342,0.156250,0.000000,0.000000
368,10.057817,0.000000,1.012309,0.000000,0.000000,1.000000,0.935006,0,0.000052,0.000453,0.371629,10.057727,1.508659,0.156250,0.000000,0.000000
369,10.161663,0.000000,1.014047,0.000000,0.000000,1.000000,0.941030,0,0.000119,0.000489,0.314142,10.161573,1.524236,0.156250,0.000000,0.000000
370,9.976606,0.000000,1.003953,0.000000,0.000000,1.000000,0.948549,0,0.000155,0.000262,0.264595,9.976510,1.496477,0.156250,0.000000,0.000000
371,9.953966,0.000000,1.013374,0.000000,0.000000,1.000000,0.960549,0,0.000055,0.000352,0.226057,9.953856,1.493078,0.156250,0.000000,0.000000
372,10.231596,0.000000,1.015535,0.000000,0.000000,1.000000,0.965368,0,0.000131,0.000472,0.183491,10.231506,1.534726,0.156250,0.000000,0.000000
373,10.183148,0.000000,1.006638,0.000000,0.000000,1.000000,0.970188,0,0.000051,0.000554,0.149320,10.080056,1.512008,0.156250,0.000000,0.000000
374,10.125341,0.000000,1.013089,0.000000,0.000000,1.000000,0.970188,0,0.000052,0.000322,0.119923,9.995242,1.499286,0.156250,0.000000,0.000000
375,10.420290,0.000000,0.986957,0.000000,0.000000,1.000000,0.973802,0,0.000053,0.000402,0.099143,10.290187,1.543528,0.156250,0.000000,0.000000
376,10.185743,0.000000,1.015082,0.000000,0.000000,1.000000,0.973802,0,0.000052,0.000450,0.139800,10.055648,1.508347,0.156250,0.000000,0.000000
377,10.535310,0.000000,1.000000,0.000000,0.000000,1.000000,0.978313,0,0.000053,0.000533,0.096938,10.142211,1.521332,0.156250,0.000000,0.000000
378,10.449871,0.000000,1.000000,0.000000,0.000000,1.000000,0.978313,0,0.000058,0.000547,0.096938,10.056768,1.508515,0.156250,0.000000,0.000000
379,10.406009,0.000000,1.000000,0.000000,0.000000,1.000000,0.978313,0,0.000056,0.000797,0.096938,10.012911,1.501937,0.156250,0.000000,0.000000
380,10.301698,0.000000,1.000000,0.000000,0.000000,1.000000,0.978313,0,0.000050,0.000704,0.096938,9.908592,1.486289,0.156250,0.000000,0.000000
381,10.245467,0.000000,1.008810,0.000000,0.000000,1.000000,0.978313,0,0.000054,0.000618,0.096938,9.852364,1.477855,0.156250,0.000000,0.000000
382,10.558822,0.000000,1.006828,0.000000,0.000000,1.000000,0.978313,0,0.000053,0.000363,0.082905,10.165715,1.524857,0.156250,0.000000,0.000000
383,10.261163,0.000000,1.008454,0.000000,0.000000,1.000000,0.978313,0,0.000050,0.000326,0.078230,10.113050,1.516958,0.156250,0.000000,0.000000
384,10.081134,0.000000,0.985931,0.000000,0.000000,1.000000,0.975283,0,0.000055,0.000361,0.074535,9.933026,1.489954,0.156250,0.000000,0.000000
385,10.680512,0.000000,1.007164,0.000000,0.000000,1.000000,0.975306,0,0.000053,0.000320,0.107083,10.294408,1.544161,0.156250,0.000000,0.000000
386,10.383703,0.000000,1.005866,0.000000,0.000000,1.000000,0.975306,0,0.000126,0.000386,0.091559,10.104591,1.515689,0.156250,0.000000,0.000000
387,10.666589,0.000000,1.008811,0.000000,0.000000,1.000000,0.978313,0,0.000054,0.000382,0.074700,10.415473,1.562321,0.156250,0.000000,0.000000
388,10.311230,0.000000,0.993275,0.000000,0.000000,1.000000,0.975283,0,0.000053,0.000448,0.076478,10.163121,1.524468,0.156250,0.000000,0.000000
389,10.215470,0.000000,1.007082,0.000000,0.000000,1.000000,0.976313,0,0.000049,0.000562,0.091123,10.067370,1.510106,0.156250,0.000000,0.000000
390,10.098035,0.000000,0.998597,0.000000,0.000000,1.000000,0.842606,0,0.000055,0.000473,1.275351,9.972935,1.495940,0.156250,0.000000,0.000000
391,9.977743,0.000000,1.000616,0.000000,0.000000,1.000000,0.857064,0,0.000063,0.000451,1.113348,9.864649,1.479697,0.156250,0.000000,0.000000
392,10.268571,0.000000,1.004498,0.000000,0.000000,1.000000,0.873606,0,0.000049,0.000617,0.965955,10.166475,1.524971,0.156250,0.000000,0.000000
393,10.015424,0.000000,1.007287,0.000000,0.000000,1.000000,0.885654,0,0.000055,0.000444,0.832067,10.015328,1.502299,0.156250,0.000000,0.000000
394,10.034657,0.000000,1.007174,0.000000,0.000000,1.000000,0.896497,0,0.000045,0.000424,0.712783,10.034563,1.505184,0.156250,0.000000,0.000000
395,10.268304,0.000000,1.009982,0.000000,0.000000,1.000000,0.908527,0,0.000059,0.000448,0.608238,10.268213,1.540232,0.156250,0.000000,0.000000
396,10.107233,0.000000,1.009271,0.000000,0.000000,1.000000,0.916961,0,0.000055,0.000330,0.517923,10.107139,1.516071,0.156250,0.000000,0.000000
397,10.122376,0.000000,1.011829,0.000000,0.000000,1.000000,0.925984,0,0.000059,0.000367,0.442960,10.122286,1.518343,0.156250,0.000000,0.000000
398,10.045538,0.000000,1.012309,0.000000,0.000000,1.000000,0.935006,0,0.000038,0.000325,0.371629,10.045446,1.506817,0.156250,0.000000,0.000000
399,9.999265,0.000000,1.014047,0.000000,0.000000,1.000000,0.941030,0,0.000054,0.000434,0.314142,9.999174,1.499876,0.156250,0.000000,0.000000
400,9.891155,0.000000,1.003953,0.000000,0.000000,1.000000,0.948549,0,0.000051,0.000371,0.264595,9.891065,1.483660,0.156250,0.000000,0.000000
401,9.929113,0.000000,1.013374,0.000000,0.000000,1.000000,0.960549,0,0.000061,0.000289,0.226057,9.929017,1.489353,0.156250,0.000000,0.000000
402,10.176807,0.000000,1.015535,0.000000,0.000000,1.000000,0.965368,0,0.000057,0.000349,0.183491,10.176718,1.526508,0.156250,0.000000,0.000000
403,10.185727,0.000000,1.006638,0.000000,0.000000,1.000000,0.970188,0,0.000057,0.000420,0.149320,10.082634,1.512395,0.156250,0.000000,0.000000
404,10.157699,0.000000,1.013089,0.000000,0.000000,1.000000,0.970188,0,0.000048,0.000447,0.119923,10.027600,1.504140,0.156250,0.000000,0.000000
405,10.394719,0.000000,0.986957,0.000000,0.000000,1.000000,0.973802,0,0.000054,0.000589,0.099143,10.264620,1.539693,0.156250,0.000000,0.000000
406,10.410017,0.000000,1.015082,0.000000,0.000000,1.000000,0.973802,0,0.000055,0.000332,0.139800,10.279910,1.541986,0.156250,0.000000,0.000000
407,10.609524,0.000000,1.000000,0.000000,0.000000,1.000000,0.978313,0,0.000038,0.000391,0.096938,10.216405,1.532461,0.156250,0.000000,0.000000
408,10.446578,0.000000,1.000000,0.000000,0.000000,1.000000,0.978313,0,0.000039,0.000366,0.096938,10.053477,1.508022,0.156250,0.000000,0.000000
409,10.424349,0.000000,1.000000,0.000000,0.000000,1.000000,0.978313,0,0.000053,0.000384,0.096938,10.031247,1.504687,0.156250,0.000000,0.000000
410,10.362535,0.000000,1.000000,0.000000,0.000000,1.000000,0.978313,0,0.000055,0.000497,0.096938,9.969438,1.495416,0.156250,0.000000,0.000000
411,10.241029,0.000000,1.008810,0.000000,0.000000,1.000000,0.978313,0,0.000050,0.000424,0.096938,9.847925,1.477189,0.156250,0.000000,0.000000
412,10.599082,0.000000,1.006828,0.000000,0.000000,1.000000,0.978313,0,0.000050,0.000328,0.082905,10.205978,1.530897,0.156250,0.000000,0.000000
413,10.215550,0.000000,1.008454,0.000000,0.000000,1.000000,0.978313,0,0.000050,0.000338,0.078230,10.067434,1.510115,0.156250,0.000000,0.000000
414,10.110526,0.000000,0.985931,0.000000,0.000000,1.000000,0.975283,0,0.000054,0.000615,0.074535,9.962426,1.494364,0.156250,0.000000,0.000000
415,10.668666,0.000000,1.007164,0.000000,0.000000,1.000000,0.975306,0,0.000049,0.000303,0.107083,10.282576,1.542386,0.156250,0.000000,0.000000
416,10.333467,0.000000,1.005866,0.000000,0.000000,1.000000,0.975306,0,0.000053,0.000275,0.091559,10.054358,1.508154,0.156250,0.000000,0.000000
417,10.406414,0.000000,1.008811,0.000000,0.000000,1.000000,0.978313,0,0.000053,0.000302,0.074700,10.155304,1.523296,0.156250,0.000000,0.000000
418,10.160099,0.000000,0.993275,0.000000,0.000000,1.000000,0.975283,0,0.000125,0.000358,0.076478,10.012003,1.501800,0.156250,0.000000,0.000000
419,10.166195,0.000000,1.007082,0.000000,0.000000,1.000000,0.976313,0,0.000122,0.000307,0.091123,10.018086,1.502713,0.156250,0.000000,0.000000
420,10.024836,0.000000,0.998597,0.000000,0.000000,1.000000,0.842606,0,0.000056,0.000452,1.275351,9.899744,1.484962,0.156250,0.000000,0.000000
421,9.957713,0.000000,1.000616,0.000000,0.000000,1.000000,0.857064,0,0.000051,0.000381,1.113348,9.844607,1.476691,0.156250,0.000000,0.000000
422,10.294553,0.000000,1.004498,0.000000,0.000000,1.000000,0.873606,0,0.000120,0.000365,0.965955,10.192467,1.528870,0.156250,0.000000,0.000000
423,10.036930,0.000000,1.007287,0.000000,0.000000,1.000000,0.885654,0,0.000037,0.000371,0.832067,10.036830,1.505524,0.156250,0.000000,0.000000
424,10.069871,0.000000,1.007174,0.000000,0.000000,1.000000,0.896497,0,0.000050,0.000587,0.712783,10.069779,1.510467,0.156250,0.000000,0.000000
425,10.335633,0.000000,1.009982,0.000000,0.000000,1.000000,0.908527,0,0.000050,0.000351,0.608238,10.335539,1.550331,0.156250,0.000000,0.000000
426,10.203410,0.000000,1.009271,0.000000,0.000000,1.000000,0.916961,0,0.000077,0.000375,0.517923,10.203323,1.530498,0.156250,0.000000,0.000000
427,10.176772,0.000000,1.011829,0.000000,0.000000,1.000000,0.925984,0,0.000060,0.000435,0.442960,10.176574,1.526486,0.156250,0.000000,0.000000
428,10.180617,0.000000,1.012309,0.000000,0.000000,1.000000,0.935006,0,0.000053,0.000393,0.371629,10.180520,1.527078,0.156250,0.000000,0.000000
429,10.062511,0.000000,1.014047,0.000000,0.000000,1.000000,0.941030,0,0.000056,0.000563,0.314142,10.062423,1.509363,0.156250,0.000000,0.000000
430,10.101218,0.000000,1.003953,0.000000,0.000000,1.000000,0.948549,0,0.000055,0.000404,0.264595,10.101132,1.515170,0.156250,0.000000,0.000000
431,10.090807,0.000000,1.013374,0.000000,0.000000,1.000000,0.960549,0,0.000049,0.000671,0.226057,10.090708,1.513606,0.156250,0.000000,0.000000
432,10.302939,0.000000,1.015535,0.000000,0.000000,1.000000,0.965368,0,0.000051,0.000400,0.183491,10.302852,1.545428,0.156250,0.000000,0.000000
433,10.253829,0.000000,1.006638,0.000000,0.000000,1.000000,0.970188,0,0.000047,0.000859,0.149320,10.150734,1.522610,0.156250,0.000000,0.000000
434,10.113025,0.000000,1.013089,0.000000,0.000000,1.000000,0.970188,0,0.000050,0.000556,0.119923,9.982936,1.497440,0.156250,0.000000,0.000000
435,10.467559,0.000000,0.986957,0.000000,0.000000,1.000000,0.973802,0,0.000051,0.000368,0.099143,10.337471,1.550621,0.156250,0.000000,0.000000
436,10.268507,0.000000,1.015082,0.000000,0.000000,1.000000,0.973802,0,0.000055,0.000461,0.139800,10.138417,1.520763,0.156250,0.000000,0.000000
437,10.547345,0.000000,1.000000,0.000000,0.000000,1.000000,0.978313,0,0.000055,0.000329,0.096938,10.154237,1.523136,0.156250,0.000000,0.000000
438,10.416931,0.000000,1.000000,0.000000,0.000000,1.000000,0.978313,0,0.000048,0.000265,0.096938,10.023823,1.503574,0.156250,0.000000,0.000000
439,10.423890,0.000000,1.000000,0.000000,0.000000,1.000000,0.978313,0,0.000061,0.000301,0.096938,10.030778,1.504617,0.156250,0.000000,0.000000
440,10.312825,0.000000,1.000000,0.000000,0.000000,1.000000,0.978313,0,0.000052,0.000264,0.096938,9.919716,1.487957,0.156250,0.000000,0.000000
441,10.313890,0.000000,1.008810,0.000000,0.000000,1.000000,0.978313,0,0.000050,0.000320,0.096938,9.920777,1.488117,0.156250,0.000000,0.000000
442,10.572101,0.000000,1.006828,0.000000,0.000000,1.000000,0.978313,0,0.000050,0.000335,0.082905,10.178994,1.526849,0.156250,0.000000,0.000000
443,10.198167,0.000000,1.008454,0.000000,0.000000,1.000000,0.978313,0,0.000058,0.000403,0.078230,10.050033,1.507505,0.156250,0.000000,0.000000
444,10.171729,0.000000,0.985931,0.000000,0.000000,1.000000,0.975283,0,0.000135,0.000446,0.074535,10.023621,1.503543,0.156250,0.000000,0.000000
445,10.739189,0.000000,1.007164,0.000000,0.000000,1.000000,0.975306,0,0.000335,0.000601,0.107083,10.353090,1.552963,0.156250,0.000000,0.000000
446,10.443165,0.000000,1.005866,0.000000,0.000000,1.000000,0.975306,0,0.000049,0.000466,0.091559,10.164064,1.524610,0.156250,0.000000,0.000000
447,10.461335,0.000000,1.008811,0.000000,0.000000,1.000000,0.978313,0,0.000047,0.000455,0.074700,10.210234,1.531535,0.156250,0.000000,0.000000
448,10.213455,0.000000,0.993275,0.000000,0.000000,1.000000,0.975283,0,0.000049,0.000290,0.076478,10.065357,1.509804,0.156250,0.000000,0.000000
449,10.168995,0.000000,1.007082,0.000000,0.000000,1.000000,0.976313,0,0.000049,0.000437,0.091123,10.020881,1.503132,0.156250,0.000000,0.000000
450,10.056899,0.000000,0.998597,0.000000,0.000000,1.000000,0.842606,0,0.000117,0.000384,1.275351,9.931732,1.489760,0.156250,0.000000,0.000000
451,9.963653,0.000000,1.000616,0.000000,0.000000,1.000000,0.857064,0,0.000129,0.000489,1.113348,9.850558,1.477584,0.156250,0.000000,0.000000
452,10.274578,0.000000,1.004498,0.000000,0.000000,1.000000,0.873606,0,0.000050,0.000288,0.965955,10.172470,1.525871,0.156250,0.000000,0.000000
453,10.069266,0.000000,1.007287,0.000000,0.000000,1.000000,0.885654,0,0.000050,0.000300,0.832067,10.069178,1.510377,0.156250,0.000000,0.000000
454,9.981431,0.000000,1.007174,0.000000,0.000000,1.000000,0.896497,0,0.000121,0.000302,0.712783,9.981346,1.497202,0.156250,0.000000,0.000000
455,10.200137,0.000000,1.009982,0.000000,0.000000,1.000000,0.908527,0,0.000050,0.000329,0.608238,10.200041,1.530006,0.156250,0.000000,0.000000
456,10.137303,0.000000,1.009271,0.000000,0.000000,1.000000,0.916961,0,0.000053,0.000321,0.517923,10.137212,1.520582,0.156250,0.000000,0.000000
457,10.102552,0.000000,1.011829,0.000000,0.000000,1.000000,0.925984,0,0.000056,0.000500,0.442960,10.102467,1.515370,0.156250,0.000000,0.000000
458,10.009054,0.000000,1.012309,0.000000,0.000000,1.000000,0.935006,0,0.000052,0.000306,0.371629,10.008971,1.501346,0.156250,0.000000,0.000000
459,9.973058,0.000000,1.014047,0.000000,0.000000,1.000000,0.941030,0,0.000046,0.000355,0.314142,9.972971,1.495946,0.156250,0.000000,0.000000
460,9.881970,0.000000,1.003953,0.000000,0.000000,1.000000,0.948549,0,0.000056,0.000346,0.264595,9.881881,1.482282,0.156250,0.000000,0.000000
461,9.855276,0.000000,1.013374,0.000000,0.000000,1.000000,0.960549,0,0.000057,0.000359,0.226057,9.855189,1.478278,0.156250,0.000000,0.000000
462,10.162982,0.000000,1.015535,0.000000,0.000000,1.000000,0.965368,0,0.000049,0.000325,0.183491,10.162895,1.524434,0.156250,0.000000,0.000000
463,10.081347,0.000000,1.006638,0.000000,0.000000,1.000000,0.970188,0,0.000035,0.000335,0.149320,9.978253,1.496738,0.156250,0.000000,0.000000
464,10.110267,0.000000,1.013089,0.000000,0.000000,1.000000,0.970188,0,0.000056,0.000467,0.119923,9.980168,1.497025,0.156250,0.000000,0.000000
465,10.470172,0.000000,0.986957,0.000000,0.000000,1.000000,0.973802,0,0.000052,0.000302,0.099143,10.340078,1.551012,0.156250,0.000000,0.000000
466,10.289139,0.000000,1.015082,0.000000,0.000000,1.000000,0.973802,0,0.000055,0.000423,0.139800,10.159037,1.523856,0.156250,0.000000,0.000000
467,10.511611,0.000000,1.000000,0.000000,0.000000,1.000000,0.978313,0,0.000053,0.000395,0.096938,10.118513,1.517777,0.156250,0.000000,0.000000
468,10.414210,0.000000,1.000000,0.000000,0.000000,1.000000,0.978313,0,0.000053,0.000324,0.096938,10.021106,1.503166,0.156250,0.000000,0.000000
469,10.370342,0.000000,1.000000,0.000000,0.000000,1.000000,0.978313,0,0.000053,0.000324,0.096938,9.977231,1.496585,0.156250,0.000000,0.000000
470,10.311103,0.000000,1.000000,0.000000,0.000000,1.000000,0.978313,0,0.000053,0.000408,0.096938,9.918000,1.487700,0.156250,0.000000,0.000000
471,10.250435,0.000000,1.008810,0.000000,0.000000,1.000000,0.978313,0,0.000051,0.000391,0.096938,9.857330,1.478599,0.156250,0.000000,0.000000
472,10.569355,0.000000,1.006828,0.000000,0.000000,1.000000,0.978313,0,0.000119,0.000285,0.082905,10.176251,1.526438,0.156250,0.000000,0.000000
473,10.178502,0.000000,1.008454,0.000000,0.000000,1.000000,0.978313,0,0.000055,0.000457,0.078230,10.030388,1.504558,0.156250,0.000000,0.000000
474,10.143561,0.000000,0.985931,0.000000,0.000000,1.000000,0.975283,0,0.000053,0.000283,0.074535,9.995463,1.499319,0.156250,0.000000,0.000000
475,10.686799,0.000000,1.007164,0.000000,0.000000,1.000000,0.975306,0,0.000053,0.000544,0.107083,10.300698,1.545105,0.156250,0.000000,0.000000
476,10.379286,0.000000,1.005866,0.000000,0.000000,1.000000,0.975306,0,0.000049,0.000391,0.091559,10.100157,1.515024,0.156250,0.000000,0.000000
477,10.335054,0.000000,1.008811,0.000000,0.000000,1.000000,0.978313,0,0.000053,0.000451,0.074700,10.083953,1.512593,0.156250,0.000000,0.000000
478,10.140555,0.000000,0.993275,0.000000,0.000000,1.000000,0.975283,0,0.000054,0.000315,0.076478,9.992449,1.498867,0.156250,0.000000,0.000000
479,10.123516,0.000000,1.007082,0.000000,0.000000,1.000000,0.976313,0,0.000055,0.000475,0.091123,9.975423,1.496314,0.156250,0.000000,0.000000
480,10.128882,0.000000,0.998597,0.000000,0.000000,1.000000,0.842606,0,0.000055,0.000362,1.275351,10.003782,1.500567,0.156250,0.000000,0.000000
481,9.995550,0.000000,1.000616,0.000000,0.000000,1.000000,0.857064,0,0.000051,0.000305,1.113348,9.882457,1.482369,0.156250,0.000000,0.000000
482,10.280710,0.000000,1.004498,0.000000,0.000000,1.000000,0.873606,0,0.000054,0.000280,0.965955,10.178610,1.526792,0.156250,0.000000,0.000000
483,10.043565,0.000000,1.007287,0.000000,0.000000,1.000000,0.885654,0,0.000050,0.000309,0.832067,10.043469,1.506520,0.156250,0.000000,0.000000
484,10.059396,0.000000,1.007174,0.000000,0.000000,1.000000,0.896497,0,0.000041,0.000437,0.712783,10.059306,1.508896,0.156250,0.000000,0.000000
485,10.219152,0.000000,1.009982,0.000000,0.000000,1.000000,0.908527,0,0.000052,0.000537,0.608238,10.219061,1.532859,0.156250,0.000000,0.000000
486,10.247126,0.000000,1.009271,0.000000,0.000000,1.000000,0.916961,0,0.000054,0.000446,0.517923,10.247018,1.537053,0.156250,0.000000,0.000000
487,10.362837,0.000000,1.011829,0.000000,0.000000,1.000000,0.925984,0,0.000056,0.000345,0.442960,10.362716,1.554407,0.156250,0.000000,0.000000
488,10.226869,0.000000,1.012309,0.000000,0.000000,1.000000,0.935006,0,0.000060,0.000361,0.371629,10.226771,1.534016,0.156250,0.000000,0.000000
489,10.141338,0.000000,1.014047,0.000000,0.000000,1.000000,0.941030,0,0.000051,0.000397,0.314142,10.141247,1.521187,0.156250,0.000000,0.000000
490,10.047655,0.000000,1.003953,0.000000,0.000000,1.000000,0.948549,0,0.000060,0.000404,0.264595,10.047560,1.507134,0.156250,0.000000,0.000000
491,9.970333,0.000000,1.013374,0.000000,0.000000,1.000000,0.960549,0,0.000056,0.000702,0.226057,9.970240,1.495536,0.156250,0.000000,0.000000
492,10.241869,0.000000,1.015535,0.000000,0.000000,1.000000,0.965368,0,0.000055,0.000412,0.183491,10.241778,1.536267,0.156250,0.000000,0.000000
493,10.239522,0.000000,1.006638,0.000000,0.000000,1.000000,0.970188,0,0.000131,0.000771,0.149320,10.136429,1.520464,0.156250,0.000000,0.000000
494,10.220664,0.000000,1.013089,0.000000,0.000000,1.000000,0.970188,0,0.000054,0.000365,0.119923,10.090566,1.513585,0.156250,0.000000,0.000000
495,10.587898,0.000000,0.986957,0.000000,0.000000,1.000000,0.973802,0,0.000056,0.000447,0.099143,10.457801,1.568670,0.156250,0.000000,0.000000
496,10.524300,0.000000,1.015082,0.000000,0.000000,1.000000,0.973802,0,0.000040,0.000748,0.139800,10.394195,1.559129,0.156250,0.000000,0.000000
497,10.893053,0.000000,1.000000,0.000000,0.000000,1.000000,0.978313,0,0.000080,0.000502,0.096938,10.499934,1.574990,0.156250,0.000000,0.000000
498,10.735146,0.000000,1.000000,0.000000,0.000000,1.000000,0.978313,0,0.000053,0.000616,0.096938,10.342042,1.551306,0.156250,0.000000,0.000000
499,10.757017,0.000000,1.000000,0.000000,0.000000,1.000000,0.978313,0,0.000053,0.000591,0.096938,10.363913,1.554587,0.156250,0.000000,0.000000
500,10.552025,0.000000,1.000000,0.000000,0.000000,1.000000,0.978313,0,0.000130,0.000646,0.096938,10.158931,1.523840,0.156250,0.000000,0.000000
501,10.474280,0.000000,1.008810,0.000000,0.000000,1.000000,0.978313,0,0.000055,0.000658,0.096938,10.081159,1.512174,0.156250,0.000000,0.000000
502,10.766115,0.000000,1.006828,0.000000,0.000000,1.000000,0.978313,0,0.000054,0.000352,0.082905,10.373023,1.555953,0.156250,0.000000,0.000000
503,10.406534,0.000000,1.008454,0.000000,0.000000,1.000000,0.978313,0,0.000142,0.000470,0.078230,10.258419,1.538763,0.156250,0.000000,0.000000
504,10.225181,0.000000,0.985931,0.000000,0.000000,1.000000,0.975283,0,0.000122,0.000408,0.074535,10.077063,1.511560,0.156250,0.000000,0.000000
505,10.719369,0.000000,1.007164,0.000000,0.000000,1.000000,0.975306,0,0.000050,0.000452,0.107083,10.333258,1.549989,0.156250,0.000000,0.000000
506,10.443569,0.000000,1.005866,0.000000,0.000000,1.000000,0.975306,0,0.000053,0.000305,0.091559,10.164464,1.524670,0.156250,0.000000,0.000000
507,10.519528,0.000000,1.008811,0.000000,0.000000,1.000000,0.978313,0,0.000051,0.000398,0.074700,10.268420,1.540263,0.156250,0.000000,0.000000
508,10.312391,0.000000,0.993275,0.000000,0.000000,1.000000,0.975283,0,0.000055,0.000400,0.076478,10.164277,1.524642,0.156250,0.000000,0.000000
509,10.256986,0.000000,1.007082,0.000000,0.000000,1.000000,0.976313,0,0.000055,0.000498,0.091123,10.108894,1.516334,0.156250,0.000000,0.000000
510,10.180968,0.000000,0.998597,0.000000,0.000000,1.000000,0.842606,0,0.000056,0.000408,1.275351,10.055868,1.508380,0.156250,0.000000,0.000000
511,10.105539,0.000000,1.000616,0.000000,0.000000,1.000000,0.857064,0,0.000054,0.000543,1.113348,9.992443,1.498866,0.156250,0.000000,0.000000
512,10.429212,0.000000,1.004498,0.000000,0.000000,1.000000,0.873606,0,0.000061,0.000618,0.965955,10.327109,1.549066,0.156250,0.000000,0.000000
513,10.126430,0.000000,1.007287,0.000000,0.000000,1.000000,0.885654,0,0.000054,0.000611,0.832067,10.126309,1.518946,0.156250,0.000000,0.000000
514,9.994158,0.000000,1.007174,0.000000,0.000000,1.000000,0.896497,0,0.000050,0.000326,0.712783,9.994052,1.499108,0.156250,0.000000,0.000000
515,10.276199,0.000000,1.009982,0.000000,0.000000,1.000000,0.908527,0,0.000048,0.000365,0.608238,10.276099,1.541415,0.156250,0.000000,0.000000
516,10.181607,0.000000,1.009271,0.000000,0.000000,1.000000,0.916961,0,0.000054,0.000385,0.517923,10.181481,1.527222,0.156250,0.000000,0.000000
517,10.186157,0.000000,1.011829,0.000000,0.000000,1.000000,0.925984,0,0.000050,0.000383,0.442960,10.186059,1.527909,0.156250,0.000000,0.000000
518,10.153853,0.000000,1.012309,0.000000,0.000000,1.000000,0.935006,0,0.000051,0.000474,0.371629,10.153761,1.523064,0.156250,0.000000,0.000000
519,10.373579,0.000000,1.014047,0.000000,0.000000,1.000000,0.941030,0,0.000040,0.000487,0.314142,10.373489,1.556023,0.156250,0.000000,0.000000
520,10.155739,0.000000,1.003953,0.000000,0.000000,1.000000,0.948549,0,0.000058,0.000344,0.264595,10.155641,1.523346,0.156250,0.000000,0.000000
521,10.245485,0.000000,1.013374,0.000000,0.000000,1.000000,0.960549,0,0.000052,0.000325,0.226057,10.245394,1.536809,0.156250,0.000000,0.000000
522,10.407305,0.000000,1.015535,0.000000,0.000000,1.000000,0.965368,0,0.000132,0.000525,0.183491,10.407211,1.561082,0.156250,0.000000,0.000000
523,10.420892,0.000000,1.006638,0.000000,0.000000,1.000000,0.970188,0,0.000051,0.000408,0.149320,10.317797,1.547670,0.156250,0.000000,0.000000
524,10.386386,0.000000,1.013089,0.000000,0.000000,1.000000,0.970188,0,0.000056,0.000421,0.119923,10.256288,1.538443,0.156250,0.000000,0.000000
525,10.535594,0.000000,0.986957,0.000000,0.000000,1.000000,0.973802,0,0.000056,0.000619,0.099143,10.405490,1.560823,0.156250,0.000000,0.000000
526,10.384039,0.000000,1.015082,0.000000,0.000000,1.000000,0.973802,0,0.000055,0.000791,0.139800,10.253934,1.538090,0.156250,0.000000,0.000000
527,10.817792,0.000000,1.000000,0.000000,0.000000,1.000000,0.978313,0,0.000056,0.000467,0.096938,10.424689,1.563703,0.156250,0.000000,0.000000
528,10.451995,0.000000,1.000000,0.000000,0.000000,1.000000,0.978313,0,0.000052,0.000454,0.096938,10.058889,1.508833,0.156250,0.000000,0.000000
529,10.479060,0.000000,1.000000,0.000000,0.000000,1.000000,0.978313,0,0.000054,0.000561,0.096938,10.085948,1.512892,0.156250,0.000000,0.000000
530,10.423823,0.000000,1.000000,0.000000,0.000000,1.000000,0.978313,0,0.000053,0.000313,0.096938,10.030714,1.504607,0.156250,0.000000,0.000000
531,10.356606,0.000000,1.008810,0.000000,0.000000,1.000000,0.978313,0,0.000053,0.000453,0.096938,9.963474,1.494521,0.156250,0.000000,0.000000
532,10.621086,0.000000,1.006828,0.000000,0.000000,1.000000,0.978313,0,0.000055,0.000339,0.082905,10.227974,1.534196,0.156250,0.000000,0.000000
533,10.243776,0.000000,1.008454,0.000000,0.000000,1.000000,0.978313,0,0.000055,0.000394,0.078230,10.095645,1.514347,0.156250,0.000000,0.000000
534,10.120778,0.000000,0.985931,0.000000,0.000000,1.000000,0.975283,0,0.000057,0.000411,0.074535,9.972680,1.495902,0.156250,0.000000,0.000000
535,10.698571,0.000000,1.007164,0.000000,0.000000,1.000000,0.975306,0,0.000052,0.000366,0.107083,10.312469,1.546870,0.156250,0.000000,0.000000
536,10.448557,0.000000,1.005866,0.000000,0.000000,1.000000,0.975306,0,0.000062,0.000409,0.091559,10.169461,1.525419,0.156250,0.000000,0.000000
537,10.548441,0.000000,1.008811,0.000000,0.000000,1.000000,0.978313,0,0.000130,0.000395,0.074700,10.297341,1.544601,0.156250,0.000000,0.000000
538,10.310658,0.000000,0.993275,0.000000,0.000000,1.000000,0.975283,0,0.000054,0.000685,0.076478,10.162552,1.524383,0.156250,0.000000,0.000000
539,10.258311,0.000000,1.007082,0.000000,0.000000,1.000000,0.976313,0,0.000058,0.000700,0.091123,10.110209,1.516531,0.156250,0.000000,0.000000
540,10.228654,0.000000,0.998597,0.000000,0.000000,1.000000,0.842606,0,0.000055,0.000486,1.275351,10.103557,1.515533,0.156250,0.000000,0.000000
541,10.169229,0.000000,1.000616,0.000000,0.000000,1.000000,0.857064,0,0.000053,0.000397,1.113348,10.056131,1.508420,0.156250,0.000000,0.000000
542,10.499143,0.000000,1.004498,0.000000,0.000000,1.000000,0.873606,0,0.000053,0.000369,0.965955,10.397047,1.559557,0.156250,0.000000,0.000000
543,10.204418,0.000000,1.007287,0.000000,0.000000,1.000000,0.885654,0,0.000054,0.000480,0.832067,10.204324,1.530649,0.156250,0.000000,0.000000
544,10.189040,0.000000,1.007174,0.000000,0.000000,1.000000,0.896497,0,0.000053,0.000372,0.712783,10.188952,1.528343,0.156250,0.000000,0.000000
545,10.461261,0.000000,1.009982,0.000000,0.000000,1.000000,0.908527,0,0.000057,0.000368,0.608238,10.461166,1.569175,0.156250,0.000000,0.000000
546,10.329668,0.000000,1.009271,0.000000,0.000000,1.000000,0.916961,0,0.000056,0.000323,0.517923,10.329581,1.549437,0.156250,0.000000,0.000000
547,10.386737,0.000000,1.011829,0.000000,0.000000,1.000000,0.925984,0,0.000055,0.000276,0.442960,10.386644,1.557997,0.156250,0.000000,0.000000
548,10.246692,0.000000,1.012309,0.000000,0.000000,1.000000,0.935006,0,0.000055,0.000343,0.371629,10.246598,1.536990,0.156250,0.000000,0.000000
549,10.049444,0.000000,1.014047,0.000000,0.000000,1.000000,0.941030,0,0.000054,0.000459,0.314142,10.049353,1.507403,0.156250,0.000000,0.000000
550,10.168367,0.000000,1.003953,0.000000,0.000000,1.000000,0.948549,0,0.000056,0.000296,0.264595,10.168276,1.525241,0.156250,0.000000,0.000000
551,9.895006,0.000000,1.013374,0.000000,0.000000,1.000000,0.960549,0,0.000123,0.000344,0.226057,9.894904,1.484236,0.156250,0.000000,0.000000
552,10.308773,0.000000,1.015535,0.000000,0.000000,1.000000,0.965368,0,0.000061,0.000555,0.183491,10.308677,1.546302,0.156250,0.000000,0.000000
553,10.179343,0.000000,1.006638,0.000000,0.000000,1.000000,0.970188,0,0.000055,0.000521,0.149320,10.076242,1.511436,0.156250,0.000000,0.000000
554,10.100366,0.000000,1.013089,0.000000,0.000000,1.000000,0.970188,0,0.000047,0.000537,0.119923,9.970267,1.495540,0.156250,0.000000,0.000000
555,10.438265,0.000000,0.986957,0.000000,0.000000,1.000000,0.973802,0,0.000051,0.000284,0.099143,10.308170,1.546226,0.156250,0.000000,0.000000
556,10.199646,0.000000,1.015082,0.000000,0.000000,1.000000,0.973802,0,0.000054,0.000378,0.139800,10.069550,1.510433,0.156250,0.000000,0.000000
557,10.589522,0.000000,1.000000,0.000000,0.000000,1.000000,0.978313,0,0.000125,0.000387,0.096938,10.196426,1.529464,0.156250,0.000000,0.000000
558,10.462820,0.000000,1.000000,0.000000,0.000000,1.000000,0.978313,0,0.000132,0.000356,0.096938,10.069726,1.510459,0.156250,0.000000,0.000000
559,10.390330,0.000000,1.000000,0.000000,0.000000,1.000000,0.978313,0,0.000052,0.000465,0.096938,9.997222,1.499583,0.156250,0.000000,0.000000
560,10.330707,0.000000,1.000000,0.000000,0.000000,1.000000,0.978313,0,0.000056,0.000385,0.096938,9.937601,1.490640,0.156250,0.000000,0.000000
561,10.406089,0.000000,1.008810,0.000000,0.000000,1.000000,0.978313,0,0.000051,0.000347,0.096938,10.012982,1.501947,0.156250,0.000000,0.000000
562,10.579369,0.000000,1.006828,0.000000,0.000000,1.000000,0.978313,0,0.000055,0.000336,0.082905,10.186266,1.527940,0.156250,0.000000,0.000000
563,10.223097,0.000000,1.008454,0.000000,0.000000,1.000000,0.978313,0,0.000053,0.000376,0.078230,10.074994,1.511249,0.156250,0.000000,0.000000
564,10.067631,0.000000,0.985931,0.000000,0.000000,1.000000,0.975283,0,0.000051,0.000365,0.074535,9.919534,1.487930,0.156250,0.000000,0.000000
565,10.673427,0.000000,1.007164,0.000000,0.000000,1.000000,0.975306,0,0.000055,0.000439,0.107083,10.287329,1.543099,0.156250,0.000000,0.000000
566,10.442510,0.000000,1.005866,0.000000,0.000000,1.000000,0.975306,0,0.000058,0.000674,0.091559,10.163390,1.524508,0.156250,0.000000,0.000000
567,10.472430,0.000000,1.008811,0.000000,0.000000,1.000000,0.978313,0,0.000049,0.000262,0.074700,10.221323,1.533198,0.156250,0.000000,0.000000
568,10.276353,0.000000,0.993275,0.000000,0.000000,1.000000,0.975283,0,0.000060,0.000641,0.076478,10.128258,1.519239,0.156250,0.000000,0.000000
569,10.313090,0.000000,1.007082,0.000000,0.000000,1.000000,0.976313,0,0.000054,0.000567,0.091123,10.164994,1.524749,0.156250,0.000000,0.000000
570,10.130650,0.000000,0.998597,0.000000,0.000000,1.000000,0.842606,0,0.000057,0.000389,1.275351,10.005554,1.500833,0.156250,0.000000,0.000000
571,10.089606,0.000000,1.000616,0.000000,0.000000,1.000000,0.857064,0,0.000055,0.000435,1.113348,9.976510,1.496477,0.156250,0.000000,0.000000
572,10.298169,0.000000,1.004498,0.000000,0.000000,1.000000,0.873606,0,0.000057,0.000272,0.965955,10.196081,1.529412,0.156250,0.000000,0.000000
573,10.001193,0.000000,1.007287,0.000000,0.000000,1.000000,0.885654,0,0.000057,0.000381,0.832067,10.001103,1.500165,0.156250,0.000000,0.000000
574,10.005235,0.000000,1.007174,0.000000,0.000000,1.000000,0.896497,0,0.000058,0.000321,0.712783,10.005138,1.500771,0.156250,0.000000,0.000000
575,10.200433,0.000000,1.009982,0.000000,0.000000,1.000000,0.908527,0,0.000055,0.000336,0.608238,10.200345,1.530052,0.156250,0.000000,0.000000
576,10.095083,0.000000,1.009271,0.000000,0.000000,1.000000,0.916961,0,0.000054,0.000376,0.517923,10.094988,1.514248,0.156250,0.000000,0.000000
577,10.155575,0.000000,1.011829,0.000000,0.000000,1.000000,0.925984,0,0.000055,0.000380,0.442960,10.155467,1.523320,0.156250,0.000000,0.000000
578,10.091062,0.000000,1.012309,0.000000,0.000000,1.000000,0.935006,0,0.000055,0.000435,0.371629,10.090975,1.513646,0.156250,0.000000,0.000000
579,10.133639,0.000000,1.014047,0.000000,0.000000,1.000000,0.941030,0,0.000052,0.000485,0.314142,10.133541,1.520031,0.156250,0.000000,0.000000
580,9.916768,0.000000,1.003953,0.000000,0.000000,1.000000,0.948549,0,0.000053,0.000289,0.264595,9.916680,1.487502,0.156250,0.000000,0.000000
581,9.867149,0.000000,1.013374,0.000000,0.000000,1.000000,0.960549,0,0.000054,0.000405,0.226057,9.867041,1.480056,0.156250,0.000000,0.000000
582,10.143375,0.000000,1.015535,0.000000,0.000000,1.000000,0.965368,0,0.000051,0.000602,0.183491,10.143270,1.521491,0.156250,0.000000,0.000000
583,10.214211,0.000000,1.006638,0.000000,0.000000,1.000000,0.970188,0,0.000053,0.000413,0.149320,10.111118,1.516668,0.156250,0.000000,0.000000
584,10.105815,0.000000,1.013089,0.000000,0.000000,1.000000,0.970188,0,0.000054,0.000441,0.119923,9.975714,1.496357,0.156250,0.000000,0.000000
585,10.374410,0.000000,0.986957,0.000000,0.000000,1.000000,0.973802,0,0.000053,0.000442,0.099143,10.244313,1.536647,0.156250,0.000000,0.000000
586,10.201547,0.000000,1.015082,0.000000,0.000000,1.000000,0.973802,0,0.000053,0.000400,0.139800,10.071454,1.510718,0.156250,0.000000,0.000000
587,10.528970,0.000000,1.000000,0.000000,0.000000,1.000000,0.978313,0,0.000054,0.000325,0.096938,10.135875,1.520381,0.156250,0.000000,0.000000
588,10.448149,0.000000,1.000000,0.000000,0.000000,1.000000,0.978313,0,0.000053,0.000404,0.096938,10.055045,1.508257,0.156250,0.000000,0.000000
589,10.443911,0.000000,1.000000,0.000000,0.000000,1.000000,0.978313,0,0.000053,0.000317,0.096938,10.050800,1.507620,0.156250,0.000000,0.000000
590,10.325397,0.000000,1.000000,0.000000,0.000000,1.000000,0.978313,0,0.000054,0.000440,0.096938,9.932292,1.489844,0.156250,0.000000,0.000000
591,10.302376,0.000000,1.008810,0.000000,0.000000,1.000000,0.978313,0,0.000055,0.000381,0.096938,9.909260,1.486389,0.156250,0.000000,0.000000
592,10.655350,0.000000,1.006828,0.000000,0.000000,1.000000,0.978313,0,0.000055,0.000413,0.082905,10.262238,1.539336,0.156250,0.000000,0.000000
593,10.182839,0.000000,1.008454,0.000000,0.000000,1.000000,0.978313,0,0.000054,0.000357,0.078230,10.034727,1.505209,0.156250,0.000000,0.000000
594,10.221177,0.000000,0.985931,0.000000,0.000000,1.000000,0.975283,0,0.000056,0.000386,0.074535,10.073077,1.510962,0.156250,0.000000,0.000000
595,10.733457,0.000000,1.007164,0.000000,0.000000,1.000000,0.975306,0,0.000056,0.000421,0.107083,10.347346,1.552102,0.156250,0.000000,0.000000
596,10.601333,0.000000,1.005866,0.000000,0.000000,1.000000,0.975306,0,0.000053,0.000353,0.091559,10.322242,1.548336,0.156250,0.000000,0.000000
597,10.573456,0.000000,1.008811,0.000000,0.000000,1.000000,0.978313,0,0.000054,0.000599,0.074700,10.322364,1.548355,0.156250,0.000000,0.000000
598,10.436985,0.000000,0.993275,0.000000,0.000000,1.000000,0.975283,0,0.000053,0.000450,0.076478,10.288888,1.543333,0.156250,0.000000,0.000000
599,10.248829,0.000000,1.007082,0.000000,0.000000,1.000000,0.976313,0,0.000057,0.000718,0.091123,10.100739,1.515111,0.156250,0.000000,0.000000
600,10.047366,0.000000,0.998597,0.000000,0.000000,1.000000,0.842606,0,0.000037,0.000566,1.275351,9.922271,1.488341,0.156250,0.000000,0.000000
601,9.992258,0.000000,1.000616,0.000000,0.000000,1.000000,0.857064,0,0.000056,0.000495,1.113348,9.879166,1.481875,0.156250,0.000000,0.000000
602,10.371200,0.000000,1.004498,0.000000,0.000000,1.000000,0.873606,0,0.000054,0.000445,0.965955,10.269113,1.540367,0.156250,0.000000,0.000000
603,10.097411,0.000000,1.007287,0.000000,0.000000,1.000000,0.885654,0,0.000053,0.000479,0.832067,10.097318,1.514598,0.156250,0.000000,0.000000
604,10.013093,0.000000,1.007174,0.000000,0.000000,1.000000,0.896497,0,0.000056,0.000453,0.712783,10.013004,1.501951,0.156250,0.000000,0.000000
605,10.362408,0.000000,1.009982,0.000000,0.000000,1.000000,0.908527,0,0.000248,0.000450,0.608238,10.362324,1.554349,0.156250,0.000000,0.000000
606,10.144282,0.000000,1.009271,0.000000,0.000000,1.000000,0.916961,0,0.000056,0.000481,0.517923,10.144193,1.521629,0.156250,0.000000,0.000000
607,10.149907,0.000000,1.011829,0.000000,0.000000,1.000000,0.925984,0,0.000052,0.000287,0.442960,10.149812,1.522472,0.156250,0.000000,0.000000
608,10.034296,0.000000,1.012309,0.000000,0.000000,1.000000,0.935006,0,0.000055,0.000315,0.371629,10.034205,1.505131,0.156250,0.000000,0.000000
609,10.001714,0.000000,1.014047,0.000000,0.000000,1.000000,0.941030,0,0.000038,0.000362,0.314142,10.001624,1.500244,0.156250,0.000000,0.000000
610,9.871961,0.000000,1.003953,0.000000,0.000000,1.000000,0.948549,0,0.000060,0.000387,0.264595,9.871866,1.480780,0.156250,0.000000,0.000000
611,9.971666,0.000000,1.013374,0.000000,0.000000,1.000000,0.960549,0,0.000051,0.000336,0.226057,9.971579,1.495737,0.156250,0.000000,0.000000
612,10.252837,0.000000,1.015535,0.000000,0.000000,1.000000,0.965368,0,0.000054,0.000387,0.183491,10.252749,1.537912,0.156250,0.000000,0.000000
613,10.160021,0.000000,1.006638,0.000000,0.000000,1.000000,0.970188,0,0.000051,0.000394,0.149320,10.056930,1.508540,0.156250,0.000000,0.000000
614,10.086760,0.000000,1.013089,0.000000,0.000000,1.000000,0.970188,0,0.000036,0.000398,0.119923,9.956660,1.493499,0.156250,0.000000,0.000000
615,10.395515,0.000000,0.986957,0.000000,0.000000,1.000000,0.973802,0,0.000038,0.000321,0.099143,10.265419,1.539813,0.156250,0.000000,0.000000
616,10.266325,0.000000,1.015082,0.000000,0.000000,1.000000,0.973802,0,0.000057,0.000441,0.139800,10.136236,1.520435,0.156250,0.000000,0.000000
617,10.494597,0.000000,1.000000,0.000000,0.000000,1.000000,0.978313,0,0.000053,0.000620,0.096938,10.101500,1.515225,0.156250,0.000000,0.000000
618,10.409264,0.000000,1.000000,0.000000,0.000000,1.000000,0.978313,0,0.000047,0.000451,0.096938,10.016152,1.502423,0.156250,0.000000,0.000000
619,10.494355,0.000000,1.000000,0.000000,0.000000,1.000000,0.978313,0,0.000049,0.000445,0.096938,10.101249,1.515187,0.156250,0.000000,0.000000
620,10.375695,0.000000,1.000000,0.000000,0.000000,1.000000,0.978313,0,0.000049,0.000698,0.096938,9.982587,1.497388,0.156250,0.000000,0.000000
621,10.287875,0.000000,1.008810,0.000000,0.000000,1.000000,0.978313,0,0.000045,0.000357,0.096938,9.894766,1.484215,0.156250,0.000000,0.000000
622,10.597682,0.000000,1.006828,0.000000,0.000000,1.000000,0.978313,0,0.000051,0.000406,0.082905,10.204572,1.530686,0.156250,0.000000,0.000000
623,10.170435,0.000000,1.008454,0.000000,0.000000,1.000000,0.978313,0,0.000051,0.000632,0.078230,10.022338,1.503351,0.156250,0.000000,0.000000
624,10.100463,0.000000,0.985931,0.000000,0.000000,1.000000,0.975283,0,0.000049,0.000428,0.074535,9.952361,1.492854,0.156250,0.000000,0.000000
625,10.646555,0.000000,1.007164,0.000000,0.000000,1.000000,0.975306,0,0.000051,0.000350,0.107083,10.260447,1.539067,0.156250,0.000000,0.000000
626,10.377903,0.000000,1.005866,0.000000,0.000000,1.000000,0.975306,0,0.000055,0.000355,0.091559,10.098817,1.514823,0.156250,0.000000,0.000000
627,10.384745,0.000000,1.008811,0.000000,0.000000,1.000000,0.978313,0,0.000057,0.000374,0.074700,10.133643,1.520047,0.156250,0.000000,0.000000
628,10.220695,0.000000,0.993275,0.000000,0.000000,1.000000,0.975283,0,0.000052,0.000288,0.076478,10.072599,1.510890,0.156250,0.000000,0.000000
629,10.144895,0.000000,1.007082,0.000000,0.000000,1.000000,0.976313,0,0.000124,0.000457,0.091123,9.996807,1.499521,0.156250,0.000000,0.000000
630,10.011226,0.000000,0.998597,0.000000,0.000000,1.000000,0.842606,0,0.000054,0.000465,1.275351,9.886113,1.482917,0.156250,0.000000,0.000000
631,9.936619,0.000000,1.000616,0.000000,0.000000,1.000000,0.857064,0,0.000127,0.000413,1.113348,9.823527,1.473529,0.156250,0.000000,0.000000
632,10.384747,0.000000,1.004498,0.000000,0.000000,1.000000,0.873606,0,0.000055,0.000376,0.965955,10.282654,1.542398,0.156250,0.000000,0.000000
633,10.098718,0.000000,1.007287,0.000000,0.000000,1.000000,0.885654,0,0.000126,0.000572,0.832067,10.098629,1.514794,0.156250,0.000000,0.000000
634,9.930986,0.000000,1.007174,0.000000,0.000000,1.000000,0.896497,0,0.000056,0.000367,0.712783,9.930883,1.489632,0.156250,0.000000,0.000000
635,10.243510,0.000000,1.008922,0.000000,0.000000,1.000000,0.908527,0,0.000052,0.000365,0.608238,10.243413,1.536512,0.156250,0.000000,0.000000
636,10.094827,0.000000,1.010195,0.000000,0.000000,1.000000,0.919054,0,0.000054,0.000457,0.519053,10.094721,1.514208,0.156250,0.000000,0.000000
637,10.130843,0.000000,1.012669,0.000000,0.000000,1.000000,0.926282,0,0.000125,0.000275,0.443176,10.130757,1.519614,0.156250,0.000000,0.000000
638,10.007098,0.000000,1.011608,0.000000,0.000000,1.000000,0.933511,0,0.000126,0.000471,0.370175,10.007001,1.501050,0.156250,0.000000,0.000000
639,9.994357,0.000000,1.014047,0.000000,0.000000,1.000000,0.941030,0,0.000055,0.000429,0.314142,9.994268,1.499140,0.156250,0.000000,0.000000
640,9.901751,0.000000,1.003953,0.000000,0.000000,1.000000,0.948549,0,0.000055,0.000510,0.264595,9.901629,1.485244,0.156250,0.000000,0.000000
641,9.887097,0.000000,1.013374,0.000000,0.000000,1.000000,0.960549,0,0.000055,0.000488,0.226057,9.887012,1.483052,0.156250,0.000000,0.000000
642,10.203975,0.000000,1.015535,0.000000,0.000000,1.000000,0.965368,0,0.000055,0.000385,0.183491,10.203887,1.530583,0.156250,0.000000,0.000000
643,10.150590,0.000000,1.006638,0.000000,0.000000,1.000000,0.970188,0,0.000056,0.000408,0.149320,10.047497,1.507125,0.156250,0.000000,0.000000
644,10.072349,0.000000,1.013089,0.000000,0.000000,1.000000,0.970188,0,0.000054,0.000453,0.119923,9.942247,1.491337,0.156250,0.000000,0.000000
645,10.355134,0.000000,0.986957,0.000000,0.000000,1.000000,0.973802,0,0.000052,0.000358,0.099143,10.225041,1.533756,0.156250,0.000000,0.000000
646,10.209399,0.000000,1.015082,0.000000,0.000000,1.000000,0.973802,0,0.000054,0.000502,0.139800,10.079300,1.511895,0.156250,0.000000,0.000000
647,10.513011,0.000000,1.000000,0.000000,0.000000,1.000000,0.978313,0,0.000055,0.000465,0.096938,10.119908,1.517986,0.156250,0.000000,0.000000
648,10.392252,0.000000,1.000000,0.000000,0.000000,1.000000,0.978313,0,0.000051,0.000293,0.096938,9.999147,1.499872,0.156250,0.000000,0.000000
649,10.418630,0.000000,1.000000,0.000000,0.000000,1.000000,0.978313,0,0.000050,0.000336,0.096938,10.025522,1.503828,0.156250,0.000000,0.000000
650,10.281496,0.000000,1.000000,0.000000,0.000000,1.000000,0.978313,0,0.000053,0.000407,0.096938,9.888393,1.483259,0.156250,0.000000,0.000000
651,10.255091,0.000000,1.008810,0.000000,0.000000,1.000000,0.978313,0,0.000055,0.000328,0.096938,9.861988,1.479298,0.156250,0.000000,0.000000
652,10.589008,0.000000,1.006828,0.000000,0.000000,1.000000,0.978313,0,0.000051,0.000397,0.082905,10.195901,1.529385,0.156250,0.000000,0.000000
653,10.206610,0.000000,1.008454,0.000000,0.000000,1.000000,0.978313,0,0.000052,0.000288,0.078230,10.058498,1.508775,0.156250,0.000000,0.000000
654,10.102351,0.000000,0.985931,0.000000,0.000000,1.000000,0.975283,0,0.000037,0.000368,0.074535,9.954243,1.493136,0.156250,0.000000,0.000000
655,10.667754,0.000000,1.007164,0.000000,0.000000,1.000000,0.975306,0,0.000049,0.000558,0.107083,10.281647,1.542247,0.156250,0.000000,0.000000
656,10.376646,0.000000,1.005866,0.000000,0.000000,1.000000,0.975306,0,0.000056,0.000513,0.091559,10.097539,1.514631,0.156250,0.000000,0.000000
657,10.387203,0.000000,1.008811,0.000000,0.000000,1.000000,0.978313,0,0.000053,0.000450,0.074700,10.136096,1.520414,0.156250,0.000000,0.000000
658,10.248672,0.000000,0.993275,0.000000,0.000000,1.000000,0.975283,0,0.000058,0.000319,0.076478,10.100580,1.515087,0.156250,0.000000,0.000000
659,10.220004,0.000000,1.007082,0.000000,0.000000,1.000000,0.976313,0,0.000051,0.000380,0.091123,10.071886,1.510783,0.156250,0.000000,0.000000
660,10.111611,0.000000,0.998597,0.000000,0.000000,1.000000,0.842606,0,0.000053,0.000327,1.275351,9.986510,1.497976,0.156250,0.000000,0.000000
661,10.009971,0.000000,1.000616,0.000000,0.000000,1.000000,0.857064,0,0.000053,0.000746,1.113348,9.896872,1.484531,0.156250,0.000000,0.000000
662,10.466089,0.000000,1.004498,0.000000,0.000000,1.000000,0.873606,0,0.000055,0.000305,0.965955,10.363993,1.554599,0.156250,0.000000,0.000000
663,10.138775,0.000000,1.007287,0.000000,0.000000,1.000000,0.885654,0,0.000137,0.000520,0.832067,10.138682,1.520802,0.156250,0.000000,0.000000
664,10.005247,0.000000,1.007174,0.000000,0.000000,1.000000,0.896497,0,0.000058,0.000430,0.712783,10.005154,1.500773,0.156250,0.000000,0.000000
665,10.258754,0.000000,1.008922,0.000000,0.000000,1.000000,0.908527,0,0.000055,0.000378,0.608238,10.258665,1.538800,0.156250,0.000000,0.000000
666,10.137298,0.000000,1.010195,0.000000,0.000000,1.000000,0.919054,0,0.000056,0.000402,0.519053,10.137204,1.520581,0.156250,0.000000,0.000000
667,10.160768,0.000000,1.012669,0.000000,0.000000,1.000000,0.926282,0,0.000057,0.000395,0.443176,10.160672,1.524101,0.156250,0.000000,0.000000
668,10.064243,0.000000,1.011608,0.000000,0.000000,1.000000,0.933511,0,0.000160,0.000363,0.370175,10.064153,1.509623,0.156250,0.000000,0.000000
669,10.016239,0.000000,1.014047,0.000000,0.000000,1.000000,0.941030,0,0.000053,0.000338,0.314142,10.016124,1.502419,0.156250,0.000000,0.000000
670,9.911873,0.000000,1.003953,0.000000,0.000000,1.000000,0.948549,0,0.000055,0.000510,0.264595,9.911776,1.486766,0.156250,0.000000,0.000000
671,9.887017,0.000000,1.013374,0.000000,0.000000,1.000000,0.960549,0,0.000053,0.000330,0.226057,9.886928,1.483039,0.156250,0.000000,0.000000
672,10.194766,0.000000,1.015535,0.000000,0.000000,1.000000,0.965368,0,0.000057,0.000337,0.183491,10.194675,1.529201,0.156250,0.000000,0.000000
673,10.189943,0.000000,1.006638,0.000000,0.000000,1.000000,0.970188,0,0.000055,0.000466,0.149320,10.086832,1.513025,0.156250,0.000000,0.000000
674,10.101546,0.000000,1.013089,0.000000,0.000000,1.000000,0.970188,0,0.000056,0.000467,0.119923,9.971450,1.495718,0.156250,0.000000,0.000000
675,10.458920,0.000000,0.986957,0.000000,0.000000,1.000000,0.973802,0,0.000051,0.000520,0.099143,10.328813,1.549322,0.156250,0.000000,0.000000
676,10.245207,0.000000,1.015082,0.000000,0.000000,1.000000,0.973802,0,0.000053,0.000400,0.139800,10.115106,1.517266,0.156250,0.000000,0.000000
677,10.589009,0.000000,1.000000,0.000000,0.000000,1.000000,0.978313,0,0.000049,0.000370,0.096938,10.195917,1.529388,0.156250,0.000000,0.000000
678,10.460640,0.000000,1.000000,0.000000,0.000000,1.000000,0.978313,0,0.000054,0.000384,0.096938,10.067529,1.510129,0.156250,0.000000,0.000000
679,10.476620,0.000000,1.000000,0.000000,0.000000,1.000000,0.978313,0,0.000047,0.000439,0.096938,10.083515,1.512527,0.156250,0.000000,0.000000
680,10.348134,0.000000,1.000000,0.000000,0.000000,1.000000,0.978313,0,0.000047,0.000316,0.096938,9.955022,1.493253,0.156250,0.000000,0.000000
681,10.436740,0.000000,1.008810,0.000000,0.000000,1.000000,0.978313,0,0.000056,0.000408,0.096938,10.043629,1.506544,0.156250,0.000000,0.000000
682,10.577038,0.000000,1.006828,0.000000,0.000000,1.000000,0.978313,0,0.000053,0.000273,0.082905,10.183934,1.527590,0.156250,0.000000,0.000000
683,10.214955,0.000000,1.008454,0.000000,0.000000,1.000000,0.978313,0,0.000053,0.000346,0.078230,10.066864,1.510030,0.156250,0.000000,0.000000
684,10.130994,0.000000,0.985931,0.000000,0.000000,1.000000,0.975283,0,0.000059,0.000448,0.074535,9.982881,1.497432,0.156250,0.000000,0.000000
685,10.625308,0.000000,1.007164,0.000000,0.000000,1.000000,0.975306,0,0.000050,0.000506,0.107083,10.239214,1.535882,0.156250,0.000000,0.000000
686,10.448646,0.000000,1.005866,0.000000,0.000000,1.000000,0.975306,0,0.000053,0.000632,0.091559,10.169542,1.525431,0.156250,0.000000,0.000000
687,10.353202,0.000000,1.008811,0.000000,0.000000,1.000000,0.978313,0,0.000052,0.000520,0.074700,10.102082,1.515312,0.156250,0.000000,0.000000
688,10.197744,0.000000,0.993275,0.000000,0.000000,1.000000,0.975283,0,0.000050,0.000383,0.076478,10.049646,1.507447,0.156250,0.000000,0.000000
689,10.229598,0.000000,1.007082,0.000000,0.000000,1.000000,0.976313,0,0.000055,0.000347,0.091123,10.081495,1.512224,0.156250,0.000000,0.000000
690,10.065390,0.000000,0.998597,0.000000,0.000000,1.000000,0.842606,0,0.000051,0.000475,1.275351,9.940291,1.491044,0.156250,0.000000,0.000000
691,10.016038,0.000000,1.000616,0.000000,0.000000,1.000000,0.857064,0,0.000054,0.000483,1.113348,9.902938,1.485441,0.156250,0.000000,0.000000
692,10.288349,0.000000,1.004498,0.000000,0.000000,1.000000,0.873606,0,0.000053,0.000365,0.965955,10.186249,1.527937,0.156250,0.000000,0.000000
693,10.030213,0.000000,1.007287,0.000000,0.000000,1.000000,0.885654,0,0.000052,0.000431,0.832067,10.030132,1.504520,0.156250,0.000000,0.000000
694,9.979122,0.000000,1.007174,0.000000,0.000000,1.000000,0.896497,0,0.000037,0.000399,0.712783,9.979032,1.496855,0.156250,0.000000,0.000000
695,10.277008,0.000000,1.009982,0.000000,0.000000,1.000000,0.908527,0,0.000055,0.000436,0.608238,10.276912,1.541537,0.156250,0.000000,0.000000
696,10.091798,0.000000,1.009271,0.000000,0.000000,1.000000,0.916961,0,0.000047,0.000381,0.517923,10.091691,1.513754,0.156250,0.000000,0.000000
697,10.212290,0.000000,1.011829,0.000000,0.000000,1.000000,0.925984,0,0.000054,0.000582,0.442960,10.212200,1.531830,0.156250,0.000000,0.000000
698,10.130341,0.000000,1.012309,0.000000,0.000000,1.000000,0.935006,0,0.000050,0.000472,0.371629,10.130244,1.519537,0.156250,0.000000,0.000000
699,10.092402,0.000000,1.014047,0.000000,0.000000,1.000000,0.941030,0,0.000049,0.000514,0.314142,10.092318,1.513848,0.156250,0.000000,0.000000
700,9.976613,0.000000,1.003953,0.000000,0.000000,1.000000,0.948549,0,0.000054,0.000592,0.264595,9.976506,1.496476,0.156250,0.000000,0.000000
701,9.924159,0.000000,1.013374,0.000000,0.000000,1.000000,0.960549,0,0.000051,0.000342,0.226057,9.924060,1.488609,0.156250,0.000000,0.000000
702,10.191845,0.000000,1.015535,0.000000,0.000000,1.000000,0.965368,0,0.000052,0.000398,0.183491,10.191755,1.528763,0.156250,0.000000,0.000000
703,10.246634,0.000000,1.006638,0.000000,0.000000,1.000000,0.970188,0,0.000051,0.000412,0.149320,10.143527,1.521529,0.156250,0.000000,0.000000
704,10.098273,0.000000,1.013089,0.000000,0.000000,1.000000,0.970188,0,0.000050,0.000337,0.119923,9.968161,1.495224,0.156250,0.000000,0.000000
705,10.368380,0.000000,0.986957,0.000000,0.000000,1.000000,0.973802,0,0.000048,0.000391,0.099143,10.238284,1.535743,0.156250,0.000000,0.000000
706,10.245948,0.000000,1.015082,0.000000,0.000000,1.000000,0.973802,0,0.000049,0.000491,0.139800,10.115854,1.517378,0.156250,0.000000,0.000000
707,10.636182,0.000000,1.000000,0.000000,0.000000,1.000000,0.978313,0,0.000052,0.000469,0.096938,10.243088,1.536463,0.156250,0.000000,0.000000
708,10.469367,0.000000,1.000000,0.000000,0.000000,1.000000,0.978313,0,0.000122,0.000381,0.096938,10.076271,1.511441,0.156250,0.000000,0.000000
709,10.526288,0.000000,1.000000,0.000000,0.000000,1.000000,0.978313,0,0.000145,0.000349,0.096938,10.133174,1.519976,0.156250,0.000000,0.000000
710,10.317524,0.000000,1.000000,0.000000,0.000000,1.000000,0.978313,0,0.000045,0.000613,0.096938,9.924422,1.488663,0.156250,0.000000,0.000000
711,10.321791,0.000000,1.008810,0.000000,0.000000,1.000000,0.978313,0,0.000052,0.000488,0.096938,9.928693,1.489304,0.156250,0.000000,0.000000
712,10.586789,0.000000,1.006828,0.000000,0.000000,1.000000,0.978313,0,0.000052,0.000443,0.082905,10.193674,1.529051,0.156250,0.000000,0.000000
713,10.234078,0.000000,1.008454,0.000000,0.000000,1.000000,0.978313,0,0.000045,0.000670,0.078230,10.085960,1.512894,0.156250,0.000000,0.000000
714,10.133922,0.000000,0.985931,0.000000,0.000000,1.000000,0.975283,0,0.000121,0.000426,0.074535,9.985812,1.497872,0.156250,0.000000,0.000000
715,10.678084,0.000000,1.007164,0.000000,0.000000,1.000000,0.975306,0,0.000050,0.000395,0.107083,10.291976,1.543796,0.156250,0.000000,0.000000
716,10.376211,0.000000,1.005866,0.000000,0.000000,1.000000,0.975306,0,0.000054,0.000387,0.091559,10.097112,1.514567,0.156250,0.000000,0.000000
717,10.489042,0.000000,1.008811,0.000000,0.000000,1.000000,0.978313,0,0.000053,0.000511,0.074700,10.237908,1.535686,0.156250,0.000000,0.000000
718,10.255695,0.000000,0.993275,0.000000,0.000000,1.000000,0.975283,0,0.000125,0.000372,0.076478,10.107599,1.516140,0.156250,0.000000,0.000000
719,10.402801,0.000000,1.007082,0.000000,0.000000,1.000000,0.976313,0,0.000052,0.000553,0.091123,10.254707,1.538206,0.156250,0.000000,0.000000
720,10.182140,0.000000,0.998597,0.000000,0.000000,1.000000,0.842606,0,0.000055,0.000351,1.275351,10.057045,1.508557,0.156250,0.000000,0.000000
721,10.157037,0.000000,1.000616,0.000000,0.000000,1.000000,0.857064,0,0.000050,0.000512,1.113348,10.043944,1.506592,0.156250,0.000000,0.000000
722,10.300359,0.000000,1.004498,0.000000,0.000000,1.000000,0.873606,0,0.000054,0.000494,0.965955,10.198266,1.529740,0.156250,0.000000,0.000000
723,10.184064,0.000000,1.007287,0.000000,0.000000,1.000000,0.885654,0,0.000035,0.000359,0.832067,10.183967,1.527595,0.156250,0.000000,0.000000
724,10.026695,0.000000,1.007174,0.000000,0.000000,1.000000,0.896497,0,0.000049,0.000478,0.712783,10.026603,1.503990,0.156250,0.000000,0.000000
725,10.245595,0.000000,1.008922,0.000000,0.000000,1.000000,0.908527,0,0.000049,0.000276,0.608238,10.245503,1.536825,0.156250,0.000000,0.000000
726,10.210624,0.000000,1.010195,0.000000,0.000000,1.000000,0.919054,0,0.000048,0.000380,0.519053,10.210533,1.531580,0.156250,0.000000,0.000000
727,10.225537,0.000000,1.012669,0.000000,0.000000,1.000000,0.926282,0,0.000048,0.000407,0.443176,10.225445,1.533817,0.156250,0.000000,0.000000
728,10.140204,0.000000,1.011608,0.000000,0.000000,1.000000,0.933511,0,0.000036,0.000464,0.370175,10.140092,1.521014,0.156250,0.000000,0.000000
729,10.043615,0.000000,1.014047,0.000000,0.000000,1.000000,0.941030,0,0.000056,0.000350,0.314142,10.043514,1.506527,0.156250,0.000000,0.000000
730,9.931527,0.000000,1.003953,0.000000,0.000000,1.000000,0.948549,0,0.000053,0.000354,0.264595,9.931432,1.489715,0.156250,0.000000,0.000000
731,9.873415,0.000000,1.013374,0.000000,0.000000,1.000000,0.960549,0,0.000037,0.000388,0.226057,9.873328,1.480999,0.156250,0.000000,0.000000
732,10.160508,0.000000,1.015535,0.000000,0.000000,1.000000,0.965368,0,0.000038,0.000400,0.183491,10.160416,1.524062,0.156250,0.000000,0.000000
733,10.224285,0.000000,1.006638,0.000000,0.000000,1.000000,0.970188,0,0.000052,0.000490,0.149320,10.121189,1.518178,0.156250,0.000000,0.000000
734,10.070285,0.000000,1.013089,0.000000,0.000000,1.000000,0.970188,0,0.000054,0.000394,0.119923,9.940196,1.491029,0.156250,0.000000,0.000000
735,10.513257,0.000000,0.986957,0.000000,0.000000,1.000000,0.973802,0,0.000053,0.000401,0.099143,10.383167,1.557475,0.156250,0.000000,0.000000
736,10.291322,0.000000,1.015082,0.000000,0.000000,1.000000,0.973802,0,0.000125,0.000774,0.139800,10.161226,1.524184,0.156250,0.000000,0.000000
737,10.523580,0.000000,1.000000,0.000000,0.000000,1.000000,0.978313,0,0.000130,0.000604,0.096938,10.130478,1.519572,0.156250,0.000000,0.000000
738,10.419656,0.000000,1.000000,0.000000,0.000000,1.000000,0.978313,0,0.000145,0.000343,0.096938,10.026556,1.503983,0.156250,0.000000,0.000000
739,10.420890,0.000000,1.000000,0.000000,0.000000,1.000000,0.978313,0,0.000052,0.000474,0.096938,10.027790,1.504168,0.156250,0.000000,0.000000
740,10.348304,0.000000,1.000000,0.000000,0.000000,1.000000,0.978313,0,0.000037,0.000520,0.096938,9.955196,1.493279,0.156250,0.000000,0.000000
741,10.282208,0.000000,1.008810,0.000000,0.000000,1.000000,0.978313,0,0.000123,0.000734,0.096938,9.889092,1.483364,0.156250,0.000000,0.000000
742,10.653264,0.000000,1.006828,0.000000,0.000000,1.000000,0.978313,0,0.000053,0.000450,0.082905,10.260150,1.539023,0.156250,0.000000,0.000000
743,10.211901,0.000000,1.008454,0.000000,0.000000,1.000000,0.978313,0,0.000055,0.000317,0.078230,10.063802,1.509570,0.156250,0.000000,0.000000
744,10.134855,0.000000,0.985931,0.000000,0.000000,1.000000,0.975283,0,0.000125,0.000376,0.074535,9.986733,1.498010,0.156250,0.000000,0.000000
745,10.654433,0.000000,1.007164,0.000000,0.000000,1.000000,0.975306,0,0.000127,0.000368,0.107083,10.268333,1.540250,0.156250,0.000000,0.000000
746,10.383362,0.000000,1.005866,0.000000,0.000000,1.000000,0.975306,0,0.000054,0.000385,0.091559,10.104255,1.515638,0.156250,0.000000,0.000000
747,10.451373,0.000000,1.008811,0.000000,0.000000,1.000000,0.978313,0,0.000055,0.000437,0.074700,10.200265,1.530040,0.156250,0.000000,0.000000
748,10.187322,0.000000,0.993275,0.000000,0.000000,1.000000,0.975283,0,0.000053,0.000296,0.076478,10.039219,1.505883,0.156250,0.000000,0.000000
749,10.147349,0.000000,1.007082,0.000000,0.000000,1.000000,0.976313,0,0.000054,0.000256,0.091123,9.999253,1.499888,0.156250,0.000000,0.000000
750,10.029949,0.000000,0.998597,0.000000,0.000000,1.000000,0.842606,0,0.000052,0.000308,1.275351,9.904855,1.485728,0.156250,0.000000,0.000000
751,9.993150,0.000000,1.000616,0.000000,0.000000,1.000000,0.857064,0,0.000055,0.000400,1.113348,9.880044,1.482007,0.156250,0.000000,0.000000
752,10.316445,0.000000,1.004498,0.000000,0.000000,1.000000,0.873606,0,0.000058,0.000419,0.965955,10.214347,1.532152,0.156250,0.000000,0.000000
753,10.060004,0.000000,1.007287,0.000000,0.000000,1.000000,0.885654,0,0.000051,0.000506,0.832067,10.059915,1.508987,0.156250,0.000000,0.000000
754,9.996950,0.000000,1.007174,0.000000,0.000000,1.000000,0.896497,0,0.000056,0.000369,0.712783,9.996863,1.499529,0.156250,0.000000,0.000000
755,10.311572,0.000000,1.009982,0.000000,0.000000,1.000000,0.908527,0,0.000050,0.000285,0.608238,10.311482,1.546722,0.156250,0.000000,0.000000
756,10.227897,0.000000,1.009271,0.000000,0.000000,1.000000,0.916961,0,0.000051,0.000385,0.517923,10.227805,1.534171,0.156250,0.000000,0.000000
757,10.096107,0.000000,1.011829,0.000000,0.000000,1.000000,0.925984,0,0.000053,0.000467,0.442960,10.096021,1.514403,0.156250,0.000000,0.000000
758,10.093430,0.000000,1.012309,0.000000,0.000000,1.000000,0.935006,0,0.000055,0.000430,0.371629,10.093341,1.514001,0.156250,0.000000,0.000000
759,10.040810,0.000000,1.014047,0.000000,0.000000,1.000000,0.941030,0,0.000051,0.000383,0.314142,10.040728,1.506109,0.156250,0.000000,0.000000
760,9.918527,0.000000,1.003953,0.000000,0.000000,1.000000,0.948549,0,0.000051,0.000411,0.264595,9.918442,1.487766,0.156250,0.000000,0.000000
761,9.921837,0.000000,1.013374,0.000000,0.000000,1.000000,0.960549,0,0.000056,0.000429,0.226057,9.921736,1.488260,0.156250,0.000000,0.000000
762,10.192414,0.000000,1.015535,0.000000,0.000000,1.000000,0.965368,0,0.000051,0.000336,0.183491,10.192322,1.528848,0.156250,0.000000,0.000000
763,10.150128,0.000000,1.006638,0.000000,0.000000,1.000000,0.970188,0,0.000055,0.000334,0.149320,10.047033,1.507055,0.156250,0.000000,0.000000
764,10.082741,0.000000,1.013089,0.000000,0.000000,1.000000,0.970188,0,0.000056,0.000252,0.119923,9.952649,1.492897,0.156250,0.000000,0.000000
765,10.378622,0.000000,0.986957,0.000000,0.000000,1.000000,0.973802,0,0.000053,0.000388,0.099143,10.248527,1.537279,0.156250,0.000000,0.000000
766,10.293417,0.000000,1.015082,0.000000,0.000000,1.000000,0.973802,0,0.000051,0.000416,0.139800,10.163331,1.524500,0.156250,0.000000,0.000000
767,10.597584,0.000000,1.000000,0.000000,0.000000,1.000000,0.978313,0,0.000058,0.000262,0.096938,10.204488,1.530673,0.156250,0.000000,0.000000
768,10.428278,0.000000,1.000000,0.000000,0.000000,1.000000,0.978313,0,0.000053,0.000365,0.096938,10.035175,1.505276,0.156250,0.000000,0.000000
769,10.384670,0.000000,1.000000,0.000000,0.000000,1.000000,0.978313,0,0.000052,0.000348,0.096938,9.991566,1.498735,0.156250,0.000000,0.000000
770,10.297667,0.000000,1.000000,0.000000,0.000000,1.000000,0.978313,0,0.000053,0.000273,0.096938,9.904561,1.485684,0.156250,0.000000,0.000000
771,10.335985,0.000000,1.008810,0.000000,0.000000,1.000000,0.978313,0,0.000054,0.000331,0.096938,9.942882,1.491432,0.156250,0.000000,0.000000
772,10.627029,0.000000,1.006828,0.000000,0.000000,1.000000,0.978313,0,0.000054,0.000336,0.082905,10.233918,1.535088,0.156250,0.000000,0.000000
773,10.189602,0.000000,1.008454,0.000000,0.000000,1.000000,0.978313,0,0.000054,0.000271,0.078230,10.041498,1.506225,0.156250,0.000000,0.000000
774,10.281666,0.000000,0.985931,0.000000,0.000000,1.000000,0.975283,0,0.000055,0.000272,0.074535,10.133561,1.520034,0.156250,0.000000,0.000000
775,10.703714,0.000000,1.007164,0.000000,0.000000,1.000000,0.975306,0,0.000056,0.000303,0.107083,10.317613,1.547642,0.156250,0.000000,0.000000
776,10.397368,0.000000,1.005866,0.000000,0.000000,1.000000,0.975306,0,0.000050,0.000341,0.091559,10.118274,1.517741,0.156250,0.000000,0.000000
777,10.519616,0.000000,1.008811,0.000000,0.000000,1.000000,0.978313,0,0.000049,0.000495,0.074700,10.268511,1.540277,0.156250,0.000000,0.000000
778,10.230833,0.000000,0.993275,0.000000,0.000000,1.000000,0.975283,0,0.000052,0.000626,0.076478,10.082731,1.512410,0.156250,0.000000,0.000000
779,10.263593,0.000000,1.007082,0.000000,0.000000,1.000000,0.976313,0,0.000049,0.000557,0.091123,10.115474,1.517321,0.156250,0.000000,0.000000
780,10.088882,0.000000,0.998597,0.000000,0.000000,1.000000,0.842606,0,0.000054,0.000322,1.275351,9.963764,1.494565,0.156250,0.000000,0.000000
781,10.036306,0.000000,1.000616,0.000000,0.000000,1.000000,0.857064,0,0.000051,0.000449,1.113348,9.923201,1.488480,0.156250,0.000000,0.000000
782,10.285149,0.000000,1.004498,0.000000,0.000000,1.000000,0.873606,0,0.000050,0.000340,0.965955,10.183052,1.527458,0.156250,0.000000,0.000000
783,10.059958,0.000000,1.007287,0.000000,0.000000,1.000000,0.885654,0,0.000053,0.000436,0.832067,10.059858,1.508979,0.156250,0.000000,0.000000
784,9.986731,0.000000,1.007174,0.000000,0.000000,1.000000,0.896497,0,0.000037,0.000291,0.712783,9.986624,1.497994,0.156250,0.000000,0.000000
785,10.300742,0.000000,1.009982,0.000000,0.000000,1.000000,0.908527,0,0.000053,0.000274,0.608238,10.300653,1.545098,0.156250,0.000000,0.000000
786,10.224269,0.000000,1.009271,0.000000,0.000000,1.000000,0.916961,0,0.000052,0.000306,0.517923,10.224178,1.533627,0.156250,0.000000,0.000000
787,10.370147,0.000000,1.011829,0.000000,0.000000,1.000000,0.925984,0,0.000060,0.000395,0.442960,10.370048,1.555507,0.156250,0.000000,0.000000
788,10.163536,0.000000,1.012309,0.000000,0.000000,1.000000,0.935006,0,0.000054,0.000511,0.371629,10.163430,1.524515,0.156250,0.000000,0.000000
789,10.227534,0.000000,1.014047,0.000000,0.000000,1.000000,0.941030,0,0.000055,0.000345,0.314142,10.227440,1.534116,0.156250,0.000000,0.000000
790,10.036919,0.000000,1.003953,0.000000,0.000000,1.000000,0.948549,0,0.000055,0.000340,0.264595,10.036828,1.505524,0.156250,0.000000,0.000000
791,9.988353,0.000000,1.013374,0.000000,0.000000,1.000000,0.960549,0,0.000055,0.000444,0.226057,9.988258,1.498239,0.156250,0.000000,0.000000
792,10.216748,0.000000,1.015535,0.000000,0.000000,1.000000,0.965368,0,0.000052,0.000479,0.183491,10.216657,1.532499,0.156250,0.000000,0.000000
793,10.187312,0.000000,1.006638,0.000000,0.000000,1.000000,0.970188,0,0.000050,0.000513,0.149320,10.084220,1.512633,0.156250,0.000000,0.000000
794,10.151209,0.000000,1.013089,0.000000,0.000000,1.000000,0.970188,0,0.000056,0.000447,0.119923,10.021089,1.503163,0.156250,0.000000,0.000000
795,10.432828,0.000000,0.986957,0.000000,0.000000,1.000000,0.973802,0,0.000348,0.000550,0.099143,10.302738,1.545411,0.156250,0.000000,0.000000
796,10.246761,0.000000,1.015082,0.000000,0.000000,1.000000,0.973802,0,0.000050,0.000635,0.139800,10.116676,1.517501,0.156250,0.000000,0.000000
797,10.549287,0.000000,1.000000,0.000000,0.000000,1.000000,0.978313,0,0.000056,0.000321,0.096938,10.156177,1.523427,0.156250,0.000000,0.000000
798,10.410776,0.000000,1.000000,0.000000,0.000000,1.000000,0.978313,0,0.000052,0.000428,0.096938,10.017672,1.502651,0.156250,0.000000,0.000000
799,10.430843,0.000000,1.000000,0.000000,0.000000,1.000000,0.978313,0,0.000062,0.000365,0.096938,10.037730,1.505659,0.156250,0.000000,0.000000
800,10.289237,0.000000,1.000000,0.000000,0.000000,1.000000,0.978313,0,0.000054,0.000339,0.096938,9.896134,1.484420,0.156250,0.000000,0.000000
801,10.295567,0.000000,1.008810,0.000000,0.000000,1.000000,0.978313,0,0.000046,0.000286,0.096938,9.902468,1.485370,0.156250,0.000000,0.000000
802,10.535799,0.000000,1.006828,0.000000,0.000000,1.000000,0.978313,0,0.000048,0.000324,0.082905,10.142685,1.521403,0.156250,0.000000,0.000000
803,10.206171,0.000000,1.008454,0.000000,0.000000,1.000000,0.978313,0,0.000047,0.000387,0.078230,10.058051,1.508708,0.156250,0.000000,0.000000
804,10.128248,0.000000,0.985931,0.000000,0.000000,1.000000,0.975283,0,0.000049,0.000385,0.074535,9.980133,1.497020,0.156250,0.000000,0.000000
805,10.672754,0.000000,1.007164,0.000000,0.000000,1.000000,0.975306,0,0.000051,0.000355,0.107083,10.286650,1.542998,0.156250,0.000000,0.000000
806,10.379207,0.000000,1.005866,0.000000,0.000000,1.000000,0.975306,0,0.000049,0.000479,0.091559,10.100102,1.515015,0.156250,0.000000,0.000000
807,10.367078,0.000000,1.008811,0.000000,0.000000,1.000000,0.978313,0,0.000058,0.000394,0.074700,10.115975,1.517396,0.156250,0.000000,0.000000
808,10.224614,0.000000,0.993275,0.000000,0.000000,1.000000,0.975283,0,0.000055,0.000391,0.076478,10.076520,1.511478,0.156250,0.000000,0.000000
809,10.150691,0.000000,1.007082,0.000000,0.000000,1.000000,0.976313,0,0.000050,0.000593,0.091123,10.002586,1.500388,0.156250,0.000000,0.000000
810,10.114205,0.000000,0.998597,0.000000,0.000000,1.000000,0.842606,0,0.000053,0.000307,1.275351,9.989116,1.498367,0.156250,0.000000,0.000000
811,9.979477,0.000000,1.000616,0.000000,0.000000,1.000000,0.857064,0,0.000125,0.000369,1.113348,9.866374,1.479956,0.156250,0.000000,0.000000
812,10.453100,0.000000,1.004498,0.000000,0.000000,1.000000,0.873606,0,0.000061,0.000328,0.965955,10.350990,1.552649,0.156250,0.000000,0.000000
813,10.186475,0.000000,1.007287,0.000000,0.000000,1.000000,0.885654,0,0.000056,0.000314,0.832067,10.186378,1.527957,0.156250,0.000000,0.000000
814,10.118166,0.000000,1.007174,0.000000,0.000000,1.000000,0.896497,0,0.000062,0.000450,0.712783,10.118079,1.517712,0.156250,0.000000,0.000000
815,10.321903,0.000000,1.009982,0.000000,0.000000,1.000000,0.908527,0,0.000067,0.000347,0.608238,10.321811,1.548272,0.156250,0.000000,0.000000
816,10.195475,0.000000,1.009271,0.000000,0.000000,1.000000,0.916961,0,0.000055,0.000379,0.517923,10.195372,1.529306,0.156250,0.000000,0.000000
817,10.129666,0.000000,1.011829,0.000000,0.000000,1.000000,0.925984,0,0.000126,0.000413,0.442960,10.129578,1.519437,0.156250,0.000000,0.000000
818,10.010577,0.000000,1.012309,0.000000,0.000000,1.000000,0.935006,0,0.000054,0.000332,0.371629,10.010477,1.501571,0.156250,0.000000,0.000000
819,9.993384,0.000000,1.014047,0.000000,0.000000,1.000000,0.941030,0,0.000049,0.000434,0.314142,9.993294,1.498994,0.156250,0.000000,0.000000
820,9.927813,0.000000,1.003953,0.000000,0.000000,1.000000,0.948549,0,0.000055,0.000312,0.264595,9.927711,1.489157,0.156250,0.000000,0.000000
821,9.881852,0.000000,1.013374,0.000000,0.000000,1.000000,0.960549,0,0.000053,0.000272,0.226057,9.881756,1.482263,0.156250,0.000000,0.000000
822,10.207843,0.000000,1.015535,0.000000,0.000000,1.000000,0.965368,0,0.000056,0.000397,0.183491,10.207753,1.531163,0.156250,0.000000,0.000000
823,10.234333,0.000000,1.006638,0.000000,0.000000,1.000000,0.970188,0,0.000115,0.000354,0.149320,10.131234,1.519685,0.156250,0.000000,0.000000
824,10.143011,0.000000,1.013089,0.000000,0.000000,1.000000,0.970188,0,0.000048,0.000607,0.119923,10.012913,1.501937,0.156250,0.000000,0.000000
825,10.368600,0.000000,0.986957,0.000000,0.000000,1.000000,0.973802,0,0.000055,0.000556,0.099143,10.238512,1.535777,0.156250,0.000000,0.000000
826,10.254678,0.000000,1.015082,0.000000,0.000000,1.000000,0.973802,0,0.000055,0.000384,0.139800,10.124578,1.518687,0.156250,0.000000,0.000000
827,10.547146,0.000000,1.000000,0.000000,0.000000,1.000000,0.978313,0,0.000152,0.000433,0.096938,10.154053,1.523108,0.156250,0.000000,0.000000
828,10.547670,0.000000,1.000000,0.000000,0.000000,1.000000,0.978313,0,0.000055,0.000440,0.096938,10.154571,1.523186,0.156250,0.000000,0.000000
829,10.412312,0.000000,1.000000,0.000000,0.000000,1.000000,0.978313,0,0.000048,0.000514,0.096938,10.019208,1.502881,0.156250,0.000000,0.000000
830,10.347743,0.000000,1.000000,0.000000,0.000000,1.000000,0.978313,0,0.000052,0.000349,0.096938,9.954636,1.493195,0.156250,0.000000,0.000000
831,10.328053,0.000000,1.008810,0.000000,0.000000,1.000000,0.978313,0,0.000054,0.000670,0.096938,9.934946,1.490242,0.156250,0.000000,0.000000
832,10.623368,0.000000,1.006828,0.000000,0.000000,1.000000,0.978313,0,0.000053,0.000400,0.082905,10.230276,1.534541,0.156250,0.000000,0.000000
833,10.241609,0.000000,1.008454,0.000000,0.000000,1.000000,0.978313,0,0.000050,0.000273,0.078230,10.093500,1.514025,0.156250,0.000000,0.000000
834,10.112478,0.000000,0.985931,0.000000,0.000000,1.000000,0.975283,0,0.000055,0.000559,0.074535,9.964381,1.494657,0.156250,0.000000,0.000000
835,10.783608,0.000000,1.007164,0.000000,0.000000,1.000000,0.975306,0,0.000052,0.000351,0.107083,10.397512,1.559627,0.156250,0.000000,0.000000
836,10.559652,0.000000,1.005866,0.000000,0.000000,1.000000,0.975306,0,0.000126,0.000344,0.091559,10.280550,1.542082,0.156250,0.000000,0.000000
837,10.438810,0.000000,1.008811,0.000000,0.000000,1.000000,0.978313,0,0.000130,0.000301,0.074700,10.187720,1.528158,0.156250,0.000000,0.000000
838,10.217536,0.000000,0.993275,0.000000,0.000000,1.000000,0.975283,0,0.000131,0.000367,0.076478,10.069444,1.510417,0.156250,0.000000,0.000000
839,10.187087,0.000000,1.007082,0.000000,0.000000,1.000000,0.976313,0,0.000052,0.000398,0.091123,10.038981,1.505847,0.156250,0.000000,0.000000
840,10.102260,0.000000,0.998597,0.000000,0.000000,1.000000,0.842606,0,0.000052,0.000522,1.275351,9.977151,1.496573,0.156250,0.000000,0.000000
841,10.001915,0.000000,1.000616,0.000000,0.000000,1.000000,0.857064,0,0.000053,0.000477,1.113348,9.888825,1.483324,0.156250,0.000000,0.000000
842,10.358441,0.000000,1.004498,0.000000,0.000000,1.000000,0.873606,0,0.000053,0.000350,0.965955,10.256347,1.538452,0.156250,0.000000,0.000000
843,10.070272,0.000000,1.007287,0.000000,0.000000,1.000000,0.885654,0,0.000056,0.000390,0.832067,10.070179,1.510527,0.156250,0.000000,0.000000
844,10.065594,0.000000,1.007174,0.000000,0.000000,1.000000,0.896497,0,0.000052,0.000320,0.712783,10.065508,1.509826,0.156250,0.000000,0.000000
845,10.230984,0.000000,1.008922,0.000000,0.000000,1.000000,0.908527,0,0.000053,0.000551,0.608238,10.230888,1.534633,0.156250,0.000000,0.000000
846,10.147483,0.000000,1.010195,0.000000,0.000000,1.000000,0.919054,0,0.000057,0.000329,0.519053,10.147396,1.522109,0.156250,0.000000,0.000000
847,10.182581,0.000000,1.012669,0.000000,0.000000,1.000000,0.926282,0,0.000054,0.000402,0.443176,10.182485,1.527373,0.156250,0.000000,0.000000
848,10.050930,0.000000,1.011608,0.000000,0.000000,1.000000,0.933511,0,0.000051,0.000368,0.370175,10.050841,1.507626,0.156250,0.000000,0.000000
849,10.137382,0.000000,1.014047,0.000000,0.000000,1.000000,0.941030,0,0.000055,0.000334,0.314142,10.137279,1.520592,0.156250,0.000000,0.000000
850,9.893956,0.000000,1.003953,0.000000,0.000000,1.000000,0.948549,0,0.000039,0.000310,0.264595,9.893866,1.484080,0.156250,0.000000,0.000000
851,9.860990,0.000000,1.013374,0.000000,0.000000,1.000000,0.960549,0,0.000056,0.000334,0.226057,9.860908,1.479136,0.156250,0.000000,0.000000
852,10.213714,0.000000,1.015535,0.000000,0.000000,1.000000,0.965368,0,0.000053,0.000709,0.183491,10.213619,1.532043,0.156250,0.000000,0.000000
853,10.146180,0.000000,1.006638,0.000000,0.000000,1.000000,0.970188,0,0.000053,0.000308,0.149320,10.043086,1.506463,0.156250,0.000000,0.000000
854,10.043668,0.000000,1.013089,0.000000,0.000000,1.000000,0.970188,0,0.000055,0.000278,0.119923,9.913577,1.487037,0.156250,0.000000,0.000000
855,10.364970,0.000000,0.986957,0.000000,0.000000,1.000000,0.973802,0,0.000052,0.000348,0.099143,10.234877,1.535232,0.156250,0.000000,0.000000
856,10.218161,0.000000,1.015082,0.000000,0.000000,1.000000,0.973802,0,0.000052,0.000490,0.139800,10.088067,1.513210,0.156250,0.000000,0.000000
857,10.587023,0.000000,1.000000,0.000000,0.000000,1.000000,0.978313,0,0.000055,0.000268,0.096938,10.193924,1.529089,0.156250,0.000000,0.000000
858,10.572486,0.000000,1.000000,0.000000,0.000000,1.000000,0.978313,0,0.000055,0.000547,0.096938,10.179390,1.526909,0.156250,0.000000,0.000000
859,10.593798,0.000000,1.000000,0.000000,0.000000,1.000000,0.978313,0,0.000054,0.000467,0.096938,10.200699,1.530105,0.156250,0.000000,0.000000
860,10.426631,0.000000,1.000000,0.000000,0.000000,1.000000,0.978313,0,0.000052,0.000344,0.096938,10.033524,1.505029,0.156250,0.000000,0.000000
861,10.390450,0.000000,1.008810,0.000000,0.000000,1.000000,0.978313,0,0.000054,0.000351,0.096938,9.997347,1.499602,0.156250,0.000000,0.000000
862,10.840509,0.000000,1.006828,0.000000,0.000000,1.000000,0.978313,0,0.000054,0.000426,0.082905,10.447403,1.567110,0.156250,0.000000,0.000000
863,10.326960,0.000000,1.008454,0.000000,0.000000,1.000000,0.978313,0,0.000055,0.000438,0.078230,10.178834,1.526825,0.156250,0.000000,0.000000
864,10.180569,0.000000,0.985931,0.000000,0.000000,1.000000,0.975283,0,0.000053,0.000391,0.074535,10.032467,1.504870,0.156250,0.000000,0.000000
865,10.681696,0.000000,1.007164,0.000000,0.000000,1.000000,0.975306,0,0.000053,0.000299,0.107083,10.295594,1.544339,0.156250,0.000000,0.000000
866,10.359245,0.000000,1.005866,0.000000,0.000000,1.000000,0.975306,0,0.000049,0.000325,0.091559,10.080146,1.512022,0.156250,0.000000,0.000000
867,10.439090,0.000000,1.008811,0.000000,0.000000,1.000000,0.978313,0,0.000054,0.000362,0.074700,10.187996,1.528199,0.156250,0.000000,0.000000
868,10.192324,0.000000,0.993275,0.000000,0.000000,1.000000,0.975283,0,0.000054,0.000311,0.076478,10.044231,1.506635,0.156250,0.000000,0.000000
869,10.153741,0.000000,1.007082,0.000000,0.000000,1.000000,0.976313,0,0.000054,0.000369,0.091123,10.005646,1.500847,0.156250,0.000000,0.000000
870,10.023504,0.000000,0.998597,0.000000,0.000000,1.000000,0.842606,0,0.000052,0.000464,1.275351,9.898398,1.484760,0.156250,0.000000,0.000000
871,10.002938,0.000000,1.000616,0.000000,0.000000,1.000000,0.857064,0,0.000060,0.000448,1.113348,9.889852,1.483478,0.156250,0.000000,0.000000
872,10.375332,0.000000,1.004498,0.000000,0.000000,1.000000,0.873606,0,0.000051,0.000396,0.965955,10.273239,1.540986,0.156250,0.000000,0.000000
873,10.234707,0.000000,1.007287,0.000000,0.000000,1.000000,0.885654,0,0.000124,0.000550,0.832067,10.234620,1.535193,0.156250,0.000000,0.000000
874,9.995742,0.000000,1.007174,0.000000,0.000000,1.000000,0.896497,0,0.000053,0.000550,0.712783,9.995653,1.499348,0.156250,0.000000,0.000000
875,10.238841,0.000000,1.008922,0.000000,0.000000,1.000000,0.908527,0,0.000056,0.000350,0.608238,10.238751,1.535813,0.156250,0.000000,0.000000
876,10.075729,0.000000,1.010195,0.000000,0.000000,1.000000,0.919054,0,0.000052,0.000356,0.519053,10.075638,1.511346,0.156250,0.000000,0.000000
877,10.128827,0.000000,1.012669,0.000000,0.000000,1.000000,0.926282,0,0.000053,0.000385,0.443176,10.128734,1.519310,0.156250,0.000000,0.000000
878,10.095556,0.000000,1.011608,0.000000,0.000000,1.000000,0.933511,0,0.000053,0.000324,0.370175,10.095461,1.514319,0.156250,0.000000,0.000000
879,10.053333,0.000000,1.014047,0.000000,0.000000,1.000000,0.941030,0,0.000050,0.000415,0.314142,10.053243,1.507986,0.156250,0.000000,0.000000
880,9.967763,0.000000,1.003953,0.000000,0.000000,1.000000,0.948549,0,0.000055,0.000395,0.264595,9.967676,1.495151,0.156250,0.000000,0.000000
881,9.936224,0.000000,1.013374,0.000000,0.000000,1.000000,0.960549,0,0.000048,0.000524,0.226057,9.936132,1.490420,0.156250,0.000000,0.000000
882,10.212166,0.000000,1.015535,0.000000,0.000000,1.000000,0.965368,0,0.000049,0.000836,0.183491,10.212072,1.531811,0.156250,0.000000,0.000000
883,10.137989,0.000000,1.006638,0.000000,0.000000,1.000000,0.970188,0,0.000051,0.000429,0.149320,10.034896,1.505234,0.156250,0.000000,0.000000
884,10.108601,0.000000,1.013089,0.000000,0.000000,1.000000,0.970188,0,0.000054,0.000359,0.119923,9.978505,1.496776,0.156250,0.000000,0.000000
885,10.387335,0.000000,0.986957,0.000000,0.000000,1.000000,0.973802,0,0.000051,0.000441,0.099143,10.257215,1.538582,0.156250,0.000000,0.000000
886,10.224740,0.000000,1.015082,0.000000,0.000000,1.000000,0.973802,0,0.000053,0.000406,0.139800,10.094631,1.514195,0.156250,0.000000,0.000000
887,10.520589,0.000000,1.000000,0.000000,0.000000,1.000000,0.978313,0,0.000053,0.000397,0.096938,10.127490,1.519124,0.156250,0.000000,0.000000
888,10.460193,0.000000,1.000000,0.000000,0.000000,1.000000,0.978313,0,0.000040,0.000415,0.096938,10.067081,1.510062,0.156250,0.000000,0.000000
889,10.387960,0.000000,1.000000,0.000000,0.000000,1.000000,0.978313,0,0.000056,0.000460,0.096938,9.994852,1.499228,0.156250,0.000000,0.000000
890,10.359411,0.000000,1.000000,0.000000,0.000000,1.000000,0.978313,0,0.000053,0.000325,0.096938,9.966309,1.494946,0.156250,0.000000,0.000000
891,10.289957,0.000000,1.008810,0.000000,0.000000,1.000000,0.978313,0,0.000052,0.000394,0.096938,9.896851,1.484528,0.156250,0.000000,0.000000
892,10.721851,0.000000,1.006828,0.000000,0.000000,1.000000,0.978313,0,0.000056,0.000822,0.082905,10.328758,1.549314,0.156250,0.000000,0.000000
893,10.182872,0.000000,1.008454,0.000000,0.000000,1.000000,0.978313,0,0.000058,0.000601,0.078230,10.034769,1.505215,0.156250,0.000000,0.000000
894,10.207617,0.000000,0.985931,0.000000,0.000000,1.000000,0.975283,0,0.000055,0.000450,0.074535,10.059518,1.508928,0.156250,0.000000,0.000000
895,10.719097,0.000000,1.007164,0.000000,0.000000,1.000000,0.975306,0,0.000056,0.000462,0.107083,10.332996,1.549949,0.156250,0.000000,0.000000
896,10.401049,0.000000,1.005866,0.000000,0.000000,1.000000,0.975306,0,0.000053,0.000447,0.091559,10.121944,1.518292,0.156250,0.000000,0.000000
897,10.374690,0.000000,1.008811,0.000000,0.000000,1.000000,0.978313,0,0.000053,0.000383,0.074700,10.123586,1.518538,0.156250,0.000000,0.000000
898,10.218766,0.000000,0.993275,0.000000,0.000000,1.000000,0.975283,0,0.000055,0.000312,0.076478,10.070660,1.510599,0.156250,0.000000,0.000000
899,10.140181,0.000000,1.007082,0.000000,0.000000,1.000000,0.976313,0,0.000049,0.000438,0.091123,9.992089,1.498813,0.156250,0.000000,0.000000
