epoch,aggregation_latency_ms,recovery_latency_ms,aggregation_completeness,loss_exposure_fraction,communication_overhead_KB,system_availability,queue_utilization,recovery_frequency,scheduling_latency_ms,state_refresh_ms,workload_imbalance,processing_overhead_ms,energy_joules,scheduling_comm_kb,recomputation_overhead_ms,reused_microslot_count
0,10.155590,0.001326,1.002649,0.000000,0.000000,1.000000,0.784215,1,0.000202,0.000789,3.174708,10.030472,1.504571,0.625000,0.000000,0.000000
1,10.090986,0.001843,1.002834,0.000000,0.000000,1.000000,0.799275,1,0.000117,0.000850,2.838854,9.978341,1.496751,0.625000,0.000000,0.000000
2,10.382833,0.001552,1.002958,0.000000,0.000000,1.000000,0.813426,1,0.000160,0.001000,2.536847,10.281442,1.542216,0.625000,0.000000,0.000000
3,10.226643,0.001179,1.003123,0.000000,0.000000,1.000000,0.827219,1,0.000154,0.000959,2.268780,10.135288,1.520293,0.625000,0.000000,0.000000
4,10.191634,0.001483,1.003225,0.000000,0.000000,1.000000,0.840263,1,0.000151,0.000992,2.027915,10.109262,1.516389,0.625000,0.000000,0.000000
5,10.447206,0.001330,1.003397,0.000000,0.000000,1.000000,0.850789,1,0.000265,0.001173,1.813956,10.372844,1.555927,0.625000,0.000000,0.000000
6,10.225752,0.001883,1.003515,0.000000,0.000000,1.000000,0.862482,1,0.000164,0.001028,1.620886,10.158609,1.523791,0.625000,0.000000,0.000000
7,10.323413,0.001343,1.003757,0.000000,0.000000,1.000000,0.872406,1,0.000171,0.001335,1.448094,10.262803,1.539420,0.625000,0.000000,0.000000
8,10.358564,0.000000,0.994830,0.000000,0.000000,1.000000,0.882662,0,0.000148,0.001175,1.289532,10.303968,1.545595,0.625000,0.000000,0.000000
9,10.247494,0.000000,0.995643,0.000000,0.000000,1.000000,0.892857,0,0.000291,0.001212,1.152093,10.134893,1.520234,0.625000,0.000000,0.000000
10,10.162553,0.000000,0.996425,0.000000,0.000000,1.000000,0.901493,0,0.000153,0.001204,1.028254,10.024965,1.503745,0.625000,0.000000,0.000000
11,10.139127,0.000000,0.999218,0.000000,0.000000,1.000000,0.910347,0,0.000181,0.001687,0.919218,9.949278,1.492392,0.625000,0.000000,0.000000
12,10.434387,0.000000,0.997817,0.000000,0.000000,1.000000,0.915610,0,0.000396,0.001508,0.817520,10.249292,1.537394,0.625000,0.000000,0.000000
13,10.274925,0.000000,1.000931,0.000000,0.000000,1.000000,0.921228,0,0.000303,0.001267,0.730963,10.067084,1.510063,0.625000,0.000000,0.000000
14,10.294088,0.000000,1.001066,0.000000,0.000000,1.000000,0.925144,0,0.000439,0.001490,0.651843,10.095994,1.514399,0.625000,0.000000,0.000000
15,10.492269,0.000000,1.001279,0.000000,0.000000,1.000000,0.928603,0,0.000159,0.001154,0.586735,10.327926,1.549189,0.625000,0.000000,0.000000
16,10.204172,0.000000,1.001267,0.000000,0.000000,1.000000,0.932051,0,0.000182,0.000965,0.529771,10.096323,1.514448,0.625000,0.000000,0.000000
17,10.285699,0.000000,1.001748,0.000000,0.000000,1.000000,0.935680,0,0.000438,0.001216,0.481048,10.137603,1.520640,0.625000,0.000000,0.000000
18,10.214428,0.000000,1.002016,0.000000,0.000000,1.000000,0.938579,0,0.000170,0.001161,0.440019,10.061339,1.509201,0.625000,0.000000,0.000000
19,10.234493,0.000000,1.002203,0.000000,0.000000,1.000000,0.941632,0,0.000209,0.000880,0.401769,10.046144,1.506922,0.625000,0.000000,0.000000
20,10.146070,0.000000,1.000791,0.000000,0.000000,1.000000,0.944624,0,0.000284,0.001445,0.371983,9.952721,1.492908,0.625000,0.000000,0.000000
21,10.144819,0.000000,1.002863,0.000000,0.000000,1.000000,0.946453,0,0.000251,0.001104,0.350843,9.895718,1.484358,0.625000,0.000000,0.000000
22,10.382737,0.000000,1.002920,0.000000,0.000000,1.000000,0.948522,0,0.000159,0.000988,0.327070,10.165894,1.524884,0.625000,0.000000,0.000000
23,10.266016,0.000000,1.002929,0.000000,0.000000,1.000000,0.950723,0,0.000261,0.000926,0.306812,10.049174,1.507376,0.625000,0.000000,0.000000
24,10.239395,0.000000,1.002169,0.000000,0.000000,1.000000,0.952229,0,0.000405,0.001243,0.288315,9.985801,1.497870,0.625000,0.000000,0.000000
25,10.495900,0.000000,1.002721,0.000000,0.000000,1.000000,0.954766,0,0.000165,0.001233,0.271689,10.273060,1.540959,0.625000,0.000000,0.000000
26,10.405363,0.000000,1.002200,0.000000,0.000000,1.000000,0.956222,0,0.000169,0.001569,0.255800,10.123764,1.518565,0.625000,0.000000,0.000000
27,10.449427,0.000000,1.002468,0.000000,0.000000,1.000000,0.958949,0,0.000189,0.001121,0.238478,10.141831,1.521275,0.625000,0.000000,0.000000
28,10.318798,0.000000,1.002792,0.000000,0.000000,1.000000,0.961621,0,0.000305,0.001319,0.222685,10.039452,1.505918,0.625000,0.000000,0.000000
29,10.358322,0.000000,1.002736,0.000000,0.000000,1.000000,0.963234,0,0.000161,0.001103,0.210744,10.047980,1.507197,0.625000,0.000000,0.000000
30,10.055031,0.002065,1.002649,0.000000,0.000000,1.000000,0.784215,1,0.000159,0.001250,3.174708,9.929880,1.489482,0.625000,0.000000,0.000000
31,10.015348,0.001402,1.002834,0.000000,0.000000,1.000000,0.799275,1,0.000085,0.001105,2.838854,9.902736,1.485410,0.625000,0.000000,0.000000
32,10.272086,0.001484,1.002958,0.000000,0.000000,1.000000,0.813426,1,0.000070,0.001305,2.536847,10.170717,1.525608,0.625000,0.000000,0.000000
33,10.162436,0.001432,1.003123,0.000000,0.000000,1.000000,0.827219,1,0.000147,0.001586,2.268780,10.071072,1.510661,0.625000,0.000000,0.000000
34,10.116081,0.001387,1.003225,0.000000,0.000000,1.000000,0.840263,1,0.000183,0.001253,2.027915,10.033717,1.505058,0.625000,0.000000,0.000000
35,10.346215,0.001226,1.003397,0.000000,0.000000,1.000000,0.850789,1,0.000157,0.001198,1.813956,10.271859,1.540779,0.625000,0.000000,0.000000
36,10.168394,0.001346,1.003515,0.000000,0.000000,1.000000,0.862482,1,0.000150,0.000944,1.620886,10.101280,1.515192,0.625000,0.000000,0.000000
37,10.183444,0.001125,1.003757,0.000000,0.000000,1.000000,0.872406,1,0.000162,0.001029,1.448094,10.122842,1.518426,0.625000,0.000000,0.000000
38,10.159357,0.000000,0.994830,0.000000,0.000000,1.000000,0.882662,0,0.000168,0.001439,1.289532,10.104768,1.515715,0.625000,0.000000,0.000000
39,10.219035,0.000000,0.995643,0.000000,0.000000,1.000000,0.892857,0,0.000415,0.000870,1.152093,10.106440,1.515966,0.625000,0.000000,0.000000
40,10.149443,0.000000,0.996425,0.000000,0.000000,1.000000,0.901493,0,0.000170,0.001348,1.028254,10.011844,1.501777,0.625000,0.000000,0.000000
41,10.143174,0.000000,0.999218,0.000000,0.000000,1.000000,0.910347,0,0.000175,0.001488,0.919218,9.953330,1.492999,0.625000,0.000000,0.000000
42,10.438675,0.000000,0.997817,0.000000,0.000000,1.000000,0.915610,0,0.000291,0.001022,0.817520,10.253575,1.538036,0.625000,0.000000,0.000000
43,10.379219,0.000000,1.000931,0.000000,0.000000,1.000000,0.921228,0,0.000179,0.001345,0.730963,10.171367,1.525705,0.625000,0.000000,0.000000
44,10.195591,0.000000,1.001066,0.000000,0.000000,1.000000,0.925144,0,0.000182,0.001314,0.651843,9.997498,1.499625,0.625000,0.000000,0.000000
45,10.400610,0.000000,1.001279,0.000000,0.000000,1.000000,0.928603,0,0.000174,0.001210,0.586735,10.236263,1.535439,0.625000,0.000000,0.000000
46,10.201175,0.000000,1.001267,0.000000,0.000000,1.000000,0.932051,0,0.000189,0.001655,0.529771,10.093327,1.513999,0.625000,0.000000,0.000000
47,10.279487,0.000000,1.001748,0.000000,0.000000,1.000000,0.935680,0,0.000170,0.001009,0.481048,10.131394,1.519709,0.625000,0.000000,0.000000
48,10.231199,0.000000,1.002016,0.000000,0.000000,1.000000,0.938579,0,0.000382,0.001199,0.440019,10.078109,1.511716,0.625000,0.000000,0.000000
49,10.248391,0.000000,1.002203,0.000000,0.000000,1.000000,0.941632,0,0.000199,0.001314,0.401769,10.060045,1.509007,0.625000,0.000000,0.000000
50,10.122093,0.000000,1.000791,0.000000,0.000000,1.000000,0.944624,0,0.000400,0.001491,0.371983,9.928749,1.489312,0.625000,0.000000,0.000000
51,10.137144,0.000000,1.002863,0.000000,0.000000,1.000000,0.946453,0,0.000175,0.000992,0.350843,9.888046,1.483207,0.625000,0.000000,0.000000
52,10.411985,0.000000,1.002920,0.000000,0.000000,1.000000,0.948522,0,0.000146,0.001338,0.327070,10.195135,1.529270,0.625000,0.000000,0.000000
53,10.329746,0.000000,1.002929,0.000000,0.000000,1.000000,0.950723,0,0.000144,0.001259,0.306812,10.112889,1.516933,0.625000,0.000000,0.000000
54,10.221399,0.000000,1.002169,0.000000,0.000000,1.000000,0.952229,0,0.000204,0.001179,0.288315,9.967804,1.495171,0.625000,0.000000,0.000000
55,10.524035,0.000000,1.002721,0.000000,0.000000,1.000000,0.954766,0,0.000169,0.000964,0.271689,10.301190,1.545179,0.625000,0.000000,0.000000
56,10.390522,0.000000,1.002200,0.000000,0.000000,1.000000,0.956222,0,0.000191,0.001311,0.255800,10.108925,1.516339,0.625000,0.000000,0.000000
57,10.496841,0.000000,1.002468,0.000000,0.000000,1.000000,0.958949,0,0.000166,0.001219,0.238478,10.189246,1.528387,0.625000,0.000000,0.000000
58,10.325099,0.000000,1.002792,0.000000,0.000000,1.000000,0.961621,0,0.000169,0.001062,0.222685,10.045755,1.506863,0.625000,0.000000,0.000000
59,10.345431,0.000000,1.001618,0.000000,0.000000,1.000000,0.963234,0,0.000193,0.001203,0.210744,10.035087,1.505263,0.625000,0.000000,0.000000
60,10.098931,0.001535,1.002649,0.000000,0.000000,1.000000,0.784215,1,0.000215,0.001545,3.174708,9.973810,1.496072,0.625000,0.000000,0.000000
61,9.998572,0.001205,1.002834,0.000000,0.000000,1.000000,0.799275,1,0.000170,0.001422,2.838854,9.885963,1.482894,0.625000,0.000000,0.000000
62,10.340798,0.001286,1.002958,0.000000,0.000000,1.000000,0.813426,1,0.000155,0.001286,2.536847,10.239442,1.535916,0.625000,0.000000,0.000000
63,10.257542,0.001426,1.003123,0.000000,0.000000,1.000000,0.827219,1,0.000188,0.000932,2.268780,10.166177,1.524927,0.625000,0.000000,0.000000
64,10.090738,0.001323,1.003225,0.000000,0.000000,1.000000,0.840263,1,0.000164,0.001204,2.027915,10.008380,1.501257,0.625000,0.000000,0.000000
65,10.314295,0.001201,1.003397,0.000000,0.000000,1.000000,0.850789,1,0.000155,0.001222,1.813956,10.239942,1.535991,0.625000,0.000000,0.000000
66,10.147120,0.001183,1.003515,0.000000,0.000000,1.000000,0.862482,1,0.000157,0.001111,1.620886,10.080015,1.512002,0.625000,0.000000,0.000000
67,10.213729,0.001721,1.003757,0.000000,0.000000,1.000000,0.872406,1,0.000162,0.001468,1.448094,10.153099,1.522965,0.625000,0.000000,0.000000
68,10.159790,0.000000,0.994830,0.000000,0.000000,1.000000,0.882662,0,0.000280,0.000908,1.289532,10.105191,1.515779,0.625000,0.000000,0.000000
69,10.159297,0.000000,0.995643,0.000000,0.000000,1.000000,0.892857,0,0.000182,0.001734,1.152093,10.046706,1.507006,0.625000,0.000000,0.000000
70,10.062822,0.000000,0.996425,0.000000,0.000000,1.000000,0.901493,0,0.000335,0.001392,1.028254,9.925225,1.488784,0.625000,0.000000,0.000000
71,10.083657,0.000000,0.999218,0.000000,0.000000,1.000000,0.910347,0,0.000235,0.001070,0.919218,9.893809,1.484071,0.625000,0.000000,0.000000
72,10.384370,0.000000,0.997817,0.000000,0.000000,1.000000,0.915610,0,0.000182,0.001182,0.817520,10.199269,1.529890,0.625000,0.000000,0.000000
73,10.280231,0.000000,1.000931,0.000000,0.000000,1.000000,0.921228,0,0.000177,0.001095,0.730963,10.072383,1.510857,0.625000,0.000000,0.000000
74,10.178062,0.000000,1.001066,0.000000,0.000000,1.000000,0.925144,0,0.000245,0.001328,0.651843,9.979963,1.496994,0.625000,0.000000,0.000000
75,10.450155,0.000000,1.001279,0.000000,0.000000,1.000000,0.928603,0,0.000455,0.001083,0.586735,10.285809,1.542871,0.625000,0.000000,0.000000
76,10.235608,0.000000,1.001267,0.000000,0.000000,1.000000,0.932051,0,0.000185,0.001370,0.529771,10.127760,1.519164,0.625000,0.000000,0.000000
77,10.305462,0.000000,1.001748,0.000000,0.000000,1.000000,0.935680,0,0.000214,0.001011,0.481048,10.157368,1.523605,0.625000,0.000000,0.000000
78,10.292874,0.000000,1.002016,0.000000,0.000000,1.000000,0.938579,0,0.000358,0.001148,0.440019,10.139771,1.520966,0.625000,0.000000,0.000000
79,10.226096,0.000000,1.002203,0.000000,0.000000,1.000000,0.941632,0,0.000180,0.001560,0.401769,10.037750,1.505663,0.625000,0.000000,0.000000
80,10.328453,0.000000,1.000791,0.000000,0.000000,1.000000,0.944624,0,0.000279,0.001269,0.371983,10.135104,1.520266,0.625000,0.000000,0.000000
81,10.435589,0.000000,1.002863,0.000000,0.000000,1.000000,0.946453,0,0.000187,0.001414,0.350843,10.186485,1.527973,0.625000,0.000000,0.000000
82,10.564508,0.000000,1.002920,0.000000,0.000000,1.000000,0.948522,0,0.000222,0.001077,0.327070,10.347653,1.552148,0.625000,0.000000,0.000000
83,10.255344,0.000000,1.002929,0.000000,0.000000,1.000000,0.950723,0,0.000197,0.001031,0.306812,10.038496,1.505774,0.625000,0.000000,0.000000
84,10.216342,0.000000,1.002169,0.000000,0.000000,1.000000,0.952229,0,0.000188,0.001160,0.288315,9.962740,1.494411,0.625000,0.000000,0.000000
85,10.445594,0.000000,1.002721,0.000000,0.000000,1.000000,0.954766,0,0.000195,0.000995,0.271689,10.222751,1.533413,0.625000,0.000000,0.000000
86,10.387293,0.000000,1.002200,0.000000,0.000000,1.000000,0.956222,0,0.000182,0.001235,0.255800,10.105704,1.515856,0.625000,0.000000,0.000000
87,10.474669,0.000000,1.002468,0.000000,0.000000,1.000000,0.958949,0,0.000247,0.001435,0.238478,10.167072,1.525061,0.625000,0.000000,0.000000
88,10.310517,0.000000,1.002792,0.000000,0.000000,1.000000,0.961621,0,0.000340,0.001158,0.222685,10.031167,1.504675,0.625000,0.000000,0.000000
89,10.368632,0.000000,1.001618,0.000000,0.000000,1.000000,0.963234,0,0.000373,0.001514,0.210744,10.058282,1.508742,0.625000,0.000000,0.000000
90,10.053325,0.001592,1.002649,0.000000,0.000000,1.000000,0.784215,1,0.000197,0.001056,3.174708,9.928199,1.489230,0.625000,0.000000,0.000000
91,9.988377,0.001459,1.002834,0.000000,0.000000,1.000000,0.799275,1,0.000159,0.001305,2.838854,9.875760,1.481364,0.625000,0.000000,0.000000
92,10.406877,0.001288,1.002958,0.000000,0.000000,1.000000,0.813426,1,0.000194,0.000986,2.536847,10.305518,1.545828,0.625000,0.000000,0.000000
93,10.188094,0.001189,1.003123,0.000000,0.000000,1.000000,0.827219,1,0.000154,0.001159,2.268780,10.096742,1.514511,0.625000,0.000000,0.000000
94,10.054631,0.001527,1.003225,0.000000,0.000000,1.000000,0.840263,1,0.000151,0.001223,2.027915,9.972258,1.495839,0.625000,0.000000,0.000000
95,10.314111,0.001478,1.003397,0.000000,0.000000,1.000000,0.850789,1,0.000122,0.001182,1.813956,10.239740,1.535961,0.625000,0.000000,0.000000
96,10.195664,0.001245,1.003515,0.000000,0.000000,1.000000,0.862482,1,0.000175,0.001123,1.620886,10.128558,1.519284,0.625000,0.000000,0.000000
97,10.268231,0.001392,1.003757,0.000000,0.000000,1.000000,0.872406,1,0.000231,0.001217,1.448094,10.207614,1.531142,0.625000,0.000000,0.000000
98,10.111446,0.000000,0.994830,0.000000,0.000000,1.000000,0.882662,0,0.000159,0.001293,1.289532,10.056844,1.508527,0.625000,0.000000,0.000000
99,10.149245,0.000000,0.995643,0.000000,0.000000,1.000000,0.892857,0,0.000203,0.001278,1.152093,10.036650,1.505497,0.625000,0.000000,0.000000
100,10.101543,0.000000,0.996425,0.000000,0.000000,1.000000,0.901493,0,0.000194,0.001102,1.028254,9.963930,1.494590,0.625000,0.000000,0.000000
101,10.131939,0.000000,0.999218,0.000000,0.000000,1.000000,0.910347,0,0.000395,0.000905,0.919218,9.942098,1.491315,0.625000,0.000000,0.000000
102,10.371336,0.000000,0.997817,0.000000,0.000000,1.000000,0.915610,0,0.000178,0.001146,0.817520,10.186240,1.527936,0.625000,0.000000,0.000000
103,10.343203,0.000000,1.000931,0.000000,0.000000,1.000000,0.921228,0,0.000202,0.001403,0.730963,10.135348,1.520302,0.625000,0.000000,0.000000
104,10.254568,0.000000,1.001066,0.000000,0.000000,1.000000,0.925144,0,0.000372,0.001106,0.651843,10.056472,1.508471,0.625000,0.000000,0.000000
105,10.520850,0.000000,1.001279,0.000000,0.000000,1.000000,0.928603,0,0.000216,0.001498,0.586735,10.356504,1.553476,0.625000,0.000000,0.000000
106,10.363527,0.000000,1.001267,0.000000,0.000000,1.000000,0.932051,0,0.000173,0.001341,0.529771,10.255677,1.538352,0.625000,0.000000,0.000000
107,10.408150,0.000000,1.001748,0.000000,0.000000,1.000000,0.935680,0,0.000170,0.001517,0.481048,10.260058,1.539009,0.625000,0.000000,0.000000
108,10.215203,0.000000,1.002016,0.000000,0.000000,1.000000,0.938579,0,0.000172,0.001048,0.440019,10.062096,1.509314,0.625000,0.000000,0.000000
109,10.321839,0.000000,1.002203,0.000000,0.000000,1.000000,0.941632,0,0.000159,0.001163,0.401769,10.133494,1.520024,0.625000,0.000000,0.000000
110,10.168285,0.000000,1.000791,0.000000,0.000000,1.000000,0.944624,0,0.000182,0.001074,0.371983,9.974941,1.496241,0.625000,0.000000,0.000000
111,10.169970,0.000000,1.002863,0.000000,0.000000,1.000000,0.946453,0,0.000182,0.001619,0.350843,9.920871,1.488131,0.625000,0.000000,0.000000
112,10.417448,0.000000,1.002920,0.000000,0.000000,1.000000,0.948522,0,0.000181,0.001308,0.327070,10.200603,1.530090,0.625000,0.000000,0.000000
113,10.258903,0.000000,1.002929,0.000000,0.000000,1.000000,0.950723,0,0.000225,0.001028,0.306812,10.042062,1.506309,0.625000,0.000000,0.000000
114,10.231546,0.000000,1.002169,0.000000,0.000000,1.000000,0.952229,0,0.000190,0.001325,0.288315,9.977956,1.496693,0.625000,0.000000,0.000000
115,10.485912,0.000000,1.002721,0.000000,0.000000,1.000000,0.954766,0,0.000164,0.001255,0.271689,10.263065,1.539460,0.625000,0.000000,0.000000
116,10.378759,0.000000,1.002200,0.000000,0.000000,1.000000,0.956222,0,0.000342,0.001337,0.255800,10.097168,1.514575,0.625000,0.000000,0.000000
117,10.486035,0.000000,1.002468,0.000000,0.000000,1.000000,0.958949,0,0.000172,0.001096,0.238478,10.178449,1.526767,0.625000,0.000000,0.000000
118,10.287841,0.000000,1.002792,0.000000,0.000000,1.000000,0.961621,0,0.000173,0.001036,0.222685,10.008499,1.501275,0.625000,0.000000,0.000000
119,10.314055,0.000000,1.002736,0.000000,0.000000,1.000000,0.963234,0,0.000431,0.001043,0.210744,10.003710,1.500557,0.625000,0.000000,0.000000
120,10.061736,0.001333,1.002649,0.000000,0.000000,1.000000,0.784215,1,0.000180,0.001355,3.174708,9.936619,1.490493,0.625000,0.000000,0.000000
121,10.058702,0.001595,1.002834,0.000000,0.000000,1.000000,0.799275,1,0.000155,0.001440,2.838854,9.946080,1.491912,0.625000,0.000000,0.000000
122,10.366545,0.001441,1.002958,0.000000,0.000000,1.000000,0.813426,1,0.000158,0.001066,2.536847,10.265182,1.539777,0.625000,0.000000,0.000000
123,10.139565,0.001195,1.003123,0.000000,0.000000,1.000000,0.827219,1,0.000206,0.001089,2.268780,10.048214,1.507232,0.625000,0.000000,0.000000
124,10.042557,0.001262,1.003225,0.000000,0.000000,1.000000,0.840263,1,0.000197,0.001457,2.027915,9.960189,1.494028,0.625000,0.000000,0.000000
125,10.340979,0.001346,1.003397,0.000000,0.000000,1.000000,0.850789,1,0.000161,0.001184,1.813956,10.266618,1.539993,0.625000,0.000000,0.000000
126,10.201503,0.001442,1.003515,0.000000,0.000000,1.000000,0.862482,1,0.000260,0.001245,1.620886,10.134386,1.520158,0.625000,0.000000,0.000000
127,10.220757,0.001453,1.003757,0.000000,0.000000,1.000000,0.872406,1,0.000095,0.001138,1.448094,10.160140,1.524021,0.625000,0.000000,0.000000
128,10.094113,0.000000,0.994830,0.000000,0.000000,1.000000,0.882662,0,0.000158,0.001242,1.289532,10.039524,1.505929,0.625000,0.000000,0.000000
129,10.130535,0.000000,0.995643,0.000000,0.000000,1.000000,0.892857,0,0.000159,0.001151,1.152093,10.017947,1.502692,0.625000,0.000000,0.000000
130,10.083778,0.000000,0.996425,0.000000,0.000000,1.000000,0.901493,0,0.000178,0.001257,1.028254,9.946185,1.491928,0.625000,0.000000,0.000000
131,10.100821,0.000000,0.999218,0.000000,0.000000,1.000000,0.910347,0,0.000307,0.001027,0.919218,9.910982,1.486647,0.625000,0.000000,0.000000
132,10.366972,0.000000,0.997817,0.000000,0.000000,1.000000,0.915610,0,0.000406,0.001352,0.817520,10.181877,1.527281,0.625000,0.000000,0.000000
133,10.346160,0.000000,1.000931,0.000000,0.000000,1.000000,0.921228,0,0.000543,0.001236,0.730963,10.138318,1.520748,0.625000,0.000000,0.000000
134,10.182688,0.000000,1.001066,0.000000,0.000000,1.000000,0.925144,0,0.000191,0.001236,0.651843,9.984590,1.497689,0.625000,0.000000,0.000000
135,10.455151,0.000000,1.001279,0.000000,0.000000,1.000000,0.928603,0,0.000299,0.001715,0.586735,10.290805,1.543621,0.625000,0.000000,0.000000
136,10.300243,0.000000,1.001267,0.000000,0.000000,1.000000,0.932051,0,0.000317,0.001413,0.529771,10.192396,1.528859,0.625000,0.000000,0.000000
137,10.340905,0.000000,1.001748,0.000000,0.000000,1.000000,0.935680,0,0.000357,0.001699,0.481048,10.192812,1.528922,0.625000,0.000000,0.000000
138,10.227128,0.000000,1.002016,0.000000,0.000000,1.000000,0.938579,0,0.000173,0.001297,0.440019,10.074036,1.511105,0.625000,0.000000,0.000000
139,10.228105,0.000000,1.002203,0.000000,0.000000,1.000000,0.941632,0,0.000341,0.001139,0.401769,10.039760,1.505964,0.625000,0.000000,0.000000
140,10.140716,0.000000,1.000791,0.000000,0.000000,1.000000,0.944624,0,0.000186,0.001074,0.371983,9.947373,1.492106,0.625000,0.000000,0.000000
141,10.152714,0.000000,1.002863,0.000000,0.000000,1.000000,0.946453,0,0.000356,0.001634,0.350843,9.903618,1.485543,0.625000,0.000000,0.000000
142,10.402820,0.000000,1.002920,0.000000,0.000000,1.000000,0.948522,0,0.000340,0.001145,0.327070,10.185978,1.527897,0.625000,0.000000,0.000000
143,10.276655,0.000000,1.002929,0.000000,0.000000,1.000000,0.950723,0,0.000151,0.001282,0.306812,10.059813,1.508972,0.625000,0.000000,0.000000
144,10.256711,0.000000,1.002169,0.000000,0.000000,1.000000,0.952229,0,0.000338,0.001381,0.288315,10.003123,1.500468,0.625000,0.000000,0.000000
145,10.503814,0.000000,1.002721,0.000000,0.000000,1.000000,0.954766,0,0.000149,0.001157,0.271689,10.280968,1.542145,0.625000,0.000000,0.000000
146,10.395482,0.000000,1.002200,0.000000,0.000000,1.000000,0.956222,0,0.000360,0.001337,0.255800,10.113891,1.517084,0.625000,0.000000,0.000000
147,10.424037,0.000000,1.002468,0.000000,0.000000,1.000000,0.958949,0,0.000270,0.001219,0.238478,10.116446,1.517467,0.625000,0.000000,0.000000
148,10.330161,0.000000,1.002792,0.000000,0.000000,1.000000,0.961621,0,0.000155,0.001376,0.222685,10.050822,1.507623,0.625000,0.000000,0.000000
149,10.354886,0.000000,1.002736,0.000000,0.000000,1.000000,0.963234,0,0.000152,0.001160,0.210744,10.044544,1.506682,0.625000,0.000000,0.000000
150,10.100950,0.001408,1.002649,0.000000,0.000000,1.000000,0.784215,1,0.000340,0.001205,3.174708,9.975832,1.496375,0.625000,0.000000,0.000000
151,10.061497,0.001318,1.002834,0.000000,0.000000,1.000000,0.799275,1,0.000244,0.001035,2.838854,9.948891,1.492334,0.625000,0.000000,0.000000
152,10.298506,0.001496,1.002958,0.000000,0.000000,1.000000,0.813426,1,0.000095,0.001230,2.536847,10.197142,1.529571,0.625000,0.000000,0.000000
153,10.261322,0.001360,1.003123,0.000000,0.000000,1.000000,0.827219,1,0.000087,0.001347,2.268780,10.169964,1.525495,0.625000,0.000000,0.000000
154,10.130501,0.001461,1.003225,0.000000,0.000000,1.000000,0.840263,1,0.000154,0.001115,2.027915,10.048138,1.507221,0.625000,0.000000,0.000000
155,10.356936,0.001232,1.003397,0.000000,0.000000,1.000000,0.850789,1,0.000151,0.001022,1.813956,10.282582,1.542387,0.625000,0.000000,0.000000
156,10.175503,0.001359,1.003515,0.000000,0.000000,1.000000,0.862482,1,0.000174,0.001229,1.620886,10.108388,1.516258,0.625000,0.000000,0.000000
157,10.186682,0.001246,1.003757,0.000000,0.000000,1.000000,0.872406,1,0.000159,0.001112,1.448094,10.126080,1.518912,0.625000,0.000000,0.000000
158,10.058795,0.000000,0.994830,0.000000,0.000000,1.000000,0.882662,0,0.000158,0.001053,1.289532,10.004199,1.500630,0.625000,0.000000,0.000000
159,10.147787,0.000000,0.995643,0.000000,0.000000,1.000000,0.892857,0,0.000148,0.001218,1.152093,10.035194,1.505279,0.625000,0.000000,0.000000
160,10.129971,0.000000,0.996425,0.000000,0.000000,1.000000,0.901493,0,0.000186,0.001187,1.028254,9.992373,1.498856,0.625000,0.000000,0.000000
161,10.147977,0.000000,0.999218,0.000000,0.000000,1.000000,0.910347,0,0.000152,0.000961,0.919218,9.958138,1.493721,0.625000,0.000000,0.000000
162,10.427193,0.000000,0.997817,0.000000,0.000000,1.000000,0.915610,0,0.000159,0.000968,0.817520,10.242104,1.536316,0.625000,0.000000,0.000000
163,10.252524,0.000000,1.000931,0.000000,0.000000,1.000000,0.921228,0,0.000184,0.000962,0.730963,10.044682,1.506702,0.625000,0.000000,0.000000
164,10.192973,0.000000,1.001066,0.000000,0.000000,1.000000,0.925144,0,0.000398,0.001303,0.651843,9.994869,1.499230,0.625000,0.000000,0.000000
165,10.481313,0.000000,1.001279,0.000000,0.000000,1.000000,0.928603,0,0.000166,0.001225,0.586735,10.316968,1.547545,0.625000,0.000000,0.000000
166,10.237642,0.000000,1.001267,0.000000,0.000000,1.000000,0.932051,0,0.000163,0.001419,0.529771,10.129798,1.519470,0.625000,0.000000,0.000000
167,10.274676,0.000000,1.001748,0.000000,0.000000,1.000000,0.935680,0,0.000161,0.001128,0.481048,10.126578,1.518987,0.625000,0.000000,0.000000
168,10.205668,0.000000,1.002016,0.000000,0.000000,1.000000,0.938579,0,0.000163,0.001260,0.440019,10.052572,1.507886,0.625000,0.000000,0.000000
169,10.219532,0.000000,1.002203,0.000000,0.000000,1.000000,0.941632,0,0.000157,0.001328,0.401769,10.031189,1.504678,0.625000,0.000000,0.000000
170,10.114561,0.000000,1.000791,0.000000,0.000000,1.000000,0.944624,0,0.000403,0.001256,0.371983,9.921217,1.488183,0.625000,0.000000,0.000000
171,10.181012,0.000000,1.002863,0.000000,0.000000,1.000000,0.946453,0,0.000201,0.001418,0.350843,9.931919,1.489788,0.625000,0.000000,0.000000
172,10.419143,0.000000,1.002920,0.000000,0.000000,1.000000,0.948522,0,0.000159,0.001326,0.327070,10.202296,1.530344,0.625000,0.000000,0.000000
173,10.261658,0.000000,1.002929,0.000000,0.000000,1.000000,0.950723,0,0.000174,0.001116,0.306812,10.044809,1.506721,0.625000,0.000000,0.000000
174,10.281702,0.000000,1.002169,0.000000,0.000000,1.000000,0.952229,0,0.000329,0.001066,0.288315,10.028109,1.504216,0.625000,0.000000,0.000000
175,10.545979,0.000000,1.002721,0.000000,0.000000,1.000000,0.954766,0,0.000150,0.001455,0.271689,10.323133,1.548470,0.625000,0.000000,0.000000
176,10.423332,0.000000,1.002200,0.000000,0.000000,1.000000,0.956222,0,0.000149,0.001231,0.255800,10.141742,1.521261,0.625000,0.000000,0.000000
177,10.445317,0.000000,1.002468,0.000000,0.000000,1.000000,0.958949,0,0.000150,0.001081,0.238478,10.137731,1.520660,0.625000,0.000000,0.000000
178,10.320777,0.000000,1.002792,0.000000,0.000000,1.000000,0.961621,0,0.000149,0.001404,0.222685,10.041433,1.506215,0.625000,0.000000,0.000000
179,10.375986,0.000000,1.001618,0.000000,0.000000,1.000000,0.963234,0,0.000143,0.001055,0.210744,10.065637,1.509846,0.625000,0.000000,0.000000
180,10.123528,0.001750,1.002649,0.000000,0.000000,1.000000,0.784215,1,0.000393,0.001503,3.174708,9.998395,1.499759,0.625000,0.000000,0.000000
181,10.019706,0.001421,1.002834,0.000000,0.000000,1.000000,0.799275,1,0.000071,0.001113,2.838854,9.907096,1.486064,0.625000,0.000000,0.000000
182,10.257377,0.001503,1.002958,0.000000,0.000000,1.000000,0.813426,1,0.000149,0.000983,2.536847,10.156013,1.523402,0.625000,0.000000,0.000000
183,10.148738,0.001711,1.003123,0.000000,0.000000,1.000000,0.827219,1,0.000147,0.001422,2.268780,10.057358,1.508604,0.625000,0.000000,0.000000
184,10.115122,0.001453,1.003225,0.000000,0.000000,1.000000,0.840263,1,0.000161,0.001253,2.027915,10.032758,1.504914,0.625000,0.000000,0.000000
185,10.328649,0.001338,1.003397,0.000000,0.000000,1.000000,0.850789,1,0.000156,0.001428,1.813956,10.254292,1.538144,0.625000,0.000000,0.000000
186,10.179571,0.001420,1.003515,0.000000,0.000000,1.000000,0.862482,1,0.000157,0.001406,1.620886,10.112459,1.516869,0.625000,0.000000,0.000000
187,10.194503,0.001067,1.003757,0.000000,0.000000,1.000000,0.872406,1,0.000167,0.001290,1.448094,10.133908,1.520086,0.625000,0.000000,0.000000
188,10.101235,0.000000,0.994830,0.000000,0.000000,1.000000,0.882662,0,0.000165,0.001313,1.289532,10.046651,1.506998,0.625000,0.000000,0.000000
189,10.148438,0.000000,0.995643,0.000000,0.000000,1.000000,0.892857,0,0.000166,0.001230,1.152093,10.035846,1.505377,0.625000,0.000000,0.000000
190,10.065689,0.000000,0.996425,0.000000,0.000000,1.000000,0.901493,0,0.000178,0.001411,1.028254,9.928100,1.489215,0.625000,0.000000,0.000000
191,10.062954,0.000000,0.999218,0.000000,0.000000,1.000000,0.910347,0,0.000208,0.001453,0.919218,9.873110,1.480967,0.625000,0.000000,0.000000
192,10.363701,0.000000,0.997817,0.000000,0.000000,1.000000,0.915610,0,0.000157,0.001450,0.817520,10.178606,1.526791,0.625000,0.000000,0.000000
193,10.255152,0.000000,1.000931,0.000000,0.000000,1.000000,0.921228,0,0.000300,0.001164,0.730963,10.047314,1.507097,0.625000,0.000000,0.000000
194,10.228148,0.000000,1.001066,0.000000,0.000000,1.000000,0.925144,0,0.000203,0.001080,0.651843,10.030054,1.504508,0.625000,0.000000,0.000000
195,10.471251,0.000000,1.001279,0.000000,0.000000,1.000000,0.928603,0,0.000179,0.001222,0.586735,10.306899,1.546035,0.625000,0.000000,0.000000
196,10.219128,0.000000,1.001267,0.000000,0.000000,1.000000,0.932051,0,0.000170,0.001447,0.529771,10.111281,1.516692,0.625000,0.000000,0.000000
197,10.324242,0.000000,1.001748,0.000000,0.000000,1.000000,0.935680,0,0.000382,0.001702,0.481048,10.176149,1.526422,0.625000,0.000000,0.000000
198,10.215325,0.000000,1.002016,0.000000,0.000000,1.000000,0.938579,0,0.000458,0.001743,0.440019,10.062235,1.509335,0.625000,0.000000,0.000000
199,10.257812,0.000000,1.002203,0.000000,0.000000,1.000000,0.941632,0,0.000461,0.001636,0.401769,10.069466,1.510420,0.625000,0.000000,0.000000
200,10.155016,0.000000,1.000791,0.000000,0.000000,1.000000,0.944624,0,0.000391,0.001164,0.371983,9.961672,1.494251,0.625000,0.000000,0.000000
201,10.146224,0.000000,1.002863,0.000000,0.000000,1.000000,0.946453,0,0.000169,0.001693,0.350843,9.897130,1.484570,0.625000,0.000000,0.000000
202,10.399350,0.000000,1.002920,0.000000,0.000000,1.000000,0.948522,0,0.000190,0.001193,0.327070,10.182508,1.527376,0.625000,0.000000,0.000000
203,10.252497,0.000000,1.002929,0.000000,0.000000,1.000000,0.950723,0,0.000179,0.001112,0.306812,10.035643,1.505347,0.625000,0.000000,0.000000
204,10.200884,0.000000,1.002169,0.000000,0.000000,1.000000,0.952229,0,0.000240,0.001115,0.288315,9.947293,1.492094,0.625000,0.000000,0.000000
205,10.445906,0.000000,1.002721,0.000000,0.000000,1.000000,0.954766,0,0.000174,0.001166,0.271689,10.223069,1.533460,0.625000,0.000000,0.000000
206,10.361339,0.000000,1.002200,0.000000,0.000000,1.000000,0.956222,0,0.000400,0.001420,0.255800,10.079747,1.511962,0.625000,0.000000,0.000000
207,10.431949,0.000000,1.002468,0.000000,0.000000,1.000000,0.958949,0,0.000198,0.001839,0.238478,10.124345,1.518652,0.625000,0.000000,0.000000
208,10.370397,0.000000,1.002792,0.000000,0.000000,1.000000,0.961621,0,0.000210,0.001253,0.222685,10.091041,1.513656,0.625000,0.000000,0.000000
209,10.478864,0.000000,1.001618,0.000000,0.000000,1.000000,0.963234,0,0.000171,0.001502,0.210744,10.168505,1.525276,0.625000,0.000000,0.000000
210,10.066116,0.001548,1.002649,0.000000,0.000000,1.000000,0.784215,1,0.000415,0.001171,3.174708,9.940995,1.491149,0.625000,0.000000,0.000000
211,10.044050,0.001325,1.002834,0.000000,0.000000,1.000000,0.799275,1,0.000156,0.001284,2.838854,9.931433,1.489715,0.625000,0.000000,0.000000
212,10.309154,0.001611,1.002958,0.000000,0.000000,1.000000,0.813426,1,0.000159,0.001467,2.536847,10.207780,1.531167,0.625000,0.000000,0.000000
213,10.134653,0.001319,1.003123,0.000000,0.000000,1.000000,0.827219,1,0.000160,0.001192,2.268780,10.043291,1.506494,0.625000,0.000000,0.000000
214,10.033131,0.001286,1.003225,0.000000,0.000000,1.000000,0.840263,1,0.000341,0.001594,2.027915,9.950769,1.492615,0.625000,0.000000,0.000000
215,10.318067,0.001148,1.003397,0.000000,0.000000,1.000000,0.850789,1,0.000146,0.001392,1.813956,10.243714,1.536557,0.625000,0.000000,0.000000
216,10.141610,0.001138,1.003515,0.000000,0.000000,1.000000,0.862482,1,0.000165,0.001590,1.620886,10.074506,1.511176,0.625000,0.000000,0.000000
217,10.227797,0.001151,1.003757,0.000000,0.000000,1.000000,0.872406,1,0.000162,0.001417,1.448094,10.167197,1.525080,0.625000,0.000000,0.000000
218,10.055241,0.000000,0.994830,0.000000,0.000000,1.000000,0.882662,0,0.000092,0.001461,1.289532,10.000659,1.500099,0.625000,0.000000,0.000000
219,10.171106,0.000000,0.995643,0.000000,0.000000,1.000000,0.892857,0,0.000186,0.001548,1.152093,10.058523,1.508778,0.625000,0.000000,0.000000
220,10.085981,0.000000,0.996425,0.000000,0.000000,1.000000,0.901493,0,0.000410,0.001714,1.028254,9.948393,1.492259,0.625000,0.000000,0.000000
221,10.062954,0.000000,0.999218,0.000000,0.000000,1.000000,0.910347,0,0.000181,0.001362,0.919218,9.873109,1.480966,0.625000,0.000000,0.000000
222,10.357535,0.000000,0.997817,0.000000,0.000000,1.000000,0.915610,0,0.000146,0.001036,0.817520,10.172442,1.525866,0.625000,0.000000,0.000000
223,10.285425,0.000000,1.000931,0.000000,0.000000,1.000000,0.921228,0,0.000174,0.001355,0.730963,10.077582,1.511637,0.625000,0.000000,0.000000
224,10.210005,0.000000,1.001066,0.000000,0.000000,1.000000,0.925144,0,0.000451,0.001331,0.651843,10.011918,1.501788,0.625000,0.000000,0.000000
225,10.421641,0.000000,1.001279,0.000000,0.000000,1.000000,0.928603,0,0.000356,0.001166,0.586735,10.257302,1.538595,0.625000,0.000000,0.000000
226,10.406618,0.000000,1.001267,0.000000,0.000000,1.000000,0.932051,0,0.000178,0.001841,0.529771,10.298780,1.544817,0.625000,0.000000,0.000000
227,10.509849,0.000000,1.001748,0.000000,0.000000,1.000000,0.935680,0,0.000265,0.001645,0.481048,10.361757,1.554264,0.625000,0.000000,0.000000
228,10.188133,0.000000,1.002016,0.000000,0.000000,1.000000,0.938579,0,0.000179,0.001330,0.440019,10.035048,1.505257,0.625000,0.000000,0.000000
229,10.198220,0.000000,1.002203,0.000000,0.000000,1.000000,0.941632,0,0.000178,0.001402,0.401769,10.009883,1.501482,0.625000,0.000000,0.000000
230,10.151253,0.000000,1.000791,0.000000,0.000000,1.000000,0.944624,0,0.000161,0.001388,0.371983,9.957901,1.493685,0.625000,0.000000,0.000000
231,10.100697,0.000000,1.002863,0.000000,0.000000,1.000000,0.946453,0,0.000327,0.001118,0.350843,9.851609,1.477741,0.625000,0.000000,0.000000
232,10.452263,0.000000,1.002920,0.000000,0.000000,1.000000,0.948522,0,0.000175,0.001146,0.327070,10.235424,1.535314,0.625000,0.000000,0.000000
233,10.524515,0.000000,1.002929,0.000000,0.000000,1.000000,0.950723,0,0.000282,0.001316,0.306812,10.307674,1.546151,0.625000,0.000000,0.000000
234,10.557389,0.000000,1.002169,0.000000,0.000000,1.000000,0.952229,0,0.000220,0.001328,0.288315,10.303799,1.545570,0.625000,0.000000,0.000000
235,10.842528,0.000000,1.002721,0.000000,0.000000,1.000000,0.954766,0,0.000301,0.001587,0.271689,10.619687,1.592953,0.625000,0.000000,0.000000
236,10.703584,0.000000,1.002200,0.000000,0.000000,1.000000,0.956222,0,0.000183,0.001375,0.255800,10.421993,1.563299,0.625000,0.000000,0.000000
237,10.791158,0.000000,1.002562,0.000000,0.000000,1.000000,0.958949,0,0.000435,0.001678,0.238478,10.483565,1.572535,0.625000,0.000000,0.000000
238,10.579613,0.000000,1.002005,0.000000,0.000000,1.000000,0.961772,0,0.000164,0.001483,0.223640,10.301254,1.545188,0.625000,0.000000,0.000000
239,10.700868,0.000000,1.002511,0.000000,0.000000,1.000000,0.961772,0,0.000240,0.001429,0.212860,10.391523,1.558728,0.625000,0.000000,0.000000
240,10.358985,0.001812,1.002649,0.000000,0.000000,1.000000,0.784215,1,0.000224,0.001555,3.174708,10.233844,1.535077,0.625000,0.000000,0.000000
241,10.240561,0.001740,1.002834,0.000000,0.000000,1.000000,0.799275,1,0.000167,0.001433,2.838854,10.127932,1.519190,0.625000,0.000000,0.000000
242,10.515604,0.001432,1.002958,0.000000,0.000000,1.000000,0.813426,1,0.000259,0.001125,2.536847,10.414235,1.562135,0.625000,0.000000,0.000000
243,10.339358,0.001679,1.003123,0.000000,0.000000,1.000000,0.827219,1,0.000161,0.001338,2.268780,10.247982,1.537197,0.625000,0.000000,0.000000
244,10.295916,0.001706,1.003225,0.000000,0.000000,1.000000,0.840263,1,0.000159,0.001386,2.027915,10.213534,1.532030,0.625000,0.000000,0.000000
245,10.630393,0.001606,1.003397,0.000000,0.000000,1.000000,0.850789,1,0.000101,0.001200,1.813956,10.556022,1.583403,0.625000,0.000000,0.000000
246,10.355384,0.001344,1.003515,0.000000,0.000000,1.000000,0.862482,1,0.000154,0.001205,1.620886,10.288276,1.543241,0.625000,0.000000,0.000000
247,10.565043,0.001677,1.003757,0.000000,0.000000,1.000000,0.872406,1,0.000166,0.001362,1.448094,10.504415,1.575662,0.625000,0.000000,0.000000
248,10.348666,0.000000,0.994830,0.000000,0.000000,1.000000,0.882662,0,0.000207,0.001046,1.289532,10.294069,1.544110,0.625000,0.000000,0.000000
249,10.466486,0.000000,0.995643,0.000000,0.000000,1.000000,0.892857,0,0.000175,0.000939,1.152093,10.353893,1.553084,0.625000,0.000000,0.000000
250,10.425087,0.000000,0.996425,0.000000,0.000000,1.000000,0.901493,0,0.000194,0.000939,1.028254,10.287485,1.543123,0.625000,0.000000,0.000000
251,10.452713,0.000000,0.999218,0.000000,0.000000,1.000000,0.910347,0,0.000541,0.001501,0.919218,10.262872,1.539431,0.625000,0.000000,0.000000
252,10.759126,0.000000,0.997817,0.000000,0.000000,1.000000,0.915610,0,0.000193,0.001126,0.817520,10.574026,1.586104,0.625000,0.000000,0.000000
253,10.546565,0.000000,1.000931,0.000000,0.000000,1.000000,0.921228,0,0.000180,0.001219,0.730963,10.338716,1.550807,0.625000,0.000000,0.000000
254,10.450692,0.000000,1.001066,0.000000,0.000000,1.000000,0.925144,0,0.000161,0.001442,0.651843,10.252598,1.537890,0.625000,0.000000,0.000000
255,10.670132,0.000000,1.001279,0.000000,0.000000,1.000000,0.928603,0,0.000154,0.001430,0.586735,10.505787,1.575868,0.625000,0.000000,0.000000
256,10.467298,0.000000,1.001267,0.000000,0.000000,1.000000,0.932051,0,0.000176,0.001387,0.529771,10.359455,1.553918,0.625000,0.000000,0.000000
257,10.574447,0.000000,1.001748,0.000000,0.000000,1.000000,0.935680,0,0.000168,0.001307,0.481048,10.426360,1.563954,0.625000,0.000000,0.000000
258,10.437216,0.000000,1.002016,0.000000,0.000000,1.000000,0.938579,0,0.000168,0.001213,0.440019,10.284126,1.542619,0.625000,0.000000,0.000000
259,10.478481,0.000000,1.002203,0.000000,0.000000,1.000000,0.941632,0,0.000173,0.001326,0.401769,10.290140,1.543521,0.625000,0.000000,0.000000
260,10.393217,0.000000,1.000791,0.000000,0.000000,1.000000,0.944624,0,0.000185,0.001307,0.371983,10.199871,1.529981,0.625000,0.000000,0.000000
261,10.408394,0.000000,1.002863,0.000000,0.000000,1.000000,0.946453,0,0.000158,0.001846,0.350843,10.159297,1.523895,0.625000,0.000000,0.000000
262,10.693703,0.000000,1.002920,0.000000,0.000000,1.000000,0.948522,0,0.000215,0.001095,0.327070,10.476854,1.571528,0.625000,0.000000,0.000000
263,10.483181,0.000000,1.002929,0.000000,0.000000,1.000000,0.950723,0,0.000183,0.001515,0.306812,10.266337,1.539950,0.625000,0.000000,0.000000
264,10.398523,0.000000,1.002169,0.000000,0.000000,1.000000,0.952229,0,0.000198,0.001387,0.288315,10.144928,1.521739,0.625000,0.000000,0.000000
265,10.738696,0.000000,1.002721,0.000000,0.000000,1.000000,0.954766,0,0.000197,0.001073,0.271689,10.515844,1.577377,0.625000,0.000000,0.000000
266,10.580872,0.000000,1.002200,0.000000,0.000000,1.000000,0.956222,0,0.000262,0.001182,0.255800,10.299281,1.544892,0.625000,0.000000,0.000000
267,10.715500,0.000000,1.002468,0.000000,0.000000,1.000000,0.958949,0,0.000180,0.001273,0.238478,10.407911,1.561187,0.625000,0.000000,0.000000
268,10.554400,0.000000,1.002792,0.000000,0.000000,1.000000,0.961621,0,0.000428,0.001385,0.222685,10.275053,1.541258,0.625000,0.000000,0.000000
269,10.517165,0.000000,1.001618,0.000000,0.000000,1.000000,0.963234,0,0.000150,0.001269,0.210744,10.206819,1.531023,0.625000,0.000000,0.000000
270,10.356661,0.001806,1.002649,0.000000,0.000000,1.000000,0.784215,1,0.000175,0.001268,3.174708,10.231518,1.534728,0.625000,0.000000,0.000000
271,10.255605,0.001670,1.002834,0.000000,0.000000,1.000000,0.799275,1,0.000159,0.001151,2.838854,10.142976,1.521446,0.625000,0.000000,0.000000
272,10.584176,0.001454,1.002958,0.000000,0.000000,1.000000,0.813426,1,0.000182,0.001260,2.536847,10.482807,1.572421,0.625000,0.000000,0.000000
273,10.463040,0.001374,1.003123,0.000000,0.000000,1.000000,0.827219,1,0.000264,0.000959,2.268780,10.371672,1.555751,0.625000,0.000000,0.000000
274,10.167375,0.001138,1.003225,0.000000,0.000000,1.000000,0.840263,1,0.000182,0.001301,2.027915,10.085026,1.512754,0.625000,0.000000,0.000000
275,10.509343,0.001355,1.003397,0.000000,0.000000,1.000000,0.850789,1,0.000158,0.001522,1.813956,10.434984,1.565248,0.625000,0.000000,0.000000
276,10.341665,0.001525,1.003515,0.000000,0.000000,1.000000,0.862482,1,0.000154,0.001134,1.620886,10.274544,1.541182,0.625000,0.000000,0.000000
277,10.409872,0.001309,1.003757,0.000000,0.000000,1.000000,0.872406,1,0.000207,0.001257,1.448094,10.349262,1.552389,0.625000,0.000000,0.000000
278,10.323191,0.000000,0.994830,0.000000,0.000000,1.000000,0.882662,0,0.000154,0.000962,1.289532,10.268592,1.540289,0.625000,0.000000,0.000000
279,10.397182,0.000000,0.995643,0.000000,0.000000,1.000000,0.892857,0,0.000287,0.001023,1.152093,10.284589,1.542688,0.625000,0.000000,0.000000
280,10.248557,0.000000,0.996425,0.000000,0.000000,1.000000,0.901493,0,0.000173,0.001266,1.028254,10.110966,1.516645,0.625000,0.000000,0.000000
281,10.441849,0.000000,0.999218,0.000000,0.000000,1.000000,0.910347,0,0.000240,0.001064,0.919218,10.251998,1.537800,0.625000,0.000000,0.000000
282,10.624275,0.000000,0.997817,0.000000,0.000000,1.000000,0.915610,0,0.000425,0.001442,0.817520,10.439183,1.565877,0.625000,0.000000,0.000000
283,10.461136,0.000000,1.000931,0.000000,0.000000,1.000000,0.921228,0,0.000363,0.001324,0.730963,10.253290,1.537993,0.625000,0.000000,0.000000
284,10.372151,0.000000,1.001066,0.000000,0.000000,1.000000,0.925144,0,0.000236,0.001640,0.651843,10.174050,1.526107,0.625000,0.000000,0.000000
285,10.685545,0.000000,1.001279,0.000000,0.000000,1.000000,0.928603,0,0.000256,0.001297,0.586735,10.521196,1.578179,0.625000,0.000000,0.000000
286,10.432044,0.000000,1.001267,0.000000,0.000000,1.000000,0.932051,0,0.000250,0.001235,0.529771,10.324203,1.548630,0.625000,0.000000,0.000000
287,10.453097,0.000000,1.001748,0.000000,0.000000,1.000000,0.935680,0,0.000418,0.001256,0.481048,10.305007,1.545751,0.625000,0.000000,0.000000
288,10.386829,0.000000,1.002016,0.000000,0.000000,1.000000,0.938579,0,0.000181,0.001655,0.440019,10.233737,1.535061,0.625000,0.000000,0.000000
289,10.422872,0.000000,1.002203,0.000000,0.000000,1.000000,0.941632,0,0.000184,0.001335,0.401769,10.234525,1.535179,0.625000,0.000000,0.000000
290,10.287486,0.000000,1.000791,0.000000,0.000000,1.000000,0.944624,0,0.000172,0.002128,0.371983,10.094140,1.514121,0.625000,0.000000,0.000000
291,10.334214,0.000000,1.002863,0.000000,0.000000,1.000000,0.946453,0,0.000208,0.001346,0.350843,10.085119,1.512768,0.625000,0.000000,0.000000
292,10.618516,0.000000,1.002920,0.000000,0.000000,1.000000,0.948522,0,0.000393,0.001081,0.327070,10.401668,1.560250,0.625000,0.000000,0.000000
293,10.537877,0.000000,1.002929,0.000000,0.000000,1.000000,0.950723,0,0.000452,0.001385,0.306812,10.321032,1.548155,0.625000,0.000000,0.000000
294,10.432582,0.000000,1.002169,0.000000,0.000000,1.000000,0.952229,0,0.000187,0.001177,0.288315,10.178991,1.526849,0.625000,0.000000,0.000000
295,10.696237,0.000000,1.002721,0.000000,0.000000,1.000000,0.954766,0,0.000213,0.001626,0.271689,10.473389,1.571008,0.625000,0.000000,0.000000
296,10.634035,0.000000,1.002200,0.000000,0.000000,1.000000,0.956222,0,0.000177,0.001543,0.255800,10.352431,1.552865,0.625000,0.000000,0.000000
297,10.698422,0.000000,1.002468,0.000000,0.000000,1.000000,0.958949,0,0.000244,0.001227,0.238478,10.390831,1.558625,0.625000,0.000000,0.000000
298,10.614008,0.000000,1.002792,0.000000,0.000000,1.000000,0.961621,0,0.000182,0.001272,0.222685,10.334661,1.550199,0.625000,0.000000,0.000000
299,10.588999,0.000000,1.001618,0.000000,0.000000,1.000000,0.963234,0,0.000198,0.001495,0.210744,10.278655,1.541798,0.625000,0.000000,0.000000
300,10.340222,0.001796,1.002649,0.000000,0.000000,1.000000,0.784215,1,0.000184,0.001660,3.174708,10.215089,1.532263,0.625000,0.000000,0.000000
301,10.257093,0.001652,1.002834,0.000000,0.000000,1.000000,0.799275,1,0.000229,0.001465,2.838854,10.144465,1.521670,0.625000,0.000000,0.000000
302,10.487640,0.001163,1.002958,0.000000,0.000000,1.000000,0.813426,1,0.000159,0.001266,2.536847,10.386285,1.557943,0.625000,0.000000,0.000000
303,10.421109,0.001224,1.003123,0.000000,0.000000,1.000000,0.827219,1,0.000153,0.001292,2.268780,10.329752,1.549463,0.625000,0.000000,0.000000
304,10.289836,0.001242,1.003225,0.000000,0.000000,1.000000,0.840263,1,0.000092,0.001185,2.027915,10.207480,1.531122,0.625000,0.000000,0.000000
305,10.539775,0.001127,1.003397,0.000000,0.000000,1.000000,0.850789,1,0.000170,0.001558,1.813956,10.465426,1.569814,0.625000,0.000000,0.000000
306,10.409485,0.001290,1.003515,0.000000,0.000000,1.000000,0.862482,1,0.000153,0.001452,1.620886,10.342379,1.551357,0.625000,0.000000,0.000000
307,10.470036,0.001322,1.003757,0.000000,0.000000,1.000000,0.872406,1,0.000149,0.001424,1.448094,10.409427,1.561414,0.625000,0.000000,0.000000
308,10.335866,0.000000,0.994830,0.000000,0.000000,1.000000,0.882662,0,0.000235,0.001307,1.289532,10.281279,1.542192,0.625000,0.000000,0.000000
309,10.426385,0.000000,0.995643,0.000000,0.000000,1.000000,0.892857,0,0.000183,0.001538,1.152093,10.313797,1.547070,0.625000,0.000000,0.000000
310,10.316795,0.000000,0.996425,0.000000,0.000000,1.000000,0.901493,0,0.000178,0.001143,1.028254,10.179197,1.526880,0.625000,0.000000,0.000000
311,10.335852,0.000000,0.999218,0.000000,0.000000,1.000000,0.910347,0,0.000174,0.001607,0.919218,10.146006,1.521901,0.625000,0.000000,0.000000
312,10.696171,0.000000,0.997817,0.000000,0.000000,1.000000,0.915610,0,0.000189,0.001300,0.817520,10.511079,1.576662,0.625000,0.000000,0.000000
313,10.474365,0.000000,1.000931,0.000000,0.000000,1.000000,0.921228,0,0.000421,0.001621,0.730963,10.266514,1.539977,0.625000,0.000000,0.000000
314,10.405919,0.000000,1.001066,0.000000,0.000000,1.000000,0.925144,0,0.000152,0.001175,0.651843,10.207827,1.531174,0.625000,0.000000,0.000000
315,10.723128,0.000000,1.001279,0.000000,0.000000,1.000000,0.928603,0,0.000292,0.001334,0.586735,10.558777,1.583817,0.625000,0.000000,0.000000
316,10.401071,0.000000,1.001267,0.000000,0.000000,1.000000,0.932051,0,0.000269,0.001417,0.529771,10.293222,1.543983,0.625000,0.000000,0.000000
317,10.544116,0.000000,1.001748,0.000000,0.000000,1.000000,0.935680,0,0.000209,0.001750,0.481048,10.396030,1.559404,0.625000,0.000000,0.000000
318,10.419871,0.000000,1.002016,0.000000,0.000000,1.000000,0.938579,0,0.000169,0.001532,0.440019,10.266779,1.540017,0.625000,0.000000,0.000000
319,10.431487,0.000000,1.002203,0.000000,0.000000,1.000000,0.941632,0,0.000169,0.001470,0.401769,10.243143,1.536472,0.625000,0.000000,0.000000
320,10.386659,0.000000,1.000791,0.000000,0.000000,1.000000,0.944624,0,0.000164,0.001272,0.371983,10.193314,1.528997,0.625000,0.000000,0.000000
321,10.416957,0.000000,1.002863,0.000000,0.000000,1.000000,0.946453,0,0.000151,0.001088,0.350843,10.167861,1.525179,0.625000,0.000000,0.000000
322,10.633414,0.000000,1.002920,0.000000,0.000000,1.000000,0.948522,0,0.000161,0.001728,0.327070,10.416569,1.562485,0.625000,0.000000,0.000000
323,10.555195,0.000000,1.002929,0.000000,0.000000,1.000000,0.950723,0,0.000180,0.001120,0.306812,10.338350,1.550753,0.625000,0.000000,0.000000
324,10.511318,0.000000,1.002169,0.000000,0.000000,1.000000,0.952229,0,0.000154,0.001824,0.288315,10.257725,1.538659,0.625000,0.000000,0.000000
325,10.711373,0.000000,1.002721,0.000000,0.000000,1.000000,0.954766,0,0.000160,0.001252,0.271689,10.488523,1.573279,0.625000,0.000000,0.000000
326,10.650028,0.000000,1.002200,0.000000,0.000000,1.000000,0.956222,0,0.000163,0.001165,0.255800,10.368432,1.555265,0.625000,0.000000,0.000000
327,10.761873,0.000000,1.002468,0.000000,0.000000,1.000000,0.958949,0,0.000215,0.001576,0.238478,10.454279,1.568142,0.625000,0.000000,0.000000
328,10.645412,0.000000,1.002792,0.000000,0.000000,1.000000,0.961621,0,0.000279,0.001502,0.222685,10.366070,1.554910,0.625000,0.000000,0.000000
329,10.678912,0.000000,1.001618,0.000000,0.000000,1.000000,0.963234,0,0.000217,0.001051,0.210744,10.368568,1.555285,0.625000,0.000000,0.000000
330,10.357788,0.001662,1.002649,0.000000,0.000000,1.000000,0.784215,1,0.000195,0.001695,3.174708,10.232656,1.534898,0.625000,0.000000,0.000000
331,10.290119,0.001636,1.002834,0.000000,0.000000,1.000000,0.799275,1,0.000250,0.001058,2.838854,10.177480,1.526622,0.625000,0.000000,0.000000
332,10.578253,0.001467,1.002958,0.000000,0.000000,1.000000,0.813426,1,0.000150,0.001308,2.536847,10.476887,1.571533,0.625000,0.000000,0.000000
333,10.435658,0.001462,1.003123,0.000000,0.000000,1.000000,0.827219,1,0.000186,0.001165,2.268780,10.344288,1.551643,0.625000,0.000000,0.000000
334,10.311053,0.001485,1.003225,0.000000,0.000000,1.000000,0.840263,1,0.000152,0.001406,2.027915,10.228685,1.534303,0.625000,0.000000,0.000000
335,10.610511,0.001318,1.003397,0.000000,0.000000,1.000000,0.850789,1,0.000160,0.000916,1.813956,10.536149,1.580422,0.625000,0.000000,0.000000
336,10.460699,0.001264,1.003515,0.000000,0.000000,1.000000,0.862482,1,0.000161,0.001477,1.620886,10.393591,1.559039,0.625000,0.000000,0.000000
337,10.531227,0.001267,1.003757,0.000000,0.000000,1.000000,0.872406,1,0.000366,0.001680,1.448094,10.470618,1.570593,0.625000,0.000000,0.000000
338,10.505253,0.000000,0.994830,0.000000,0.000000,1.000000,0.882662,0,0.000179,0.001098,1.289532,10.450649,1.567597,0.625000,0.000000,0.000000
339,10.441899,0.000000,0.995643,0.000000,0.000000,1.000000,0.892857,0,0.000277,0.001246,1.152093,10.329309,1.549396,0.625000,0.000000,0.000000
340,10.348414,0.000000,0.996425,0.000000,0.000000,1.000000,0.901493,0,0.000174,0.001072,1.028254,10.210817,1.531623,0.625000,0.000000,0.000000
341,10.348977,0.000000,0.999218,0.000000,0.000000,1.000000,0.910347,0,0.000161,0.001066,0.919218,10.159122,1.523868,0.625000,0.000000,0.000000
342,10.642396,0.000000,0.997817,0.000000,0.000000,1.000000,0.915610,0,0.000212,0.001112,0.817520,10.457302,1.568595,0.625000,0.000000,0.000000
343,10.556453,0.000000,1.000931,0.000000,0.000000,1.000000,0.921228,0,0.000172,0.001023,0.730963,10.348609,1.552291,0.625000,0.000000,0.000000
344,10.485042,0.000000,1.001066,0.000000,0.000000,1.000000,0.925144,0,0.000154,0.001059,0.651843,10.286946,1.543042,0.625000,0.000000,0.000000
345,10.683020,0.000000,1.001279,0.000000,0.000000,1.000000,0.928603,0,0.000155,0.001262,0.586735,10.518680,1.577802,0.625000,0.000000,0.000000
346,10.469473,0.000000,1.001267,0.000000,0.000000,1.000000,0.932051,0,0.000154,0.001111,0.529771,10.361629,1.554244,0.625000,0.000000,0.000000
347,10.531230,0.000000,1.001748,0.000000,0.000000,1.000000,0.935680,0,0.000163,0.001478,0.481048,10.383139,1.557471,0.625000,0.000000,0.000000
348,10.437837,0.000000,1.002016,0.000000,0.000000,1.000000,0.938579,0,0.000295,0.001134,0.440019,10.284747,1.542712,0.625000,0.000000,0.000000
349,10.491404,0.000000,1.002203,0.000000,0.000000,1.000000,0.941632,0,0.000159,0.000997,0.401769,10.303065,1.545460,0.625000,0.000000,0.000000
350,10.374901,0.000000,1.000791,0.000000,0.000000,1.000000,0.944624,0,0.000166,0.001500,0.371983,10.181562,1.527234,0.625000,0.000000,0.000000
351,10.398956,0.000000,1.002863,0.000000,0.000000,1.000000,0.946453,0,0.000162,0.001345,0.350843,10.149861,1.522479,0.625000,0.000000,0.000000
352,10.666806,0.000000,1.002920,0.000000,0.000000,1.000000,0.948522,0,0.000402,0.001260,0.327070,10.449948,1.567492,0.625000,0.000000,0.000000
353,10.496845,0.000000,1.002929,0.000000,0.000000,1.000000,0.950723,0,0.000162,0.001351,0.306812,10.280000,1.542000,0.625000,0.000000,0.000000
354,10.399835,0.000000,1.002169,0.000000,0.000000,1.000000,0.952229,0,0.000347,0.000990,0.288315,10.146239,1.521936,0.625000,0.000000,0.000000
355,10.649871,0.000000,1.002721,0.000000,0.000000,1.000000,0.954766,0,0.000165,0.001285,0.271689,10.427027,1.564054,0.625000,0.000000,0.000000
356,10.630088,0.000000,1.002200,0.000000,0.000000,1.000000,0.956222,0,0.000165,0.001494,0.255800,10.348496,1.552274,0.625000,0.000000,0.000000
357,10.602972,0.000000,1.002468,0.000000,0.000000,1.000000,0.958949,0,0.000277,0.001272,0.238478,10.295370,1.544306,0.625000,0.000000,0.000000
358,10.508508,0.000000,1.002792,0.000000,0.000000,1.000000,0.961621,0,0.000169,0.001326,0.222685,10.229160,1.534374,0.625000,0.000000,0.000000
359,10.466031,0.000000,1.001618,0.000000,0.000000,1.000000,0.963234,0,0.000155,0.001591,0.210744,10.155686,1.523353,0.625000,0.000000,0.000000
360,10.193623,0.001230,1.002649,0.000000,0.000000,1.000000,0.784215,1,0.000262,0.001536,3.174708,10.068515,1.510277,0.625000,0.000000,0.000000
361,10.137882,0.001200,1.002834,0.000000,0.000000,1.000000,0.799275,1,0.000155,0.001717,2.838854,10.025280,1.503792,0.625000,0.000000,0.000000
362,10.483294,0.001292,1.002958,0.000000,0.000000,1.000000,0.813426,1,0.000416,0.001267,2.536847,10.381934,1.557290,0.625000,0.000000,0.000000
363,10.370153,0.001429,1.003123,0.000000,0.000000,1.000000,0.827219,1,0.000165,0.001214,2.268780,10.278787,1.541818,0.625000,0.000000,0.000000
364,10.200884,0.001131,1.003225,0.000000,0.000000,1.000000,0.840263,1,0.000161,0.001759,2.027915,10.118533,1.517780,0.625000,0.000000,0.000000
365,10.521248,0.001142,1.003397,0.000000,0.000000,1.000000,0.850789,1,0.000163,0.001702,1.813956,10.446900,1.567035,0.625000,0.000000,0.000000
366,10.407502,0.001445,1.003515,0.000000,0.000000,1.000000,0.862482,1,0.000154,0.001841,1.620886,10.340387,1.551058,0.625000,0.000000,0.000000
367,10.428781,0.001379,1.003757,0.000000,0.000000,1.000000,0.872406,1,0.000157,0.001027,1.448094,10.368171,1.555226,0.625000,0.000000,0.000000
368,10.345454,0.000000,0.994830,0.000000,0.000000,1.000000,0.882662,0,0.000158,0.001048,1.289532,10.290861,1.543629,0.625000,0.000000,0.000000
369,10.440546,0.000000,0.995643,0.000000,0.000000,1.000000,0.892857,0,0.000332,0.001348,1.152093,10.327953,1.549193,0.625000,0.000000,0.000000
370,10.331681,0.000000,0.996425,0.000000,0.000000,1.000000,0.901493,0,0.000177,0.001607,1.028254,10.194093,1.529114,0.625000,0.000000,0.000000
371,10.274060,0.000000,0.999218,0.000000,0.000000,1.000000,0.910347,0,0.000265,0.001354,0.919218,10.084220,1.512633,0.625000,0.000000,0.000000
372,10.553947,0.000000,0.997817,0.000000,0.000000,1.000000,0.915610,0,0.000160,0.001510,0.817520,10.368851,1.555328,0.625000,0.000000,0.000000
373,10.451210,0.000000,1.000931,0.000000,0.000000,1.000000,0.921228,0,0.000174,0.001430,0.730963,10.243362,1.536504,0.625000,0.000000,0.000000
374,10.374018,0.000000,1.001066,0.000000,0.000000,1.000000,0.925144,0,0.000173,0.001185,0.651843,10.175921,1.526388,0.625000,0.000000,0.000000
375,10.681566,0.000000,1.001279,0.000000,0.000000,1.000000,0.928603,0,0.000172,0.001033,0.586735,10.517222,1.577583,0.625000,0.000000,0.000000
376,10.413058,0.000000,1.001267,0.000000,0.000000,1.000000,0.932051,0,0.000174,0.001634,0.529771,10.305214,1.545782,0.625000,0.000000,0.000000
377,10.461719,0.000000,1.001748,0.000000,0.000000,1.000000,0.935680,0,0.000339,0.001504,0.481048,10.313627,1.547044,0.625000,0.000000,0.000000
378,10.360776,0.000000,1.002016,0.000000,0.000000,1.000000,0.938579,0,0.000176,0.001174,0.440019,10.207677,1.531152,0.625000,0.000000,0.000000
379,10.390067,0.000000,1.002203,0.000000,0.000000,1.000000,0.941632,0,0.000207,0.001457,0.401769,10.201716,1.530257,0.625000,0.000000,0.000000
380,10.360234,0.000000,1.000791,0.000000,0.000000,1.000000,0.944624,0,0.000153,0.001644,0.371983,10.166889,1.525033,0.625000,0.000000,0.000000
381,10.379917,0.000000,1.002863,0.000000,0.000000,1.000000,0.946453,0,0.000327,0.001459,0.350843,10.130825,1.519624,0.625000,0.000000,0.000000
382,10.619528,0.000000,1.002920,0.000000,0.000000,1.000000,0.948522,0,0.000154,0.001631,0.327070,10.402679,1.560402,0.625000,0.000000,0.000000
383,10.471251,0.000000,1.002929,0.000000,0.000000,1.000000,0.950723,0,0.000277,0.001292,0.306812,10.254407,1.538161,0.625000,0.000000,0.000000
384,10.467128,0.000000,1.002169,0.000000,0.000000,1.000000,0.952229,0,0.000384,0.001180,0.288315,10.213535,1.532030,0.625000,0.000000,0.000000
385,10.666598,0.000000,1.002721,0.000000,0.000000,1.000000,0.954766,0,0.000160,0.001294,0.271689,10.443751,1.566563,0.625000,0.000000,0.000000
386,10.552875,0.000000,1.002200,0.000000,0.000000,1.000000,0.956222,0,0.000383,0.001202,0.255800,10.271281,1.540692,0.625000,0.000000,0.000000
387,10.655761,0.000000,1.002468,0.000000,0.000000,1.000000,0.958949,0,0.000398,0.001653,0.238478,10.348170,1.552226,0.625000,0.000000,0.000000
388,10.498383,0.000000,1.002792,0.000000,0.000000,1.000000,0.961621,0,0.000320,0.001273,0.222685,10.219037,1.532856,0.625000,0.000000,0.000000
389,10.437676,0.000000,1.001618,0.000000,0.000000,1.000000,0.963234,0,0.000151,0.001182,0.210744,10.127332,1.519100,0.625000,0.000000,0.000000
390,10.271784,0.001667,1.002649,0.000000,0.000000,1.000000,0.784215,1,0.000165,0.001572,3.174708,10.146652,1.521998,0.625000,0.000000,0.000000
391,10.222763,0.001431,1.002834,0.000000,0.000000,1.000000,0.799275,1,0.000159,0.001315,2.838854,10.110151,1.516523,0.625000,0.000000,0.000000
392,10.526642,0.001412,1.002958,0.000000,0.000000,1.000000,0.813426,1,0.000166,0.001728,2.536847,10.425280,1.563792,0.625000,0.000000,0.000000
393,10.437777,0.001418,1.003123,0.000000,0.000000,1.000000,0.827219,1,0.000155,0.001153,2.268780,10.346411,1.551962,0.625000,0.000000,0.000000
394,10.342074,0.001446,1.003225,0.000000,0.000000,1.000000,0.840263,1,0.000356,0.001578,2.027915,10.259710,1.538956,0.625000,0.000000,0.000000
395,10.669923,0.001526,1.003397,0.000000,0.000000,1.000000,0.850789,1,0.000162,0.001440,1.813956,10.595550,1.589333,0.625000,0.000000,0.000000
396,10.295543,0.001425,1.003515,0.000000,0.000000,1.000000,0.862482,1,0.000343,0.001190,1.620886,10.228426,1.534264,0.625000,0.000000,0.000000
397,10.409619,0.001546,1.003757,0.000000,0.000000,1.000000,0.872406,1,0.000324,0.001162,1.448094,10.348996,1.552349,0.625000,0.000000,0.000000
398,10.422823,0.000000,0.994830,0.000000,0.000000,1.000000,0.882662,0,0.000391,0.001499,1.289532,10.368229,1.555234,0.625000,0.000000,0.000000
399,10.418864,0.000000,0.995643,0.000000,0.000000,1.000000,0.892857,0,0.000302,0.001594,1.152093,10.306258,1.545939,0.625000,0.000000,0.000000
400,10.315313,0.000000,0.996425,0.000000,0.000000,1.000000,0.901493,0,0.000168,0.001073,1.028254,10.177723,1.526658,0.625000,0.000000,0.000000
401,10.328698,0.000000,0.999218,0.000000,0.000000,1.000000,0.910347,0,0.000186,0.001429,0.919218,10.138857,1.520829,0.625000,0.000000,0.000000
402,10.599359,0.000000,0.997817,0.000000,0.000000,1.000000,0.915610,0,0.000179,0.001456,0.817520,10.414270,1.562141,0.625000,0.000000,0.000000
403,10.565471,0.000000,1.000931,0.000000,0.000000,1.000000,0.921228,0,0.000185,0.001191,0.730963,10.357627,1.553644,0.625000,0.000000,0.000000
404,10.427861,0.000000,1.001066,0.000000,0.000000,1.000000,0.925144,0,0.000204,0.001491,0.651843,10.229762,1.534464,0.625000,0.000000,0.000000
405,10.639834,0.000000,1.001279,0.000000,0.000000,1.000000,0.928603,0,0.000357,0.001008,0.586735,10.475494,1.571324,0.625000,0.000000,0.000000
406,10.451172,0.000000,1.001267,0.000000,0.000000,1.000000,0.932051,0,0.000264,0.001275,0.529771,10.343325,1.551499,0.625000,0.000000,0.000000
407,10.554780,0.000000,1.001748,0.000000,0.000000,1.000000,0.935680,0,0.000403,0.001597,0.481048,10.406686,1.561003,0.625000,0.000000,0.000000
408,10.505305,0.000000,1.002016,0.000000,0.000000,1.000000,0.938579,0,0.000200,0.001349,0.440019,10.352212,1.552832,0.625000,0.000000,0.000000
409,10.557032,0.000000,1.002203,0.000000,0.000000,1.000000,0.941632,0,0.000347,0.001258,0.401769,10.368685,1.555303,0.625000,0.000000,0.000000
410,10.372293,0.000000,1.000791,0.000000,0.000000,1.000000,0.944624,0,0.000451,0.001662,0.371983,10.178943,1.526842,0.625000,0.000000,0.000000
411,10.400348,0.000000,1.002863,0.000000,0.000000,1.000000,0.946453,0,0.000236,0.001119,0.350843,10.151254,1.522688,0.625000,0.000000,0.000000
412,10.613664,0.000000,1.002920,0.000000,0.000000,1.000000,0.948522,0,0.000174,0.001109,0.327070,10.396819,1.559523,0.625000,0.000000,0.000000
413,10.491338,0.000000,1.002929,0.000000,0.000000,1.000000,0.950723,0,0.000174,0.001384,0.306812,10.274492,1.541174,0.625000,0.000000,0.000000
414,10.366955,0.000000,1.002169,0.000000,0.000000,1.000000,0.952229,0,0.000363,0.001323,0.288315,10.113357,1.517004,0.625000,0.000000,0.000000
415,10.681381,0.000000,1.002721,0.000000,0.000000,1.000000,0.954766,0,0.000281,0.001516,0.271689,10.458531,1.568780,0.625000,0.000000,0.000000
416,10.609901,0.000000,1.002200,0.000000,0.000000,1.000000,0.956222,0,0.000355,0.001285,0.255800,10.328299,1.549245,0.625000,0.000000,0.000000
417,10.669520,0.000000,1.002562,0.000000,0.000000,1.000000,0.958949,0,0.000243,0.001479,0.238478,10.361928,1.554289,0.625000,0.000000,0.000000
418,10.544049,0.000000,1.002735,0.000000,0.000000,1.000000,0.961772,0,0.000178,0.001300,0.223640,10.265706,1.539856,0.625000,0.000000,0.000000
419,10.592212,0.000000,1.001618,0.000000,0.000000,1.000000,0.963298,0,0.000165,0.001292,0.211186,10.281860,1.542279,0.625000,0.000000,0.000000
420,10.282895,0.001580,1.002649,0.000000,0.000000,1.000000,0.784215,1,0.000174,0.001653,3.174708,10.157767,1.523665,0.625000,0.000000,0.000000
421,10.126410,0.001499,1.002834,0.000000,0.000000,1.000000,0.799275,1,0.000222,0.001652,2.838854,10.013789,1.502068,0.625000,0.000000,0.000000
422,10.472542,0.001551,1.002958,0.000000,0.000000,1.000000,0.813426,1,0.000151,0.001455,2.536847,10.371167,1.555675,0.625000,0.000000,0.000000
423,10.407001,0.001566,1.003123,0.000000,0.000000,1.000000,0.827219,1,0.000154,0.001666,2.268780,10.315625,1.547344,0.625000,0.000000,0.000000
424,10.305164,0.001627,1.003225,0.000000,0.000000,1.000000,0.840263,1,0.000230,0.001151,2.027915,10.222784,1.533418,0.625000,0.000000,0.000000
425,10.509882,0.001281,1.003397,0.000000,0.000000,1.000000,0.850789,1,0.000154,0.001258,1.813956,10.435519,1.565328,0.625000,0.000000,0.000000
426,10.376931,0.001363,1.003515,0.000000,0.000000,1.000000,0.862482,1,0.000150,0.001906,1.620886,10.309816,1.546472,0.625000,0.000000,0.000000
427,10.392331,0.001167,1.003757,0.000000,0.000000,1.000000,0.872406,1,0.000158,0.001307,1.448094,10.331725,1.549759,0.625000,0.000000,0.000000
428,10.298383,0.000000,0.994830,0.000000,0.000000,1.000000,0.882662,0,0.000172,0.001319,1.289532,10.243793,1.536569,0.625000,0.000000,0.000000
429,10.282850,0.000000,0.995643,0.000000,0.000000,1.000000,0.892857,0,0.000209,0.001264,1.152093,10.170251,1.525538,0.625000,0.000000,0.000000
430,10.175381,0.000000,0.996425,0.000000,0.000000,1.000000,0.901493,0,0.000162,0.001571,1.028254,10.037783,1.505668,0.625000,0.000000,0.000000
431,10.220251,0.000000,0.999218,0.000000,0.000000,1.000000,0.910347,0,0.000166,0.001409,0.919218,10.030409,1.504561,0.625000,0.000000,0.000000
432,10.556037,0.000000,0.997817,0.000000,0.000000,1.000000,0.915610,0,0.000444,0.001386,0.817520,10.370937,1.555641,0.625000,0.000000,0.000000
433,10.387194,0.000000,1.000931,0.000000,0.000000,1.000000,0.921228,0,0.000188,0.001135,0.730963,10.179343,1.526901,0.625000,0.000000,0.000000
434,10.298373,0.000000,1.001066,0.000000,0.000000,1.000000,0.925144,0,0.000169,0.001260,0.651843,10.100274,1.515041,0.625000,0.000000,0.000000
435,10.556007,0.000000,1.001279,0.000000,0.000000,1.000000,0.928603,0,0.000179,0.001139,0.586735,10.391661,1.558749,0.625000,0.000000,0.000000
436,10.350481,0.000000,1.001267,0.000000,0.000000,1.000000,0.932051,0,0.000198,0.001265,0.529771,10.242637,1.536395,0.625000,0.000000,0.000000
437,10.398801,0.000000,1.001748,0.000000,0.000000,1.000000,0.935680,0,0.000408,0.000979,0.481048,10.250704,1.537606,0.625000,0.000000,0.000000
438,10.478406,0.000000,1.002016,0.000000,0.000000,1.000000,0.938579,0,0.000462,0.001726,0.440019,10.325318,1.548798,0.625000,0.000000,0.000000
439,10.462939,0.000000,1.002203,0.000000,0.000000,1.000000,0.941632,0,0.000172,0.001260,0.401769,10.274596,1.541189,0.625000,0.000000,0.000000
440,10.418899,0.000000,1.000791,0.000000,0.000000,1.000000,0.944624,0,0.000226,0.001407,0.371983,10.225555,1.533833,0.625000,0.000000,0.000000
441,10.393459,0.000000,1.002863,0.000000,0.000000,1.000000,0.946453,0,0.000314,0.001322,0.350843,10.144365,1.521655,0.625000,0.000000,0.000000
442,10.722324,0.000000,1.002920,0.000000,0.000000,1.000000,0.948522,0,0.000188,0.001401,0.327070,10.505479,1.575822,0.625000,0.000000,0.000000
443,10.445091,0.000000,1.002929,0.000000,0.000000,1.000000,0.950723,0,0.000188,0.001232,0.306812,10.228249,1.534237,0.625000,0.000000,0.000000
444,10.466339,0.000000,1.002169,0.000000,0.000000,1.000000,0.952229,0,0.000175,0.001367,0.288315,10.212747,1.531912,0.625000,0.000000,0.000000
445,10.684401,0.000000,1.002721,0.000000,0.000000,1.000000,0.954766,0,0.000361,0.001827,0.271689,10.461558,1.569234,0.625000,0.000000,0.000000
446,10.620661,0.000000,1.002200,0.000000,0.000000,1.000000,0.956222,0,0.000475,0.001242,0.255800,10.339068,1.550860,0.625000,0.000000,0.000000
447,10.662207,0.000000,1.002468,0.000000,0.000000,1.000000,0.958949,0,0.000181,0.001339,0.238478,10.354609,1.553191,0.625000,0.000000,0.000000
448,10.509156,0.000000,1.002792,0.000000,0.000000,1.000000,0.961621,0,0.000183,0.001720,0.222685,10.229810,1.534471,0.625000,0.000000,0.000000
449,10.552345,0.000000,1.001618,0.000000,0.000000,1.000000,0.963234,0,0.000173,0.001521,0.210744,10.241999,1.536300,0.625000,0.000000,0.000000
450,10.176624,0.001406,1.002649,0.000000,0.000000,1.000000,0.784215,1,0.000185,0.001626,3.174708,10.051508,1.507726,0.625000,0.000000,0.000000
451,10.232619,0.001529,1.002834,0.000000,0.000000,1.000000,0.799275,1,0.000190,0.001758,2.838854,10.120000,1.518000,0.625000,0.000000,0.000000
452,10.550568,0.001459,1.002958,0.000000,0.000000,1.000000,0.813426,1,0.000180,0.001117,2.536847,10.449200,1.567380,0.625000,0.000000,0.000000
453,10.382133,0.001261,1.003123,0.000000,0.000000,1.000000,0.827219,1,0.000155,0.001094,2.268780,10.290780,1.543617,0.625000,0.000000,0.000000
454,10.244725,0.001362,1.003225,0.000000,0.000000,1.000000,0.840263,1,0.000152,0.001355,2.027915,10.162365,1.524355,0.625000,0.000000,0.000000
455,10.519125,0.001219,1.003397,0.000000,0.000000,1.000000,0.850789,1,0.000282,0.001685,1.813956,10.444772,1.566716,0.625000,0.000000,0.000000
456,10.391145,0.001376,1.003515,0.000000,0.000000,1.000000,0.862482,1,0.000165,0.001164,1.620886,10.324031,1.548605,0.625000,0.000000,0.000000
457,10.418229,0.001374,1.003757,0.000000,0.000000,1.000000,0.872406,1,0.000160,0.001429,1.448094,10.357614,1.553642,0.625000,0.000000,0.000000
458,10.322707,0.000000,0.994830,0.000000,0.000000,1.000000,0.882662,0,0.000180,0.001352,1.289532,10.268115,1.540217,0.625000,0.000000,0.000000
459,10.295546,0.000000,0.995643,0.000000,0.000000,1.000000,0.892857,0,0.000385,0.001018,1.152093,10.182951,1.527443,0.625000,0.000000,0.000000
460,10.250248,0.000000,0.996425,0.000000,0.000000,1.000000,0.901493,0,0.000184,0.001009,1.028254,10.112650,1.516897,0.625000,0.000000,0.000000
461,10.297938,0.000000,0.999218,0.000000,0.000000,1.000000,0.910347,0,0.000162,0.001466,0.919218,10.108090,1.516214,0.625000,0.000000,0.000000
462,10.551469,0.000000,0.997817,0.000000,0.000000,1.000000,0.915610,0,0.000266,0.001024,0.817520,10.366375,1.554956,0.625000,0.000000,0.000000
463,10.497960,0.000000,1.000931,0.000000,0.000000,1.000000,0.921228,0,0.000252,0.001463,0.730963,10.290114,1.543517,0.625000,0.000000,0.000000
464,10.411808,0.000000,1.001066,0.000000,0.000000,1.000000,0.925144,0,0.000231,0.001428,0.651843,10.213707,1.532056,0.625000,0.000000,0.000000
465,10.595799,0.000000,1.001279,0.000000,0.000000,1.000000,0.928603,0,0.000179,0.001667,0.586735,10.431455,1.564718,0.625000,0.000000,0.000000
466,10.484912,0.000000,1.001267,0.000000,0.000000,1.000000,0.932051,0,0.000418,0.001119,0.529771,10.377071,1.556561,0.625000,0.000000,0.000000
467,10.596787,0.000000,1.001748,0.000000,0.000000,1.000000,0.935680,0,0.000183,0.001345,0.481048,10.448699,1.567305,0.625000,0.000000,0.000000
468,10.399518,0.000000,1.002016,0.000000,0.000000,1.000000,0.938579,0,0.000171,0.001340,0.440019,10.246423,1.536963,0.625000,0.000000,0.000000
469,10.439986,0.000000,1.002203,0.000000,0.000000,1.000000,0.941632,0,0.000189,0.001180,0.401769,10.251646,1.537747,0.625000,0.000000,0.000000
470,10.350130,0.000000,1.000791,0.000000,0.000000,1.000000,0.944624,0,0.000180,0.001685,0.371983,10.156784,1.523518,0.625000,0.000000,0.000000
471,10.422302,0.000000,1.002863,0.000000,0.000000,1.000000,0.946453,0,0.000212,0.001364,0.350843,10.173217,1.525983,0.625000,0.000000,0.000000
472,10.683698,0.000000,1.002920,0.000000,0.000000,1.000000,0.948522,0,0.000217,0.001468,0.327070,10.466855,1.570028,0.625000,0.000000,0.000000
473,10.489469,0.000000,1.002929,0.000000,0.000000,1.000000,0.950723,0,0.000211,0.001362,0.306812,10.272619,1.540893,0.625000,0.000000,0.000000
474,10.385858,0.000000,1.002169,0.000000,0.000000,1.000000,0.952229,0,0.000337,0.001345,0.288315,10.132259,1.519839,0.625000,0.000000,0.000000
475,10.630278,0.000000,1.002721,0.000000,0.000000,1.000000,0.954766,0,0.000182,0.001229,0.271689,10.407432,1.561115,0.625000,0.000000,0.000000
476,10.569170,0.000000,1.002200,0.000000,0.000000,1.000000,0.956222,0,0.000179,0.000930,0.255800,10.287574,1.543136,0.625000,0.000000,0.000000
477,10.693416,0.000000,1.002468,0.000000,0.000000,1.000000,0.958949,0,0.000170,0.001191,0.238478,10.385818,1.557873,0.625000,0.000000,0.000000
478,10.498166,0.000000,1.002792,0.000000,0.000000,1.000000,0.961621,0,0.000193,0.001379,0.222685,10.218820,1.532823,0.625000,0.000000,0.000000
479,10.482384,0.000000,1.001618,0.000000,0.000000,1.000000,0.963234,0,0.000463,0.001748,0.210744,10.172039,1.525806,0.625000,0.000000,0.000000
480,10.262165,0.001397,1.002649,0.000000,0.000000,1.000000,0.784215,1,0.000275,0.001698,3.174708,10.137041,1.520556,0.625000,0.000000,0.000000
481,10.260743,0.001527,1.002834,0.000000,0.000000,1.000000,0.799275,1,0.000161,0.001314,2.838854,10.148118,1.522218,0.625000,0.000000,0.000000
482,10.475890,0.001594,1.002958,0.000000,0.000000,1.000000,0.813426,1,0.000152,0.001348,2.536847,10.374509,1.556176,0.625000,0.000000,0.000000
483,10.324447,0.001405,1.003123,0.000000,0.000000,1.000000,0.827219,1,0.000189,0.001494,2.268780,10.233062,1.534959,0.625000,0.000000,0.000000
484,10.216019,0.001361,1.003225,0.000000,0.000000,1.000000,0.840263,1,0.000155,0.001169,2.027915,10.133647,1.520047,0.625000,0.000000,0.000000
485,10.494786,0.001135,1.003397,0.000000,0.000000,1.000000,0.850789,1,0.000072,0.001098,1.813956,10.420434,1.563065,0.625000,0.000000,0.000000
486,10.366654,0.001200,1.003515,0.000000,0.000000,1.000000,0.862482,1,0.000153,0.001218,1.620886,10.299543,1.544931,0.625000,0.000000,0.000000
487,10.438553,0.001544,1.003757,0.000000,0.000000,1.000000,0.872406,1,0.000209,0.000899,1.448094,10.377929,1.556689,0.625000,0.000000,0.000000
488,10.260222,0.000000,0.994830,0.000000,0.000000,1.000000,0.882662,0,0.000149,0.001142,1.289532,10.205634,1.530845,0.625000,0.000000,0.000000
489,10.303362,0.000000,0.995643,0.000000,0.000000,1.000000,0.892857,0,0.000180,0.001253,1.152093,10.190768,1.528615,0.625000,0.000000,0.000000
490,10.299463,0.000000,0.996425,0.000000,0.000000,1.000000,0.901493,0,0.000190,0.001307,1.028254,10.161859,1.524279,0.625000,0.000000,0.000000
491,10.213450,0.000000,0.999218,0.000000,0.000000,1.000000,0.910347,0,0.000245,0.001903,0.919218,10.023587,1.503538,0.625000,0.000000,0.000000
492,10.530543,0.000000,0.997817,0.000000,0.000000,1.000000,0.915610,0,0.000176,0.001518,0.817520,10.345446,1.551817,0.625000,0.000000,0.000000
493,10.370886,0.000000,1.000931,0.000000,0.000000,1.000000,0.921228,0,0.000156,0.001543,0.730963,10.163033,1.524455,0.625000,0.000000,0.000000
494,10.332261,0.000000,1.001066,0.000000,0.000000,1.000000,0.925144,0,0.000368,0.001124,0.651843,10.134166,1.520125,0.625000,0.000000,0.000000
495,10.641961,0.000000,1.001279,0.000000,0.000000,1.000000,0.928603,0,0.000150,0.001465,0.586735,10.477609,1.571641,0.625000,0.000000,0.000000
496,10.426388,0.000000,1.001267,0.000000,0.000000,1.000000,0.932051,0,0.000166,0.001268,0.529771,10.318540,1.547781,0.625000,0.000000,0.000000
497,10.498089,0.000000,1.001748,0.000000,0.000000,1.000000,0.935680,0,0.000238,0.000948,0.481048,10.349992,1.552499,0.625000,0.000000,0.000000
498,10.415380,0.000000,1.002016,0.000000,0.000000,1.000000,0.938579,0,0.000328,0.001540,0.440019,10.262287,1.539343,0.625000,0.000000,0.000000
499,10.379452,0.000000,1.002203,0.000000,0.000000,1.000000,0.941632,0,0.000280,0.001500,0.401769,10.191105,1.528666,0.625000,0.000000,0.000000
500,10.392980,0.000000,1.000791,0.000000,0.000000,1.000000,0.944624,0,0.000329,0.000908,0.371983,10.199637,1.529945,0.625000,0.000000,0.000000
501,10.311753,0.000000,1.002863,0.000000,0.000000,1.000000,0.946453,0,0.000158,0.000986,0.350843,10.062653,1.509398,0.625000,0.000000,0.000000
502,10.666228,0.000000,1.002920,0.000000,0.000000,1.000000,0.948522,0,0.000372,0.000857,0.327070,10.449369,1.567405,0.625000,0.000000,0.000000
503,10.439920,0.000000,1.002929,0.000000,0.000000,1.000000,0.950723,0,0.000181,0.001362,0.306812,10.223077,1.533461,0.625000,0.000000,0.000000
504,10.467229,0.000000,1.002169,0.000000,0.000000,1.000000,0.952229,0,0.000149,0.001033,0.288315,10.213633,1.532045,0.625000,0.000000,0.000000
505,10.676429,0.000000,1.002721,0.000000,0.000000,1.000000,0.954766,0,0.000251,0.001220,0.271689,10.453576,1.568036,0.625000,0.000000,0.000000
506,10.600510,0.000000,1.002200,0.000000,0.000000,1.000000,0.956222,0,0.000170,0.001435,0.255800,10.318914,1.547837,0.625000,0.000000,0.000000
507,10.661401,0.000000,1.002468,0.000000,0.000000,1.000000,0.958949,0,0.000156,0.001753,0.238478,10.353809,1.553071,0.625000,0.000000,0.000000
508,10.478326,0.000000,1.002792,0.000000,0.000000,1.000000,0.961621,0,0.000151,0.001350,0.222685,10.198981,1.529847,0.625000,0.000000,0.000000
509,10.519368,0.000000,1.001618,0.000000,0.000000,1.000000,0.963234,0,0.000265,0.001264,0.210744,10.209026,1.531354,0.625000,0.000000,0.000000
510,10.279161,0.001391,1.002649,0.000000,0.000000,1.000000,0.784215,1,0.000200,0.001312,3.174708,10.154044,1.523107,0.625000,0.000000,0.000000
511,10.208593,0.001529,1.002834,0.000000,0.000000,1.000000,0.799275,1,0.000165,0.001431,2.838854,10.095972,1.514396,0.625000,0.000000,0.000000
512,10.576470,0.001641,1.002958,0.000000,0.000000,1.000000,0.813426,1,0.000190,0.001278,2.536847,10.475089,1.571263,0.625000,0.000000,0.000000
513,10.460473,0.001285,1.003123,0.000000,0.000000,1.000000,0.827219,1,0.000415,0.001268,2.268780,10.369113,1.555367,0.625000,0.000000,0.000000
514,10.297712,0.001159,1.003225,0.000000,0.000000,1.000000,0.840263,1,0.000175,0.001172,2.027915,10.215358,1.532304,0.625000,0.000000,0.000000
515,10.526672,0.001220,1.003397,0.000000,0.000000,1.000000,0.850789,1,0.000164,0.001310,1.813956,10.452315,1.567847,0.625000,0.000000,0.000000
516,10.419256,0.001118,1.003515,0.000000,0.000000,1.000000,0.862482,1,0.000162,0.001505,1.620886,10.352156,1.552823,0.625000,0.000000,0.000000
517,10.499982,0.001314,1.003757,0.000000,0.000000,1.000000,0.872406,1,0.000153,0.001429,1.448094,10.439356,1.565903,0.625000,0.000000,0.000000
518,10.348033,0.000000,0.994830,0.000000,0.000000,1.000000,0.882662,0,0.000162,0.001678,1.289532,10.293449,1.544017,0.625000,0.000000,0.000000
519,10.492665,0.000000,0.995643,0.000000,0.000000,1.000000,0.892857,0,0.000248,0.001299,1.152093,10.380076,1.557011,0.625000,0.000000,0.000000
520,10.413146,0.000000,0.996425,0.000000,0.000000,1.000000,0.901493,0,0.000155,0.001040,1.028254,10.275548,1.541332,0.625000,0.000000,0.000000
521,10.364318,0.000000,0.999218,0.000000,0.000000,1.000000,0.910347,0,0.000207,0.001478,0.919218,10.174478,1.526172,0.625000,0.000000,0.000000
522,10.616709,0.000000,0.997817,0.000000,0.000000,1.000000,0.915610,0,0.000149,0.001370,0.817520,10.431616,1.564742,0.625000,0.000000,0.000000
523,10.436185,0.000000,1.000931,0.000000,0.000000,1.000000,0.921228,0,0.000148,0.001093,0.730963,10.228343,1.534251,0.625000,0.000000,0.000000
524,10.335916,0.000000,1.001066,0.000000,0.000000,1.000000,0.925144,0,0.000163,0.001296,0.651843,10.137816,1.520672,0.625000,0.000000,0.000000
525,10.540328,0.000000,1.001279,0.000000,0.000000,1.000000,0.928603,0,0.000180,0.001215,0.586735,10.375982,1.556397,0.625000,0.000000,0.000000
526,10.375297,0.000000,1.001267,0.000000,0.000000,1.000000,0.932051,0,0.000400,0.001917,0.529771,10.267455,1.540118,0.625000,0.000000,0.000000
527,10.466037,0.000000,1.001748,0.000000,0.000000,1.000000,0.935680,0,0.000163,0.001727,0.481048,10.317944,1.547692,0.625000,0.000000,0.000000
528,10.436157,0.000000,1.002016,0.000000,0.000000,1.000000,0.938579,0,0.000252,0.001398,0.440019,10.283063,1.542459,0.625000,0.000000,0.000000
529,10.344210,0.000000,1.002203,0.000000,0.000000,1.000000,0.941632,0,0.000160,0.001419,0.401769,10.155866,1.523380,0.625000,0.000000,0.000000
530,10.292406,0.000000,1.000791,0.000000,0.000000,1.000000,0.944624,0,0.000164,0.001417,0.371983,10.099064,1.514860,0.625000,0.000000,0.000000
531,10.206751,0.000000,1.002863,0.000000,0.000000,1.000000,0.946453,0,0.000161,0.001823,0.350843,9.957660,1.493649,0.625000,0.000000,0.000000
532,10.488917,0.000000,1.002920,0.000000,0.000000,1.000000,0.948522,0,0.000161,0.001326,0.327070,10.272071,1.540811,0.625000,0.000000,0.000000
533,10.321232,0.000000,1.002929,0.000000,0.000000,1.000000,0.950723,0,0.000266,0.001573,0.306812,10.104388,1.515658,0.625000,0.000000,0.000000
534,10.318489,0.000000,1.002169,0.000000,0.000000,1.000000,0.952229,0,0.000193,0.001427,0.288315,10.064898,1.509735,0.625000,0.000000,0.000000
535,10.639285,0.000000,1.002721,0.000000,0.000000,1.000000,0.954766,0,0.000391,0.001554,0.271689,10.416439,1.562466,0.625000,0.000000,0.000000
536,10.578191,0.000000,1.002200,0.000000,0.000000,1.000000,0.956222,0,0.000165,0.001474,0.255800,10.296604,1.544491,0.625000,0.000000,0.000000
537,10.624546,0.000000,1.002562,0.000000,0.000000,1.000000,0.958949,0,0.000439,0.001715,0.238478,10.316945,1.547542,0.625000,0.000000,0.000000
538,10.500993,0.000000,1.002735,0.000000,0.000000,1.000000,0.961772,0,0.000301,0.001657,0.223640,10.222647,1.533397,0.625000,0.000000,0.000000
539,10.413721,0.000000,1.001618,0.000000,0.000000,1.000000,0.963298,0,0.000393,0.001189,0.211186,10.103364,1.515505,0.625000,0.000000,0.000000
540,10.205390,0.001527,1.002649,0.000000,0.000000,1.000000,0.784215,1,0.000160,0.001627,3.174708,10.080265,1.512040,0.625000,0.000000,0.000000
541,10.159545,0.001336,1.002834,0.000000,0.000000,1.000000,0.799275,1,0.000184,0.001584,2.838854,10.046927,1.507039,0.625000,0.000000,0.000000
542,10.414747,0.001274,1.002958,0.000000,0.000000,1.000000,0.813426,1,0.000352,0.001165,2.536847,10.313389,1.547008,0.625000,0.000000,0.000000
543,10.321354,0.001318,1.003123,0.000000,0.000000,1.000000,0.827219,1,0.000163,0.001568,2.268780,10.229998,1.534500,0.625000,0.000000,0.000000
544,10.095163,0.001217,1.003225,0.000000,0.000000,1.000000,0.840263,1,0.000397,0.001676,2.027915,10.012802,1.501920,0.625000,0.000000,0.000000
545,10.342444,0.001244,1.003397,0.000000,0.000000,1.000000,0.850789,1,0.000152,0.000970,1.813956,10.268088,1.540213,0.625000,0.000000,0.000000
546,10.215411,0.001058,1.003515,0.000000,0.000000,1.000000,0.862482,1,0.000155,0.001282,1.620886,10.148318,1.522248,0.625000,0.000000,0.000000
547,10.298515,0.001145,1.003757,0.000000,0.000000,1.000000,0.872406,1,0.000152,0.001351,1.448094,10.237915,1.535687,0.625000,0.000000,0.000000
548,10.070970,0.000000,0.994830,0.000000,0.000000,1.000000,0.882662,0,0.000150,0.001068,1.289532,10.016386,1.502458,0.625000,0.000000,0.000000
549,10.116573,0.000000,0.995643,0.000000,0.000000,1.000000,0.892857,0,0.000158,0.001390,1.152093,10.003982,1.500597,0.625000,0.000000,0.000000
550,10.062555,0.000000,0.996425,0.000000,0.000000,1.000000,0.901493,0,0.000426,0.001068,1.028254,9.924962,1.488744,0.625000,0.000000,0.000000
551,10.083400,0.000000,0.999218,0.000000,0.000000,1.000000,0.910347,0,0.000185,0.001310,0.919218,9.893558,1.484034,0.625000,0.000000,0.000000
552,10.472425,0.000000,0.997817,0.000000,0.000000,1.000000,0.915610,0,0.000169,0.001259,0.817520,10.287343,1.543101,0.625000,0.000000,0.000000
553,10.463321,0.000000,1.000931,0.000000,0.000000,1.000000,0.921228,0,0.000178,0.000979,0.730963,10.255474,1.538321,0.625000,0.000000,0.000000
554,10.275240,0.000000,1.001066,0.000000,0.000000,1.000000,0.925144,0,0.000291,0.001354,0.651843,10.077158,1.511574,0.625000,0.000000,0.000000
555,10.475119,0.000000,1.001279,0.000000,0.000000,1.000000,0.928603,0,0.000212,0.001444,0.586735,10.310780,1.546617,0.625000,0.000000,0.000000
556,10.255046,0.000000,1.001267,0.000000,0.000000,1.000000,0.932051,0,0.000188,0.001216,0.529771,10.147202,1.522080,0.625000,0.000000,0.000000
557,10.357015,0.000000,1.001748,0.000000,0.000000,1.000000,0.935680,0,0.000177,0.001283,0.481048,10.208929,1.531339,0.625000,0.000000,0.000000
558,10.272449,0.000000,1.002016,0.000000,0.000000,1.000000,0.938579,0,0.000181,0.001257,0.440019,10.119351,1.517903,0.625000,0.000000,0.000000
559,10.250415,0.000000,1.002203,0.000000,0.000000,1.000000,0.941632,0,0.000081,0.001064,0.401769,10.062072,1.509311,0.625000,0.000000,0.000000
560,10.140659,0.000000,1.000791,0.000000,0.000000,1.000000,0.944624,0,0.000079,0.001015,0.371983,9.947322,1.492098,0.625000,0.000000,0.000000
561,10.238741,0.000000,1.002863,0.000000,0.000000,1.000000,0.946453,0,0.000073,0.000991,0.350843,9.989640,1.498446,0.625000,0.000000,0.000000
562,10.509063,0.000000,1.002920,0.000000,0.000000,1.000000,0.948522,0,0.000185,0.001630,0.327070,10.292215,1.543832,0.625000,0.000000,0.000000
563,10.365589,0.000000,1.002929,0.000000,0.000000,1.000000,0.950723,0,0.000392,0.001875,0.306812,10.148744,1.522312,0.625000,0.000000,0.000000
564,10.321715,0.000000,1.002169,0.000000,0.000000,1.000000,0.952229,0,0.000161,0.001237,0.288315,10.068125,1.510219,0.625000,0.000000,0.000000
565,10.588724,0.000000,1.002721,0.000000,0.000000,1.000000,0.954766,0,0.000158,0.001297,0.271689,10.365884,1.554883,0.625000,0.000000,0.000000
566,10.529094,0.000000,1.002200,0.000000,0.000000,1.000000,0.956222,0,0.000158,0.001871,0.255800,10.247500,1.537125,0.625000,0.000000,0.000000
567,10.725344,0.000000,1.002468,0.000000,0.000000,1.000000,0.958949,0,0.000177,0.001068,0.238478,10.417753,1.562663,0.625000,0.000000,0.000000
568,10.382952,0.000000,1.002792,0.000000,0.000000,1.000000,0.961621,0,0.000163,0.001371,0.222685,10.103605,1.515541,0.625000,0.000000,0.000000
569,10.357822,0.000000,1.001618,0.000000,0.000000,1.000000,0.963234,0,0.000154,0.001180,0.210744,10.047483,1.507122,0.625000,0.000000,0.000000
570,10.175530,0.001563,1.002649,0.000000,0.000000,1.000000,0.784215,1,0.000136,0.001424,3.174708,10.050405,1.507561,0.625000,0.000000,0.000000
571,10.037676,0.001254,1.002834,0.000000,0.000000,1.000000,0.799275,1,0.000091,0.001426,2.838854,9.925074,1.488761,0.625000,0.000000,0.000000
572,10.400135,0.001405,1.002958,0.000000,0.000000,1.000000,0.813426,1,0.000149,0.001361,2.536847,10.298766,1.544815,0.625000,0.000000,0.000000
573,10.153888,0.001283,1.003123,0.000000,0.000000,1.000000,0.827219,1,0.000147,0.001687,2.268780,10.062528,1.509379,0.625000,0.000000,0.000000
574,10.080895,0.001445,1.003225,0.000000,0.000000,1.000000,0.840263,1,0.000195,0.001269,2.027915,9.998505,1.499776,0.625000,0.000000,0.000000
575,10.315728,0.001304,1.003397,0.000000,0.000000,1.000000,0.850789,1,0.000166,0.001143,1.813956,10.241360,1.536204,0.625000,0.000000,0.000000
576,10.248202,0.001698,1.003515,0.000000,0.000000,1.000000,0.862482,1,0.000162,0.001515,1.620886,10.181071,1.527161,0.625000,0.000000,0.000000
577,10.228454,0.001596,1.003757,0.000000,0.000000,1.000000,0.872406,1,0.000194,0.001387,1.448094,10.167828,1.525174,0.625000,0.000000,0.000000
578,10.151600,0.000000,0.994830,0.000000,0.000000,1.000000,0.882662,0,0.000147,0.001141,1.289532,10.096999,1.514550,0.625000,0.000000,0.000000
579,10.112818,0.000000,0.995643,0.000000,0.000000,1.000000,0.892857,0,0.000156,0.001285,1.152093,10.000222,1.500033,0.625000,0.000000,0.000000
580,10.080488,0.000000,0.996425,0.000000,0.000000,1.000000,0.901493,0,0.000160,0.001348,1.028254,9.942887,1.491433,0.625000,0.000000,0.000000
581,10.149579,0.000000,0.999218,0.000000,0.000000,1.000000,0.910347,0,0.000160,0.001457,0.919218,9.959741,1.493961,0.625000,0.000000,0.000000
582,10.444229,0.000000,0.997817,0.000000,0.000000,1.000000,0.915610,0,0.000179,0.001135,0.817520,10.259129,1.538869,0.625000,0.000000,0.000000
583,10.351527,0.000000,1.000931,0.000000,0.000000,1.000000,0.921228,0,0.000154,0.001283,0.730963,10.143676,1.521551,0.625000,0.000000,0.000000
584,10.364037,0.000000,1.001066,0.000000,0.000000,1.000000,0.925144,0,0.000169,0.001410,0.651843,10.165942,1.524891,0.625000,0.000000,0.000000
585,10.517430,0.000000,1.001279,0.000000,0.000000,1.000000,0.928603,0,0.000170,0.001033,0.586735,10.353086,1.552963,0.625000,0.000000,0.000000
586,10.281458,0.000000,1.001267,0.000000,0.000000,1.000000,0.932051,0,0.000176,0.001316,0.529771,10.173612,1.526042,0.625000,0.000000,0.000000
587,10.321304,0.000000,1.001748,0.000000,0.000000,1.000000,0.935680,0,0.000155,0.001724,0.481048,10.173210,1.525981,0.625000,0.000000,0.000000
588,10.257321,0.000000,1.002016,0.000000,0.000000,1.000000,0.938579,0,0.000190,0.001506,0.440019,10.104220,1.515633,0.625000,0.000000,0.000000
589,10.282846,0.000000,1.002203,0.000000,0.000000,1.000000,0.941632,0,0.000076,0.001546,0.401769,10.094497,1.514175,0.625000,0.000000,0.000000
590,10.183037,0.000000,1.000791,0.000000,0.000000,1.000000,0.944624,0,0.000177,0.001591,0.371983,9.989697,1.498455,0.625000,0.000000,0.000000
591,10.225093,0.000000,1.002863,0.000000,0.000000,1.000000,0.946453,0,0.000160,0.001374,0.350843,9.976004,1.496401,0.625000,0.000000,0.000000
592,10.442622,0.000000,1.002920,0.000000,0.000000,1.000000,0.948522,0,0.000161,0.001700,0.327070,10.225777,1.533866,0.625000,0.000000,0.000000
593,10.369940,0.000000,1.002929,0.000000,0.000000,1.000000,0.950723,0,0.000149,0.001511,0.306812,10.153104,1.522966,0.625000,0.000000,0.000000
594,10.254672,0.000000,1.002169,0.000000,0.000000,1.000000,0.952229,0,0.000171,0.001416,0.288315,10.001080,1.500162,0.625000,0.000000,0.000000
595,10.535503,0.000000,1.002721,0.000000,0.000000,1.000000,0.954766,0,0.000148,0.001458,0.271689,10.312660,1.546899,0.625000,0.000000,0.000000
596,10.514199,0.000000,1.002200,0.000000,0.000000,1.000000,0.956222,0,0.000197,0.001078,0.255800,10.232604,1.534891,0.625000,0.000000,0.000000
597,10.460952,0.000000,1.002468,0.000000,0.000000,1.000000,0.958949,0,0.000153,0.000902,0.238478,10.153361,1.523004,0.625000,0.000000,0.000000
598,10.337308,0.000000,1.002792,0.000000,0.000000,1.000000,0.961621,0,0.000240,0.001054,0.222685,10.057969,1.508695,0.625000,0.000000,0.000000
599,10.307135,0.000000,1.001618,0.000000,0.000000,1.000000,0.963234,0,0.000162,0.001048,0.210744,9.996790,1.499518,0.625000,0.000000,0.000000
600,10.043169,0.001807,1.002649,0.000000,0.000000,1.000000,0.784215,1,0.000183,0.001004,3.174708,9.918030,1.487704,0.625000,0.000000,0.000000
601,9.970065,0.001435,1.002834,0.000000,0.000000,1.000000,0.799275,1,0.000079,0.001429,2.838854,9.857450,1.478617,0.625000,0.000000,0.000000
602,10.292536,0.001071,1.002958,0.000000,0.000000,1.000000,0.813426,1,0.000075,0.001429,2.536847,10.191192,1.528679,0.625000,0.000000,0.000000
603,10.175860,0.001356,1.003123,0.000000,0.000000,1.000000,0.827219,1,0.000170,0.001422,2.268780,10.084502,1.512675,0.625000,0.000000,0.000000
604,10.105402,0.001141,1.003225,0.000000,0.000000,1.000000,0.840263,1,0.000160,0.000996,2.027915,10.023053,1.503458,0.625000,0.000000,0.000000
605,10.383501,0.001368,1.003397,0.000000,0.000000,1.000000,0.850789,1,0.000160,0.001045,1.813956,10.309141,1.546371,0.625000,0.000000,0.000000
606,10.177695,0.001469,1.003515,0.000000,0.000000,1.000000,0.862482,1,0.000160,0.001385,1.620886,10.110582,1.516587,0.625000,0.000000,0.000000
607,10.245114,0.001272,1.003757,0.000000,0.000000,1.000000,0.872406,1,0.000164,0.001093,1.448094,10.184510,1.527676,0.625000,0.000000,0.000000
608,10.131652,0.000000,0.994830,0.000000,0.000000,1.000000,0.882662,0,0.000083,0.000917,1.289532,10.077064,1.511560,0.625000,0.000000,0.000000
609,10.155764,0.000000,0.995643,0.000000,0.000000,1.000000,0.892857,0,0.000163,0.001326,1.152093,10.043177,1.506477,0.625000,0.000000,0.000000
610,10.127497,0.000000,0.996425,0.000000,0.000000,1.000000,0.901493,0,0.000153,0.001057,1.028254,9.989903,1.498485,0.625000,0.000000,0.000000
611,10.123595,0.000000,0.999218,0.000000,0.000000,1.000000,0.910347,0,0.000183,0.000876,0.919218,9.933755,1.490063,0.625000,0.000000,0.000000
612,10.401476,0.000000,0.997817,0.000000,0.000000,1.000000,0.915610,0,0.000343,0.001553,0.817520,10.216384,1.532458,0.625000,0.000000,0.000000
613,10.268102,0.000000,1.000931,0.000000,0.000000,1.000000,0.921228,0,0.000183,0.001289,0.730963,10.060265,1.509040,0.625000,0.000000,0.000000
614,10.224377,0.000000,1.001066,0.000000,0.000000,1.000000,0.925144,0,0.000464,0.001200,0.651843,10.026285,1.503943,0.625000,0.000000,0.000000
615,10.477614,0.000000,1.001279,0.000000,0.000000,1.000000,0.928603,0,0.000241,0.001521,0.586735,10.313276,1.546991,0.625000,0.000000,0.000000
616,10.265983,0.000000,1.001267,0.000000,0.000000,1.000000,0.932051,0,0.000357,0.001195,0.529771,10.158143,1.523721,0.625000,0.000000,0.000000
617,10.270399,0.000000,1.001748,0.000000,0.000000,1.000000,0.935680,0,0.000158,0.001490,0.481048,10.122314,1.518347,0.625000,0.000000,0.000000
618,10.162745,0.000000,1.002016,0.000000,0.000000,1.000000,0.938579,0,0.000176,0.002015,0.440019,10.009660,1.501449,0.625000,0.000000,0.000000
619,10.190917,0.000000,1.002203,0.000000,0.000000,1.000000,0.941632,0,0.000213,0.001285,0.401769,10.002580,1.500387,0.625000,0.000000,0.000000
620,10.173018,0.000000,1.000791,0.000000,0.000000,1.000000,0.944624,0,0.000412,0.001938,0.371983,9.979683,1.496952,0.625000,0.000000,0.000000
621,10.168106,0.000000,1.002863,0.000000,0.000000,1.000000,0.946453,0,0.000385,0.001446,0.350843,9.919019,1.487853,0.625000,0.000000,0.000000
622,10.428351,0.000000,1.002920,0.000000,0.000000,1.000000,0.948522,0,0.000165,0.001257,0.327070,10.211508,1.531726,0.625000,0.000000,0.000000
623,10.246975,0.000000,1.002929,0.000000,0.000000,1.000000,0.950723,0,0.000430,0.001331,0.306812,10.030141,1.504521,0.625000,0.000000,0.000000
624,10.289533,0.000000,1.002169,0.000000,0.000000,1.000000,0.952229,0,0.000372,0.001247,0.288315,10.035941,1.505391,0.625000,0.000000,0.000000
625,10.586276,0.000000,1.002721,0.000000,0.000000,1.000000,0.954766,0,0.000182,0.001634,0.271689,10.363434,1.554515,0.625000,0.000000,0.000000
626,10.433769,0.000000,1.002200,0.000000,0.000000,1.000000,0.956222,0,0.000155,0.001170,0.255800,10.152181,1.522827,0.625000,0.000000,0.000000
627,10.485898,0.000000,1.002468,0.000000,0.000000,1.000000,0.958949,0,0.000158,0.001720,0.238478,10.178304,1.526746,0.625000,0.000000,0.000000
628,10.380080,0.000000,1.002792,0.000000,0.000000,1.000000,0.961621,0,0.000286,0.001715,0.222685,10.100736,1.515110,0.625000,0.000000,0.000000
629,10.366693,0.000000,1.001618,0.000000,0.000000,1.000000,0.963234,0,0.000166,0.001201,0.210744,10.056357,1.508454,0.625000,0.000000,0.000000
630,10.038629,0.001712,1.002649,0.000000,0.000000,1.000000,0.784215,1,0.000335,0.001838,3.174708,9.913499,1.487025,0.625000,0.000000,0.000000
631,9.949361,0.001394,1.002834,0.000000,0.000000,1.000000,0.799275,1,0.000088,0.001131,2.838854,9.836749,1.475512,0.625000,0.000000,0.000000
632,10.265327,0.001302,1.002958,0.000000,0.000000,1.000000,0.813426,1,0.000090,0.001774,2.536847,10.163972,1.524596,0.625000,0.000000,0.000000
633,10.193811,0.001587,1.003123,0.000000,0.000000,1.000000,0.827219,1,0.000402,0.001745,2.268780,10.102442,1.515366,0.625000,0.000000,0.000000
634,10.115179,0.001582,1.003225,0.000000,0.000000,1.000000,0.840263,1,0.000089,0.001738,2.027915,10.032806,1.504921,0.625000,0.000000,0.000000
635,10.300474,0.001336,1.003397,0.000000,0.000000,1.000000,0.850789,1,0.000148,0.001493,1.813956,10.226113,1.533917,0.625000,0.000000,0.000000
636,10.176417,0.001238,1.003515,0.000000,0.000000,1.000000,0.862482,1,0.000088,0.001069,1.620886,10.109309,1.516396,0.625000,0.000000,0.000000
637,10.181973,0.001321,1.003757,0.000000,0.000000,1.000000,0.872406,1,0.000165,0.001491,1.448094,10.121365,1.518205,0.625000,0.000000,0.000000
638,10.077298,0.000000,0.994830,0.000000,0.000000,1.000000,0.882662,0,0.000148,0.000941,1.289532,10.022705,1.503406,0.625000,0.000000,0.000000
639,10.156283,0.000000,0.995643,0.000000,0.000000,1.000000,0.892857,0,0.000173,0.001300,1.152093,10.043696,1.506554,0.625000,0.000000,0.000000
640,10.087480,0.000000,0.996425,0.000000,0.000000,1.000000,0.901493,0,0.000197,0.001194,1.028254,9.949892,1.492484,0.625000,0.000000,0.000000
641,10.066735,0.000000,0.999218,0.000000,0.000000,1.000000,0.910347,0,0.000313,0.001495,0.919218,9.876893,1.481534,0.625000,0.000000,0.000000
642,10.319102,0.000000,0.997817,0.000000,0.000000,1.000000,0.915610,0,0.000161,0.001508,0.817520,10.134013,1.520102,0.625000,0.000000,0.000000
643,10.235747,0.000000,1.000931,0.000000,0.000000,1.000000,0.921228,0,0.000161,0.001153,0.730963,10.027907,1.504186,0.625000,0.000000,0.000000
644,10.140014,0.000000,1.001066,0.000000,0.000000,1.000000,0.925144,0,0.000183,0.001373,0.651843,9.941917,1.491287,0.625000,0.000000,0.000000
645,10.399104,0.000000,1.001279,0.000000,0.000000,1.000000,0.928603,0,0.000162,0.001135,0.586735,10.234758,1.535214,0.625000,0.000000,0.000000
646,10.185378,0.000000,1.001267,0.000000,0.000000,1.000000,0.932051,0,0.000173,0.001523,0.529771,10.077536,1.511630,0.625000,0.000000,0.000000
647,10.261936,0.000000,1.001748,0.000000,0.000000,1.000000,0.935680,0,0.000446,0.001135,0.481048,10.113836,1.517075,0.625000,0.000000,0.000000
648,10.167852,0.000000,1.002016,0.000000,0.000000,1.000000,0.938579,0,0.000397,0.001243,0.440019,10.014752,1.502213,0.625000,0.000000,0.000000
649,10.199314,0.000000,1.002203,0.000000,0.000000,1.000000,0.941632,0,0.000405,0.001418,0.401769,10.010971,1.501646,0.625000,0.000000,0.000000
650,10.088826,0.000000,1.000791,0.000000,0.000000,1.000000,0.944624,0,0.000304,0.001397,0.371983,9.895482,1.484322,0.625000,0.000000,0.000000
651,10.105082,0.000000,1.002863,0.000000,0.000000,1.000000,0.946453,0,0.000281,0.001201,0.350843,9.855986,1.478398,0.625000,0.000000,0.000000
652,10.344850,0.000000,1.002920,0.000000,0.000000,1.000000,0.948522,0,0.000158,0.001569,0.327070,10.128005,1.519201,0.625000,0.000000,0.000000
653,10.232602,0.000000,1.002929,0.000000,0.000000,1.000000,0.950723,0,0.000407,0.001245,0.306812,10.015757,1.502364,0.625000,0.000000,0.000000
654,10.240857,0.000000,1.002169,0.000000,0.000000,1.000000,0.952229,0,0.000175,0.001569,0.288315,9.987258,1.498089,0.625000,0.000000,0.000000
655,10.503892,0.000000,1.002721,0.000000,0.000000,1.000000,0.954766,0,0.000178,0.001283,0.271689,10.281049,1.542157,0.625000,0.000000,0.000000
656,10.407782,0.000000,1.002200,0.000000,0.000000,1.000000,0.956222,0,0.000169,0.001189,0.255800,10.126183,1.518928,0.625000,0.000000,0.000000
657,10.727468,0.000000,1.002562,0.000000,0.000000,1.000000,0.958949,0,0.000170,0.001221,0.238478,10.419865,1.562980,0.625000,0.000000,0.000000
658,10.477061,0.000000,1.002735,0.000000,0.000000,1.000000,0.961772,0,0.000477,0.001419,0.223640,10.198712,1.529807,0.625000,0.000000,0.000000
659,10.341113,0.000000,1.001618,0.000000,0.000000,1.000000,0.963298,0,0.000183,0.001636,0.211186,10.030766,1.504615,0.625000,0.000000,0.000000
660,10.083798,0.001668,1.002649,0.000000,0.000000,1.000000,0.784215,1,0.000178,0.001359,3.174708,9.958665,1.493800,0.625000,0.000000,0.000000
661,9.979059,0.001316,1.002834,0.000000,0.000000,1.000000,0.799275,1,0.000100,0.001373,2.838854,9.866453,1.479968,0.625000,0.000000,0.000000
662,10.246542,0.001384,1.002958,0.000000,0.000000,1.000000,0.813426,1,0.000091,0.001316,2.536847,10.145181,1.521777,0.625000,0.000000,0.000000
663,10.128609,0.001201,1.003123,0.000000,0.000000,1.000000,0.827219,1,0.000090,0.001475,2.268780,10.037256,1.505588,0.625000,0.000000,0.000000
664,10.059264,0.001204,1.003225,0.000000,0.000000,1.000000,0.840263,1,0.000153,0.001198,2.027915,9.976911,1.496537,0.625000,0.000000,0.000000
665,10.305547,0.001433,1.003397,0.000000,0.000000,1.000000,0.850789,1,0.000163,0.001416,1.813956,10.231181,1.534677,0.625000,0.000000,0.000000
666,10.123155,0.001159,1.003515,0.000000,0.000000,1.000000,0.862482,1,0.000161,0.001456,1.620886,10.056055,1.508408,0.625000,0.000000,0.000000
667,10.163883,0.001083,1.003757,0.000000,0.000000,1.000000,0.872406,1,0.000153,0.001396,1.448094,10.103287,1.515493,0.625000,0.000000,0.000000
668,10.090310,0.000000,0.994830,0.000000,0.000000,1.000000,0.882662,0,0.000082,0.001295,1.289532,10.035724,1.505359,0.625000,0.000000,0.000000
669,10.189245,0.000000,0.995643,0.000000,0.000000,1.000000,0.892857,0,0.000083,0.001295,1.152093,10.076648,1.511497,0.625000,0.000000,0.000000
670,10.062387,0.000000,0.996425,0.000000,0.000000,1.000000,0.901493,0,0.000089,0.001123,1.028254,9.924790,1.488718,0.625000,0.000000,0.000000
671,10.047464,0.000000,0.999218,0.000000,0.000000,1.000000,0.910347,0,0.000078,0.001142,0.919218,9.857624,1.478644,0.625000,0.000000,0.000000
672,10.362460,0.000000,0.997817,0.000000,0.000000,1.000000,0.915610,0,0.000082,0.001049,0.817520,10.177369,1.526605,0.625000,0.000000,0.000000
673,10.247400,0.000000,1.000931,0.000000,0.000000,1.000000,0.921228,0,0.000425,0.000996,0.730963,10.039558,1.505934,0.625000,0.000000,0.000000
674,10.140567,0.000000,1.001066,0.000000,0.000000,1.000000,0.925144,0,0.000084,0.001196,0.651843,9.942476,1.491371,0.625000,0.000000,0.000000
675,10.384835,0.000000,1.001279,0.000000,0.000000,1.000000,0.928603,0,0.000152,0.001005,0.586735,10.220493,1.533074,0.625000,0.000000,0.000000
676,10.154571,0.000000,1.001267,0.000000,0.000000,1.000000,0.932051,0,0.000078,0.001275,0.529771,10.046732,1.507010,0.625000,0.000000,0.000000
677,10.264726,0.000000,1.001748,0.000000,0.000000,1.000000,0.935680,0,0.000082,0.001296,0.481048,10.116636,1.517495,0.625000,0.000000,0.000000
678,10.161019,0.000000,1.002016,0.000000,0.000000,1.000000,0.938579,0,0.000071,0.001222,0.440019,10.007926,1.501189,0.625000,0.000000,0.000000
679,10.171616,0.000000,1.002203,0.000000,0.000000,1.000000,0.941632,0,0.000100,0.001454,0.401769,9.983275,1.497491,0.625000,0.000000,0.000000
680,10.098291,0.000000,1.000791,0.000000,0.000000,1.000000,0.944624,0,0.000096,0.001376,0.371983,9.904951,1.485743,0.625000,0.000000,0.000000
681,10.130012,0.000000,1.002863,0.000000,0.000000,1.000000,0.946453,0,0.000100,0.001685,0.350843,9.880922,1.482138,0.625000,0.000000,0.000000
682,10.514040,0.000000,1.002920,0.000000,0.000000,1.000000,0.948522,0,0.000164,0.001021,0.327070,10.297197,1.544579,0.625000,0.000000,0.000000
683,10.298094,0.000000,1.002929,0.000000,0.000000,1.000000,0.950723,0,0.000165,0.001094,0.306812,10.081258,1.512189,0.625000,0.000000,0.000000
684,10.186193,0.000000,1.002169,0.000000,0.000000,1.000000,0.952229,0,0.000158,0.001307,0.288315,9.932604,1.489891,0.625000,0.000000,0.000000
685,10.432145,0.000000,1.002721,0.000000,0.000000,1.000000,0.954766,0,0.000366,0.001574,0.271689,10.209300,1.531395,0.625000,0.000000,0.000000
686,10.355529,0.000000,1.002200,0.000000,0.000000,1.000000,0.956222,0,0.000151,0.001053,0.255800,10.073934,1.511090,0.625000,0.000000,0.000000
687,10.474891,0.000000,1.002468,0.000000,0.000000,1.000000,0.958949,0,0.000163,0.001371,0.238478,10.167299,1.525095,0.625000,0.000000,0.000000
688,10.376798,0.000000,1.002792,0.000000,0.000000,1.000000,0.961621,0,0.000371,0.001508,0.222685,10.097459,1.514619,0.625000,0.000000,0.000000
689,10.315349,0.000000,1.001618,0.000000,0.000000,1.000000,0.963234,0,0.000411,0.001239,0.210744,10.005012,1.500752,0.625000,0.000000,0.000000
690,10.038998,0.001570,1.002649,0.000000,0.000000,1.000000,0.784215,1,0.000212,0.001007,3.174708,9.913871,1.487081,0.625000,0.000000,0.000000
691,9.974436,0.001198,1.002834,0.000000,0.000000,1.000000,0.799275,1,0.000165,0.001843,2.838854,9.861836,1.479275,0.625000,0.000000,0.000000
692,10.370097,0.001506,1.002958,0.000000,0.000000,1.000000,0.813426,1,0.000214,0.000831,2.536847,10.268728,1.540309,0.625000,0.000000,0.000000
693,10.232573,0.001860,1.003123,0.000000,0.000000,1.000000,0.827219,1,0.000273,0.000773,2.268780,10.141184,1.521178,0.625000,0.000000,0.000000
694,10.049063,0.001428,1.003225,0.000000,0.000000,1.000000,0.840263,1,0.000157,0.001078,2.027915,9.966700,1.495005,0.625000,0.000000,0.000000
695,10.314721,0.001155,1.003397,0.000000,0.000000,1.000000,0.850789,1,0.000264,0.001195,1.813956,10.240371,1.536056,0.625000,0.000000,0.000000
696,10.191979,0.001300,1.003515,0.000000,0.000000,1.000000,0.862482,1,0.000107,0.000880,1.620886,10.124872,1.518731,0.625000,0.000000,0.000000
697,10.246682,0.001284,1.003757,0.000000,0.000000,1.000000,0.872406,1,0.000084,0.001094,1.448094,10.186075,1.527911,0.625000,0.000000,0.000000
698,10.287764,0.000000,0.994830,0.000000,0.000000,1.000000,0.882662,0,0.000136,0.000940,1.289532,10.233165,1.534975,0.625000,0.000000,0.000000
699,10.222642,0.000000,0.995643,0.000000,0.000000,1.000000,0.892857,0,0.000231,0.001174,1.152093,10.110055,1.516508,0.625000,0.000000,0.000000
700,10.113203,0.000000,0.996425,0.000000,0.000000,1.000000,0.901493,0,0.000157,0.001177,1.028254,9.975619,1.496343,0.625000,0.000000,0.000000
701,10.119863,0.000000,0.999218,0.000000,0.000000,1.000000,0.910347,0,0.000329,0.001441,0.919218,9.930017,1.489503,0.625000,0.000000,0.000000
702,10.415272,0.000000,0.997817,0.000000,0.000000,1.000000,0.915610,0,0.000166,0.001301,0.817520,10.230177,1.534527,0.625000,0.000000,0.000000
703,10.237806,0.000000,1.000931,0.000000,0.000000,1.000000,0.921228,0,0.000162,0.000901,0.730963,10.029957,1.504494,0.625000,0.000000,0.000000
704,10.125277,0.000000,1.001066,0.000000,0.000000,1.000000,0.925144,0,0.000163,0.001017,0.651843,9.927180,1.489077,0.625000,0.000000,0.000000
705,10.398109,0.000000,1.001279,0.000000,0.000000,1.000000,0.928603,0,0.000208,0.001008,0.586735,10.233756,1.535063,0.625000,0.000000,0.000000
706,10.182189,0.000000,1.001267,0.000000,0.000000,1.000000,0.932051,0,0.000178,0.001145,0.529771,10.074357,1.511154,0.625000,0.000000,0.000000
707,10.289277,0.000000,1.001748,0.000000,0.000000,1.000000,0.935680,0,0.000175,0.001421,0.481048,10.141191,1.521179,0.625000,0.000000,0.000000
708,10.190587,0.000000,1.002016,0.000000,0.000000,1.000000,0.938579,0,0.000169,0.001571,0.440019,10.037498,1.505625,0.625000,0.000000,0.000000
709,10.227879,0.000000,1.002203,0.000000,0.000000,1.000000,0.941632,0,0.000157,0.001304,0.401769,10.039537,1.505931,0.625000,0.000000,0.000000
710,10.109856,0.000000,1.000791,0.000000,0.000000,1.000000,0.944624,0,0.000163,0.001330,0.371983,9.916515,1.487477,0.625000,0.000000,0.000000
711,10.118193,0.000000,1.002863,0.000000,0.000000,1.000000,0.946453,0,0.000188,0.001228,0.350843,9.869097,1.480365,0.625000,0.000000,0.000000
712,10.485660,0.000000,1.002920,0.000000,0.000000,1.000000,0.948522,0,0.000153,0.001014,0.327070,10.268814,1.540322,0.625000,0.000000,0.000000
713,10.354106,0.000000,1.002929,0.000000,0.000000,1.000000,0.950723,0,0.000176,0.001034,0.306812,10.137265,1.520590,0.625000,0.000000,0.000000
714,10.227535,0.000000,1.002169,0.000000,0.000000,1.000000,0.952229,0,0.000307,0.001128,0.288315,9.973942,1.496091,0.625000,0.000000,0.000000
715,10.447664,0.000000,1.002721,0.000000,0.000000,1.000000,0.954766,0,0.000375,0.001043,0.271689,10.224819,1.533723,0.625000,0.000000,0.000000
716,10.365272,0.000000,1.002200,0.000000,0.000000,1.000000,0.956222,0,0.000182,0.001171,0.255800,10.083686,1.512553,0.625000,0.000000,0.000000
717,10.441120,0.000000,1.002468,0.000000,0.000000,1.000000,0.958949,0,0.000185,0.001019,0.238478,10.133521,1.520028,0.625000,0.000000,0.000000
718,10.292454,0.000000,1.002792,0.000000,0.000000,1.000000,0.961621,0,0.000160,0.001111,0.222685,10.013111,1.501967,0.625000,0.000000,0.000000
719,10.290379,0.000000,1.001618,0.000000,0.000000,1.000000,0.963234,0,0.000172,0.000915,0.210744,9.980036,1.497005,0.625000,0.000000,0.000000
720,10.018086,0.001388,1.002649,0.000000,0.000000,1.000000,0.784215,1,0.000177,0.001326,3.174708,9.892973,1.483946,0.625000,0.000000,0.000000
721,10.009545,0.001490,1.002834,0.000000,0.000000,1.000000,0.799275,1,0.000075,0.000991,2.838854,9.896930,1.484539,0.625000,0.000000,0.000000
722,10.311345,0.001347,1.002958,0.000000,0.000000,1.000000,0.813426,1,0.000167,0.001214,2.536847,10.209982,1.531497,0.625000,0.000000,0.000000
723,10.159259,0.001198,1.003123,0.000000,0.000000,1.000000,0.827219,1,0.000150,0.001275,2.268780,10.067896,1.510184,0.625000,0.000000,0.000000
724,10.043205,0.001222,1.003225,0.000000,0.000000,1.000000,0.840263,1,0.000145,0.001370,2.027915,9.960852,1.494128,0.625000,0.000000,0.000000
725,10.282639,0.001311,1.003397,0.000000,0.000000,1.000000,0.850789,1,0.000151,0.001463,1.813956,10.208282,1.531242,0.625000,0.000000,0.000000
726,10.149721,0.001242,1.003515,0.000000,0.000000,1.000000,0.862482,1,0.000176,0.001050,1.620886,10.082617,1.512393,0.625000,0.000000,0.000000
727,10.279946,0.001142,1.003757,0.000000,0.000000,1.000000,0.872406,1,0.000082,0.001311,1.448094,10.219347,1.532902,0.625000,0.000000,0.000000
728,10.109386,0.000000,0.994830,0.000000,0.000000,1.000000,0.882662,0,0.000075,0.001095,1.289532,10.054800,1.508220,0.625000,0.000000,0.000000
729,10.151862,0.000000,0.995643,0.000000,0.000000,1.000000,0.892857,0,0.000074,0.001313,1.152093,10.039275,1.505891,0.625000,0.000000,0.000000
730,10.180096,0.000000,0.996425,0.000000,0.000000,1.000000,0.901493,0,0.000082,0.001432,1.028254,10.042506,1.506376,0.625000,0.000000,0.000000
731,10.070662,0.000000,0.999218,0.000000,0.000000,1.000000,0.910347,0,0.000336,0.001240,0.919218,9.880817,1.482123,0.625000,0.000000,0.000000
732,10.330989,0.000000,0.997817,0.000000,0.000000,1.000000,0.915610,0,0.000164,0.000973,0.817520,10.145888,1.521883,0.625000,0.000000,0.000000
733,10.226228,0.000000,1.000931,0.000000,0.000000,1.000000,0.921228,0,0.000149,0.001075,0.730963,10.018387,1.502758,0.625000,0.000000,0.000000
734,10.136409,0.000000,1.001066,0.000000,0.000000,1.000000,0.925144,0,0.000162,0.001373,0.651843,9.938319,1.490748,0.625000,0.000000,0.000000
735,10.357572,0.000000,1.001279,0.000000,0.000000,1.000000,0.928603,0,0.000157,0.001209,0.586735,10.193235,1.528985,0.625000,0.000000,0.000000
736,10.228918,0.000000,1.001267,0.000000,0.000000,1.000000,0.932051,0,0.000153,0.000845,0.529771,10.121084,1.518163,0.625000,0.000000,0.000000
737,10.305910,0.000000,1.001748,0.000000,0.000000,1.000000,0.935680,0,0.000102,0.000936,0.481048,10.157805,1.523671,0.625000,0.000000,0.000000
738,10.223766,0.000000,1.002016,0.000000,0.000000,1.000000,0.938579,0,0.000160,0.001205,0.440019,10.070659,1.510599,0.625000,0.000000,0.000000
739,10.232065,0.000000,1.002203,0.000000,0.000000,1.000000,0.941632,0,0.000094,0.001214,0.401769,10.043726,1.506559,0.625000,0.000000,0.000000
740,10.125180,0.000000,1.000791,0.000000,0.000000,1.000000,0.944624,0,0.000092,0.001427,0.371983,9.931843,1.489776,0.625000,0.000000,0.000000
741,10.149627,0.000000,1.002863,0.000000,0.000000,1.000000,0.946453,0,0.000093,0.001309,0.350843,9.900532,1.485080,0.625000,0.000000,0.000000
742,10.481307,0.000000,1.002920,0.000000,0.000000,1.000000,0.948522,0,0.000305,0.001250,0.327070,10.264470,1.539671,0.625000,0.000000,0.000000
743,10.226641,0.000000,1.002929,0.000000,0.000000,1.000000,0.950723,0,0.000190,0.001123,0.306812,10.009791,1.501469,0.625000,0.000000,0.000000
744,10.201184,0.000000,1.002169,0.000000,0.000000,1.000000,0.952229,0,0.000144,0.000857,0.288315,9.947589,1.492138,0.625000,0.000000,0.000000
745,10.452484,0.000000,1.002721,0.000000,0.000000,1.000000,0.954766,0,0.000160,0.001069,0.271689,10.229640,1.534446,0.625000,0.000000,0.000000
746,10.352826,0.000000,1.002200,0.000000,0.000000,1.000000,0.956222,0,0.000143,0.001195,0.255800,10.071229,1.510684,0.625000,0.000000,0.000000
747,10.435759,0.000000,1.002468,0.000000,0.000000,1.000000,0.958949,0,0.000431,0.001073,0.238478,10.128162,1.519224,0.625000,0.000000,0.000000
748,10.311179,0.000000,1.002792,0.000000,0.000000,1.000000,0.961621,0,0.000159,0.001212,0.222685,10.031841,1.504776,0.625000,0.000000,0.000000
749,10.305344,0.000000,1.002736,0.000000,0.000000,1.000000,0.963234,0,0.000153,0.001356,0.210744,9.995000,1.499250,0.625000,0.000000,0.000000
750,10.061182,0.001333,1.002649,0.000000,0.000000,1.000000,0.784215,1,0.000178,0.001106,3.174708,9.936073,1.490411,0.625000,0.000000,0.000000
751,10.003034,0.001337,1.002834,0.000000,0.000000,1.000000,0.799275,1,0.000164,0.000878,2.838854,9.890428,1.483564,0.625000,0.000000,0.000000
752,10.255377,0.001561,1.002958,0.000000,0.000000,1.000000,0.813426,1,0.000243,0.001112,2.536847,10.154011,1.523102,0.625000,0.000000,0.000000
753,10.127467,0.001451,1.003123,0.000000,0.000000,1.000000,0.827219,1,0.000149,0.001018,2.268780,10.036105,1.505416,0.625000,0.000000,0.000000
754,10.007090,0.001596,1.003225,0.000000,0.000000,1.000000,0.840263,1,0.000332,0.001290,2.027915,9.924721,1.488708,0.625000,0.000000,0.000000
755,10.299826,0.001155,1.003397,0.000000,0.000000,1.000000,0.850789,1,0.000162,0.001008,1.813956,10.225478,1.533822,0.625000,0.000000,0.000000
756,10.163020,0.001225,1.003515,0.000000,0.000000,1.000000,0.862482,1,0.000159,0.001135,1.620886,10.095918,1.514388,0.625000,0.000000,0.000000
757,10.232956,0.001624,1.003757,0.000000,0.000000,1.000000,0.872406,1,0.000229,0.001045,1.448094,10.172328,1.525849,0.625000,0.000000,0.000000
758,10.069432,0.000000,0.994830,0.000000,0.000000,1.000000,0.882662,0,0.000147,0.000960,1.289532,10.014842,1.502226,0.625000,0.000000,0.000000
759,10.096045,0.000000,0.995643,0.000000,0.000000,1.000000,0.892857,0,0.000073,0.001092,1.152093,9.983457,1.497518,0.625000,0.000000,0.000000
760,10.062909,0.000000,0.996425,0.000000,0.000000,1.000000,0.901493,0,0.000072,0.001228,1.028254,9.925318,1.488798,0.625000,0.000000,0.000000
761,10.156139,0.000000,0.999218,0.000000,0.000000,1.000000,0.910347,0,0.000080,0.001126,0.919218,9.966293,1.494944,0.625000,0.000000,0.000000
762,10.346465,0.000000,0.997817,0.000000,0.000000,1.000000,0.915610,0,0.000159,0.001459,0.817520,10.161368,1.524205,0.625000,0.000000,0.000000
763,10.233056,0.000000,1.000931,0.000000,0.000000,1.000000,0.921228,0,0.000394,0.001148,0.730963,10.025219,1.503783,0.625000,0.000000,0.000000
764,10.116120,0.000000,1.001066,0.000000,0.000000,1.000000,0.925144,0,0.000092,0.001309,0.651843,9.918028,1.487704,0.625000,0.000000,0.000000
765,10.399446,0.000000,1.001279,0.000000,0.000000,1.000000,0.928603,0,0.000073,0.001652,0.586735,10.235109,1.535266,0.625000,0.000000,0.000000
766,10.167063,0.000000,1.001267,0.000000,0.000000,1.000000,0.932051,0,0.000153,0.001283,0.529771,10.059213,1.508882,0.625000,0.000000,0.000000
767,10.287640,0.000000,1.001748,0.000000,0.000000,1.000000,0.935680,0,0.000151,0.001187,0.481048,10.139554,1.520933,0.625000,0.000000,0.000000
768,10.201473,0.000000,1.002016,0.000000,0.000000,1.000000,0.938579,0,0.000152,0.001625,0.440019,10.048386,1.507258,0.625000,0.000000,0.000000
769,10.178302,0.000000,1.002203,0.000000,0.000000,1.000000,0.941632,0,0.000072,0.000731,0.401769,9.989960,1.498494,0.625000,0.000000,0.000000
770,10.147845,0.000000,1.000791,0.000000,0.000000,1.000000,0.944624,0,0.000153,0.001016,0.371983,9.954503,1.493175,0.625000,0.000000,0.000000
771,10.208871,0.000000,1.002863,0.000000,0.000000,1.000000,0.946453,0,0.000380,0.001012,0.350843,9.959780,1.493967,0.625000,0.000000,0.000000
772,10.453749,0.000000,1.002920,0.000000,0.000000,1.000000,0.948522,0,0.000160,0.001393,0.327070,10.236903,1.535535,0.625000,0.000000,0.000000
773,10.294731,0.000000,1.002929,0.000000,0.000000,1.000000,0.950723,0,0.000229,0.000956,0.306812,10.077885,1.511683,0.625000,0.000000,0.000000
774,10.176195,0.000000,1.002169,0.000000,0.000000,1.000000,0.952229,0,0.000153,0.001491,0.288315,9.922597,1.488390,0.625000,0.000000,0.000000
775,10.445502,0.000000,1.002721,0.000000,0.000000,1.000000,0.954766,0,0.000373,0.001020,0.271689,10.222658,1.533399,0.625000,0.000000,0.000000
776,10.352856,0.000000,1.002200,0.000000,0.000000,1.000000,0.956222,0,0.000171,0.001261,0.255800,10.071263,1.510689,0.625000,0.000000,0.000000
777,10.440360,0.000000,1.002468,0.000000,0.000000,1.000000,0.958949,0,0.000431,0.001429,0.238478,10.132765,1.519915,0.625000,0.000000,0.000000
778,10.310459,0.000000,1.002792,0.000000,0.000000,1.000000,0.961621,0,0.000201,0.001166,0.222685,10.031115,1.504667,0.625000,0.000000,0.000000
779,10.392616,0.000000,1.001618,0.000000,0.000000,1.000000,0.963234,0,0.000256,0.001435,0.210744,10.082267,1.512340,0.625000,0.000000,0.000000
780,10.119870,0.001518,1.002649,0.000000,0.000000,1.000000,0.784215,1,0.000156,0.001197,3.174708,9.994748,1.499212,0.625000,0.000000,0.000000
781,10.089767,0.001665,1.002834,0.000000,0.000000,1.000000,0.799275,1,0.000161,0.000957,2.838854,9.977144,1.496572,0.625000,0.000000,0.000000
782,10.311342,0.001609,1.002958,0.000000,0.000000,1.000000,0.813426,1,0.000154,0.001425,2.536847,10.209972,1.531496,0.625000,0.000000,0.000000
783,10.163736,0.001339,1.003123,0.000000,0.000000,1.000000,0.827219,1,0.000152,0.001358,2.268780,10.072377,1.510857,0.625000,0.000000,0.000000
784,10.031014,0.001434,1.003225,0.000000,0.000000,1.000000,0.840263,1,0.000083,0.001445,2.027915,9.948653,1.492298,0.625000,0.000000,0.000000
785,10.338691,0.001532,1.003397,0.000000,0.000000,1.000000,0.850789,1,0.000086,0.000961,1.813956,10.264322,1.539648,0.625000,0.000000,0.000000
786,10.240340,0.001622,1.003515,0.000000,0.000000,1.000000,0.862482,1,0.000155,0.001620,1.620886,10.173218,1.525983,0.625000,0.000000,0.000000
787,10.170696,0.001730,1.003757,0.000000,0.000000,1.000000,0.872406,1,0.000155,0.001399,1.448094,10.110068,1.516510,0.625000,0.000000,0.000000
788,10.088355,0.000000,0.994830,0.000000,0.000000,1.000000,0.882662,0,0.000150,0.000970,1.289532,10.033770,1.505066,0.625000,0.000000,0.000000
789,10.139038,0.000000,0.995643,0.000000,0.000000,1.000000,0.892857,0,0.000158,0.001338,1.152093,10.026457,1.503968,0.625000,0.000000,0.000000
790,10.063647,0.000000,0.996425,0.000000,0.000000,1.000000,0.901493,0,0.000162,0.001139,1.028254,9.926053,1.488908,0.625000,0.000000,0.000000
791,10.072828,0.000000,0.999218,0.000000,0.000000,1.000000,0.910347,0,0.000163,0.001157,0.919218,9.882986,1.482448,0.625000,0.000000,0.000000
792,10.416931,0.000000,0.997817,0.000000,0.000000,1.000000,0.915610,0,0.000410,0.001393,0.817520,10.231840,1.534776,0.625000,0.000000,0.000000
793,10.261834,0.000000,1.000931,0.000000,0.000000,1.000000,0.921228,0,0.000162,0.001507,0.730963,10.053996,1.508099,0.625000,0.000000,0.000000
794,10.150042,0.000000,1.001066,0.000000,0.000000,1.000000,0.925144,0,0.000163,0.001064,0.651843,9.951945,1.492792,0.625000,0.000000,0.000000
795,10.390051,0.000000,1.001279,0.000000,0.000000,1.000000,0.928603,0,0.000237,0.001002,0.586735,10.225709,1.533856,0.625000,0.000000,0.000000
796,10.166525,0.000000,1.001267,0.000000,0.000000,1.000000,0.932051,0,0.000085,0.001363,0.529771,10.058687,1.508803,0.625000,0.000000,0.000000
797,10.267020,0.000000,1.001748,0.000000,0.000000,1.000000,0.935680,0,0.000085,0.001875,0.481048,10.118923,1.517838,0.625000,0.000000,0.000000
798,10.192134,0.000000,1.002016,0.000000,0.000000,1.000000,0.938579,0,0.000150,0.001242,0.440019,10.039046,1.505857,0.625000,0.000000,0.000000
799,10.197817,0.000000,1.002203,0.000000,0.000000,1.000000,0.941632,0,0.000153,0.001191,0.401769,10.009469,1.501420,0.625000,0.000000,0.000000
800,10.171704,0.000000,1.000791,0.000000,0.000000,1.000000,0.944624,0,0.000149,0.001230,0.371983,9.978365,1.496755,0.625000,0.000000,0.000000
801,10.141107,0.000000,1.002863,0.000000,0.000000,1.000000,0.946453,0,0.000171,0.001386,0.350843,9.892004,1.483801,0.625000,0.000000,0.000000
802,10.427727,0.000000,1.002920,0.000000,0.000000,1.000000,0.948522,0,0.000451,0.001738,0.327070,10.210875,1.531631,0.625000,0.000000,0.000000
803,10.463194,0.000000,1.002929,0.000000,0.000000,1.000000,0.950723,0,0.000163,0.001097,0.306812,10.246350,1.536953,0.625000,0.000000,0.000000
804,10.321747,0.000000,1.002169,0.000000,0.000000,1.000000,0.952229,0,0.000163,0.001822,0.288315,10.068155,1.510223,0.625000,0.000000,0.000000
805,10.482951,0.000000,1.002721,0.000000,0.000000,1.000000,0.954766,0,0.000159,0.001243,0.271689,10.260105,1.539016,0.625000,0.000000,0.000000
806,10.401152,0.000000,1.002200,0.000000,0.000000,1.000000,0.956222,0,0.000161,0.001256,0.255800,10.119563,1.517934,0.625000,0.000000,0.000000
807,10.430507,0.000000,1.002468,0.000000,0.000000,1.000000,0.958949,0,0.000170,0.001234,0.238478,10.122916,1.518437,0.625000,0.000000,0.000000
808,10.287973,0.000000,1.002792,0.000000,0.000000,1.000000,0.961621,0,0.000158,0.001305,0.222685,10.008629,1.501294,0.625000,0.000000,0.000000
809,10.314057,0.000000,1.001618,0.000000,0.000000,1.000000,0.963234,0,0.000258,0.001540,0.210744,10.003709,1.500556,0.625000,0.000000,0.000000
810,10.241996,0.001735,1.002649,0.000000,0.000000,1.000000,0.784215,1,0.000097,0.001208,3.174708,10.116851,1.517528,0.625000,0.000000,0.000000
811,10.311077,0.001624,1.002834,0.000000,0.000000,1.000000,0.799275,1,0.000155,0.001092,2.838854,10.198446,1.529767,0.625000,0.000000,0.000000
812,10.600353,0.001294,1.002958,0.000000,0.000000,1.000000,0.813426,1,0.000168,0.001427,2.536847,10.498974,1.574846,0.625000,0.000000,0.000000
813,10.372149,0.001220,1.003123,0.000000,0.000000,1.000000,0.827219,1,0.000172,0.001337,2.268780,10.280769,1.542115,0.625000,0.000000,0.000000
814,10.166361,0.001632,1.003225,0.000000,0.000000,1.000000,0.840263,1,0.000157,0.001176,2.027915,10.083984,1.512598,0.625000,0.000000,0.000000
815,10.465961,0.001374,1.003397,0.000000,0.000000,1.000000,0.850789,1,0.000161,0.001203,1.813956,10.391592,1.558739,0.625000,0.000000,0.000000
816,10.241048,0.001503,1.003515,0.000000,0.000000,1.000000,0.862482,1,0.000175,0.001109,1.620886,10.173922,1.526088,0.625000,0.000000,0.000000
817,10.296132,0.001387,1.003757,0.000000,0.000000,1.000000,0.872406,1,0.000205,0.000974,1.448094,10.235514,1.535327,0.625000,0.000000,0.000000
818,10.306506,0.000000,0.994830,0.000000,0.000000,1.000000,0.882662,0,0.000235,0.001305,1.289532,10.251907,1.537786,0.625000,0.000000,0.000000
819,10.311833,0.000000,0.995643,0.000000,0.000000,1.000000,0.892857,0,0.000177,0.001075,1.152093,10.199229,1.529884,0.625000,0.000000,0.000000
820,10.244388,0.000000,0.996425,0.000000,0.000000,1.000000,0.901493,0,0.000304,0.001050,1.028254,10.106791,1.516019,0.625000,0.000000,0.000000
821,10.248785,0.000000,0.999218,0.000000,0.000000,1.000000,0.910347,0,0.000283,0.001123,0.919218,10.058939,1.508841,0.625000,0.000000,0.000000
822,10.427352,0.000000,0.997817,0.000000,0.000000,1.000000,0.915610,0,0.000304,0.001656,0.817520,10.242243,1.536336,0.625000,0.000000,0.000000
823,10.377349,0.000000,1.000931,0.000000,0.000000,1.000000,0.921228,0,0.000139,0.001218,0.730963,10.169498,1.525425,0.625000,0.000000,0.000000
824,10.264855,0.000000,1.001066,0.000000,0.000000,1.000000,0.925144,0,0.000088,0.001203,0.651843,10.066755,1.510013,0.625000,0.000000,0.000000
825,10.432940,0.000000,1.001279,0.000000,0.000000,1.000000,0.928603,0,0.000253,0.001220,0.586735,10.268590,1.540288,0.625000,0.000000,0.000000
826,10.351396,0.000000,1.001267,0.000000,0.000000,1.000000,0.932051,0,0.000172,0.001003,0.529771,10.243540,1.536531,0.625000,0.000000,0.000000
827,10.440576,0.000000,1.001748,0.000000,0.000000,1.000000,0.935680,0,0.000255,0.001539,0.481048,10.292482,1.543872,0.625000,0.000000,0.000000
828,10.381591,0.000000,1.002016,0.000000,0.000000,1.000000,0.938579,0,0.000172,0.001352,0.440019,10.228497,1.534275,0.625000,0.000000,0.000000
829,10.405139,0.000000,1.002203,0.000000,0.000000,1.000000,0.941632,0,0.000161,0.001174,0.401769,10.216790,1.532518,0.625000,0.000000,0.000000
830,10.201949,0.000000,1.000791,0.000000,0.000000,1.000000,0.944624,0,0.000439,0.001229,0.371983,10.008599,1.501290,0.625000,0.000000,0.000000
831,10.214039,0.000000,1.002863,0.000000,0.000000,1.000000,0.946453,0,0.000162,0.001424,0.350843,9.964939,1.494741,0.625000,0.000000,0.000000
832,10.606794,0.000000,1.002920,0.000000,0.000000,1.000000,0.948522,0,0.000171,0.001632,0.327070,10.389943,1.558491,0.625000,0.000000,0.000000
833,10.448134,0.000000,1.002929,0.000000,0.000000,1.000000,0.950723,0,0.000171,0.001554,0.306812,10.231277,1.534692,0.625000,0.000000,0.000000
834,10.342910,0.000000,1.002169,0.000000,0.000000,1.000000,0.952229,0,0.000175,0.001322,0.288315,10.089303,1.513395,0.625000,0.000000,0.000000
835,10.667986,0.000000,1.002721,0.000000,0.000000,1.000000,0.954766,0,0.000183,0.001024,0.271689,10.445124,1.566769,0.625000,0.000000,0.000000
836,10.484321,0.000000,1.002200,0.000000,0.000000,1.000000,0.956222,0,0.000435,0.001449,0.255800,10.202719,1.530408,0.625000,0.000000,0.000000
837,10.443574,0.000000,1.002468,0.000000,0.000000,1.000000,0.958949,0,0.000452,0.001248,0.238478,10.135974,1.520396,0.625000,0.000000,0.000000
838,10.457633,0.000000,1.002792,0.000000,0.000000,1.000000,0.961621,0,0.000343,0.001218,0.222685,10.178281,1.526742,0.625000,0.000000,0.000000
839,10.418495,0.000000,1.001618,0.000000,0.000000,1.000000,0.963234,0,0.000182,0.001576,0.210744,10.108147,1.516222,0.625000,0.000000,0.000000
840,10.057092,0.001441,1.002649,0.000000,0.000000,1.000000,0.784215,1,0.000170,0.001518,3.174708,9.931973,1.489796,0.625000,0.000000,0.000000
841,10.016558,0.001482,1.002834,0.000000,0.000000,1.000000,0.799275,1,0.000149,0.001046,2.838854,9.903937,1.485591,0.625000,0.000000,0.000000
842,10.284190,0.001344,1.002958,0.000000,0.000000,1.000000,0.813426,1,0.000073,0.001042,2.536847,10.182816,1.527422,0.625000,0.000000,0.000000
843,10.188612,0.001430,1.003123,0.000000,0.000000,1.000000,0.827219,1,0.000157,0.001350,2.268780,10.097242,1.514586,0.625000,0.000000,0.000000
844,10.331706,0.001336,1.003225,0.000000,0.000000,1.000000,0.840263,1,0.000161,0.001325,2.027915,10.249344,1.537402,0.625000,0.000000,0.000000
845,10.588474,0.001519,1.003397,0.000000,0.000000,1.000000,0.850789,1,0.000218,0.001039,1.813956,10.514099,1.577115,0.625000,0.000000,0.000000
846,10.354736,0.001511,1.003515,0.000000,0.000000,1.000000,0.862482,1,0.000158,0.001734,1.620886,10.287604,1.543141,0.625000,0.000000,0.000000
847,10.307027,0.001396,1.003757,0.000000,0.000000,1.000000,0.872406,1,0.000170,0.001437,1.448094,10.246413,1.536962,0.625000,0.000000,0.000000
848,10.255869,0.000000,0.994830,0.000000,0.000000,1.000000,0.882662,0,0.000169,0.000981,1.289532,10.201278,1.530192,0.625000,0.000000,0.000000
849,10.251916,0.000000,0.995643,0.000000,0.000000,1.000000,0.892857,0,0.000173,0.001197,1.152093,10.139325,1.520899,0.625000,0.000000,0.000000
850,10.172104,0.000000,0.996425,0.000000,0.000000,1.000000,0.901493,0,0.000241,0.001507,1.028254,10.034514,1.505177,0.625000,0.000000,0.000000
851,10.202740,0.000000,0.999218,0.000000,0.000000,1.000000,0.910347,0,0.000196,0.001276,0.919218,10.012903,1.501935,0.625000,0.000000,0.000000
852,10.627946,0.000000,0.997817,0.000000,0.000000,1.000000,0.915610,0,0.000168,0.001449,0.817520,10.442854,1.566428,0.625000,0.000000,0.000000
853,10.440104,0.000000,1.000931,0.000000,0.000000,1.000000,0.921228,0,0.000167,0.001331,0.730963,10.232251,1.534838,0.625000,0.000000,0.000000
854,10.396792,0.000000,1.001066,0.000000,0.000000,1.000000,0.925144,0,0.000167,0.001287,0.651843,10.198702,1.529805,0.625000,0.000000,0.000000
855,10.655411,0.000000,1.001279,0.000000,0.000000,1.000000,0.928603,0,0.000154,0.001517,0.586735,10.491067,1.573660,0.625000,0.000000,0.000000
856,10.468705,0.000000,1.001267,0.000000,0.000000,1.000000,0.932051,0,0.000150,0.001377,0.529771,10.360864,1.554130,0.625000,0.000000,0.000000
857,10.547759,0.000000,1.001748,0.000000,0.000000,1.000000,0.935680,0,0.000370,0.001406,0.481048,10.399663,1.559949,0.625000,0.000000,0.000000
858,10.444745,0.000000,1.002016,0.000000,0.000000,1.000000,0.938579,0,0.000165,0.001111,0.440019,10.291649,1.543747,0.625000,0.000000,0.000000
859,10.392917,0.000000,1.002203,0.000000,0.000000,1.000000,0.941632,0,0.000154,0.001496,0.401769,10.204572,1.530686,0.625000,0.000000,0.000000
860,10.307445,0.000000,1.000791,0.000000,0.000000,1.000000,0.944624,0,0.000234,0.001516,0.371983,10.114103,1.517115,0.625000,0.000000,0.000000
861,10.270553,0.000000,1.002863,0.000000,0.000000,1.000000,0.946453,0,0.000331,0.001526,0.350843,10.021464,1.503220,0.625000,0.000000,0.000000
862,10.569776,0.000000,1.002920,0.000000,0.000000,1.000000,0.948522,0,0.000189,0.001449,0.327070,10.352936,1.552940,0.625000,0.000000,0.000000
863,10.468031,0.000000,1.002929,0.000000,0.000000,1.000000,0.950723,0,0.000156,0.001286,0.306812,10.251185,1.537678,0.625000,0.000000,0.000000
864,10.314810,0.000000,1.002169,0.000000,0.000000,1.000000,0.952229,0,0.000169,0.001582,0.288315,10.061215,1.509182,0.625000,0.000000,0.000000
865,10.645565,0.000000,1.002721,0.000000,0.000000,1.000000,0.954766,0,0.000204,0.001307,0.271689,10.422719,1.563408,0.625000,0.000000,0.000000
866,10.474784,0.000000,1.002200,0.000000,0.000000,1.000000,0.956222,0,0.000164,0.001222,0.255800,10.193185,1.528978,0.625000,0.000000,0.000000
867,10.549849,0.000000,1.002468,0.000000,0.000000,1.000000,0.958949,0,0.000257,0.001218,0.238478,10.242260,1.536339,0.625000,0.000000,0.000000
868,10.398052,0.000000,1.002792,0.000000,0.000000,1.000000,0.961621,0,0.000161,0.001098,0.222685,10.118706,1.517806,0.625000,0.000000,0.000000
869,10.442674,0.000000,1.001618,0.000000,0.000000,1.000000,0.963234,0,0.000163,0.001379,0.210744,10.132331,1.519850,0.625000,0.000000,0.000000
870,10.082708,0.001790,1.002649,0.000000,0.000000,1.000000,0.784215,1,0.000164,0.001729,3.174708,9.957560,1.493634,0.625000,0.000000,0.000000
871,10.182889,0.001243,1.002834,0.000000,0.000000,1.000000,0.799275,1,0.000163,0.001851,2.838854,10.070284,1.510543,0.625000,0.000000,0.000000
872,10.549456,0.001158,1.002958,0.000000,0.000000,1.000000,0.813426,1,0.000168,0.001198,2.536847,10.448106,1.567216,0.625000,0.000000,0.000000
873,10.397229,0.001472,1.003123,0.000000,0.000000,1.000000,0.827219,1,0.000170,0.001288,2.268780,10.305862,1.545879,0.625000,0.000000,0.000000
874,10.312787,0.001378,1.003225,0.000000,0.000000,1.000000,0.840263,1,0.000152,0.001166,2.027915,10.230426,1.534564,0.625000,0.000000,0.000000
875,10.619616,0.001523,1.003397,0.000000,0.000000,1.000000,0.850789,1,0.000172,0.001617,1.813956,10.545244,1.581787,0.625000,0.000000,0.000000
876,10.439204,0.001390,1.003515,0.000000,0.000000,1.000000,0.862482,1,0.000154,0.001159,1.620886,10.372089,1.555813,0.625000,0.000000,0.000000
877,10.421630,0.001740,1.003757,0.000000,0.000000,1.000000,0.872406,1,0.000208,0.001113,1.448094,10.360998,1.554150,0.625000,0.000000,0.000000
878,10.274518,0.000000,0.994830,0.000000,0.000000,1.000000,0.882662,0,0.000174,0.001327,1.289532,10.219928,1.532989,0.625000,0.000000,0.000000
879,10.353448,0.000000,0.995643,0.000000,0.000000,1.000000,0.892857,0,0.000361,0.001295,1.152093,10.240848,1.536127,0.625000,0.000000,0.000000
880,10.128785,0.000000,0.996425,0.000000,0.000000,1.000000,0.901493,0,0.000203,0.001262,1.028254,9.991197,1.498679,0.625000,0.000000,0.000000
881,10.185471,0.000000,0.999218,0.000000,0.000000,1.000000,0.910347,0,0.000232,0.001077,0.919218,9.995632,1.499345,0.625000,0.000000,0.000000
882,10.451834,0.000000,0.997817,0.000000,0.000000,1.000000,0.915610,0,0.000439,0.001259,0.817520,10.266744,1.540012,0.625000,0.000000,0.000000
883,10.355794,0.000000,1.000931,0.000000,0.000000,1.000000,0.921228,0,0.000150,0.001532,0.730963,10.147948,1.522192,0.625000,0.000000,0.000000
884,10.175337,0.000000,1.001066,0.000000,0.000000,1.000000,0.925144,0,0.000169,0.001140,0.651843,9.977243,1.496586,0.625000,0.000000,0.000000
885,10.421382,0.000000,1.001279,0.000000,0.000000,1.000000,0.928603,0,0.000173,0.001299,0.586735,10.257041,1.538556,0.625000,0.000000,0.000000
886,10.263454,0.000000,1.001267,0.000000,0.000000,1.000000,0.932051,0,0.000198,0.001246,0.529771,10.155618,1.523343,0.625000,0.000000,0.000000
887,10.492635,0.000000,1.001748,0.000000,0.000000,1.000000,0.935680,0,0.000181,0.001424,0.481048,10.344542,1.551681,0.625000,0.000000,0.000000
888,10.332526,0.000000,1.002016,0.000000,0.000000,1.000000,0.938579,0,0.000188,0.000992,0.440019,10.179439,1.526916,0.625000,0.000000,0.000000
889,10.273051,0.000000,1.002203,0.000000,0.000000,1.000000,0.941632,0,0.000195,0.001325,0.401769,10.084706,1.512706,0.625000,0.000000,0.000000
890,10.237769,0.000000,1.000791,0.000000,0.000000,1.000000,0.944624,0,0.000177,0.001282,0.371983,10.044427,1.506664,0.625000,0.000000,0.000000
891,10.231297,0.000000,1.002863,0.000000,0.000000,1.000000,0.946453,0,0.000181,0.001475,0.350843,9.982206,1.497331,0.625000,0.000000,0.000000
892,10.575219,0.000000,1.002920,0.000000,0.000000,1.000000,0.948522,0,0.000180,0.001264,0.327070,10.358368,1.553755,0.625000,0.000000,0.000000
893,10.433917,0.000000,1.002929,0.000000,0.000000,1.000000,0.950723,0,0.000162,0.001345,0.306812,10.217067,1.532560,0.625000,0.000000,0.000000
894,10.288258,0.000000,1.002169,0.000000,0.000000,1.000000,0.952229,0,0.000176,0.001110,0.288315,10.034662,1.505199,0.625000,0.000000,0.000000
895,10.580556,0.000000,1.002721,0.000000,0.000000,1.000000,0.954766,0,0.000182,0.001138,0.271689,10.357709,1.553656,0.625000,0.000000,0.000000
896,10.370977,0.000000,1.002200,0.000000,0.000000,1.000000,0.956222,0,0.000168,0.001314,0.255800,10.089388,1.513408,0.625000,0.000000,0.000000
897,10.453022,0.000000,1.002468,0.000000,0.000000,1.000000,0.958949,0,0.000178,0.001506,0.238478,10.145433,1.521815,0.625000,0.000000,0.000000
898,10.369933,0.000000,1.002792,0.000000,0.000000,1.000000,0.961621,0,0.000192,0.001639,0.222685,10.090588,1.513588,0.625000,0.000000,0.000000
899,10.376427,0.000000,1.001618,0.000000,0.000000,1.000000,0.963234,0,0.000153,0.001246,0.210744,10.066089,1.509913,0.625000,0.000000,0.000000
