epoch,aggregation_latency_ms,recovery_latency_ms,aggregation_completeness,loss_exposure_fraction,communication_overhead_KB,system_availability,queue_utilization,recovery_frequency,scheduling_latency_ms,state_refresh_ms,workload_imbalance,processing_overhead_ms,energy_joules,scheduling_comm_kb,recomputation_overhead_ms,reused_microslot_count
0,10.147689,0.003250,1.000482,0.000000,0.000000,1.000000,0.771832,1,0.000234,0.001819,4.927635,10.022569,1.503385,1.406250,0.000000,0.000000
1,10.094998,0.003236,1.000570,0.000000,0.000000,1.000000,0.783556,1,0.000125,0.001974,4.425752,9.982320,1.497348,1.406250,0.000000,0.000000
2,10.367170,0.003275,1.000658,0.000000,0.000000,1.000000,0.795471,1,0.000113,0.002229,3.973355,10.265712,1.539857,1.406250,0.000000,0.000000
3,10.137911,0.002723,1.000747,0.000000,0.000000,1.000000,0.806998,1,0.000208,0.002574,3.566063,10.046576,1.506986,1.406250,0.000000,0.000000
4,10.204961,0.003269,1.000814,0.000000,0.000000,1.000000,0.817659,1,0.000182,0.002286,3.199493,10.122722,1.518408,1.406250,0.000000,0.000000
5,10.401018,0.002868,1.000906,0.000000,0.000000,1.000000,0.827992,1,0.000189,0.002451,2.873376,10.326897,1.549035,1.406250,0.000000,0.000000
6,10.146749,0.003116,1.001009,0.000000,0.000000,1.000000,0.838107,1,0.000190,0.002206,2.579029,10.079964,1.511995,1.406250,0.000000,0.000000
7,10.184657,0.003005,1.001095,0.000000,0.000000,1.000000,0.846765,1,0.000344,0.002197,2.311779,10.124541,1.518681,1.406250,0.000000,0.000000
8,10.076509,0.003514,1.001155,0.000000,0.000000,1.000000,0.855215,1,0.000188,0.002374,2.071855,10.022377,1.503357,1.406250,0.000000,0.000000
9,10.048703,0.003267,1.001225,0.000000,0.000000,1.000000,0.862889,1,0.000243,0.001912,1.859156,9.999913,1.499987,1.406250,0.000000,0.000000
10,9.995915,0.002776,1.001314,0.000000,0.000000,1.000000,0.869217,1,0.000255,0.002012,1.669094,9.951915,1.492787,1.406250,0.000000,0.000000
11,9.950175,0.002802,1.001381,0.000000,0.000000,1.000000,0.876042,1,0.000131,0.002477,1.497661,9.910503,1.486576,1.406250,0.000000,0.000000
12,10.291790,0.002851,1.001482,0.000000,0.000000,1.000000,0.881760,1,0.000204,0.001930,1.344462,10.215234,1.532285,1.406250,0.000000,0.000000
13,10.133225,0.003328,1.001495,0.000000,0.000000,1.000000,0.887495,1,0.000271,0.002246,1.205458,10.041546,1.506232,1.406250,0.000000,0.000000
14,10.081698,0.003066,1.001617,0.000000,0.000000,1.000000,0.892174,1,0.000205,0.002103,1.084663,9.958802,1.493820,1.406250,0.000000,0.000000
15,10.428614,0.002963,1.001644,0.000000,0.000000,1.000000,0.896949,1,0.000204,0.002399,0.973797,10.277498,1.541625,1.406250,0.000000,0.000000
16,10.363798,0.000000,0.997681,0.000000,0.000000,1.000000,0.901280,0,0.000226,0.002064,0.877023,10.200699,1.530105,1.406250,0.000000,0.000000
17,10.364379,0.000000,0.998057,0.000000,0.000000,1.000000,0.905338,0,0.000182,0.002160,0.790152,10.176390,1.526458,1.406250,0.000000,0.000000
18,10.230083,0.000000,0.998375,0.000000,0.000000,1.000000,0.908586,0,0.000219,0.002567,0.712919,10.031316,1.504697,1.406250,0.000000,0.000000
19,10.240714,0.000000,0.998718,0.000000,0.000000,1.000000,0.912052,0,0.000377,0.002459,0.645855,10.031387,1.504708,1.406250,0.000000,0.000000
20,10.148781,0.000000,0.999012,0.000000,0.000000,1.000000,0.915288,0,0.000264,0.002245,0.588703,9.917346,1.487602,1.406250,0.000000,0.000000
21,10.132450,0.000000,0.999343,0.000000,0.000000,1.000000,0.918223,0,0.000206,0.002398,0.537395,9.891131,1.483670,1.406250,0.000000,0.000000
22,10.401440,0.000000,0.999564,0.000000,0.000000,1.000000,0.920604,0,0.000250,0.001904,0.495415,10.161449,1.524217,1.406250,0.000000,0.000000
23,10.277972,0.000000,0.999806,0.000000,0.000000,1.000000,0.923048,0,0.000232,0.002218,0.459374,10.039207,1.505881,1.406250,0.000000,0.000000
24,10.202665,0.000000,1.000028,0.000000,0.000000,1.000000,0.925363,0,0.000250,0.002064,0.429048,9.975343,1.496301,1.406250,0.000000,0.000000
25,10.458974,0.000000,1.000525,0.000000,0.000000,1.000000,0.927514,0,0.000207,0.002373,0.404179,10.231651,1.534748,1.406250,0.000000,0.000000
26,10.294003,0.000000,1.000634,0.000000,0.000000,1.000000,0.929191,0,0.000230,0.002206,0.384481,10.066685,1.510003,1.406250,0.000000,0.000000
27,10.338094,0.000000,1.000348,0.000000,0.000000,1.000000,0.930580,0,0.000526,0.002683,0.369059,10.110777,1.516617,1.406250,0.000000,0.000000
28,10.244963,0.000000,1.000770,0.000000,0.000000,1.000000,0.932368,0,0.000404,0.002035,0.356384,10.017649,1.502647,1.406250,0.000000,0.000000
29,10.257280,0.000000,1.000712,0.000000,0.000000,1.000000,0.933591,0,0.000211,0.002243,0.344595,10.029958,1.504494,1.406250,0.000000,0.000000
30,10.080245,0.003606,1.000482,0.000000,0.000000,1.000000,0.771832,1,0.000380,0.002208,4.927635,9.955121,1.493268,1.406250,0.000000,0.000000
31,9.988200,0.003791,1.000570,0.000000,0.000000,1.000000,0.783556,1,0.000218,0.002027,4.425752,9.875514,1.481327,1.406250,0.000000,0.000000
32,10.254885,0.002579,1.000658,0.000000,0.000000,1.000000,0.795471,1,0.000190,0.002358,3.973355,10.153449,1.523017,1.406250,0.000000,0.000000
33,10.119111,0.002814,1.000747,0.000000,0.000000,1.000000,0.806998,1,0.000207,0.002205,3.566063,10.027774,1.504166,1.406250,0.000000,0.000000
34,10.033981,0.002528,1.000814,0.000000,0.000000,1.000000,0.817659,1,0.000188,0.002296,3.199493,9.951765,1.492765,1.406250,0.000000,0.000000
35,10.330933,0.003001,1.000906,0.000000,0.000000,1.000000,0.827992,1,0.000201,0.002353,2.873376,10.256818,1.538523,1.406250,0.000000,0.000000
36,10.193452,0.003008,1.001009,0.000000,0.000000,1.000000,0.838107,1,0.000210,0.002602,2.579029,10.126671,1.519001,1.406250,0.000000,0.000000
37,10.256974,0.003078,1.001095,0.000000,0.000000,1.000000,0.846765,1,0.000208,0.001824,2.311779,10.196859,1.529529,1.406250,0.000000,0.000000
38,10.102349,0.002609,1.001155,0.000000,0.000000,1.000000,0.855215,1,0.000193,0.002428,2.071855,10.048245,1.507237,1.406250,0.000000,0.000000
39,10.043583,0.002522,1.001225,0.000000,0.000000,1.000000,0.862889,1,0.000362,0.002369,1.859156,9.994811,1.499222,1.406250,0.000000,0.000000
40,9.947019,0.002946,1.001314,0.000000,0.000000,1.000000,0.869217,1,0.000142,0.001766,1.669094,9.903019,1.485453,1.406250,0.000000,0.000000
41,9.899211,0.002929,1.001381,0.000000,0.000000,1.000000,0.876042,1,0.000129,0.001999,1.497661,9.859545,1.478932,1.406250,0.000000,0.000000
42,10.231516,0.003082,1.001482,0.000000,0.000000,1.000000,0.881760,1,0.000189,0.002416,1.344462,10.154954,1.523243,1.406250,0.000000,0.000000
43,10.148647,0.003198,1.001495,0.000000,0.000000,1.000000,0.887495,1,0.000190,0.002213,1.205458,10.056968,1.508545,1.406250,0.000000,0.000000
44,10.073315,0.002926,1.001617,0.000000,0.000000,1.000000,0.892174,1,0.000211,0.001866,1.084663,9.950424,1.492564,1.406250,0.000000,0.000000
45,10.399883,0.002575,1.001644,0.000000,0.000000,1.000000,0.896949,1,0.000222,0.002121,0.973797,10.248778,1.537317,1.406250,0.000000,0.000000
46,10.239847,0.000000,0.997681,0.000000,0.000000,1.000000,0.901280,0,0.000107,0.002518,0.877023,10.076547,1.511482,1.406250,0.000000,0.000000
47,10.320366,0.000000,0.998057,0.000000,0.000000,1.000000,0.905338,0,0.000224,0.002470,0.790152,10.132378,1.519857,1.406250,0.000000,0.000000
48,10.213016,0.000000,0.998375,0.000000,0.000000,1.000000,0.908586,0,0.000208,0.001843,0.712919,10.014242,1.502136,1.406250,0.000000,0.000000
49,10.235049,0.000000,0.998718,0.000000,0.000000,1.000000,0.912052,0,0.000189,0.002118,0.645855,10.025732,1.503860,1.406250,0.000000,0.000000
50,10.124234,0.000000,0.999012,0.000000,0.000000,1.000000,0.915288,0,0.000205,0.002151,0.588703,9.892801,1.483920,1.406250,0.000000,0.000000
51,10.137147,0.000000,0.999343,0.000000,0.000000,1.000000,0.918223,0,0.000241,0.002080,0.537395,9.895830,1.484375,1.406250,0.000000,0.000000
52,10.404670,0.000000,0.999564,0.000000,0.000000,1.000000,0.920604,0,0.000418,0.002220,0.495415,10.164685,1.524703,1.406250,0.000000,0.000000
53,10.272175,0.000000,0.999806,0.000000,0.000000,1.000000,0.923048,0,0.000230,0.003107,0.459374,10.033405,1.505011,1.406250,0.000000,0.000000
54,10.164832,0.000000,1.000028,0.000000,0.000000,1.000000,0.925363,0,0.000256,0.002836,0.429048,9.937512,1.490627,1.406250,0.000000,0.000000
55,10.455516,0.000000,1.000525,0.000000,0.000000,1.000000,0.927514,0,0.000215,0.002276,0.404179,10.228199,1.534230,1.406250,0.000000,0.000000
56,10.315718,0.000000,1.000634,0.000000,0.000000,1.000000,0.929191,0,0.000232,0.002057,0.384481,10.088400,1.513260,1.406250,0.000000,0.000000
57,10.341253,0.000000,1.000348,0.000000,0.000000,1.000000,0.930580,0,0.000226,0.002288,0.369059,10.113932,1.517090,1.406250,0.000000,0.000000
58,10.239578,0.000000,1.000770,0.000000,0.000000,1.000000,0.932368,0,0.000205,0.002096,0.356384,10.012261,1.501839,1.406250,0.000000,0.000000
59,10.222102,0.000000,1.000712,0.000000,0.000000,1.000000,0.933591,0,0.000332,0.002059,0.344595,9.994780,1.499217,1.406250,0.000000,0.000000
60,10.023092,0.002939,1.000482,0.000000,0.000000,1.000000,0.771832,1,0.000416,0.002520,4.927635,9.897979,1.484697,1.406250,0.000000,0.000000
61,9.979877,0.002673,1.000570,0.000000,0.000000,1.000000,0.783556,1,0.000194,0.002332,4.425752,9.867214,1.480082,1.406250,0.000000,0.000000
62,10.313520,0.002982,1.000658,0.000000,0.000000,1.000000,0.795471,1,0.000255,0.002477,3.973355,10.212072,1.531811,1.406250,0.000000,0.000000
63,10.150853,0.002924,1.000747,0.000000,0.000000,1.000000,0.806998,1,0.000134,0.002448,3.566063,10.059512,1.508927,1.406250,0.000000,0.000000
64,10.023447,0.002871,1.000814,0.000000,0.000000,1.000000,0.817659,1,0.000204,0.002818,3.199493,9.941226,1.491184,1.406250,0.000000,0.000000
65,10.363217,0.003140,1.000906,0.000000,0.000000,1.000000,0.827992,1,0.000346,0.002042,2.873376,10.289093,1.543364,1.406250,0.000000,0.000000
66,10.177692,0.003164,1.001009,0.000000,0.000000,1.000000,0.838107,1,0.000130,0.002027,2.579029,10.110903,1.516635,1.406250,0.000000,0.000000
67,10.155735,0.003108,1.001095,0.000000,0.000000,1.000000,0.846765,1,0.000240,0.002409,2.311779,10.095622,1.514343,1.406250,0.000000,0.000000
68,10.060839,0.002997,1.001155,0.000000,0.000000,1.000000,0.855215,1,0.000233,0.002291,2.071855,10.006724,1.501009,1.406250,0.000000,0.000000
69,10.254575,0.011980,1.001225,0.000000,0.000000,1.000000,0.862889,1,0.000192,0.001904,1.859156,10.205596,1.530839,1.406250,0.000000,0.000000
70,10.005509,0.003176,1.001314,0.000000,0.000000,1.000000,0.869217,1,0.000450,0.001987,1.669094,9.961502,1.494225,1.406250,0.000000,0.000000
71,9.921126,0.003152,1.001381,0.000000,0.000000,1.000000,0.876042,1,0.000304,0.002681,1.497661,9.881452,1.482218,1.406250,0.000000,0.000000
72,10.322550,0.003021,1.001482,0.000000,0.000000,1.000000,0.881760,1,0.000144,0.002336,1.344462,10.245993,1.536899,1.406250,0.000000,0.000000
73,10.395662,0.003488,1.001495,0.000000,0.000000,1.000000,0.887495,1,0.000125,0.002807,1.205458,10.303977,1.545597,1.406250,0.000000,0.000000
74,10.400633,0.003372,1.001617,0.000000,0.000000,1.000000,0.892174,1,0.000472,0.002052,1.084663,10.277728,1.541659,1.406250,0.000000,0.000000
75,10.810846,0.003042,1.001644,0.000000,0.000000,1.000000,0.896949,1,0.000135,0.002899,0.973797,10.659725,1.598959,1.406250,0.000000,0.000000
76,10.352086,0.000000,0.997681,0.000000,0.000000,1.000000,0.901280,0,0.000256,0.002259,0.877023,10.188979,1.528347,1.406250,0.000000,0.000000
77,10.390338,0.000000,0.998057,0.000000,0.000000,1.000000,0.905338,0,0.000203,0.002106,0.790152,10.202343,1.530352,1.406250,0.000000,0.000000
78,10.255809,0.000000,0.998375,0.000000,0.000000,1.000000,0.908586,0,0.000210,0.003551,0.712919,10.057038,1.508556,1.406250,0.000000,0.000000
79,10.210985,0.000000,0.998718,0.000000,0.000000,1.000000,0.912052,0,0.000288,0.002345,0.645855,10.001663,1.500249,1.406250,0.000000,0.000000
80,10.202520,0.000000,0.999012,0.000000,0.000000,1.000000,0.915288,0,0.000204,0.002169,0.588703,9.971086,1.495663,1.406250,0.000000,0.000000
81,10.102272,0.000000,0.999343,0.000000,0.000000,1.000000,0.918223,0,0.000441,0.002717,0.537395,9.860952,1.479143,1.406250,0.000000,0.000000
82,10.411615,0.000000,0.999564,0.000000,0.000000,1.000000,0.920604,0,0.000388,0.002118,0.495415,10.171628,1.525744,1.406250,0.000000,0.000000
83,10.254341,0.000000,0.999806,0.000000,0.000000,1.000000,0.923048,0,0.000398,0.002293,0.459374,10.015577,1.502337,1.406250,0.000000,0.000000
84,10.208956,0.000000,1.000028,0.000000,0.000000,1.000000,0.925363,0,0.000204,0.002283,0.429048,9.981633,1.497245,1.406250,0.000000,0.000000
85,10.436386,0.000000,1.000525,0.000000,0.000000,1.000000,0.927514,0,0.000228,0.002521,0.404179,10.209071,1.531361,1.406250,0.000000,0.000000
86,10.304626,0.000000,1.000634,0.000000,0.000000,1.000000,0.929191,0,0.000546,0.002713,0.384481,10.077310,1.511596,1.406250,0.000000,0.000000
87,10.339990,0.000000,1.000348,0.000000,0.000000,1.000000,0.930580,0,0.000316,0.002126,0.369059,10.112669,1.516900,1.406250,0.000000,0.000000
88,10.258278,0.000000,1.000770,0.000000,0.000000,1.000000,0.932368,0,0.000342,0.002719,0.356384,10.030958,1.504644,1.406250,0.000000,0.000000
89,10.244669,0.000000,1.000712,0.000000,0.000000,1.000000,0.933591,0,0.000208,0.002279,0.344595,10.017347,1.502602,1.406250,0.000000,0.000000
90,10.028873,0.003482,1.000482,0.000000,0.000000,1.000000,0.771832,1,0.000205,0.002943,4.927635,9.903747,1.485562,1.406250,0.000000,0.000000
91,9.975603,0.002925,1.000570,0.000000,0.000000,1.000000,0.783556,1,0.000189,0.001935,4.425752,9.862936,1.479440,1.406250,0.000000,0.000000
92,10.262968,0.010587,1.000658,0.000000,0.000000,1.000000,0.795471,1,0.000186,0.002050,3.973355,10.161353,1.524203,1.406250,0.000000,0.000000
93,10.128436,0.003624,1.000747,0.000000,0.000000,1.000000,0.806998,1,0.000208,0.002514,3.566063,10.037083,1.505563,1.406250,0.000000,0.000000
94,10.047080,0.002826,1.000814,0.000000,0.000000,1.000000,0.817659,1,0.000207,0.002247,3.199493,9.964854,1.494728,1.406250,0.000000,0.000000
95,10.345434,0.003457,1.000906,0.000000,0.000000,1.000000,0.827992,1,0.000254,0.002161,2.873376,10.271309,1.540696,1.406250,0.000000,0.000000
96,10.160118,0.002742,1.001009,0.000000,0.000000,1.000000,0.838107,1,0.000234,0.002560,2.579029,10.093346,1.514002,1.406250,0.000000,0.000000
97,10.222223,0.003018,1.001095,0.000000,0.000000,1.000000,0.846765,1,0.000206,0.002879,2.311779,10.162110,1.524317,1.406250,0.000000,0.000000
98,10.074305,0.002677,1.001155,0.000000,0.000000,1.000000,0.855215,1,0.000190,0.002554,2.071855,10.020201,1.503030,1.406250,0.000000,0.000000
99,10.063683,0.002728,1.001225,0.000000,0.000000,1.000000,0.862889,1,0.000202,0.002394,1.859156,10.014914,1.502237,1.406250,0.000000,0.000000
100,10.008914,0.002646,1.001314,0.000000,0.000000,1.000000,0.869217,1,0.000109,0.002219,1.669094,9.964924,1.494739,1.406250,0.000000,0.000000
101,10.093470,0.002982,1.001381,0.000000,0.000000,1.000000,0.876042,1,0.000188,0.002538,1.497661,10.053802,1.508070,1.406250,0.000000,0.000000
102,10.291784,0.003158,1.001482,0.000000,0.000000,1.000000,0.881760,1,0.000377,0.002305,1.344462,10.215223,1.532283,1.406250,0.000000,0.000000
103,10.125764,0.003019,1.001495,0.000000,0.000000,1.000000,0.887495,1,0.000221,0.002402,1.205458,10.034094,1.505114,1.406250,0.000000,0.000000
104,10.090952,0.002841,1.001617,0.000000,0.000000,1.000000,0.892174,1,0.000127,0.002312,1.084663,9.968061,1.495209,1.406250,0.000000,0.000000
105,10.396012,0.002912,1.001644,0.000000,0.000000,1.000000,0.896949,1,0.000707,0.002856,0.973797,10.244897,1.536735,1.406250,0.000000,0.000000
106,10.247508,0.000000,0.997681,0.000000,0.000000,1.000000,0.901280,0,0.000241,0.002620,0.877023,10.084413,1.512662,1.406250,0.000000,0.000000
107,10.337941,0.000000,0.998057,0.000000,0.000000,1.000000,0.905338,0,0.000235,0.002283,0.790152,10.149950,1.522492,1.406250,0.000000,0.000000
108,10.257376,0.000000,0.998375,0.000000,0.000000,1.000000,0.908586,0,0.000206,0.002689,0.712919,10.058611,1.508792,1.406250,0.000000,0.000000
109,10.210996,0.000000,0.998718,0.000000,0.000000,1.000000,0.912052,0,0.000423,0.003034,0.645855,10.001676,1.500251,1.406250,0.000000,0.000000
110,10.133025,0.000000,0.999012,0.000000,0.000000,1.000000,0.915288,0,0.000381,0.002551,0.588703,9.901598,1.485240,1.406250,0.000000,0.000000
111,10.121465,0.000000,0.999343,0.000000,0.000000,1.000000,0.918223,0,0.000493,0.002873,0.537395,9.880149,1.482022,1.406250,0.000000,0.000000
112,10.414339,0.000000,0.999564,0.000000,0.000000,1.000000,0.920604,0,0.000192,0.002509,0.495415,10.174355,1.526153,1.406250,0.000000,0.000000
113,10.270865,0.000000,0.999806,0.000000,0.000000,1.000000,0.923048,0,0.000192,0.002155,0.459374,10.032105,1.504816,1.406250,0.000000,0.000000
114,10.212437,0.000000,1.000028,0.000000,0.000000,1.000000,0.925363,0,0.000213,0.002631,0.429048,9.985120,1.497768,1.406250,0.000000,0.000000
115,10.447830,0.000000,1.000525,0.000000,0.000000,1.000000,0.927514,0,0.000391,0.002400,0.404179,10.220511,1.533077,1.406250,0.000000,0.000000
116,10.333277,0.000000,1.000634,0.000000,0.000000,1.000000,0.929191,0,0.000434,0.002476,0.384481,10.105963,1.515894,1.406250,0.000000,0.000000
117,10.365503,0.000000,1.000348,0.000000,0.000000,1.000000,0.930580,0,0.000350,0.001962,0.369059,10.138186,1.520728,1.406250,0.000000,0.000000
118,10.268800,0.000000,1.000770,0.000000,0.000000,1.000000,0.932368,0,0.000218,0.002136,0.356384,10.041480,1.506222,1.406250,0.000000,0.000000
119,10.225822,0.000000,1.000712,0.000000,0.000000,1.000000,0.933591,0,0.000270,0.002278,0.344595,9.998500,1.499775,1.406250,0.000000,0.000000
120,10.035215,0.003215,1.000482,0.000000,0.000000,1.000000,0.771832,1,0.000271,0.002644,4.927635,9.910095,1.486514,1.406250,0.000000,0.000000
121,9.982539,0.003133,1.000570,0.000000,0.000000,1.000000,0.783556,1,0.000197,0.002362,4.425752,9.869869,1.480480,1.406250,0.000000,0.000000
122,10.259190,0.003723,1.000658,0.000000,0.000000,1.000000,0.795471,1,0.000254,0.002413,3.973355,10.157729,1.523659,1.406250,0.000000,0.000000
123,10.105977,0.002656,1.000747,0.000000,0.000000,1.000000,0.806998,1,0.000244,0.002488,3.566063,10.014651,1.502198,1.406250,0.000000,0.000000
124,10.031600,0.002901,1.000814,0.000000,0.000000,1.000000,0.817659,1,0.000189,0.002304,3.199493,9.949376,1.492406,1.406250,0.000000,0.000000
125,10.318258,0.003098,1.000906,0.000000,0.000000,1.000000,0.827992,1,0.000190,0.002419,2.873376,10.244145,1.536622,1.406250,0.000000,0.000000
126,10.153791,0.002851,1.001009,0.000000,0.000000,1.000000,0.838107,1,0.000189,0.001950,2.579029,10.087017,1.513052,1.406250,0.000000,0.000000
127,10.251169,0.002882,1.001095,0.000000,0.000000,1.000000,0.846765,1,0.000195,0.002877,2.311779,10.191061,1.528659,1.406250,0.000000,0.000000
128,10.054016,0.002752,1.001155,0.000000,0.000000,1.000000,0.855215,1,0.000205,0.002162,2.071855,9.999904,1.499986,1.406250,0.000000,0.000000
129,10.062338,0.002980,1.001225,0.000000,0.000000,1.000000,0.862889,1,0.000223,0.002483,1.859156,10.013556,1.502033,1.406250,0.000000,0.000000
130,9.932187,0.002732,1.001314,0.000000,0.000000,1.000000,0.869217,1,0.000126,0.002067,1.669094,9.888191,1.483229,1.406250,0.000000,0.000000
131,9.897779,0.002929,1.001381,0.000000,0.000000,1.000000,0.876042,1,0.000224,0.002707,1.497661,9.858113,1.478717,1.406250,0.000000,0.000000
132,10.240090,0.002987,1.001482,0.000000,0.000000,1.000000,0.881760,1,0.000189,0.002705,1.344462,10.163531,1.524530,1.406250,0.000000,0.000000
133,10.126307,0.002798,1.001495,0.000000,0.000000,1.000000,0.887495,1,0.000186,0.002270,1.205458,10.034640,1.505196,1.406250,0.000000,0.000000
134,10.324114,0.003214,1.001617,0.000000,0.000000,1.000000,0.892174,1,0.000206,0.002113,1.084663,10.201215,1.530182,1.406250,0.000000,0.000000
135,10.369509,0.003023,1.001644,0.000000,0.000000,1.000000,0.896949,1,0.000257,0.002306,0.973797,10.218391,1.532759,1.406250,0.000000,0.000000
136,10.247795,0.000000,0.997681,0.000000,0.000000,1.000000,0.901280,0,0.000325,0.002561,0.877023,10.084697,1.512705,1.406250,0.000000,0.000000
137,10.307735,0.000000,0.998057,0.000000,0.000000,1.000000,0.905338,0,0.000189,0.002898,0.790152,10.119751,1.517963,1.406250,0.000000,0.000000
138,10.241688,0.000000,0.998375,0.000000,0.000000,1.000000,0.908586,0,0.000161,0.002433,0.712919,10.042927,1.506439,1.406250,0.000000,0.000000
139,10.215550,0.000000,0.998718,0.000000,0.000000,1.000000,0.912052,0,0.000218,0.002682,0.645855,10.006230,1.500934,1.406250,0.000000,0.000000
140,10.185861,0.000000,0.999012,0.000000,0.000000,1.000000,0.915288,0,0.000251,0.002321,0.588703,9.954423,1.493163,1.406250,0.000000,0.000000
141,10.111882,0.000000,0.999343,0.000000,0.000000,1.000000,0.918223,0,0.000207,0.001864,0.537395,9.870560,1.480584,1.406250,0.000000,0.000000
142,10.414397,0.000000,0.999564,0.000000,0.000000,1.000000,0.920604,0,0.000241,0.002457,0.495415,10.174412,1.526162,1.406250,0.000000,0.000000
143,10.270961,0.000000,0.999806,0.000000,0.000000,1.000000,0.923048,0,0.000346,0.002047,0.459374,10.032198,1.504830,1.406250,0.000000,0.000000
144,10.179743,0.000000,1.000028,0.000000,0.000000,1.000000,0.925363,0,0.000321,0.002286,0.429048,9.952427,1.492864,1.406250,0.000000,0.000000
145,10.607982,0.000000,1.000525,0.000000,0.000000,1.000000,0.927514,0,0.000221,0.002310,0.404179,10.380658,1.557099,1.406250,0.000000,0.000000
146,10.336534,0.000000,1.000634,0.000000,0.000000,1.000000,0.929191,0,0.000390,0.002329,0.384481,10.109215,1.516382,1.406250,0.000000,0.000000
147,10.374480,0.000000,1.000348,0.000000,0.000000,1.000000,0.930580,0,0.000477,0.002236,0.369059,10.147156,1.522073,1.406250,0.000000,0.000000
148,10.277595,0.000000,1.000770,0.000000,0.000000,1.000000,0.932368,0,0.000213,0.002759,0.356384,10.050276,1.507541,1.406250,0.000000,0.000000
149,10.237191,0.000000,1.000712,0.000000,0.000000,1.000000,0.933591,0,0.000284,0.002417,0.344595,10.009870,1.501481,1.406250,0.000000,0.000000
150,10.040280,0.003466,1.000482,0.000000,0.000000,1.000000,0.771832,1,0.000381,0.002409,4.927635,9.915151,1.487273,1.406250,0.000000,0.000000
151,9.991938,0.002913,1.000570,0.000000,0.000000,1.000000,0.783556,1,0.000187,0.002728,4.425752,9.879275,1.481891,1.406250,0.000000,0.000000
152,10.255801,0.002963,1.000658,0.000000,0.000000,1.000000,0.795471,1,0.000131,0.002093,3.973355,10.154356,1.523153,1.406250,0.000000,0.000000
153,10.153061,0.002779,1.000747,0.000000,0.000000,1.000000,0.806998,1,0.000253,0.002029,3.566063,10.061728,1.509259,1.406250,0.000000,0.000000
154,10.036327,0.003508,1.000814,0.000000,0.000000,1.000000,0.817659,1,0.000227,0.002258,3.199493,9.954083,1.493112,1.406250,0.000000,0.000000
155,10.304547,0.002542,1.000906,0.000000,0.000000,1.000000,0.827992,1,0.000190,0.002446,2.873376,10.230441,1.534566,1.406250,0.000000,0.000000
156,10.146718,0.002821,1.001009,0.000000,0.000000,1.000000,0.838107,1,0.000210,0.002620,2.579029,10.079939,1.511991,1.406250,0.000000,0.000000
157,10.188285,0.002876,1.001095,0.000000,0.000000,1.000000,0.846765,1,0.000112,0.002158,2.311779,10.128175,1.519226,1.406250,0.000000,0.000000
158,10.079237,0.002682,1.001155,0.000000,0.000000,1.000000,0.855215,1,0.000194,0.002317,2.071855,10.025132,1.503770,1.406250,0.000000,0.000000
159,10.071198,0.003100,1.001225,0.000000,0.000000,1.000000,0.862889,1,0.000194,0.002165,1.859156,10.022415,1.503362,1.406250,0.000000,0.000000
160,10.070449,0.002645,1.001314,0.000000,0.000000,1.000000,0.869217,1,0.000193,0.002146,1.669094,10.026450,1.503967,1.406250,0.000000,0.000000
161,9.986922,0.003343,1.001381,0.000000,0.000000,1.000000,0.876042,1,0.000316,0.002323,1.497661,9.947243,1.492086,1.406250,0.000000,0.000000
162,10.260327,0.003171,1.001482,0.000000,0.000000,1.000000,0.881760,1,0.000402,0.002166,1.344462,10.183761,1.527564,1.406250,0.000000,0.000000
163,10.125259,0.003147,1.001495,0.000000,0.000000,1.000000,0.887495,1,0.000211,0.002504,1.205458,10.033578,1.505037,1.406250,0.000000,0.000000
164,10.076288,0.003111,1.001617,0.000000,0.000000,1.000000,0.892174,1,0.000188,0.002426,1.084663,9.953388,1.493008,1.406250,0.000000,0.000000
165,10.382601,0.003041,1.001644,0.000000,0.000000,1.000000,0.896949,1,0.000242,0.002219,0.973797,10.231484,1.534723,1.406250,0.000000,0.000000
166,10.375761,0.000000,0.997681,0.000000,0.000000,1.000000,0.901280,0,0.000204,0.002202,0.877023,10.212659,1.531899,1.406250,0.000000,0.000000
167,10.298683,0.000000,0.998057,0.000000,0.000000,1.000000,0.905338,0,0.000209,0.001970,0.790152,10.110690,1.516603,1.406250,0.000000,0.000000
168,10.217816,0.000000,0.998375,0.000000,0.000000,1.000000,0.908586,0,0.000269,0.002399,0.712919,10.019047,1.502857,1.406250,0.000000,0.000000
169,10.231901,0.000000,0.998718,0.000000,0.000000,1.000000,0.912052,0,0.000315,0.002544,0.645855,10.022582,1.503387,1.406250,0.000000,0.000000
170,10.158687,0.000000,0.999012,0.000000,0.000000,1.000000,0.915288,0,0.000209,0.002282,0.588703,9.927256,1.489088,1.406250,0.000000,0.000000
171,10.106576,0.000000,0.999343,0.000000,0.000000,1.000000,0.918223,0,0.000191,0.002283,0.537395,9.865256,1.479788,1.406250,0.000000,0.000000
172,10.411425,0.000000,0.999564,0.000000,0.000000,1.000000,0.920604,0,0.000236,0.002257,0.495415,10.171438,1.525716,1.406250,0.000000,0.000000
173,10.304353,0.000000,0.999806,0.000000,0.000000,1.000000,0.923048,0,0.000221,0.002081,0.459374,10.065591,1.509839,1.406250,0.000000,0.000000
174,10.178154,0.000000,1.000028,0.000000,0.000000,1.000000,0.925363,0,0.000345,0.001896,0.429048,9.950830,1.492624,1.406250,0.000000,0.000000
175,10.469849,0.000000,1.000525,0.000000,0.000000,1.000000,0.927514,0,0.000336,0.002597,0.404179,10.242527,1.536379,1.406250,0.000000,0.000000
176,10.301574,0.000000,1.000634,0.000000,0.000000,1.000000,0.929191,0,0.000380,0.002069,0.384481,10.074252,1.511138,1.406250,0.000000,0.000000
177,10.333547,0.000000,1.000348,0.000000,0.000000,1.000000,0.930580,0,0.000210,0.002280,0.369059,10.106211,1.515932,1.406250,0.000000,0.000000
178,10.231994,0.000000,1.000770,0.000000,0.000000,1.000000,0.932368,0,0.000241,0.002041,0.356384,10.004667,1.500700,1.406250,0.000000,0.000000
179,10.250738,0.000000,1.000712,0.000000,0.000000,1.000000,0.933591,0,0.000205,0.002240,0.344595,10.023420,1.503513,1.406250,0.000000,0.000000
180,10.010872,0.003358,1.000482,0.000000,0.000000,1.000000,0.771832,1,0.000602,0.002543,4.927635,9.885752,1.482863,1.406250,0.000000,0.000000
181,10.002113,0.003310,1.000570,0.000000,0.000000,1.000000,0.783556,1,0.000195,0.002422,4.425752,9.889435,1.483415,1.406250,0.000000,0.000000
182,10.265937,0.002747,1.000658,0.000000,0.000000,1.000000,0.795471,1,0.000230,0.002420,3.973355,10.164498,1.524675,1.406250,0.000000,0.000000
183,10.146773,0.002815,1.000747,0.000000,0.000000,1.000000,0.806998,1,0.000241,0.002645,3.566063,10.055443,1.508316,1.406250,0.000000,0.000000
184,10.007238,0.003093,1.000814,0.000000,0.000000,1.000000,0.817659,1,0.000205,0.002813,3.199493,9.925009,1.488751,1.406250,0.000000,0.000000
185,10.323917,0.003174,1.000906,0.000000,0.000000,1.000000,0.827992,1,0.000243,0.002369,2.873376,10.249793,1.537469,1.406250,0.000000,0.000000
186,10.175000,0.003042,1.001009,0.000000,0.000000,1.000000,0.838107,1,0.000337,0.002728,2.579029,10.108212,1.516232,1.406250,0.000000,0.000000
187,10.193745,0.003015,1.001095,0.000000,0.000000,1.000000,0.846765,1,0.000316,0.001919,2.311779,10.133630,1.520044,1.406250,0.000000,0.000000
188,10.063540,0.002805,1.001155,0.000000,0.000000,1.000000,0.855215,1,0.000129,0.002227,2.071855,10.009431,1.501415,1.406250,0.000000,0.000000
189,10.035204,0.002859,1.001225,0.000000,0.000000,1.000000,0.862889,1,0.000416,0.002895,1.859156,9.986427,1.497964,1.406250,0.000000,0.000000
190,9.963423,0.003051,1.001314,0.000000,0.000000,1.000000,0.869217,1,0.000192,0.002321,1.669094,9.919410,1.487912,1.406250,0.000000,0.000000
191,9.923315,0.003059,1.001381,0.000000,0.000000,1.000000,0.876042,1,0.000330,0.002258,1.497661,9.883644,1.482547,1.406250,0.000000,0.000000
192,10.310653,0.002900,1.001482,0.000000,0.000000,1.000000,0.881760,1,0.000208,0.002387,1.344462,10.234099,1.535115,1.406250,0.000000,0.000000
193,10.124379,0.002889,1.001495,0.000000,0.000000,1.000000,0.887495,1,0.000434,0.003068,1.205458,10.032708,1.504906,1.406250,0.000000,0.000000
194,10.060789,0.002752,1.001617,0.000000,0.000000,1.000000,0.892174,1,0.000123,0.002622,1.084663,9.937894,1.490684,1.406250,0.000000,0.000000
195,10.366122,0.002920,1.001644,0.000000,0.000000,1.000000,0.896949,1,0.000344,0.001929,0.973797,10.215008,1.532251,1.406250,0.000000,0.000000
196,10.258827,0.000000,0.997681,0.000000,0.000000,1.000000,0.901280,0,0.000325,0.002427,0.877023,10.095729,1.514359,1.406250,0.000000,0.000000
197,10.316878,0.000000,0.998057,0.000000,0.000000,1.000000,0.905338,0,0.000216,0.002345,0.790152,10.128893,1.519334,1.406250,0.000000,0.000000
198,10.310565,0.000000,0.998375,0.000000,0.000000,1.000000,0.908586,0,0.000475,0.002453,0.712919,10.111799,1.516770,1.406250,0.000000,0.000000
199,10.366987,0.000000,0.998718,0.000000,0.000000,1.000000,0.912052,0,0.000304,0.002286,0.645855,10.157657,1.523648,1.406250,0.000000,0.000000
200,10.134799,0.000000,0.999012,0.000000,0.000000,1.000000,0.915288,0,0.000318,0.002268,0.588703,9.903362,1.485504,1.406250,0.000000,0.000000
201,10.198395,0.000000,0.999343,0.000000,0.000000,1.000000,0.918223,0,0.000387,0.002096,0.537395,9.957072,1.493561,1.406250,0.000000,0.000000
202,10.545969,0.000000,0.999564,0.000000,0.000000,1.000000,0.920604,0,0.000302,0.002277,0.495415,10.305973,1.545896,1.406250,0.000000,0.000000
203,10.615886,0.000000,0.999806,0.000000,0.000000,1.000000,0.923048,0,0.000249,0.002421,0.459374,10.377118,1.556568,1.406250,0.000000,0.000000
204,10.476160,0.000000,1.000028,0.000000,0.000000,1.000000,0.925363,0,0.000357,0.002657,0.429048,10.248837,1.537326,1.406250,0.000000,0.000000
205,10.721157,0.000000,1.000525,0.000000,0.000000,1.000000,0.927514,0,0.000225,0.002291,0.404179,10.493841,1.574076,1.406250,0.000000,0.000000
206,10.409671,0.000000,1.000634,0.000000,0.000000,1.000000,0.929191,0,0.001171,0.002402,0.384481,10.182347,1.527352,1.406250,0.000000,0.000000
207,10.486133,0.000000,1.000348,0.000000,0.000000,1.000000,0.930580,0,0.000403,0.002567,0.369059,10.258814,1.538822,1.406250,0.000000,0.000000
208,10.382341,0.000000,1.000770,0.000000,0.000000,1.000000,0.932368,0,0.000651,0.002303,0.356384,10.155018,1.523253,1.406250,0.000000,0.000000
209,10.368734,0.000000,1.000712,0.000000,0.000000,1.000000,0.933591,0,0.000338,0.002322,0.344595,10.141416,1.521212,1.406250,0.000000,0.000000
210,10.290991,0.003588,1.000482,0.000000,0.000000,1.000000,0.771832,1,0.000209,0.002080,4.927635,10.165863,1.524879,1.406250,0.000000,0.000000
211,10.155876,0.003170,1.000570,0.000000,0.000000,1.000000,0.783556,1,0.000256,0.001980,4.425752,10.043196,1.506479,1.406250,0.000000,0.000000
212,10.416546,0.003138,1.000658,0.000000,0.000000,1.000000,0.795471,1,0.000191,0.002037,3.973355,10.315095,1.547264,1.406250,0.000000,0.000000
213,10.276512,0.002823,1.000747,0.000000,0.000000,1.000000,0.806998,1,0.000208,0.002305,3.566063,10.185175,1.527776,1.406250,0.000000,0.000000
214,10.198533,0.003158,1.000814,0.000000,0.000000,1.000000,0.817659,1,0.000222,0.002038,3.199493,10.116213,1.517432,1.406250,0.000000,0.000000
215,10.354585,0.002967,1.000906,0.000000,0.000000,1.000000,0.827992,1,0.000222,0.002288,2.873376,10.280465,1.542070,1.406250,0.000000,0.000000
216,10.202688,0.003230,1.001009,0.000000,0.000000,1.000000,0.838107,1,0.000249,0.002439,2.579029,10.135901,1.520385,1.406250,0.000000,0.000000
217,10.230115,0.003454,1.001095,0.000000,0.000000,1.000000,0.846765,1,0.000197,0.002584,2.311779,10.169986,1.525498,1.406250,0.000000,0.000000
218,10.137443,0.002897,1.001155,0.000000,0.000000,1.000000,0.855215,1,0.000398,0.001952,2.071855,10.083331,1.512500,1.406250,0.000000,0.000000
219,10.078734,0.012115,1.001225,0.000000,0.000000,1.000000,0.862889,1,0.000206,0.002009,1.859156,10.029748,1.504462,1.406250,0.000000,0.000000
220,9.980494,0.002756,1.001314,0.000000,0.000000,1.000000,0.869217,1,0.000186,0.002336,1.669094,9.936489,1.490473,1.406250,0.000000,0.000000
221,9.949954,0.002850,1.001381,0.000000,0.000000,1.000000,0.876042,1,0.000219,0.002444,1.497661,9.910286,1.486543,1.406250,0.000000,0.000000
222,10.306608,0.003004,1.001482,0.000000,0.000000,1.000000,0.881760,1,0.000324,0.002192,1.344462,10.230046,1.534507,1.406250,0.000000,0.000000
223,10.161956,0.002790,1.001495,0.000000,0.000000,1.000000,0.887495,1,0.000188,0.001975,1.205458,10.070290,1.510543,1.406250,0.000000,0.000000
224,10.192101,0.003161,1.001617,0.000000,0.000000,1.000000,0.892174,1,0.000215,0.002059,1.084663,10.069201,1.510380,1.406250,0.000000,0.000000
225,10.441715,0.003121,1.001644,0.000000,0.000000,1.000000,0.896949,1,0.000196,0.002086,0.973797,10.290598,1.543590,1.406250,0.000000,0.000000
226,10.299055,0.000000,0.997681,0.000000,0.000000,1.000000,0.901280,0,0.000206,0.002632,0.877023,10.135956,1.520393,1.406250,0.000000,0.000000
227,10.352915,0.000000,0.998057,0.000000,0.000000,1.000000,0.905338,0,0.000208,0.002087,0.790152,10.164931,1.524740,1.406250,0.000000,0.000000
228,10.253777,0.000000,0.998375,0.000000,0.000000,1.000000,0.908586,0,0.000234,0.002502,0.712919,10.055010,1.508251,1.406250,0.000000,0.000000
229,10.214802,0.000000,0.998718,0.000000,0.000000,1.000000,0.912052,0,0.000414,0.002053,0.645855,10.005480,1.500822,1.406250,0.000000,0.000000
230,10.278746,0.000000,0.999012,0.000000,0.000000,1.000000,0.915288,0,0.000197,0.002589,0.588703,10.047312,1.507097,1.406250,0.000000,0.000000
231,10.142386,0.000000,0.999343,0.000000,0.000000,1.000000,0.918223,0,0.000507,0.002259,0.537395,9.901067,1.485160,1.406250,0.000000,0.000000
232,10.438578,0.000000,0.999564,0.000000,0.000000,1.000000,0.920604,0,0.000460,0.002341,0.495415,10.198592,1.529789,1.406250,0.000000,0.000000
233,10.303840,0.000000,0.999806,0.000000,0.000000,1.000000,0.923048,0,0.000306,0.002395,0.459374,10.065075,1.509761,1.406250,0.000000,0.000000
234,10.225568,0.000000,1.000028,0.000000,0.000000,1.000000,0.925363,0,0.000506,0.002341,0.429048,9.998252,1.499738,1.406250,0.000000,0.000000
235,10.454538,0.000000,1.000525,0.000000,0.000000,1.000000,0.927514,0,0.000415,0.002130,0.404179,10.227219,1.534083,1.406250,0.000000,0.000000
236,10.322832,0.000000,1.000634,0.000000,0.000000,1.000000,0.929191,0,0.000225,0.002229,0.384481,10.095510,1.514327,1.406250,0.000000,0.000000
237,10.394270,0.000000,1.000348,0.000000,0.000000,1.000000,0.930580,0,0.000321,0.001830,0.369059,10.166951,1.525043,1.406250,0.000000,0.000000
238,10.256386,0.000000,1.000770,0.000000,0.000000,1.000000,0.932368,0,0.000522,0.001830,0.356384,10.029064,1.504360,1.406250,0.000000,0.000000
239,10.256587,0.000000,1.000712,0.000000,0.000000,1.000000,0.933591,0,0.000216,0.002334,0.344595,10.029268,1.504390,1.406250,0.000000,0.000000
240,10.074365,0.003166,1.000482,0.000000,0.000000,1.000000,0.771832,1,0.000326,0.002511,4.927635,9.949240,1.492386,1.406250,0.000000,0.000000
241,10.012642,0.003920,1.000570,0.000000,0.000000,1.000000,0.783556,1,0.000191,0.002266,4.425752,9.899953,1.484993,1.406250,0.000000,0.000000
242,10.274042,0.003214,1.000658,0.000000,0.000000,1.000000,0.795471,1,0.000262,0.002314,3.973355,10.172589,1.525888,1.406250,0.000000,0.000000
243,10.165519,0.003093,1.000747,0.000000,0.000000,1.000000,0.806998,1,0.000194,0.002073,3.566063,10.074181,1.511127,1.406250,0.000000,0.000000
244,10.059775,0.003097,1.000814,0.000000,0.000000,1.000000,0.817659,1,0.000189,0.001818,3.199493,9.977541,1.496631,1.406250,0.000000,0.000000
245,10.317729,0.003107,1.000906,0.000000,0.000000,1.000000,0.827992,1,0.000111,0.002055,2.873376,10.243613,1.536542,1.406250,0.000000,0.000000
246,10.203034,0.003164,1.001009,0.000000,0.000000,1.000000,0.838107,1,0.000192,0.002368,2.579029,10.136247,1.520437,1.406250,0.000000,0.000000
247,10.212692,0.003583,1.001095,0.000000,0.000000,1.000000,0.846765,1,0.000194,0.001877,2.311779,10.152563,1.522884,1.406250,0.000000,0.000000
248,10.100797,0.003061,1.001155,0.000000,0.000000,1.000000,0.855215,1,0.000189,0.002154,2.071855,10.046679,1.507002,1.406250,0.000000,0.000000
249,10.067675,0.003138,1.001225,0.000000,0.000000,1.000000,0.862889,1,0.000202,0.002112,1.859156,10.018891,1.502834,1.406250,0.000000,0.000000
250,9.993669,0.002655,1.001314,0.000000,0.000000,1.000000,0.869217,1,0.000240,0.002663,1.669094,9.949674,1.492451,1.406250,0.000000,0.000000
251,9.918114,0.002868,1.001381,0.000000,0.000000,1.000000,0.876042,1,0.000530,0.002608,1.497661,9.878443,1.481766,1.406250,0.000000,0.000000
252,10.272065,0.002776,1.001482,0.000000,0.000000,1.000000,0.881760,1,0.000316,0.002739,1.344462,10.195509,1.529326,1.406250,0.000000,0.000000
253,10.132372,0.002751,1.001495,0.000000,0.000000,1.000000,0.887495,1,0.000410,0.002100,1.205458,10.040620,1.506093,1.406250,0.000000,0.000000
254,10.128548,0.002952,1.001617,0.000000,0.000000,1.000000,0.892174,1,0.000338,0.002706,1.084663,10.005650,1.500848,1.406250,0.000000,0.000000
255,10.416352,0.002938,1.001644,0.000000,0.000000,1.000000,0.896949,1,0.000404,0.002174,0.973797,10.265236,1.539785,1.406250,0.000000,0.000000
256,10.315155,0.000000,0.997681,0.000000,0.000000,1.000000,0.901280,0,0.000305,0.002114,0.877023,10.152052,1.522808,1.406250,0.000000,0.000000
257,10.401812,0.000000,0.998057,0.000000,0.000000,1.000000,0.905338,0,0.000234,0.002568,0.790152,10.213820,1.532073,1.406250,0.000000,0.000000
258,10.229858,0.000000,0.998375,0.000000,0.000000,1.000000,0.908586,0,0.000228,0.002295,0.712919,10.031089,1.504663,1.406250,0.000000,0.000000
259,10.219266,0.000000,0.998718,0.000000,0.000000,1.000000,0.912052,0,0.000307,0.002295,0.645855,10.009946,1.501492,1.406250,0.000000,0.000000
260,10.153752,0.000000,0.999012,0.000000,0.000000,1.000000,0.915288,0,0.000631,0.002385,0.588703,9.922321,1.488348,1.406250,0.000000,0.000000
261,10.157959,0.000000,0.999343,0.000000,0.000000,1.000000,0.918223,0,0.000229,0.002122,0.537395,9.916634,1.487495,1.406250,0.000000,0.000000
262,10.452749,0.000000,0.999564,0.000000,0.000000,1.000000,0.920604,0,0.000206,0.001888,0.495415,10.212762,1.531914,1.406250,0.000000,0.000000
263,10.557363,0.000000,0.999806,0.000000,0.000000,1.000000,0.923048,0,0.000170,0.002320,0.459374,10.318595,1.547789,1.406250,0.000000,0.000000
264,10.174437,0.000000,1.000028,0.000000,0.000000,1.000000,0.925363,0,0.000558,0.002013,0.429048,9.947114,1.492067,1.406250,0.000000,0.000000
265,10.454924,0.000000,1.000525,0.000000,0.000000,1.000000,0.927514,0,0.000417,0.002281,0.404179,10.227601,1.534140,1.406250,0.000000,0.000000
266,10.331252,0.000000,1.000634,0.000000,0.000000,1.000000,0.929191,0,0.000237,0.002176,0.384481,10.103928,1.515589,1.406250,0.000000,0.000000
267,10.399818,0.000000,1.000348,0.000000,0.000000,1.000000,0.930580,0,0.000210,0.002195,0.369059,10.172496,1.525874,1.406250,0.000000,0.000000
268,10.268230,0.000000,1.000770,0.000000,0.000000,1.000000,0.932368,0,0.000331,0.002177,0.356384,10.040901,1.506135,1.406250,0.000000,0.000000
269,10.261004,0.000000,1.000712,0.000000,0.000000,1.000000,0.933591,0,0.000206,0.002337,0.344595,10.033680,1.505052,1.406250,0.000000,0.000000
270,10.061870,0.003645,1.000482,0.000000,0.000000,1.000000,0.771832,1,0.000210,0.002532,4.927635,9.936737,1.490511,1.406250,0.000000,0.000000
271,10.016479,0.003030,1.000570,0.000000,0.000000,1.000000,0.783556,1,0.000330,0.001949,4.425752,9.903807,1.485571,1.406250,0.000000,0.000000
272,10.280611,0.002568,1.000658,0.000000,0.000000,1.000000,0.795471,1,0.000129,0.002045,3.973355,10.179179,1.526877,1.406250,0.000000,0.000000
273,10.130868,0.003094,1.000747,0.000000,0.000000,1.000000,0.806998,1,0.000126,0.002351,3.566063,10.039530,1.505929,1.406250,0.000000,0.000000
274,10.185299,0.003061,1.000814,0.000000,0.000000,1.000000,0.817659,1,0.000226,0.001995,3.199493,10.103071,1.515461,1.406250,0.000000,0.000000
275,10.347710,0.003435,1.000906,0.000000,0.000000,1.000000,0.827992,1,0.000148,0.002143,2.873376,10.273586,1.541038,1.406250,0.000000,0.000000
276,10.182959,0.003317,1.001009,0.000000,0.000000,1.000000,0.838107,1,0.000249,0.002006,2.579029,10.116175,1.517426,1.406250,0.000000,0.000000
277,10.225040,0.002643,1.001095,0.000000,0.000000,1.000000,0.846765,1,0.000200,0.002455,2.311779,10.164934,1.524740,1.406250,0.000000,0.000000
278,10.119005,0.003097,1.001155,0.000000,0.000000,1.000000,0.855215,1,0.000194,0.002277,2.071855,10.064889,1.509733,1.406250,0.000000,0.000000
279,10.074527,0.003112,1.001225,0.000000,0.000000,1.000000,0.862889,1,0.000206,0.002461,1.859156,10.025742,1.503861,1.406250,0.000000,0.000000
280,9.972434,0.002871,1.001314,0.000000,0.000000,1.000000,0.869217,1,0.000238,0.002269,1.669094,9.928435,1.489265,1.406250,0.000000,0.000000
281,9.912938,0.002941,1.001381,0.000000,0.000000,1.000000,0.876042,1,0.000268,0.002128,1.497661,9.873267,1.480990,1.406250,0.000000,0.000000
282,10.266868,0.002897,1.001482,0.000000,0.000000,1.000000,0.881760,1,0.000414,0.002110,1.344462,10.190314,1.528547,1.406250,0.000000,0.000000
283,10.121345,0.003171,1.001495,0.000000,0.000000,1.000000,0.887495,1,0.000204,0.002147,1.205458,10.029673,1.504451,1.406250,0.000000,0.000000
284,10.101568,0.003153,1.001617,0.000000,0.000000,1.000000,0.892174,1,0.000448,0.002457,1.084663,9.978672,1.496801,1.406250,0.000000,0.000000
285,10.382727,0.002787,1.001644,0.000000,0.000000,1.000000,0.896949,1,0.000543,0.002590,0.973797,10.231616,1.534742,1.406250,0.000000,0.000000
286,10.249362,0.000000,0.997681,0.000000,0.000000,1.000000,0.901280,0,0.000348,0.002621,0.877023,10.086263,1.512939,1.406250,0.000000,0.000000
287,10.318353,0.000000,0.998057,0.000000,0.000000,1.000000,0.905338,0,0.000337,0.002463,0.790152,10.130364,1.519555,1.406250,0.000000,0.000000
288,10.215746,0.000000,0.998375,0.000000,0.000000,1.000000,0.908586,0,0.000326,0.002626,0.712919,10.016983,1.502547,1.406250,0.000000,0.000000
289,10.266566,0.000000,0.998718,0.000000,0.000000,1.000000,0.912052,0,0.000230,0.002016,0.645855,10.057248,1.508587,1.406250,0.000000,0.000000
290,10.126937,0.000000,0.999012,0.000000,0.000000,1.000000,0.915288,0,0.000228,0.001954,0.588703,9.895515,1.484327,1.406250,0.000000,0.000000
291,10.109852,0.000000,0.999343,0.000000,0.000000,1.000000,0.918223,0,0.000489,0.001966,0.537395,9.868530,1.480279,1.406250,0.000000,0.000000
292,10.396926,0.000000,0.999564,0.000000,0.000000,1.000000,0.920604,0,0.000225,0.002220,0.495415,10.156942,1.523541,1.406250,0.000000,0.000000
293,10.280395,0.000000,0.999806,0.000000,0.000000,1.000000,0.923048,0,0.000241,0.002638,0.459374,10.041633,1.506245,1.406250,0.000000,0.000000
294,10.155839,0.000000,1.000028,0.000000,0.000000,1.000000,0.925363,0,0.000435,0.002600,0.429048,9.928522,1.489278,1.406250,0.000000,0.000000
295,10.559173,0.000000,1.000525,0.000000,0.000000,1.000000,0.927514,0,0.000313,0.002303,0.404179,10.331860,1.549779,1.406250,0.000000,0.000000
296,10.340060,0.000000,1.000634,0.000000,0.000000,1.000000,0.929191,0,0.000455,0.002270,0.384481,10.112743,1.516911,1.406250,0.000000,0.000000
297,10.367967,0.000000,1.000348,0.000000,0.000000,1.000000,0.930580,0,0.000321,0.002238,0.369059,10.140645,1.521097,1.406250,0.000000,0.000000
298,10.262140,0.000000,1.000770,0.000000,0.000000,1.000000,0.932368,0,0.000303,0.002608,0.356384,10.034821,1.505223,1.406250,0.000000,0.000000
299,10.244163,0.000000,1.000712,0.000000,0.000000,1.000000,0.933591,0,0.000225,0.003008,0.344595,10.016842,1.502526,1.406250,0.000000,0.000000
300,10.019680,0.003251,1.000482,0.000000,0.000000,1.000000,0.771832,1,0.000319,0.002113,4.927635,9.894563,1.484184,1.406250,0.000000,0.000000
301,9.983564,0.003520,1.000570,0.000000,0.000000,1.000000,0.783556,1,0.000242,0.002513,4.425752,9.870881,1.480632,1.406250,0.000000,0.000000
302,10.298648,0.003136,1.000658,0.000000,0.000000,1.000000,0.795471,1,0.000294,0.002220,3.973355,10.197200,1.529580,1.406250,0.000000,0.000000
303,10.114391,0.003132,1.000747,0.000000,0.000000,1.000000,0.806998,1,0.000129,0.002158,3.566063,10.023049,1.503457,1.406250,0.000000,0.000000
304,10.041940,0.002725,1.000814,0.000000,0.000000,1.000000,0.817659,1,0.000190,0.002111,3.199493,9.959724,1.493959,1.406250,0.000000,0.000000
305,10.292384,0.003166,1.000906,0.000000,0.000000,1.000000,0.827992,1,0.000376,0.001769,2.873376,10.218259,1.532739,1.406250,0.000000,0.000000
306,10.155064,0.003139,1.001009,0.000000,0.000000,1.000000,0.838107,1,0.000365,0.002938,2.579029,10.088279,1.513242,1.406250,0.000000,0.000000
307,10.173649,0.003043,1.001095,0.000000,0.000000,1.000000,0.846765,1,0.000223,0.002410,2.311779,10.113532,1.517030,1.406250,0.000000,0.000000
308,10.100692,0.002953,1.001155,0.000000,0.000000,1.000000,0.855215,1,0.000312,0.002032,2.071855,10.046577,1.506987,1.406250,0.000000,0.000000
309,10.041574,0.002913,1.001225,0.000000,0.000000,1.000000,0.862889,1,0.000213,0.002099,1.859156,9.992796,1.498919,1.406250,0.000000,0.000000
310,9.968627,0.002922,1.001314,0.000000,0.000000,1.000000,0.869217,1,0.000386,0.010653,1.669094,9.924629,1.488694,1.406250,0.000000,0.000000
311,9.924185,0.003002,1.001381,0.000000,0.000000,1.000000,0.876042,1,0.000207,0.002098,1.497661,9.884517,1.482678,1.406250,0.000000,0.000000
312,10.246867,0.003020,1.001482,0.000000,0.000000,1.000000,0.881760,1,0.000307,0.002318,1.344462,10.170307,1.525546,1.406250,0.000000,0.000000
313,10.130885,0.003201,1.001495,0.000000,0.000000,1.000000,0.887495,1,0.000220,0.002115,1.205458,10.039208,1.505881,1.406250,0.000000,0.000000
314,10.081235,0.002927,1.001617,0.000000,0.000000,1.000000,0.892174,1,0.000205,0.002609,1.084663,9.958343,1.493751,1.406250,0.000000,0.000000
315,10.438329,0.003301,1.001644,0.000000,0.000000,1.000000,0.896949,1,0.000296,0.002458,0.973797,10.287208,1.543081,1.406250,0.000000,0.000000
316,10.241121,0.000000,0.997681,0.000000,0.000000,1.000000,0.901280,0,0.000252,0.002141,0.877023,10.078027,1.511704,1.406250,0.000000,0.000000
317,10.307473,0.000000,0.998057,0.000000,0.000000,1.000000,0.905338,0,0.000316,0.002557,0.790152,10.119490,1.517923,1.406250,0.000000,0.000000
318,10.197678,0.000000,0.998375,0.000000,0.000000,1.000000,0.908586,0,0.000213,0.002064,0.712919,9.998913,1.499837,1.406250,0.000000,0.000000
319,10.230950,0.000000,0.998718,0.000000,0.000000,1.000000,0.912052,0,0.000325,0.002715,0.645855,10.021634,1.503245,1.406250,0.000000,0.000000
320,10.186997,0.000000,0.999012,0.000000,0.000000,1.000000,0.915288,0,0.000209,0.002096,0.588703,9.955566,1.493335,1.406250,0.000000,0.000000
321,10.138684,0.000000,0.999343,0.000000,0.000000,1.000000,0.918223,0,0.000362,0.002153,0.537395,9.897367,1.484605,1.406250,0.000000,0.000000
322,10.402035,0.000000,0.999564,0.000000,0.000000,1.000000,0.920604,0,0.000329,0.002509,0.495415,10.162046,1.524307,1.406250,0.000000,0.000000
323,10.264342,0.000000,0.999806,0.000000,0.000000,1.000000,0.923048,0,0.000207,0.002139,0.459374,10.025584,1.503838,1.406250,0.000000,0.000000
324,10.161624,0.000000,1.000028,0.000000,0.000000,1.000000,0.925363,0,0.000309,0.002574,0.429048,9.934303,1.490145,1.406250,0.000000,0.000000
325,10.448223,0.000000,1.000525,0.000000,0.000000,1.000000,0.927514,0,0.000467,0.001976,0.404179,10.220903,1.533135,1.406250,0.000000,0.000000
326,10.285115,0.000000,1.000634,0.000000,0.000000,1.000000,0.929191,0,0.000303,0.002168,0.384481,10.057792,1.508669,1.406250,0.000000,0.000000
327,10.424471,0.000000,1.000348,0.000000,0.000000,1.000000,0.930580,0,0.000237,0.002517,0.369059,10.197153,1.529573,1.406250,0.000000,0.000000
328,10.411999,0.000000,1.000770,0.000000,0.000000,1.000000,0.932368,0,0.000455,0.002088,0.356384,10.184679,1.527702,1.406250,0.000000,0.000000
329,10.246705,0.000000,1.000712,0.000000,0.000000,1.000000,0.933591,0,0.000332,0.002273,0.344595,10.019384,1.502908,1.406250,0.000000,0.000000
330,10.046839,0.003446,1.000482,0.000000,0.000000,1.000000,0.771832,1,0.000557,0.001975,4.927635,9.921711,1.488257,1.406250,0.000000,0.000000
331,10.007973,0.003184,1.000570,0.000000,0.000000,1.000000,0.783556,1,0.000146,0.002059,4.425752,9.895298,1.484295,1.406250,0.000000,0.000000
332,10.399590,0.003462,1.000658,0.000000,0.000000,1.000000,0.795471,1,0.000237,0.002041,3.973355,10.298128,1.544719,1.406250,0.000000,0.000000
333,10.148407,0.003000,1.000747,0.000000,0.000000,1.000000,0.806998,1,0.000337,0.002276,3.566063,10.057067,1.508560,1.406250,0.000000,0.000000
334,10.156207,0.002977,1.000814,0.000000,0.000000,1.000000,0.817659,1,0.000249,0.002519,3.199493,10.073979,1.511097,1.406250,0.000000,0.000000
335,10.406967,0.002937,1.000906,0.000000,0.000000,1.000000,0.827992,1,0.000241,0.002086,2.873376,10.332852,1.549928,1.406250,0.000000,0.000000
336,10.163336,0.003336,1.001009,0.000000,0.000000,1.000000,0.838107,1,0.000323,0.002594,2.579029,10.096542,1.514481,1.406250,0.000000,0.000000
337,10.185198,0.002821,1.001095,0.000000,0.000000,1.000000,0.846765,1,0.000210,0.002285,2.311779,10.125086,1.518763,1.406250,0.000000,0.000000
338,10.079883,0.003159,1.001155,0.000000,0.000000,1.000000,0.855215,1,0.000244,0.002280,2.071855,10.025765,1.503865,1.406250,0.000000,0.000000
339,10.091341,0.003373,1.001225,0.000000,0.000000,1.000000,0.862889,1,0.000217,0.002520,1.859156,10.042556,1.506383,1.406250,0.000000,0.000000
340,9.977624,0.003402,1.001314,0.000000,0.000000,1.000000,0.869217,1,0.000363,0.002254,1.669094,9.933609,1.490041,1.406250,0.000000,0.000000
341,9.960510,0.002972,1.001381,0.000000,0.000000,1.000000,0.876042,1,0.000589,0.001940,1.497661,9.920837,1.488126,1.406250,0.000000,0.000000
342,10.325515,0.003100,1.001482,0.000000,0.000000,1.000000,0.881760,1,0.000618,0.002166,1.344462,10.248948,1.537342,1.406250,0.000000,0.000000
343,10.136068,0.002979,1.001495,0.000000,0.000000,1.000000,0.887495,1,0.000303,0.002576,1.205458,10.044398,1.506660,1.406250,0.000000,0.000000
344,10.092106,0.002953,1.001617,0.000000,0.000000,1.000000,0.892174,1,0.000304,0.002202,1.084663,9.969212,1.495382,1.406250,0.000000,0.000000
345,10.400875,0.002943,1.001644,0.000000,0.000000,1.000000,0.896949,1,0.000209,0.002164,0.973797,10.249764,1.537465,1.406250,0.000000,0.000000
346,10.229808,0.000000,0.997681,0.000000,0.000000,1.000000,0.901280,0,0.000123,0.002433,0.877023,10.066713,1.510007,1.406250,0.000000,0.000000
347,10.335908,0.000000,0.998057,0.000000,0.000000,1.000000,0.905338,0,0.000202,0.002098,0.790152,10.147923,1.522188,1.406250,0.000000,0.000000
348,10.221401,0.000000,0.998375,0.000000,0.000000,1.000000,0.908586,0,0.000231,0.002195,0.712919,10.022639,1.503396,1.406250,0.000000,0.000000
349,10.213753,0.000000,0.998718,0.000000,0.000000,1.000000,0.912052,0,0.000248,0.002195,0.645855,10.004436,1.500665,1.406250,0.000000,0.000000
350,10.126893,0.000000,0.999012,0.000000,0.000000,1.000000,0.915288,0,0.000251,0.002241,0.588703,9.895459,1.484319,1.406250,0.000000,0.000000
351,10.119046,0.000000,0.999343,0.000000,0.000000,1.000000,0.918223,0,0.000665,0.002484,0.537395,9.877733,1.481660,1.406250,0.000000,0.000000
352,10.407194,0.000000,0.999564,0.000000,0.000000,1.000000,0.920604,0,0.000234,0.002300,0.495415,10.167210,1.525081,1.406250,0.000000,0.000000
353,10.263055,0.000000,0.999806,0.000000,0.000000,1.000000,0.923048,0,0.000300,0.002309,0.459374,10.024293,1.503644,1.406250,0.000000,0.000000
354,10.225427,0.000000,1.000028,0.000000,0.000000,1.000000,0.925363,0,0.000317,0.002020,0.429048,9.998111,1.499717,1.406250,0.000000,0.000000
355,10.459434,0.000000,1.000525,0.000000,0.000000,1.000000,0.927514,0,0.000217,0.002097,0.404179,10.232121,1.534818,1.406250,0.000000,0.000000
356,10.317739,0.000000,1.000634,0.000000,0.000000,1.000000,0.929191,0,0.000419,0.002196,0.384481,10.090421,1.513563,1.406250,0.000000,0.000000
357,10.341821,0.000000,1.000348,0.000000,0.000000,1.000000,0.930580,0,0.000208,0.002461,0.369059,10.114505,1.517176,1.406250,0.000000,0.000000
358,10.257154,0.000000,1.000770,0.000000,0.000000,1.000000,0.932368,0,0.000427,0.002138,0.356384,10.029835,1.504475,1.406250,0.000000,0.000000
359,10.214402,0.000000,1.000712,0.000000,0.000000,1.000000,0.933591,0,0.000238,0.002823,0.344595,9.987080,1.498062,1.406250,0.000000,0.000000
360,10.156360,0.003170,1.000482,0.000000,0.000000,1.000000,0.771832,1,0.000210,0.002138,4.927635,10.031240,1.504686,1.406250,0.000000,0.000000
361,9.972565,0.003328,1.000570,0.000000,0.000000,1.000000,0.783556,1,0.000190,0.002344,4.425752,9.859886,1.478983,1.406250,0.000000,0.000000
362,10.274663,0.003106,1.000658,0.000000,0.000000,1.000000,0.795471,1,0.000228,0.002178,3.973355,10.173215,1.525982,1.406250,0.000000,0.000000
363,10.108197,0.002906,1.000747,0.000000,0.000000,1.000000,0.806998,1,0.000195,0.002762,3.566063,10.016863,1.502529,1.406250,0.000000,0.000000
364,10.055579,0.003470,1.000814,0.000000,0.000000,1.000000,0.817659,1,0.000221,0.001884,3.199493,9.973340,1.496001,1.406250,0.000000,0.000000
365,10.293910,0.002671,1.000906,0.000000,0.000000,1.000000,0.827992,1,0.000143,0.002515,2.873376,10.219804,1.532971,1.406250,0.000000,0.000000
366,10.160347,0.003275,1.001009,0.000000,0.000000,1.000000,0.838107,1,0.000220,0.002323,2.579029,10.093558,1.514034,1.406250,0.000000,0.000000
367,10.192525,0.003365,1.001095,0.000000,0.000000,1.000000,0.846765,1,0.000253,0.002544,2.311779,10.132403,1.519860,1.406250,0.000000,0.000000
368,10.073769,0.002904,1.001155,0.000000,0.000000,1.000000,0.855215,1,0.000317,0.002150,2.071855,10.019659,1.502949,1.406250,0.000000,0.000000
369,10.075405,0.002844,1.001225,0.000000,0.000000,1.000000,0.862889,1,0.000368,0.001939,1.859156,10.026630,1.503994,1.406250,0.000000,0.000000
370,9.999274,0.003042,1.001314,0.000000,0.000000,1.000000,0.869217,1,0.000321,0.002494,1.669094,9.955269,1.493290,1.406250,0.000000,0.000000
371,9.913145,0.003255,1.001381,0.000000,0.000000,1.000000,0.876042,1,0.000422,0.002421,1.497661,9.873467,1.481020,1.406250,0.000000,0.000000
372,10.254972,0.002938,1.001482,0.000000,0.000000,1.000000,0.881760,1,0.000567,0.002611,1.344462,10.178411,1.526762,1.406250,0.000000,0.000000
373,10.164769,0.002859,1.001495,0.000000,0.000000,1.000000,0.887495,1,0.000305,0.002663,1.205458,10.073102,1.510965,1.406250,0.000000,0.000000
374,10.076656,0.002721,1.001617,0.000000,0.000000,1.000000,0.892174,1,0.000502,0.002196,1.084663,9.953768,1.493065,1.406250,0.000000,0.000000
375,10.392024,0.002966,1.001644,0.000000,0.000000,1.000000,0.896949,1,0.000242,0.002467,0.973797,10.240905,1.536136,1.406250,0.000000,0.000000
376,10.251116,0.000000,0.997681,0.000000,0.000000,1.000000,0.901280,0,0.000363,0.002252,0.877023,10.088013,1.513202,1.406250,0.000000,0.000000
377,10.335214,0.000000,0.998057,0.000000,0.000000,1.000000,0.905338,0,0.000207,0.001980,0.790152,10.147226,1.522084,1.406250,0.000000,0.000000
378,10.203139,0.000000,0.998375,0.000000,0.000000,1.000000,0.908586,0,0.000346,0.002277,0.712919,10.004370,1.500656,1.406250,0.000000,0.000000
379,10.218297,0.000000,0.998718,0.000000,0.000000,1.000000,0.912052,0,0.000245,0.002109,0.645855,10.008977,1.501346,1.406250,0.000000,0.000000
380,10.137594,0.000000,0.999012,0.000000,0.000000,1.000000,0.915288,0,0.000531,0.002070,0.588703,9.906152,1.485923,1.406250,0.000000,0.000000
381,10.100870,0.000000,0.999343,0.000000,0.000000,1.000000,0.918223,0,0.000459,0.002477,0.537395,9.859554,1.478933,1.406250,0.000000,0.000000
382,10.403933,0.000000,0.999564,0.000000,0.000000,1.000000,0.920604,0,0.000249,0.002493,0.495415,10.163951,1.524593,1.406250,0.000000,0.000000
383,10.272056,0.000000,0.999806,0.000000,0.000000,1.000000,0.923048,0,0.000389,0.002370,0.459374,10.033289,1.504993,1.406250,0.000000,0.000000
384,10.175608,0.000000,1.000028,0.000000,0.000000,1.000000,0.925363,0,0.000206,0.002054,0.429048,9.948291,1.492244,1.406250,0.000000,0.000000
385,10.461583,0.000000,1.000525,0.000000,0.000000,1.000000,0.927514,0,0.000548,0.001781,0.404179,10.234266,1.535140,1.406250,0.000000,0.000000
386,10.327247,0.000000,1.000634,0.000000,0.000000,1.000000,0.929191,0,0.000211,0.002525,0.384481,10.099930,1.514990,1.406250,0.000000,0.000000
387,10.334274,0.000000,1.000348,0.000000,0.000000,1.000000,0.930580,0,0.000244,0.001828,0.369059,10.106953,1.516043,1.406250,0.000000,0.000000
388,10.238215,0.000000,1.000770,0.000000,0.000000,1.000000,0.932368,0,0.000439,0.002482,0.356384,10.010897,1.501635,1.406250,0.000000,0.000000
389,10.231226,0.000000,1.000712,0.000000,0.000000,1.000000,0.933591,0,0.000322,0.002606,0.344595,10.003901,1.500585,1.406250,0.000000,0.000000
390,10.043247,0.003183,1.000482,0.000000,0.000000,1.000000,0.771832,1,0.000312,0.002405,4.927635,9.918124,1.487719,1.406250,0.000000,0.000000
391,9.989056,0.003629,1.000570,0.000000,0.000000,1.000000,0.783556,1,0.000187,0.002128,4.425752,9.876371,1.481456,1.406250,0.000000,0.000000
392,10.381327,0.003283,1.000658,0.000000,0.000000,1.000000,0.795471,1,0.000357,0.002080,3.973355,10.279870,1.541981,1.406250,0.000000,0.000000
393,10.266709,0.002976,1.000747,0.000000,0.000000,1.000000,0.806998,1,0.000195,0.002191,3.566063,10.175370,1.526305,1.406250,0.000000,0.000000
394,10.043572,0.003108,1.000814,0.000000,0.000000,1.000000,0.817659,1,0.000212,0.002670,3.199493,9.961339,1.494201,1.406250,0.000000,0.000000
395,10.322572,0.002862,1.000906,0.000000,0.000000,1.000000,0.827992,1,0.000323,0.002313,2.873376,10.248462,1.537269,1.406250,0.000000,0.000000
396,10.137109,0.002920,1.001009,0.000000,0.000000,1.000000,0.838107,1,0.000226,0.002832,2.579029,10.070330,1.510550,1.406250,0.000000,0.000000
397,10.210814,0.003030,1.001095,0.000000,0.000000,1.000000,0.846765,1,0.000186,0.002465,2.311779,10.150697,1.522605,1.406250,0.000000,0.000000
398,10.072536,0.003082,1.001155,0.000000,0.000000,1.000000,0.855215,1,0.000190,0.002331,2.071855,10.018419,1.502763,1.406250,0.000000,0.000000
399,10.073400,0.003350,1.001225,0.000000,0.000000,1.000000,0.862889,1,0.000370,0.002142,1.859156,10.024606,1.503691,1.406250,0.000000,0.000000
400,9.936330,0.002685,1.001314,0.000000,0.000000,1.000000,0.869217,1,0.000194,0.002333,1.669094,9.892335,1.483850,1.406250,0.000000,0.000000
401,9.936470,0.003215,1.001381,0.000000,0.000000,1.000000,0.876042,1,0.000446,0.002247,1.497661,9.896793,1.484519,1.406250,0.000000,0.000000
402,10.258658,0.002901,1.001482,0.000000,0.000000,1.000000,0.881760,1,0.000312,0.002064,1.344462,10.182098,1.527315,1.406250,0.000000,0.000000
403,10.161554,0.003351,1.001495,0.000000,0.000000,1.000000,0.887495,1,0.000260,0.002019,1.205458,10.069877,1.510481,1.406250,0.000000,0.000000
404,10.145205,0.003261,1.001617,0.000000,0.000000,1.000000,0.892174,1,0.000442,0.002842,1.084663,10.022304,1.503346,1.406250,0.000000,0.000000
405,10.362162,0.003015,1.001644,0.000000,0.000000,1.000000,0.896949,1,0.000188,0.002183,0.973797,10.211047,1.531657,1.406250,0.000000,0.000000
406,10.239573,0.000000,0.997681,0.000000,0.000000,1.000000,0.901280,0,0.000268,0.002742,0.877023,10.076473,1.511471,1.406250,0.000000,0.000000
407,10.319925,0.000000,0.998057,0.000000,0.000000,1.000000,0.905338,0,0.000138,0.001766,0.790152,10.131932,1.519790,1.406250,0.000000,0.000000
408,10.237106,0.000000,0.998375,0.000000,0.000000,1.000000,0.908586,0,0.000206,0.002352,0.712919,10.038340,1.505751,1.406250,0.000000,0.000000
409,10.198624,0.000000,0.998718,0.000000,0.000000,1.000000,0.912052,0,0.000209,0.003001,0.645855,9.989301,1.498395,1.406250,0.000000,0.000000
410,10.191912,0.000000,0.999012,0.000000,0.000000,1.000000,0.915288,0,0.000379,0.002244,0.588703,9.960478,1.494072,1.406250,0.000000,0.000000
411,10.111758,0.000000,0.999343,0.000000,0.000000,1.000000,0.918223,0,0.000201,0.002399,0.537395,9.870437,1.480566,1.406250,0.000000,0.000000
412,10.458766,0.000000,0.999564,0.000000,0.000000,1.000000,0.920604,0,0.000194,0.002191,0.495415,10.218771,1.532816,1.406250,0.000000,0.000000
413,10.263121,0.000000,0.999806,0.000000,0.000000,1.000000,0.923048,0,0.000354,0.002235,0.459374,10.024356,1.503653,1.406250,0.000000,0.000000
414,10.184070,0.000000,1.000028,0.000000,0.000000,1.000000,0.925363,0,0.000194,0.002295,0.429048,9.956748,1.493512,1.406250,0.000000,0.000000
415,10.436489,0.000000,1.000525,0.000000,0.000000,1.000000,0.927514,0,0.000228,0.002025,0.404179,10.209172,1.531376,1.406250,0.000000,0.000000
416,10.322011,0.000000,1.000634,0.000000,0.000000,1.000000,0.929191,0,0.000385,0.002323,0.384481,10.094695,1.514204,1.406250,0.000000,0.000000
417,10.357261,0.000000,1.000348,0.000000,0.000000,1.000000,0.930580,0,0.000320,0.002282,0.369059,10.129942,1.519491,1.406250,0.000000,0.000000
418,10.266812,0.000000,1.000770,0.000000,0.000000,1.000000,0.932368,0,0.000499,0.002162,0.356384,10.039479,1.505922,1.406250,0.000000,0.000000
419,10.294419,0.000000,1.000712,0.000000,0.000000,1.000000,0.933591,0,0.000544,0.001914,0.344595,10.067098,1.510065,1.406250,0.000000,0.000000
420,10.092878,0.003515,1.000482,0.000000,0.000000,1.000000,0.771832,1,0.000391,0.002164,4.927635,9.967748,1.495162,1.406250,0.000000,0.000000
421,10.012786,0.003068,1.000570,0.000000,0.000000,1.000000,0.783556,1,0.000122,0.002235,4.425752,9.900112,1.485017,1.406250,0.000000,0.000000
422,10.253548,0.003236,1.000658,0.000000,0.000000,1.000000,0.795471,1,0.000124,0.001891,3.973355,10.152099,1.522815,1.406250,0.000000,0.000000
423,10.120601,0.003102,1.000747,0.000000,0.000000,1.000000,0.806998,1,0.000205,0.002341,3.566063,10.029259,1.504389,1.406250,0.000000,0.000000
424,10.052311,0.003407,1.000814,0.000000,0.000000,1.000000,0.817659,1,0.000273,0.002200,3.199493,9.970079,1.495512,1.406250,0.000000,0.000000
425,10.383198,0.003263,1.000906,0.000000,0.000000,1.000000,0.827992,1,0.000260,0.002606,2.873376,10.309075,1.546361,1.406250,0.000000,0.000000
426,10.145359,0.003073,1.001009,0.000000,0.000000,1.000000,0.838107,1,0.000342,0.002311,2.579029,10.078559,1.511784,1.406250,0.000000,0.000000
427,10.217779,0.003106,1.001095,0.000000,0.000000,1.000000,0.846765,1,0.000321,0.002531,2.311779,10.157659,1.523649,1.406250,0.000000,0.000000
428,10.079977,0.002816,1.001155,0.000000,0.000000,1.000000,0.855215,1,0.000211,0.002492,2.071855,10.025862,1.503879,1.406250,0.000000,0.000000
429,10.065516,0.002969,1.001225,0.000000,0.000000,1.000000,0.862889,1,0.000303,0.002373,1.859156,10.016735,1.502510,1.406250,0.000000,0.000000
430,9.933151,0.002858,1.001314,0.000000,0.000000,1.000000,0.869217,1,0.000194,0.002450,1.669094,9.889152,1.483373,1.406250,0.000000,0.000000
431,9.915414,0.002906,1.001381,0.000000,0.000000,1.000000,0.876042,1,0.000205,0.002472,1.497661,9.875742,1.481361,1.406250,0.000000,0.000000
432,10.245022,0.003138,1.001482,0.000000,0.000000,1.000000,0.881760,1,0.000208,0.002160,1.344462,10.168459,1.525269,1.406250,0.000000,0.000000
433,10.133572,0.003243,1.001495,0.000000,0.000000,1.000000,0.887495,1,0.000315,0.002677,1.205458,10.041893,1.506284,1.406250,0.000000,0.000000
434,10.067503,0.002856,1.001617,0.000000,0.000000,1.000000,0.892174,1,0.000198,0.002590,1.084663,9.944607,1.491691,1.406250,0.000000,0.000000
435,10.368847,0.003044,1.001644,0.000000,0.000000,1.000000,0.896949,1,0.000532,0.002068,0.973797,10.217725,1.532659,1.406250,0.000000,0.000000
436,10.226616,0.000000,0.997681,0.000000,0.000000,1.000000,0.901280,0,0.000210,0.002210,0.877023,10.063514,1.509527,1.406250,0.000000,0.000000
437,10.313108,0.000000,0.998057,0.000000,0.000000,1.000000,0.905338,0,0.000222,0.002666,0.790152,10.125120,1.518768,1.406250,0.000000,0.000000
438,10.246095,0.000000,0.998375,0.000000,0.000000,1.000000,0.908586,0,0.000179,0.001926,0.712919,10.047324,1.507099,1.406250,0.000000,0.000000
439,10.205798,0.000000,0.998718,0.000000,0.000000,1.000000,0.912052,0,0.000282,0.012329,0.645855,9.996478,1.499472,1.406250,0.000000,0.000000
440,10.188372,0.000000,0.999012,0.000000,0.000000,1.000000,0.915288,0,0.000509,0.002249,0.588703,9.956937,1.493540,1.406250,0.000000,0.000000
441,10.113806,0.000000,0.999343,0.000000,0.000000,1.000000,0.918223,0,0.000569,0.002192,0.537395,9.872487,1.480873,1.406250,0.000000,0.000000
442,10.399791,0.000000,0.999564,0.000000,0.000000,1.000000,0.920604,0,0.000236,0.002269,0.495415,10.159804,1.523971,1.406250,0.000000,0.000000
443,10.261532,0.000000,0.999806,0.000000,0.000000,1.000000,0.923048,0,0.000307,0.002455,0.459374,10.022771,1.503416,1.406250,0.000000,0.000000
444,10.179024,0.000000,1.000028,0.000000,0.000000,1.000000,0.925363,0,0.000297,0.002535,0.429048,9.951704,1.492756,1.406250,0.000000,0.000000
445,10.444373,0.000000,1.000525,0.000000,0.000000,1.000000,0.927514,0,0.000305,0.002115,0.404179,10.217055,1.532558,1.406250,0.000000,0.000000
446,10.295283,0.000000,1.000634,0.000000,0.000000,1.000000,0.929191,0,0.000477,0.002873,0.384481,10.067962,1.510194,1.406250,0.000000,0.000000
447,10.336148,0.000000,1.000348,0.000000,0.000000,1.000000,0.930580,0,0.000211,0.002152,0.369059,10.108820,1.516323,1.406250,0.000000,0.000000
448,10.237176,0.000000,1.000770,0.000000,0.000000,1.000000,0.932368,0,0.000458,0.002967,0.356384,10.009852,1.501478,1.406250,0.000000,0.000000
449,10.230724,0.000000,1.000712,0.000000,0.000000,1.000000,0.933591,0,0.000249,0.002653,0.344595,10.003402,1.500510,1.406250,0.000000,0.000000
450,10.057986,0.003295,1.000482,0.000000,0.000000,1.000000,0.771832,1,0.000235,0.002244,4.927635,9.932865,1.489930,1.406250,0.000000,0.000000
451,10.017816,0.003274,1.000570,0.000000,0.000000,1.000000,0.783556,1,0.000337,0.002001,4.425752,9.905143,1.485771,1.406250,0.000000,0.000000
452,10.263877,0.002941,1.000658,0.000000,0.000000,1.000000,0.795471,1,0.000248,0.002389,3.973355,10.162431,1.524365,1.406250,0.000000,0.000000
453,10.139024,0.003216,1.000747,0.000000,0.000000,1.000000,0.806998,1,0.000223,0.002101,3.566063,10.047681,1.507152,1.406250,0.000000,0.000000
454,10.009786,0.003039,1.000814,0.000000,0.000000,1.000000,0.817659,1,0.000191,0.002122,3.199493,9.927562,1.489134,1.406250,0.000000,0.000000
455,10.314456,0.003026,1.000906,0.000000,0.000000,1.000000,0.827992,1,0.000107,0.002167,2.873376,10.240333,1.536050,1.406250,0.000000,0.000000
456,10.159541,0.003425,1.001009,0.000000,0.000000,1.000000,0.838107,1,0.000188,0.001979,2.579029,10.092740,1.513911,1.406250,0.000000,0.000000
457,10.382415,0.003204,1.001095,0.000000,0.000000,1.000000,0.846765,1,0.000112,0.002064,2.311779,10.322293,1.548344,1.406250,0.000000,0.000000
458,10.118961,0.002963,1.001155,0.000000,0.000000,1.000000,0.855215,1,0.000193,0.002119,2.071855,10.064847,1.509727,1.406250,0.000000,0.000000
459,10.071222,0.003036,1.001225,0.000000,0.000000,1.000000,0.862889,1,0.000190,0.002113,1.859156,10.022242,1.503336,1.406250,0.000000,0.000000
460,10.014121,0.002757,1.001314,0.000000,0.000000,1.000000,0.869217,1,0.000359,0.002052,1.669094,9.970122,1.495518,1.406250,0.000000,0.000000
461,10.006516,0.002860,1.001381,0.000000,0.000000,1.000000,0.876042,1,0.000189,0.002137,1.497661,9.966848,1.495027,1.406250,0.000000,0.000000
462,10.554651,0.003396,1.001482,0.000000,0.000000,1.000000,0.881760,1,0.000446,0.002160,1.344462,10.478076,1.571711,1.406250,0.000000,0.000000
463,10.331742,0.002808,1.001495,0.000000,0.000000,1.000000,0.887495,1,0.000366,0.002185,1.205458,10.240074,1.536011,1.406250,0.000000,0.000000
464,10.295739,0.002972,1.001617,0.000000,0.000000,1.000000,0.892174,1,0.000341,0.002469,1.084663,10.172844,1.525927,1.406250,0.000000,0.000000
465,10.492616,0.003048,1.001644,0.000000,0.000000,1.000000,0.896949,1,0.000226,0.002459,0.973797,10.341491,1.551224,1.406250,0.000000,0.000000
466,10.345506,0.000000,0.997681,0.000000,0.000000,1.000000,0.901280,0,0.000634,0.002421,0.877023,10.182407,1.527361,1.406250,0.000000,0.000000
467,10.413744,0.000000,0.998057,0.000000,0.000000,1.000000,0.905338,0,0.000267,0.001988,0.790152,10.225759,1.533864,1.406250,0.000000,0.000000
468,10.401576,0.000000,0.998375,0.000000,0.000000,1.000000,0.908586,0,0.000222,0.002342,0.712919,10.202808,1.530421,1.406250,0.000000,0.000000
469,10.306263,0.000000,0.998718,0.000000,0.000000,1.000000,0.912052,0,0.000331,0.002223,0.645855,10.096939,1.514541,1.406250,0.000000,0.000000
470,10.280065,0.000000,0.999012,0.000000,0.000000,1.000000,0.915288,0,0.000226,0.002647,0.588703,10.048631,1.507295,1.406250,0.000000,0.000000
471,10.249763,0.000000,0.999343,0.000000,0.000000,1.000000,0.918223,0,0.000459,0.001777,0.537395,10.008441,1.501266,1.406250,0.000000,0.000000
472,10.507695,0.000000,0.999564,0.000000,0.000000,1.000000,0.920604,0,0.000230,0.002469,0.495415,10.267706,1.540156,1.406250,0.000000,0.000000
473,10.380565,0.000000,0.999806,0.000000,0.000000,1.000000,0.923048,0,0.000200,0.001904,0.459374,10.141801,1.521270,1.406250,0.000000,0.000000
474,10.225259,0.000000,1.000028,0.000000,0.000000,1.000000,0.925363,0,0.000192,0.002035,0.429048,9.997937,1.499690,1.406250,0.000000,0.000000
475,10.490556,0.000000,1.000525,0.000000,0.000000,1.000000,0.927514,0,0.000287,0.002050,0.404179,10.263224,1.539484,1.406250,0.000000,0.000000
476,10.321660,0.000000,1.000634,0.000000,0.000000,1.000000,0.929191,0,0.000190,0.001930,0.384481,10.094342,1.514151,1.406250,0.000000,0.000000
477,10.413930,0.000000,1.000348,0.000000,0.000000,1.000000,0.930580,0,0.000390,0.002364,0.369059,10.186611,1.527992,1.406250,0.000000,0.000000
478,10.267732,0.000000,1.000770,0.000000,0.000000,1.000000,0.932368,0,0.000304,0.002579,0.356384,10.040415,1.506062,1.406250,0.000000,0.000000
479,10.261391,0.000000,1.000712,0.000000,0.000000,1.000000,0.933591,0,0.000237,0.002091,0.344595,10.034073,1.505111,1.406250,0.000000,0.000000
480,10.077242,0.003579,1.000482,0.000000,0.000000,1.000000,0.771832,1,0.000221,0.001910,4.927635,9.952116,1.492817,1.406250,0.000000,0.000000
481,10.030425,0.003511,1.000570,0.000000,0.000000,1.000000,0.783556,1,0.000187,0.002010,4.425752,9.917741,1.487661,1.406250,0.000000,0.000000
482,10.368475,0.003183,1.000658,0.000000,0.000000,1.000000,0.795471,1,0.000190,0.002226,3.973355,10.267016,1.540052,1.406250,0.000000,0.000000
483,10.199398,0.003359,1.000747,0.000000,0.000000,1.000000,0.806998,1,0.000213,0.001983,3.566063,10.108050,1.516208,1.406250,0.000000,0.000000
484,10.094143,0.003266,1.000814,0.000000,0.000000,1.000000,0.817659,1,0.000318,0.002091,3.199493,10.011913,1.501787,1.406250,0.000000,0.000000
485,10.329737,0.003323,1.000906,0.000000,0.000000,1.000000,0.827992,1,0.000110,0.002054,2.873376,10.255618,1.538343,1.406250,0.000000,0.000000
486,10.266166,0.003408,1.001009,0.000000,0.000000,1.000000,0.838107,1,0.000338,0.002273,2.579029,10.199376,1.529906,1.406250,0.000000,0.000000
487,10.271642,0.003237,1.001095,0.000000,0.000000,1.000000,0.846765,1,0.000131,0.002311,2.311779,10.211521,1.531728,1.406250,0.000000,0.000000
488,10.098297,0.003134,1.001155,0.000000,0.000000,1.000000,0.855215,1,0.000422,0.002103,2.071855,10.044176,1.506626,1.406250,0.000000,0.000000
489,10.213556,0.003572,1.001225,0.000000,0.000000,1.000000,0.862889,1,0.000195,0.002550,1.859156,10.164757,1.524714,1.406250,0.000000,0.000000
490,10.001110,0.003110,1.001314,0.000000,0.000000,1.000000,0.869217,1,0.000187,0.002021,1.669094,9.957098,1.493565,1.406250,0.000000,0.000000
491,9.908285,0.003142,1.001381,0.000000,0.000000,1.000000,0.876042,1,0.000193,0.002413,1.497661,9.868612,1.480292,1.406250,0.000000,0.000000
492,10.260401,0.003268,1.001482,0.000000,0.000000,1.000000,0.881760,1,0.000181,0.002045,1.344462,10.183836,1.527575,1.406250,0.000000,0.000000
493,10.164290,0.002939,1.001495,0.000000,0.000000,1.000000,0.887495,1,0.000567,0.002280,1.205458,10.072621,1.510893,1.406250,0.000000,0.000000
494,10.096718,0.003122,1.001617,0.000000,0.000000,1.000000,0.892174,1,0.000368,0.002305,1.084663,9.973824,1.496074,1.406250,0.000000,0.000000
495,10.383432,0.002879,1.001644,0.000000,0.000000,1.000000,0.896949,1,0.000237,0.001948,0.973797,10.232316,1.534847,1.406250,0.000000,0.000000
496,10.270969,0.000000,0.997681,0.000000,0.000000,1.000000,0.901280,0,0.000128,0.002332,0.877023,10.107873,1.516181,1.406250,0.000000,0.000000
497,10.338770,0.000000,0.998057,0.000000,0.000000,1.000000,0.905338,0,0.000334,0.002438,0.790152,10.150784,1.522618,1.406250,0.000000,0.000000
498,10.266965,0.000000,0.998375,0.000000,0.000000,1.000000,0.908586,0,0.000207,0.002802,0.712919,10.068203,1.510230,1.406250,0.000000,0.000000
499,10.266064,0.000000,0.998718,0.000000,0.000000,1.000000,0.912052,0,0.000190,0.002073,0.645855,10.056734,1.508510,1.406250,0.000000,0.000000
500,10.162711,0.000000,0.999012,0.000000,0.000000,1.000000,0.915288,0,0.000345,0.002500,0.588703,9.931276,1.489691,1.406250,0.000000,0.000000
501,10.115797,0.000000,0.999343,0.000000,0.000000,1.000000,0.918223,0,0.000260,0.002450,0.537395,9.874472,1.481171,1.406250,0.000000,0.000000
502,10.422291,0.000000,0.999564,0.000000,0.000000,1.000000,0.920604,0,0.000207,0.002984,0.495415,10.182311,1.527347,1.406250,0.000000,0.000000
503,10.301194,0.000000,0.999806,0.000000,0.000000,1.000000,0.923048,0,0.000514,0.002034,0.459374,10.062427,1.509364,1.406250,0.000000,0.000000
504,10.196933,0.000000,1.000028,0.000000,0.000000,1.000000,0.925363,0,0.000463,0.002519,0.429048,9.969614,1.495442,1.406250,0.000000,0.000000
505,10.482620,0.000000,1.000525,0.000000,0.000000,1.000000,0.927514,0,0.000512,0.002028,0.404179,10.255304,1.538296,1.406250,0.000000,0.000000
506,10.335083,0.000000,1.000634,0.000000,0.000000,1.000000,0.929191,0,0.000233,0.002091,0.384481,10.107759,1.516164,1.406250,0.000000,0.000000
507,10.383225,0.000000,1.000348,0.000000,0.000000,1.000000,0.930580,0,0.000207,0.002052,0.369059,10.155902,1.523385,1.406250,0.000000,0.000000
508,10.254656,0.000000,1.000770,0.000000,0.000000,1.000000,0.932368,0,0.000206,0.002049,0.356384,10.027334,1.504100,1.406250,0.000000,0.000000
509,10.282239,0.000000,1.000712,0.000000,0.000000,1.000000,0.933591,0,0.000430,0.002634,0.344595,10.054917,1.508238,1.406250,0.000000,0.000000
510,10.108222,0.003641,1.000482,0.000000,0.000000,1.000000,0.771832,1,0.000318,0.002793,4.927635,9.983089,1.497463,1.406250,0.000000,0.000000
511,10.059470,0.003055,1.000570,0.000000,0.000000,1.000000,0.783556,1,0.000223,0.002980,4.425752,9.946802,1.492020,1.406250,0.000000,0.000000
512,10.288943,0.003195,1.000658,0.000000,0.000000,1.000000,0.795471,1,0.000239,0.002124,3.973355,10.187487,1.528123,1.406250,0.000000,0.000000
513,10.169334,0.003240,1.000747,0.000000,0.000000,1.000000,0.806998,1,0.000187,0.002080,3.566063,10.077991,1.511699,1.406250,0.000000,0.000000
514,10.030332,0.002939,1.000814,0.000000,0.000000,1.000000,0.817659,1,0.000212,0.001973,3.199493,9.948106,1.492216,1.406250,0.000000,0.000000
515,10.368571,0.003125,1.000906,0.000000,0.000000,1.000000,0.827992,1,0.000338,0.002121,2.873376,10.294451,1.544168,1.406250,0.000000,0.000000
516,10.254587,0.003343,1.001009,0.000000,0.000000,1.000000,0.838107,1,0.000429,0.002240,2.579029,10.187794,1.528169,1.406250,0.000000,0.000000
517,10.224716,0.002920,1.001095,0.000000,0.000000,1.000000,0.846765,1,0.000207,0.002381,2.311779,10.164600,1.524690,1.406250,0.000000,0.000000
518,10.122966,0.003004,1.001155,0.000000,0.000000,1.000000,0.855215,1,0.000370,0.002670,2.071855,10.068853,1.510328,1.406250,0.000000,0.000000
519,10.095890,0.003038,1.001225,0.000000,0.000000,1.000000,0.862889,1,0.000668,0.002189,1.859156,10.047104,1.507066,1.406250,0.000000,0.000000
520,10.022760,0.003078,1.001314,0.000000,0.000000,1.000000,0.869217,1,0.000223,0.001939,1.669094,9.978756,1.496813,1.406250,0.000000,0.000000
521,9.967759,0.002873,1.001381,0.000000,0.000000,1.000000,0.876042,1,0.000460,0.002330,1.497661,9.928092,1.489214,1.406250,0.000000,0.000000
522,10.501634,0.003290,1.001482,0.000000,0.000000,1.000000,0.881760,1,0.000264,0.001863,1.344462,10.425064,1.563760,1.406250,0.000000,0.000000
523,10.167878,0.002976,1.001495,0.000000,0.000000,1.000000,0.887495,1,0.000142,0.002179,1.205458,10.076207,1.511431,1.406250,0.000000,0.000000
524,10.089096,0.003114,1.001617,0.000000,0.000000,1.000000,0.892174,1,0.000488,0.001854,1.084663,9.966195,1.494929,1.406250,0.000000,0.000000
525,10.396945,0.002750,1.001644,0.000000,0.000000,1.000000,0.896949,1,0.000233,0.001894,0.973797,10.245830,1.536875,1.406250,0.000000,0.000000
526,10.281362,0.000000,0.997681,0.000000,0.000000,1.000000,0.901280,0,0.000327,0.002319,0.877023,10.118265,1.517740,1.406250,0.000000,0.000000
527,10.310309,0.000000,0.998057,0.000000,0.000000,1.000000,0.905338,0,0.000453,0.002175,0.790152,10.122321,1.518348,1.406250,0.000000,0.000000
528,10.241224,0.000000,0.998375,0.000000,0.000000,1.000000,0.908586,0,0.000205,0.002422,0.712919,10.042459,1.506369,1.406250,0.000000,0.000000
529,10.268975,0.000000,0.998718,0.000000,0.000000,1.000000,0.912052,0,0.000232,0.001890,0.645855,10.059650,1.508948,1.406250,0.000000,0.000000
530,10.166610,0.000000,0.999012,0.000000,0.000000,1.000000,0.915288,0,0.000210,0.002240,0.588703,9.935170,1.490276,1.406250,0.000000,0.000000
531,10.134440,0.000000,0.999343,0.000000,0.000000,1.000000,0.918223,0,0.000775,0.002433,0.537395,9.893114,1.483967,1.406250,0.000000,0.000000
532,10.426799,0.000000,0.999564,0.000000,0.000000,1.000000,0.920604,0,0.000419,0.002419,0.495415,10.186811,1.528022,1.406250,0.000000,0.000000
533,10.373843,0.000000,0.999806,0.000000,0.000000,1.000000,0.923048,0,0.000409,0.002524,0.459374,10.135081,1.520262,1.406250,0.000000,0.000000
534,10.198810,0.000000,1.000028,0.000000,0.000000,1.000000,0.925363,0,0.000409,0.002572,0.429048,9.971480,1.495722,1.406250,0.000000,0.000000
535,10.500446,0.000000,1.000525,0.000000,0.000000,1.000000,0.927514,0,0.000460,0.002639,0.404179,10.273124,1.540969,1.406250,0.000000,0.000000
536,10.326107,0.000000,1.000634,0.000000,0.000000,1.000000,0.929191,0,0.000545,0.001970,0.384481,10.098788,1.514818,1.406250,0.000000,0.000000
537,10.394780,0.000000,1.000348,0.000000,0.000000,1.000000,0.930580,0,0.000216,0.002684,0.369059,10.167459,1.525119,1.406250,0.000000,0.000000
538,10.250796,0.000000,1.000770,0.000000,0.000000,1.000000,0.932368,0,0.000639,0.002061,0.356384,10.023477,1.503522,1.406250,0.000000,0.000000
539,10.255600,0.000000,1.000712,0.000000,0.000000,1.000000,0.933591,0,0.000396,0.002799,0.344595,10.028278,1.504242,1.406250,0.000000,0.000000
540,10.055163,0.003169,1.000482,0.000000,0.000000,1.000000,0.771832,1,0.000212,0.002363,4.927635,9.930041,1.489506,1.406250,0.000000,0.000000
541,9.982305,0.003257,1.000570,0.000000,0.000000,1.000000,0.783556,1,0.000261,0.002237,4.425752,9.869634,1.480445,1.406250,0.000000,0.000000
542,10.317255,0.002933,1.000658,0.000000,0.000000,1.000000,0.795471,1,0.000255,0.002666,3.973355,10.215804,1.532371,1.406250,0.000000,0.000000
543,10.137668,0.002901,1.000747,0.000000,0.000000,1.000000,0.806998,1,0.000407,0.002141,3.566063,10.046333,1.506950,1.406250,0.000000,0.000000
544,10.036046,0.002899,1.000814,0.000000,0.000000,1.000000,0.817659,1,0.000320,0.002633,3.199493,9.953820,1.493073,1.406250,0.000000,0.000000
545,10.325096,0.002882,1.000906,0.000000,0.000000,1.000000,0.827992,1,0.000365,0.002068,2.873376,10.250987,1.537648,1.406250,0.000000,0.000000
546,10.160926,0.002876,1.001009,0.000000,0.000000,1.000000,0.838107,1,0.000423,0.002093,2.579029,10.094149,1.514122,1.406250,0.000000,0.000000
547,10.200656,0.003402,1.001095,0.000000,0.000000,1.000000,0.846765,1,0.000144,0.002271,2.311779,10.140526,1.521079,1.406250,0.000000,0.000000
548,10.138190,0.002751,1.001155,0.000000,0.000000,1.000000,0.855215,1,0.000191,0.002925,2.071855,10.084079,1.512612,1.406250,0.000000,0.000000
549,10.064634,0.003341,1.001225,0.000000,0.000000,1.000000,0.862889,1,0.000341,0.002354,1.859156,10.015847,1.502377,1.406250,0.000000,0.000000
550,9.949377,0.003330,1.001314,0.000000,0.000000,1.000000,0.869217,1,0.000206,0.002267,1.669094,9.905366,1.485805,1.406250,0.000000,0.000000
551,9.898533,0.003311,1.001381,0.000000,0.000000,1.000000,0.876042,1,0.000383,0.002133,1.497661,9.858858,1.478829,1.406250,0.000000,0.000000
552,10.245848,0.002979,1.001482,0.000000,0.000000,1.000000,0.881760,1,0.000213,0.002520,1.344462,10.169295,1.525394,1.406250,0.000000,0.000000
553,10.110825,0.003199,1.001495,0.000000,0.000000,1.000000,0.887495,1,0.000422,0.002328,1.205458,10.019153,1.502873,1.406250,0.000000,0.000000
554,10.184089,0.003308,1.001617,0.000000,0.000000,1.000000,0.892174,1,0.000225,0.002408,1.084663,10.061190,1.509179,1.406250,0.000000,0.000000
555,10.384802,0.002876,1.001644,0.000000,0.000000,1.000000,0.896949,1,0.000454,0.002435,0.973797,10.233690,1.535053,1.406250,0.000000,0.000000
556,10.261664,0.000000,0.997681,0.000000,0.000000,1.000000,0.901280,0,0.000237,0.002707,0.877023,10.098565,1.514785,1.406250,0.000000,0.000000
557,10.305292,0.000000,0.998057,0.000000,0.000000,1.000000,0.905338,0,0.000332,0.002430,0.790152,10.117306,1.517596,1.406250,0.000000,0.000000
558,10.227836,0.000000,0.998375,0.000000,0.000000,1.000000,0.908586,0,0.000298,0.002248,0.712919,10.029072,1.504361,1.406250,0.000000,0.000000
559,10.207321,0.000000,0.998718,0.000000,0.000000,1.000000,0.912052,0,0.000216,0.002257,0.645855,9.998005,1.499701,1.406250,0.000000,0.000000
560,10.134526,0.000000,0.999012,0.000000,0.000000,1.000000,0.915288,0,0.000318,0.002418,0.588703,9.903095,1.485464,1.406250,0.000000,0.000000
561,10.127189,0.000000,0.999343,0.000000,0.000000,1.000000,0.918223,0,0.000225,0.002041,0.537395,9.885868,1.482880,1.406250,0.000000,0.000000
562,10.388555,0.000000,0.999564,0.000000,0.000000,1.000000,0.920604,0,0.000460,0.002479,0.495415,10.148567,1.522285,1.406250,0.000000,0.000000
563,10.274944,0.000000,0.999806,0.000000,0.000000,1.000000,0.923048,0,0.000246,0.002664,0.459374,10.036187,1.505428,1.406250,0.000000,0.000000
564,10.169718,0.000000,1.000028,0.000000,0.000000,1.000000,0.925363,0,0.000225,0.002015,0.429048,9.942400,1.491360,1.406250,0.000000,0.000000
565,10.447042,0.000000,1.000525,0.000000,0.000000,1.000000,0.927514,0,0.000466,0.002550,0.404179,10.219720,1.532958,1.406250,0.000000,0.000000
566,10.302146,0.000000,1.000634,0.000000,0.000000,1.000000,0.929191,0,0.000206,0.002380,0.384481,10.074824,1.511224,1.406250,0.000000,0.000000
567,10.359815,0.000000,1.000348,0.000000,0.000000,1.000000,0.930580,0,0.000491,0.002279,0.369059,10.132338,1.519851,1.406250,0.000000,0.000000
568,10.258598,0.000000,1.000770,0.000000,0.000000,1.000000,0.932368,0,0.000303,0.002228,0.356384,10.031278,1.504692,1.406250,0.000000,0.000000
569,10.241810,0.000000,1.000712,0.000000,0.000000,1.000000,0.933591,0,0.000413,0.002291,0.344595,10.014490,1.502174,1.406250,0.000000,0.000000
570,10.061624,0.003583,1.000482,0.000000,0.000000,1.000000,0.771832,1,0.000353,0.002311,4.927635,9.936497,1.490474,1.406250,0.000000,0.000000
571,9.986355,0.002829,1.000570,0.000000,0.000000,1.000000,0.783556,1,0.000191,0.002054,4.425752,9.873691,1.481054,1.406250,0.000000,0.000000
572,10.253600,0.002770,1.000658,0.000000,0.000000,1.000000,0.795471,1,0.000191,0.001877,3.973355,10.152159,1.522824,1.406250,0.000000,0.000000
573,10.129535,0.003156,1.000747,0.000000,0.000000,1.000000,0.806998,1,0.000189,0.002569,3.566063,10.038192,1.505729,1.406250,0.000000,0.000000
574,10.064363,0.002768,1.000814,0.000000,0.000000,1.000000,0.817659,1,0.000200,0.002159,3.199493,9.982143,1.497321,1.406250,0.000000,0.000000
575,10.293800,0.002894,1.000906,0.000000,0.000000,1.000000,0.827992,1,0.000234,0.002365,2.873376,10.219691,1.532954,1.406250,0.000000,0.000000
576,10.148037,0.002979,1.001009,0.000000,0.000000,1.000000,0.838107,1,0.000534,0.002112,2.579029,10.081259,1.512189,1.406250,0.000000,0.000000
577,10.185277,0.003102,1.001095,0.000000,0.000000,1.000000,0.846765,1,0.000229,0.002090,2.311779,10.125160,1.518774,1.406250,0.000000,0.000000
578,10.095516,0.002827,1.001155,0.000000,0.000000,1.000000,0.855215,1,0.000195,0.002228,2.071855,10.041406,1.506211,1.406250,0.000000,0.000000
579,10.055584,0.002943,1.001225,0.000000,0.000000,1.000000,0.862889,1,0.000238,0.002197,1.859156,10.006801,1.501020,1.406250,0.000000,0.000000
580,10.015446,0.002929,1.001314,0.000000,0.000000,1.000000,0.869217,1,0.000392,0.002332,1.669094,9.971443,1.495716,1.406250,0.000000,0.000000
581,10.003376,0.003256,1.001381,0.000000,0.000000,1.000000,0.876042,1,0.000580,0.002361,1.497661,9.963698,1.494555,1.406250,0.000000,0.000000
582,10.261987,0.003028,1.001482,0.000000,0.000000,1.000000,0.881760,1,0.000536,0.002762,1.344462,10.185427,1.527814,1.406250,0.000000,0.000000
583,10.127164,0.003081,1.001495,0.000000,0.000000,1.000000,0.887495,1,0.000204,0.002218,1.205458,10.035492,1.505324,1.406250,0.000000,0.000000
584,10.074390,0.002811,1.001617,0.000000,0.000000,1.000000,0.892174,1,0.000205,0.002191,1.084663,9.951501,1.492725,1.406250,0.000000,0.000000
585,10.381685,0.002876,1.001644,0.000000,0.000000,1.000000,0.896949,1,0.000329,0.002187,0.973797,10.230573,1.534586,1.406250,0.000000,0.000000
586,10.301829,0.000000,0.997681,0.000000,0.000000,1.000000,0.901280,0,0.000206,0.002875,0.877023,10.138726,1.520809,1.406250,0.000000,0.000000
587,10.439915,0.000000,0.998057,0.000000,0.000000,1.000000,0.905338,0,0.000229,0.002384,0.790152,10.251916,1.537787,1.406250,0.000000,0.000000
588,10.198875,0.000000,0.998375,0.000000,0.000000,1.000000,0.908586,0,0.000323,0.002288,0.712919,10.000109,1.500016,1.406250,0.000000,0.000000
589,10.244669,0.000000,0.998718,0.000000,0.000000,1.000000,0.912052,0,0.000334,0.002292,0.645855,10.035343,1.505301,1.406250,0.000000,0.000000
590,10.141835,0.000000,0.999012,0.000000,0.000000,1.000000,0.915288,0,0.000238,0.002197,0.588703,9.910405,1.486561,1.406250,0.000000,0.000000
591,10.247075,0.000000,0.999343,0.000000,0.000000,1.000000,0.918223,0,0.000207,0.002444,0.537395,10.005747,1.500862,1.406250,0.000000,0.000000
592,10.529589,0.000000,0.999564,0.000000,0.000000,1.000000,0.920604,0,0.000244,0.002290,0.495415,10.289602,1.543440,1.406250,0.000000,0.000000
593,10.315205,0.000000,0.999806,0.000000,0.000000,1.000000,0.923048,0,0.000367,0.002149,0.459374,10.076444,1.511467,1.406250,0.000000,0.000000
594,10.171200,0.000000,1.000028,0.000000,0.000000,1.000000,0.925363,0,0.000321,0.002257,0.429048,9.943879,1.491582,1.406250,0.000000,0.000000
595,10.458262,0.000000,1.000525,0.000000,0.000000,1.000000,0.927514,0,0.000480,0.002781,0.404179,10.230943,1.534641,1.406250,0.000000,0.000000
596,10.316491,0.000000,1.000634,0.000000,0.000000,1.000000,0.929191,0,0.000476,0.002629,0.384481,10.089172,1.513376,1.406250,0.000000,0.000000
597,10.348593,0.000000,1.000348,0.000000,0.000000,1.000000,0.930580,0,0.000320,0.002337,0.369059,10.121272,1.518191,1.406250,0.000000,0.000000
598,10.269110,0.000000,1.000770,0.000000,0.000000,1.000000,0.932368,0,0.000209,0.002922,0.356384,10.041702,1.506255,1.406250,0.000000,0.000000
599,10.222814,0.000000,1.000712,0.000000,0.000000,1.000000,0.933591,0,0.000494,0.002701,0.344595,9.995497,1.499325,1.406250,0.000000,0.000000
600,10.039105,0.003380,1.000482,0.000000,0.000000,1.000000,0.771832,1,0.000397,0.002455,4.927635,9.913982,1.487097,1.406250,0.000000,0.000000
601,9.961754,0.003087,1.000570,0.000000,0.000000,1.000000,0.783556,1,0.000192,0.002212,4.425752,9.849089,1.477363,1.406250,0.000000,0.000000
602,10.284039,0.002809,1.000658,0.000000,0.000000,1.000000,0.795471,1,0.000560,0.002422,3.973355,10.182596,1.527389,1.406250,0.000000,0.000000
603,10.119920,0.003318,1.000747,0.000000,0.000000,1.000000,0.806998,1,0.000334,0.002385,3.566063,10.028577,1.504287,1.406250,0.000000,0.000000
604,10.030243,0.002813,1.000814,0.000000,0.000000,1.000000,0.817659,1,0.000312,0.002399,3.199493,9.948023,1.492204,1.406250,0.000000,0.000000
605,10.305084,0.003281,1.000906,0.000000,0.000000,1.000000,0.827992,1,0.000223,0.002388,2.873376,10.230963,1.534644,1.406250,0.000000,0.000000
606,10.165606,0.003362,1.001009,0.000000,0.000000,1.000000,0.838107,1,0.000423,0.002570,2.579029,10.098813,1.514822,1.406250,0.000000,0.000000
607,10.211595,0.003358,1.001095,0.000000,0.000000,1.000000,0.846765,1,0.000245,0.002144,2.311779,10.151470,1.522721,1.406250,0.000000,0.000000
608,10.109315,0.003106,1.001155,0.000000,0.000000,1.000000,0.855215,1,0.000577,0.002614,2.071855,10.055194,1.508279,1.406250,0.000000,0.000000
609,10.045636,0.002975,1.001225,0.000000,0.000000,1.000000,0.862889,1,0.000232,0.002401,1.859156,9.996853,1.499528,1.406250,0.000000,0.000000
610,9.941734,0.003287,1.001314,0.000000,0.000000,1.000000,0.869217,1,0.000335,0.002652,1.669094,9.897719,1.484658,1.406250,0.000000,0.000000
611,9.895459,0.002908,1.001381,0.000000,0.000000,1.000000,0.876042,1,0.000572,0.002839,1.497661,9.855794,1.478369,1.406250,0.000000,0.000000
612,10.254128,0.002968,1.001482,0.000000,0.000000,1.000000,0.881760,1,0.000259,0.002303,1.344462,10.177566,1.526635,1.406250,0.000000,0.000000
613,10.160062,0.002789,1.001495,0.000000,0.000000,1.000000,0.887495,1,0.000491,0.002389,1.205458,10.068397,1.510259,1.406250,0.000000,0.000000
614,10.063893,0.003031,1.001617,0.000000,0.000000,1.000000,0.892174,1,0.000325,0.002194,1.084663,9.941001,1.491150,1.406250,0.000000,0.000000
615,10.375089,0.003103,1.001644,0.000000,0.000000,1.000000,0.896949,1,0.000422,0.002949,0.973797,10.223970,1.533595,1.406250,0.000000,0.000000
616,10.232353,0.000000,0.997681,0.000000,0.000000,1.000000,0.901280,0,0.000312,0.002333,0.877023,10.069253,1.510388,1.406250,0.000000,0.000000
617,10.319833,0.000000,0.998057,0.000000,0.000000,1.000000,0.905338,0,0.000321,0.002546,0.790152,10.131838,1.519776,1.406250,0.000000,0.000000
618,10.216869,0.000000,0.998375,0.000000,0.000000,1.000000,0.908586,0,0.000208,0.002046,0.712919,10.018106,1.502716,1.406250,0.000000,0.000000
619,10.298544,0.000000,0.998718,0.000000,0.000000,1.000000,0.912052,0,0.000227,0.002166,0.645855,10.089221,1.513383,1.406250,0.000000,0.000000
620,10.132591,0.000000,0.999012,0.000000,0.000000,1.000000,0.915288,0,0.000434,0.002346,0.588703,9.901159,1.485174,1.406250,0.000000,0.000000
621,10.126810,0.000000,0.999343,0.000000,0.000000,1.000000,0.918223,0,0.000316,0.002218,0.537395,9.885493,1.482824,1.406250,0.000000,0.000000
622,10.419663,0.000000,0.999564,0.000000,0.000000,1.000000,0.920604,0,0.000111,0.002537,0.495415,10.179675,1.526951,1.406250,0.000000,0.000000
623,10.291984,0.000000,0.999806,0.000000,0.000000,1.000000,0.923048,0,0.000531,0.002280,0.459374,10.053222,1.507983,1.406250,0.000000,0.000000
624,10.158682,0.000000,1.000028,0.000000,0.000000,1.000000,0.925363,0,0.000399,0.002885,0.429048,9.931361,1.489704,1.406250,0.000000,0.000000
625,10.459770,0.000000,1.000525,0.000000,0.000000,1.000000,0.927514,0,0.000254,0.002744,0.404179,10.232455,1.534868,1.406250,0.000000,0.000000
626,10.335190,0.000000,1.000634,0.000000,0.000000,1.000000,0.929191,0,0.000241,0.002857,0.384481,10.107869,1.516180,1.406250,0.000000,0.000000
627,10.352532,0.000000,1.000348,0.000000,0.000000,1.000000,0.930580,0,0.000452,0.002711,0.369059,10.125216,1.518782,1.406250,0.000000,0.000000
628,10.263057,0.000000,1.000770,0.000000,0.000000,1.000000,0.932368,0,0.000697,0.002809,0.356384,10.035734,1.505360,1.406250,0.000000,0.000000
629,10.231504,0.000000,1.000712,0.000000,0.000000,1.000000,0.933591,0,0.000210,0.002764,0.344595,10.004186,1.500628,1.406250,0.000000,0.000000
630,10.074589,0.003470,1.000482,0.000000,0.000000,1.000000,0.771832,1,0.000320,0.002566,4.927635,9.949463,1.492419,1.406250,0.000000,0.000000
631,10.023483,0.003281,1.000570,0.000000,0.000000,1.000000,0.783556,1,0.000340,0.002180,4.425752,9.910806,1.486621,1.406250,0.000000,0.000000
632,10.297486,0.002903,1.000658,0.000000,0.000000,1.000000,0.795471,1,0.000329,0.002713,3.973355,10.196035,1.529405,1.406250,0.000000,0.000000
633,10.185183,0.003409,1.000747,0.000000,0.000000,1.000000,0.806998,1,0.000358,0.002357,3.566063,10.093834,1.514075,1.406250,0.000000,0.000000
634,10.052078,0.003130,1.000814,0.000000,0.000000,1.000000,0.817659,1,0.000500,0.002606,3.199493,9.969849,1.495477,1.406250,0.000000,0.000000
635,10.330994,0.003313,1.000906,0.000000,0.000000,1.000000,0.827992,1,0.000224,0.002674,2.873376,10.256869,1.538530,1.406250,0.000000,0.000000
636,10.210197,0.003406,1.001009,0.000000,0.000000,1.000000,0.838107,1,0.000125,0.002253,2.579029,10.143401,1.521510,1.406250,0.000000,0.000000
637,10.173657,0.003565,1.001095,0.000000,0.000000,1.000000,0.846765,1,0.000227,0.002122,2.311779,10.113527,1.517029,1.406250,0.000000,0.000000
638,10.058679,0.003465,1.001155,0.000000,0.000000,1.000000,0.855215,1,0.000238,0.002662,2.071855,10.004552,1.500683,1.406250,0.000000,0.000000
639,10.079351,0.003026,1.001225,0.000000,0.000000,1.000000,0.862889,1,0.000253,0.002770,1.859156,10.030569,1.504585,1.406250,0.000000,0.000000
640,9.943439,0.003150,1.001314,0.000000,0.000000,1.000000,0.869217,1,0.000189,0.003037,1.669094,9.899432,1.484915,1.406250,0.000000,0.000000
641,9.892612,0.002536,1.001381,0.000000,0.000000,1.000000,0.876042,1,0.000189,0.003094,1.497661,9.852953,1.477943,1.406250,0.000000,0.000000
642,10.245398,0.003057,1.001482,0.000000,0.000000,1.000000,0.881760,1,0.000187,0.002894,1.344462,10.168837,1.525326,1.406250,0.000000,0.000000
643,10.165343,0.003296,1.001495,0.000000,0.000000,1.000000,0.887495,1,0.000231,0.011346,1.205458,10.073666,1.511050,1.406250,0.000000,0.000000
644,10.078171,0.002866,1.001617,0.000000,0.000000,1.000000,0.892174,1,0.000443,0.002161,1.084663,9.955279,1.493292,1.406250,0.000000,0.000000
645,10.425098,0.003197,1.001644,0.000000,0.000000,1.000000,0.896949,1,0.000338,0.002403,0.973797,10.273978,1.541097,1.406250,0.000000,0.000000
646,10.241324,0.000000,0.997681,0.000000,0.000000,1.000000,0.901280,0,0.000211,0.002535,0.877023,10.078228,1.511734,1.406250,0.000000,0.000000
647,10.323051,0.000000,0.998057,0.000000,0.000000,1.000000,0.905338,0,0.000320,0.002904,0.790152,10.135067,1.520260,1.406250,0.000000,0.000000
648,10.204186,0.000000,0.998375,0.000000,0.000000,1.000000,0.908586,0,0.000191,0.002341,0.712919,10.005419,1.500813,1.406250,0.000000,0.000000
649,10.222059,0.000000,0.998718,0.000000,0.000000,1.000000,0.912052,0,0.000189,0.002803,0.645855,10.012737,1.501911,1.406250,0.000000,0.000000
650,10.123213,0.000000,0.999012,0.000000,0.000000,1.000000,0.915288,0,0.000418,0.002456,0.588703,9.891786,1.483768,1.406250,0.000000,0.000000
651,10.198424,0.000000,0.999343,0.000000,0.000000,1.000000,0.918223,0,0.000206,0.002548,0.537395,9.957105,1.493566,1.406250,0.000000,0.000000
652,10.574263,0.000000,0.999564,0.000000,0.000000,1.000000,0.920604,0,0.000226,0.002242,0.495415,10.334277,1.550141,1.406250,0.000000,0.000000
653,10.272915,0.000000,0.999806,0.000000,0.000000,1.000000,0.923048,0,0.000221,0.002206,0.459374,10.034151,1.505123,1.406250,0.000000,0.000000
654,10.201848,0.000000,1.000028,0.000000,0.000000,1.000000,0.925363,0,0.000221,0.002727,0.429048,9.974529,1.496179,1.406250,0.000000,0.000000
655,10.445698,0.000000,1.000525,0.000000,0.000000,1.000000,0.927514,0,0.000489,0.002688,0.404179,10.218381,1.532757,1.406250,0.000000,0.000000
656,10.319161,0.000000,1.000634,0.000000,0.000000,1.000000,0.929191,0,0.000345,0.003230,0.384481,10.091837,1.513775,1.406250,0.000000,0.000000
657,10.331329,0.000000,1.000348,0.000000,0.000000,1.000000,0.930580,0,0.000302,0.002118,0.369059,10.104006,1.515601,1.406250,0.000000,0.000000
658,10.276676,0.000000,1.000770,0.000000,0.000000,1.000000,0.932368,0,0.000373,0.002437,0.356384,10.049356,1.507403,1.406250,0.000000,0.000000
659,10.218863,0.000000,1.000712,0.000000,0.000000,1.000000,0.933591,0,0.000304,0.002771,0.344595,9.991538,1.498731,1.406250,0.000000,0.000000
660,10.085928,0.003470,1.000482,0.000000,0.000000,1.000000,0.771832,1,0.000232,0.002362,4.927635,9.960798,1.494120,1.406250,0.000000,0.000000
661,10.023291,0.003261,1.000570,0.000000,0.000000,1.000000,0.783556,1,0.000451,0.002507,4.425752,9.910615,1.486592,1.406250,0.000000,0.000000
662,10.292664,0.003079,1.000658,0.000000,0.000000,1.000000,0.795471,1,0.000199,0.002404,3.973355,10.191213,1.528682,1.406250,0.000000,0.000000
663,10.201084,0.002928,1.000747,0.000000,0.000000,1.000000,0.806998,1,0.000231,0.002225,3.566063,10.109749,1.516462,1.406250,0.000000,0.000000
664,10.037543,0.002984,1.000814,0.000000,0.000000,1.000000,0.817659,1,0.000298,0.002708,3.199493,9.955315,1.493297,1.406250,0.000000,0.000000
665,10.316246,0.003416,1.000906,0.000000,0.000000,1.000000,0.827992,1,0.000255,0.002066,2.873376,10.242118,1.536318,1.406250,0.000000,0.000000
666,10.153267,0.003008,1.001009,0.000000,0.000000,1.000000,0.838107,1,0.000306,0.002321,2.579029,10.086483,1.512972,1.406250,0.000000,0.000000
667,10.191485,0.003016,1.001095,0.000000,0.000000,1.000000,0.846765,1,0.000307,0.002510,2.311779,10.131376,1.519706,1.406250,0.000000,0.000000
668,10.061415,0.003571,1.001155,0.000000,0.000000,1.000000,0.855215,1,0.000335,0.002054,2.071855,10.007290,1.501094,1.406250,0.000000,0.000000
669,10.062760,0.003276,1.001225,0.000000,0.000000,1.000000,0.862889,1,0.000254,0.002599,1.859156,10.013975,1.502096,1.406250,0.000000,0.000000
670,9.918435,0.002914,1.001314,0.000000,0.000000,1.000000,0.869217,1,0.000203,0.002078,1.669094,9.874433,1.481165,1.406250,0.000000,0.000000
671,9.921106,0.003406,1.001381,0.000000,0.000000,1.000000,0.876042,1,0.000158,0.002218,1.497661,9.881427,1.482214,1.406250,0.000000,0.000000
672,10.282354,0.003068,1.001482,0.000000,0.000000,1.000000,0.881760,1,0.000220,0.002648,1.344462,10.205793,1.530869,1.406250,0.000000,0.000000
673,10.185626,0.002895,1.001495,0.000000,0.000000,1.000000,0.887495,1,0.000410,0.002141,1.205458,10.093955,1.514093,1.406250,0.000000,0.000000
674,10.081031,0.002769,1.001617,0.000000,0.000000,1.000000,0.892174,1,0.000629,0.002244,1.084663,9.958135,1.493720,1.406250,0.000000,0.000000
675,10.390629,0.003123,1.001644,0.000000,0.000000,1.000000,0.896949,1,0.000454,0.002376,0.973797,10.239511,1.535927,1.406250,0.000000,0.000000
676,10.303052,0.000000,0.997681,0.000000,0.000000,1.000000,0.901280,0,0.000329,0.002622,0.877023,10.139948,1.520992,1.406250,0.000000,0.000000
677,10.361994,0.000000,0.998057,0.000000,0.000000,1.000000,0.905338,0,0.000236,0.002078,0.790152,10.174001,1.526100,1.406250,0.000000,0.000000
678,10.233870,0.000000,0.998375,0.000000,0.000000,1.000000,0.908586,0,0.000322,0.002271,0.712919,10.035106,1.505266,1.406250,0.000000,0.000000
679,10.197883,0.000000,0.998718,0.000000,0.000000,1.000000,0.912052,0,0.000348,0.002161,0.645855,9.988563,1.498284,1.406250,0.000000,0.000000
680,10.147300,0.000000,0.999012,0.000000,0.000000,1.000000,0.915288,0,0.000466,0.002211,0.588703,9.915870,1.487381,1.406250,0.000000,0.000000
681,10.107143,0.000000,0.999343,0.000000,0.000000,1.000000,0.918223,0,0.000322,0.002164,0.537395,9.865826,1.479874,1.406250,0.000000,0.000000
682,10.406884,0.000000,0.999564,0.000000,0.000000,1.000000,0.920604,0,0.000412,0.002212,0.495415,10.166894,1.525034,1.406250,0.000000,0.000000
683,10.287825,0.000000,0.999806,0.000000,0.000000,1.000000,0.923048,0,0.000626,0.001918,0.459374,10.049058,1.507359,1.406250,0.000000,0.000000
684,10.226706,0.000000,1.000028,0.000000,0.000000,1.000000,0.925363,0,0.000347,0.002260,0.429048,9.999385,1.499908,1.406250,0.000000,0.000000
685,10.427983,0.000000,1.000525,0.000000,0.000000,1.000000,0.927514,0,0.000250,0.002419,0.404179,10.200662,1.530099,1.406250,0.000000,0.000000
686,10.312867,0.000000,1.000634,0.000000,0.000000,1.000000,0.929191,0,0.000659,0.002606,0.384481,10.085550,1.512833,1.406250,0.000000,0.000000
687,10.330645,0.000000,1.000348,0.000000,0.000000,1.000000,0.930580,0,0.000207,0.002458,0.369059,10.103324,1.515499,1.406250,0.000000,0.000000
688,10.235399,0.000000,1.000770,0.000000,0.000000,1.000000,0.932368,0,0.000281,0.002246,0.356384,10.008081,1.501212,1.406250,0.000000,0.000000
689,10.214713,0.000000,1.000712,0.000000,0.000000,1.000000,0.933591,0,0.000439,0.002191,0.344595,9.987394,1.498109,1.406250,0.000000,0.000000
690,10.037289,0.003340,1.000482,0.000000,0.000000,1.000000,0.771832,1,0.000405,0.002350,4.927635,9.912164,1.486825,1.406250,0.000000,0.000000
691,10.034916,0.003224,1.000570,0.000000,0.000000,1.000000,0.783556,1,0.000325,0.002168,4.425752,9.922237,1.488336,1.406250,0.000000,0.000000
692,10.269847,0.003371,1.000658,0.000000,0.000000,1.000000,0.795471,1,0.000339,0.002470,3.973355,10.168388,1.525258,1.406250,0.000000,0.000000
693,10.141061,0.003109,1.000747,0.000000,0.000000,1.000000,0.806998,1,0.000224,0.001937,3.566063,10.049720,1.507458,1.406250,0.000000,0.000000
694,10.058862,0.003115,1.000814,0.000000,0.000000,1.000000,0.817659,1,0.000262,0.002305,3.199493,9.976633,1.496495,1.406250,0.000000,0.000000
695,10.333080,0.003667,1.000906,0.000000,0.000000,1.000000,0.827992,1,0.000369,0.002460,2.873376,10.258951,1.538843,1.406250,0.000000,0.000000
696,10.159856,0.003268,1.001009,0.000000,0.000000,1.000000,0.838107,1,0.000190,0.002237,2.579029,10.093064,1.513960,1.406250,0.000000,0.000000
697,10.211163,0.003154,1.001095,0.000000,0.000000,1.000000,0.846765,1,0.000318,0.002282,2.311779,10.151046,1.522657,1.406250,0.000000,0.000000
698,10.082036,0.003138,1.001155,0.000000,0.000000,1.000000,0.855215,1,0.000396,0.002304,2.071855,10.027916,1.504187,1.406250,0.000000,0.000000
699,10.078890,0.003288,1.001225,0.000000,0.000000,1.000000,0.862889,1,0.000199,0.002636,1.859156,10.030098,1.504515,1.406250,0.000000,0.000000
700,9.967008,0.003045,1.001314,0.000000,0.000000,1.000000,0.869217,1,0.000207,0.002489,1.669094,9.923004,1.488451,1.406250,0.000000,0.000000
701,9.939541,0.002776,1.001381,0.000000,0.000000,1.000000,0.876042,1,0.000305,0.002580,1.497661,9.899877,1.484982,1.406250,0.000000,0.000000
702,10.239003,0.002745,1.001482,0.000000,0.000000,1.000000,0.881760,1,0.000451,0.002296,1.344462,10.162453,1.524368,1.406250,0.000000,0.000000
703,10.133746,0.003026,1.001495,0.000000,0.000000,1.000000,0.887495,1,0.000365,0.002384,1.205458,10.042076,1.506311,1.406250,0.000000,0.000000
704,10.089097,0.003374,1.001617,0.000000,0.000000,1.000000,0.892174,1,0.000583,0.002700,1.084663,9.966190,1.494929,1.406250,0.000000,0.000000
705,10.375043,0.002834,1.001644,0.000000,0.000000,1.000000,0.896949,1,0.000306,0.002271,0.973797,10.223928,1.533589,1.406250,0.000000,0.000000
706,10.260409,0.000000,0.997681,0.000000,0.000000,1.000000,0.901280,0,0.000337,0.002485,0.877023,10.097313,1.514597,1.406250,0.000000,0.000000
707,10.308067,0.000000,0.998057,0.000000,0.000000,1.000000,0.905338,0,0.000192,0.002311,0.790152,10.120082,1.518012,1.406250,0.000000,0.000000
708,10.223483,0.000000,0.998375,0.000000,0.000000,1.000000,0.908586,0,0.000312,0.002496,0.712919,10.024718,1.503708,1.406250,0.000000,0.000000
709,10.218967,0.000000,0.998718,0.000000,0.000000,1.000000,0.912052,0,0.000210,0.002510,0.645855,10.009650,1.501448,1.406250,0.000000,0.000000
710,10.267048,0.000000,0.999012,0.000000,0.000000,1.000000,0.915288,0,0.000225,0.002358,0.588703,10.035617,1.505343,1.406250,0.000000,0.000000
711,10.124335,0.000000,0.999343,0.000000,0.000000,1.000000,0.918223,0,0.000624,0.002389,0.537395,9.883016,1.482452,1.406250,0.000000,0.000000
712,10.441337,0.000000,0.999564,0.000000,0.000000,1.000000,0.920604,0,0.000300,0.002139,0.495415,10.201349,1.530202,1.406250,0.000000,0.000000
713,10.275843,0.000000,0.999806,0.000000,0.000000,1.000000,0.923048,0,0.000304,0.001752,0.459374,10.037079,1.505562,1.406250,0.000000,0.000000
714,10.203096,0.000000,1.000028,0.000000,0.000000,1.000000,0.925363,0,0.000304,0.002325,0.429048,9.975777,1.496366,1.406250,0.000000,0.000000
715,10.445406,0.000000,1.000525,0.000000,0.000000,1.000000,0.927514,0,0.000229,0.001991,0.404179,10.218081,1.532712,1.406250,0.000000,0.000000
716,10.462176,0.000000,1.000634,0.000000,0.000000,1.000000,0.929191,0,0.000440,0.002209,0.384481,10.234855,1.535228,1.406250,0.000000,0.000000
717,10.368097,0.000000,1.000348,0.000000,0.000000,1.000000,0.930580,0,0.000414,0.002438,0.369059,10.140775,1.521116,1.406250,0.000000,0.000000
718,10.233075,0.000000,1.000770,0.000000,0.000000,1.000000,0.932368,0,0.000544,0.002385,0.356384,10.005756,1.500863,1.406250,0.000000,0.000000
719,10.232835,0.000000,1.000712,0.000000,0.000000,1.000000,0.933591,0,0.000223,0.002219,0.344595,10.005510,1.500827,1.406250,0.000000,0.000000
720,10.098299,0.003554,1.000482,0.000000,0.000000,1.000000,0.771832,1,0.000208,0.002511,4.927635,9.973166,1.495975,1.406250,0.000000,0.000000
721,10.312256,0.003265,1.000570,0.000000,0.000000,1.000000,0.783556,1,0.000282,0.002606,4.425752,10.199579,1.529937,1.406250,0.000000,0.000000
722,10.608997,0.003424,1.000658,0.000000,0.000000,1.000000,0.795471,1,0.000224,0.002260,3.973355,10.507541,1.576131,1.406250,0.000000,0.000000
723,10.302465,0.003163,1.000747,0.000000,0.000000,1.000000,0.806998,1,0.000196,0.002181,3.566063,10.211128,1.531669,1.406250,0.000000,0.000000
724,10.178371,0.003016,1.000814,0.000000,0.000000,1.000000,0.817659,1,0.000329,0.002523,3.199493,10.096142,1.514421,1.406250,0.000000,0.000000
725,10.466020,0.003022,1.000906,0.000000,0.000000,1.000000,0.827992,1,0.000307,0.002605,2.873376,10.391902,1.558785,1.406250,0.000000,0.000000
726,10.253937,0.002944,1.001009,0.000000,0.000000,1.000000,0.838107,1,0.000385,0.002313,2.579029,10.187155,1.528073,1.406250,0.000000,0.000000
727,10.358368,0.003186,1.001095,0.000000,0.000000,1.000000,0.846765,1,0.000360,0.002033,2.311779,10.298244,1.544737,1.406250,0.000000,0.000000
728,10.160095,0.003174,1.001155,0.000000,0.000000,1.000000,0.855215,1,0.000350,0.002285,2.071855,10.105980,1.515897,1.406250,0.000000,0.000000
729,10.150185,0.003038,1.001225,0.000000,0.000000,1.000000,0.862889,1,0.000345,0.002304,1.859156,10.101405,1.515211,1.406250,0.000000,0.000000
730,10.038659,0.003236,1.001314,0.000000,0.000000,1.000000,0.869217,1,0.000247,0.002235,1.669094,9.994653,1.499198,1.406250,0.000000,0.000000
731,10.060975,0.002991,1.001381,0.000000,0.000000,1.000000,0.876042,1,0.000318,0.002254,1.497661,10.021309,1.503196,1.406250,0.000000,0.000000
732,10.303134,0.003720,1.001482,0.000000,0.000000,1.000000,0.881760,1,0.000322,0.002091,1.344462,10.226557,1.533984,1.406250,0.000000,0.000000
733,10.203668,0.003296,1.001495,0.000000,0.000000,1.000000,0.887495,1,0.000235,0.002645,1.205458,10.111991,1.516799,1.406250,0.000000,0.000000
734,10.099001,0.003080,1.001617,0.000000,0.000000,1.000000,0.892174,1,0.000344,0.001895,1.084663,9.976101,1.496415,1.406250,0.000000,0.000000
735,10.385841,0.002951,1.001644,0.000000,0.000000,1.000000,0.896949,1,0.000486,0.002396,0.973797,10.234728,1.535209,1.406250,0.000000,0.000000
736,10.288297,0.000000,0.997681,0.000000,0.000000,1.000000,0.901280,0,0.000416,0.002183,0.877023,10.125196,1.518779,1.406250,0.000000,0.000000
737,10.306762,0.000000,0.998057,0.000000,0.000000,1.000000,0.905338,0,0.000332,0.002383,0.790152,10.118775,1.517816,1.406250,0.000000,0.000000
738,10.228067,0.000000,0.998375,0.000000,0.000000,1.000000,0.908586,0,0.000206,0.002428,0.712919,10.029303,1.504396,1.406250,0.000000,0.000000
739,10.230397,0.000000,0.998718,0.000000,0.000000,1.000000,0.912052,0,0.000336,0.002546,0.645855,10.021077,1.503162,1.406250,0.000000,0.000000
740,10.197085,0.000000,0.999012,0.000000,0.000000,1.000000,0.915288,0,0.000196,0.002243,0.588703,9.965652,1.494848,1.406250,0.000000,0.000000
741,10.144735,0.000000,0.999343,0.000000,0.000000,1.000000,0.918223,0,0.000322,0.002280,0.537395,9.903412,1.485512,1.406250,0.000000,0.000000
742,10.481615,0.000000,0.999564,0.000000,0.000000,1.000000,0.920604,0,0.000427,0.001990,0.495415,10.241628,1.536244,1.406250,0.000000,0.000000
743,10.305232,0.000000,0.999806,0.000000,0.000000,1.000000,0.923048,0,0.000353,0.002479,0.459374,10.066465,1.509970,1.406250,0.000000,0.000000
744,10.225655,0.000000,1.000028,0.000000,0.000000,1.000000,0.925363,0,0.000520,0.002141,0.429048,9.998335,1.499750,1.406250,0.000000,0.000000
745,10.566793,0.000000,1.000525,0.000000,0.000000,1.000000,0.927514,0,0.000399,0.002365,0.404179,10.339472,1.550921,1.406250,0.000000,0.000000
746,10.340804,0.000000,1.000634,0.000000,0.000000,1.000000,0.929191,0,0.000296,0.002170,0.384481,10.113483,1.517022,1.406250,0.000000,0.000000
747,10.376342,0.000000,1.000348,0.000000,0.000000,1.000000,0.930580,0,0.000438,0.002522,0.369059,10.149022,1.522353,1.406250,0.000000,0.000000
748,10.405829,0.000000,1.000770,0.000000,0.000000,1.000000,0.932368,0,0.000229,0.002067,0.356384,10.178505,1.526776,1.406250,0.000000,0.000000
749,10.291362,0.000000,1.000712,0.000000,0.000000,1.000000,0.933591,0,0.000347,0.002176,0.344595,10.064042,1.509606,1.406250,0.000000,0.000000
750,10.045160,0.003240,1.000482,0.000000,0.000000,1.000000,0.771832,1,0.000301,0.002362,4.927635,9.920041,1.488006,1.406250,0.000000,0.000000
751,10.031752,0.003319,1.000570,0.000000,0.000000,1.000000,0.783556,1,0.000244,0.002150,4.425752,9.919077,1.487861,1.406250,0.000000,0.000000
752,10.294344,0.003152,1.000658,0.000000,0.000000,1.000000,0.795471,1,0.000343,0.002261,3.973355,10.192892,1.528934,1.406250,0.000000,0.000000
753,10.163123,0.003197,1.000747,0.000000,0.000000,1.000000,0.806998,1,0.000250,0.002640,3.566063,10.071783,1.510767,1.406250,0.000000,0.000000
754,10.058916,0.003103,1.000814,0.000000,0.000000,1.000000,0.817659,1,0.000342,0.002605,3.199493,9.976682,1.496502,1.406250,0.000000,0.000000
755,10.354436,0.003261,1.000906,0.000000,0.000000,1.000000,0.827992,1,0.000490,0.002805,2.873376,10.280312,1.542047,1.406250,0.000000,0.000000
756,10.183285,0.003032,1.001009,0.000000,0.000000,1.000000,0.838107,1,0.000199,0.002381,2.579029,10.116501,1.517475,1.406250,0.000000,0.000000
757,10.186628,0.003006,1.001095,0.000000,0.000000,1.000000,0.846765,1,0.000191,0.002442,2.311779,10.126514,1.518977,1.406250,0.000000,0.000000
758,10.102206,0.002905,1.001155,0.000000,0.000000,1.000000,0.855215,1,0.000207,0.002871,2.071855,10.048093,1.507214,1.406250,0.000000,0.000000
759,10.072655,0.003245,1.001225,0.000000,0.000000,1.000000,0.862889,1,0.000298,0.002521,1.859156,10.023869,1.503580,1.406250,0.000000,0.000000
760,9.991768,0.002838,1.001314,0.000000,0.000000,1.000000,0.869217,1,0.000191,0.002620,1.669094,9.947770,1.492166,1.406250,0.000000,0.000000
761,9.949678,0.003022,1.001381,0.000000,0.000000,1.000000,0.876042,1,0.000525,0.002227,1.497661,9.910007,1.486501,1.406250,0.000000,0.000000
762,10.296736,0.002762,1.001482,0.000000,0.000000,1.000000,0.881760,1,0.000303,0.002049,1.344462,10.220183,1.533027,1.406250,0.000000,0.000000
763,10.124038,0.002992,1.001495,0.000000,0.000000,1.000000,0.887495,1,0.000316,0.002285,1.205458,10.032368,1.504855,1.406250,0.000000,0.000000
764,10.115755,0.003135,1.001617,0.000000,0.000000,1.000000,0.892174,1,0.000202,0.002371,1.084663,9.992858,1.498929,1.406250,0.000000,0.000000
765,10.427755,0.003256,1.001644,0.000000,0.000000,1.000000,0.896949,1,0.000343,0.002824,0.973797,10.276635,1.541495,1.406250,0.000000,0.000000
766,10.295342,0.000000,0.997681,0.000000,0.000000,1.000000,0.901280,0,0.000324,0.002717,0.877023,10.132243,1.519836,1.406250,0.000000,0.000000
767,10.299158,0.000000,0.998057,0.000000,0.000000,1.000000,0.905338,0,0.000323,0.002458,0.790152,10.111173,1.516676,1.406250,0.000000,0.000000
768,10.259168,0.000000,0.998375,0.000000,0.000000,1.000000,0.908586,0,0.000254,0.002545,0.712919,10.060402,1.509060,1.406250,0.000000,0.000000
769,10.242656,0.000000,0.998718,0.000000,0.000000,1.000000,0.912052,0,0.000213,0.002268,0.645855,10.033335,1.505000,1.406250,0.000000,0.000000
770,10.174688,0.000000,0.999012,0.000000,0.000000,1.000000,0.915288,0,0.000200,0.002000,0.588703,9.943256,1.491488,1.406250,0.000000,0.000000
771,10.127509,0.000000,0.999343,0.000000,0.000000,1.000000,0.918223,0,0.000400,0.001953,0.537395,9.886190,1.482928,1.406250,0.000000,0.000000
772,10.464364,0.000000,0.999564,0.000000,0.000000,1.000000,0.920604,0,0.000320,0.002866,0.495415,10.224375,1.533656,1.406250,0.000000,0.000000
773,10.332706,0.000000,0.999806,0.000000,0.000000,1.000000,0.923048,0,0.000322,0.002397,0.459374,10.093942,1.514091,1.406250,0.000000,0.000000
774,10.222022,0.000000,1.000028,0.000000,0.000000,1.000000,0.925363,0,0.000226,0.002283,0.429048,9.994702,1.499205,1.406250,0.000000,0.000000
775,10.524997,0.000000,1.000525,0.000000,0.000000,1.000000,0.927514,0,0.000451,0.002273,0.404179,10.297678,1.544652,1.406250,0.000000,0.000000
776,10.314370,0.000000,1.000634,0.000000,0.000000,1.000000,0.929191,0,0.000301,0.002372,0.384481,10.087050,1.513057,1.406250,0.000000,0.000000
777,10.402880,0.000000,1.000348,0.000000,0.000000,1.000000,0.930580,0,0.000222,0.002286,0.369059,10.175562,1.526334,1.406250,0.000000,0.000000
778,10.266295,0.000000,1.000770,0.000000,0.000000,1.000000,0.932368,0,0.000584,0.002291,0.356384,10.038978,1.505847,1.406250,0.000000,0.000000
779,10.266762,0.000000,1.000712,0.000000,0.000000,1.000000,0.933591,0,0.000414,0.002555,0.344595,10.039442,1.505916,1.406250,0.000000,0.000000
780,10.156052,0.003629,1.000482,0.000000,0.000000,1.000000,0.771832,1,0.000572,0.002203,4.927635,10.030916,1.504637,1.406250,0.000000,0.000000
781,10.230821,0.003239,1.000570,0.000000,0.000000,1.000000,0.783556,1,0.000229,0.002917,4.425752,10.118142,1.517721,1.406250,0.000000,0.000000
782,10.343094,0.003306,1.000658,0.000000,0.000000,1.000000,0.795471,1,0.000187,0.002225,3.973355,10.241637,1.536246,1.406250,0.000000,0.000000
783,10.138592,0.003091,1.000747,0.000000,0.000000,1.000000,0.806998,1,0.000224,0.002311,3.566063,10.047250,1.507087,1.406250,0.000000,0.000000
784,10.028636,0.003127,1.000814,0.000000,0.000000,1.000000,0.817659,1,0.000260,0.002231,3.199493,9.946403,1.491960,1.406250,0.000000,0.000000
785,10.318858,0.003191,1.000906,0.000000,0.000000,1.000000,0.827992,1,0.000250,0.002011,2.873376,10.244739,1.536711,1.406250,0.000000,0.000000
786,10.155495,0.002866,1.001009,0.000000,0.000000,1.000000,0.838107,1,0.000219,0.002151,2.579029,10.088718,1.513308,1.406250,0.000000,0.000000
787,10.198091,0.002947,1.001095,0.000000,0.000000,1.000000,0.846765,1,0.000311,0.002270,2.311779,10.137975,1.520696,1.406250,0.000000,0.000000
788,10.126595,0.003558,1.001155,0.000000,0.000000,1.000000,0.855215,1,0.000261,0.002319,2.071855,10.072466,1.510870,1.406250,0.000000,0.000000
789,10.070751,0.003314,1.001225,0.000000,0.000000,1.000000,0.862889,1,0.000359,0.002515,1.859156,10.021963,1.503294,1.406250,0.000000,0.000000
790,10.034015,0.003238,1.001314,0.000000,0.000000,1.000000,0.869217,1,0.000193,0.002059,1.669094,9.990007,1.498501,1.406250,0.000000,0.000000
791,9.924058,0.002965,1.001381,0.000000,0.000000,1.000000,0.876042,1,0.000338,0.002609,1.497661,9.884387,1.482658,1.406250,0.000000,0.000000
792,10.350735,0.003006,1.001482,0.000000,0.000000,1.000000,0.881760,1,0.000243,0.002301,1.344462,10.274175,1.541126,1.406250,0.000000,0.000000
793,10.140605,0.003186,1.001495,0.000000,0.000000,1.000000,0.887495,1,0.000206,0.002592,1.205458,10.048930,1.507340,1.406250,0.000000,0.000000
794,10.107295,0.003162,1.001617,0.000000,0.000000,1.000000,0.892174,1,0.000207,0.002198,1.084663,9.984398,1.497660,1.406250,0.000000,0.000000
795,10.447608,0.002816,1.001644,0.000000,0.000000,1.000000,0.896949,1,0.000489,0.002288,0.973797,10.296498,1.544475,1.406250,0.000000,0.000000
796,10.271974,0.000000,0.997681,0.000000,0.000000,1.000000,0.901280,0,0.000605,0.002464,0.877023,10.108876,1.516331,1.406250,0.000000,0.000000
797,10.325978,0.000000,0.998057,0.000000,0.000000,1.000000,0.905338,0,0.000314,0.002165,0.790152,10.137990,1.520698,1.406250,0.000000,0.000000
798,10.274453,0.000000,0.998375,0.000000,0.000000,1.000000,0.908586,0,0.000431,0.002270,0.712919,10.075685,1.511353,1.406250,0.000000,0.000000
799,10.212514,0.000000,0.998718,0.000000,0.000000,1.000000,0.912052,0,0.000304,0.002081,0.645855,10.003192,1.500479,1.406250,0.000000,0.000000
800,10.157116,0.000000,0.999012,0.000000,0.000000,1.000000,0.915288,0,0.000324,0.002776,0.588703,9.925686,1.488853,1.406250,0.000000,0.000000
801,10.150400,0.000000,0.999343,0.000000,0.000000,1.000000,0.918223,0,0.000330,0.002642,0.537395,9.909081,1.486362,1.406250,0.000000,0.000000
802,10.396973,0.000000,0.999564,0.000000,0.000000,1.000000,0.920604,0,0.000390,0.002233,0.495415,10.156990,1.523548,1.406250,0.000000,0.000000
803,10.274306,0.000000,0.999806,0.000000,0.000000,1.000000,0.923048,0,0.000322,0.002313,0.459374,10.035543,1.505331,1.406250,0.000000,0.000000
804,10.171346,0.000000,1.000028,0.000000,0.000000,1.000000,0.925363,0,0.000221,0.002794,0.429048,9.944022,1.491603,1.406250,0.000000,0.000000
805,10.457891,0.000000,1.000525,0.000000,0.000000,1.000000,0.927514,0,0.000304,0.002428,0.404179,10.230560,1.534584,1.406250,0.000000,0.000000
806,10.316617,0.000000,1.000634,0.000000,0.000000,1.000000,0.929191,0,0.000265,0.001935,0.384481,10.089298,1.513395,1.406250,0.000000,0.000000
807,10.407179,0.000000,1.000348,0.000000,0.000000,1.000000,0.930580,0,0.000320,0.002319,0.369059,10.179856,1.526978,1.406250,0.000000,0.000000
808,10.276137,0.000000,1.000770,0.000000,0.000000,1.000000,0.932368,0,0.000306,0.002275,0.356384,10.048815,1.507322,1.406250,0.000000,0.000000
809,10.244754,0.000000,1.000712,0.000000,0.000000,1.000000,0.933591,0,0.000465,0.002166,0.344595,10.017436,1.502615,1.406250,0.000000,0.000000
810,10.035203,0.003123,1.000482,0.000000,0.000000,1.000000,0.771832,1,0.000495,0.002115,4.927635,9.910081,1.486512,1.406250,0.000000,0.000000
811,10.029805,0.002710,1.000570,0.000000,0.000000,1.000000,0.783556,1,0.000192,0.002737,4.425752,9.917144,1.487572,1.406250,0.000000,0.000000
812,10.265419,0.003355,1.000658,0.000000,0.000000,1.000000,0.795471,1,0.000240,0.002559,3.973355,10.163967,1.524595,1.406250,0.000000,0.000000
813,10.205024,0.003108,1.000747,0.000000,0.000000,1.000000,0.806998,1,0.000216,0.002526,3.566063,10.113688,1.517053,1.406250,0.000000,0.000000
814,10.033676,0.003071,1.000814,0.000000,0.000000,1.000000,0.817659,1,0.000242,0.002045,3.199493,9.951451,1.492718,1.406250,0.000000,0.000000
815,10.292680,0.003105,1.000906,0.000000,0.000000,1.000000,0.827992,1,0.000377,0.002126,2.873376,10.218564,1.532785,1.406250,0.000000,0.000000
816,10.141387,0.003011,1.001009,0.000000,0.000000,1.000000,0.838107,1,0.000241,0.002208,2.579029,10.074608,1.511191,1.406250,0.000000,0.000000
817,10.194096,0.003121,1.001095,0.000000,0.000000,1.000000,0.846765,1,0.000300,0.002186,2.311779,10.133982,1.520097,1.406250,0.000000,0.000000
818,10.055555,0.002945,1.001155,0.000000,0.000000,1.000000,0.855215,1,0.000190,0.002192,2.071855,10.001442,1.500216,1.406250,0.000000,0.000000
819,10.030593,0.002892,1.001225,0.000000,0.000000,1.000000,0.862889,1,0.000111,0.002208,1.859156,9.981815,1.497272,1.406250,0.000000,0.000000
820,9.963434,0.002893,1.001314,0.000000,0.000000,1.000000,0.869217,1,0.000241,0.002346,1.669094,9.919432,1.487915,1.406250,0.000000,0.000000
821,9.890521,0.002803,1.001381,0.000000,0.000000,1.000000,0.876042,1,0.000218,0.002434,1.497661,9.850854,1.477628,1.406250,0.000000,0.000000
822,10.244385,0.003257,1.001482,0.000000,0.000000,1.000000,0.881760,1,0.000185,0.002478,1.344462,10.167820,1.525173,1.406250,0.000000,0.000000
823,10.106357,0.002980,1.001495,0.000000,0.000000,1.000000,0.887495,1,0.000235,0.002950,1.205458,10.014689,1.502203,1.406250,0.000000,0.000000
824,10.083362,0.002885,1.001617,0.000000,0.000000,1.000000,0.892174,1,0.000311,0.002280,1.084663,9.960473,1.494071,1.406250,0.000000,0.000000
825,10.380968,0.002957,1.001644,0.000000,0.000000,1.000000,0.896949,1,0.000206,0.002367,0.973797,10.229853,1.534478,1.406250,0.000000,0.000000
826,10.255315,0.000000,0.997681,0.000000,0.000000,1.000000,0.901280,0,0.000225,0.002367,0.877023,10.092220,1.513833,1.406250,0.000000,0.000000
827,10.328190,0.000000,0.998057,0.000000,0.000000,1.000000,0.905338,0,0.000256,0.002419,0.790152,10.140207,1.521031,1.406250,0.000000,0.000000
828,10.213648,0.000000,0.998375,0.000000,0.000000,1.000000,0.908586,0,0.000210,0.002232,0.712919,10.014886,1.502233,1.406250,0.000000,0.000000
829,10.234132,0.000000,0.998718,0.000000,0.000000,1.000000,0.912052,0,0.000307,0.001931,0.645855,10.024813,1.503722,1.406250,0.000000,0.000000
830,10.162754,0.000000,0.999012,0.000000,0.000000,1.000000,0.915288,0,0.000436,0.001983,0.588703,9.931329,1.489699,1.406250,0.000000,0.000000
831,10.105611,0.000000,0.999343,0.000000,0.000000,1.000000,0.918223,0,0.000458,0.002150,0.537395,9.864293,1.479644,1.406250,0.000000,0.000000
832,10.397277,0.000000,0.999564,0.000000,0.000000,1.000000,0.920604,0,0.000304,0.002108,0.495415,10.157295,1.523594,1.406250,0.000000,0.000000
833,10.286750,0.000000,0.999806,0.000000,0.000000,1.000000,0.923048,0,0.000211,0.002342,0.459374,10.047989,1.507198,1.406250,0.000000,0.000000
834,10.161749,0.000000,1.000028,0.000000,0.000000,1.000000,0.925363,0,0.000294,0.002112,0.429048,9.934439,1.490166,1.406250,0.000000,0.000000
835,10.483789,0.000000,1.000506,0.000000,0.000000,1.000000,0.927514,0,0.000472,0.002343,0.404179,10.256475,1.538471,1.406250,0.000000,0.000000
836,10.307754,0.000000,1.000380,0.000000,0.000000,1.000000,0.929101,0,0.000648,0.002425,0.384277,10.080434,1.512065,1.406250,0.000000,0.000000
837,10.356236,0.000000,1.000619,0.000000,0.000000,1.000000,0.930889,0,0.000360,0.002395,0.369077,10.128923,1.519338,1.406250,0.000000,0.000000
838,10.246318,0.000000,1.000770,0.000000,0.000000,1.000000,0.932357,0,0.000441,0.002555,0.356354,10.019002,1.502850,1.406250,0.000000,0.000000
839,10.252719,0.000000,1.000712,0.000000,0.000000,1.000000,0.933580,0,0.000474,0.002201,0.344565,10.025398,1.503810,1.406250,0.000000,0.000000
840,10.120412,0.003739,1.000482,0.000000,0.000000,1.000000,0.771832,1,0.000543,0.002608,4.927635,9.995281,1.499292,1.406250,0.000000,0.000000
841,9.979258,0.003433,1.000570,0.000000,0.000000,1.000000,0.783556,1,0.000192,0.002149,4.425752,9.866583,1.479987,1.406250,0.000000,0.000000
842,10.266500,0.003640,1.000658,0.000000,0.000000,1.000000,0.795471,1,0.000191,0.002944,3.973355,10.165035,1.524755,1.406250,0.000000,0.000000
843,10.108711,0.002977,1.000747,0.000000,0.000000,1.000000,0.806998,1,0.000206,0.002125,3.566063,10.017369,1.502605,1.406250,0.000000,0.000000
844,10.030006,0.003113,1.000814,0.000000,0.000000,1.000000,0.817659,1,0.000266,0.002515,3.199493,9.947780,1.492167,1.406250,0.000000,0.000000
845,10.411487,0.003177,1.000906,0.000000,0.000000,1.000000,0.827992,1,0.000370,0.002071,2.873376,10.337368,1.550605,1.406250,0.000000,0.000000
846,10.288795,0.003091,1.001009,0.000000,0.000000,1.000000,0.838107,1,0.000260,0.002360,2.579029,10.222009,1.533301,1.406250,0.000000,0.000000
847,10.193052,0.003094,1.001095,0.000000,0.000000,1.000000,0.846765,1,0.000611,0.002471,2.311779,10.132935,1.519940,1.406250,0.000000,0.000000
848,10.093881,0.003389,1.001155,0.000000,0.000000,1.000000,0.855215,1,0.000199,0.002443,2.071855,10.039756,1.505963,1.406250,0.000000,0.000000
849,10.046539,0.006850,1.001225,0.000000,0.000000,1.000000,0.862889,1,0.000208,0.002113,1.859156,9.997671,1.499651,1.406250,0.000000,0.000000
850,10.023022,0.003141,1.001314,0.000000,0.000000,1.000000,0.869217,1,0.000186,0.001885,1.669094,9.979012,1.496852,1.406250,0.000000,0.000000
851,10.179915,0.003156,1.001381,0.000000,0.000000,1.000000,0.876042,1,0.000464,0.002100,1.497661,10.140237,1.521036,1.406250,0.000000,0.000000
852,10.430471,0.002542,1.001482,0.000000,0.000000,1.000000,0.881760,1,0.000326,0.002957,1.344462,10.353922,1.553088,1.406250,0.000000,0.000000
853,10.190572,0.002850,1.001495,0.000000,0.000000,1.000000,0.887495,1,0.000558,0.002708,1.205458,10.098899,1.514835,1.406250,0.000000,0.000000
854,10.140520,0.003143,1.001617,0.000000,0.000000,1.000000,0.892174,1,0.000189,0.002677,1.084663,10.017622,1.502643,1.406250,0.000000,0.000000
855,10.420590,0.002916,1.001644,0.000000,0.000000,1.000000,0.896949,1,0.000357,0.002083,0.973797,10.269474,1.540421,1.406250,0.000000,0.000000
856,10.311068,0.000000,0.997681,0.000000,0.000000,1.000000,0.901280,0,0.000226,0.001894,0.877023,10.147976,1.522196,1.406250,0.000000,0.000000
857,10.338834,0.000000,0.998057,0.000000,0.000000,1.000000,0.905338,0,0.000204,0.002068,0.790152,10.150843,1.522626,1.406250,0.000000,0.000000
858,10.256634,0.000000,0.998375,0.000000,0.000000,1.000000,0.908586,0,0.000204,0.002132,0.712919,10.057867,1.508680,1.406250,0.000000,0.000000
859,10.247609,0.000000,0.998718,0.000000,0.000000,1.000000,0.912052,0,0.000597,0.002275,0.645855,10.038279,1.505742,1.406250,0.000000,0.000000
860,10.158629,0.000000,0.999012,0.000000,0.000000,1.000000,0.915288,0,0.000240,0.002539,0.588703,9.927195,1.489079,1.406250,0.000000,0.000000
861,10.166376,0.000000,0.999343,0.000000,0.000000,1.000000,0.918223,0,0.000673,0.002664,0.537395,9.925064,1.488760,1.406250,0.000000,0.000000
862,10.423484,0.000000,0.999564,0.000000,0.000000,1.000000,0.920604,0,0.000450,0.002097,0.495415,10.183498,1.527525,1.406250,0.000000,0.000000
863,10.292050,0.000000,0.999806,0.000000,0.000000,1.000000,0.923048,0,0.000410,0.002449,0.459374,10.053292,1.507994,1.406250,0.000000,0.000000
864,10.222037,0.000000,1.000028,0.000000,0.000000,1.000000,0.925363,0,0.000323,0.002008,0.429048,9.994717,1.499208,1.406250,0.000000,0.000000
865,10.648034,0.000000,1.000525,0.000000,0.000000,1.000000,0.927514,0,0.000315,0.002477,0.404179,10.420713,1.563107,1.406250,0.000000,0.000000
866,10.408259,0.000000,1.000634,0.000000,0.000000,1.000000,0.929191,0,0.000544,0.001989,0.384481,10.180936,1.527140,1.406250,0.000000,0.000000
867,10.393083,0.000000,1.000348,0.000000,0.000000,1.000000,0.930580,0,0.000427,0.002725,0.369059,10.165764,1.524865,1.406250,0.000000,0.000000
868,10.318301,0.000000,1.000770,0.000000,0.000000,1.000000,0.932368,0,0.000453,0.002298,0.356384,10.090978,1.513647,1.406250,0.000000,0.000000
869,10.312926,0.000000,1.000712,0.000000,0.000000,1.000000,0.933591,0,0.000380,0.002058,0.344595,10.085607,1.512841,1.406250,0.000000,0.000000
870,10.156747,0.003464,1.000482,0.000000,0.000000,1.000000,0.771832,1,0.000509,0.002570,4.927635,10.031619,1.504743,1.406250,0.000000,0.000000
871,10.093480,0.003068,1.000570,0.000000,0.000000,1.000000,0.783556,1,0.000226,0.002202,4.425752,9.980809,1.497121,1.406250,0.000000,0.000000
872,10.479937,0.003144,1.000658,0.000000,0.000000,1.000000,0.795471,1,0.000259,0.002333,3.973355,10.378482,1.556772,1.406250,0.000000,0.000000
873,10.347494,0.003134,1.000747,0.000000,0.000000,1.000000,0.806998,1,0.000208,0.002372,3.566063,10.256152,1.538423,1.406250,0.000000,0.000000
874,10.255968,0.003149,1.000814,0.000000,0.000000,1.000000,0.817659,1,0.000196,0.002269,3.199493,10.173735,1.526060,1.406250,0.000000,0.000000
875,10.440372,0.002752,1.000906,0.000000,0.000000,1.000000,0.827992,1,0.000218,0.001963,2.873376,10.366259,1.554939,1.406250,0.000000,0.000000
876,10.246808,0.003319,1.001009,0.000000,0.000000,1.000000,0.838107,1,0.000219,0.002421,2.579029,10.180014,1.527002,1.406250,0.000000,0.000000
877,10.348282,0.003083,1.001095,0.000000,0.000000,1.000000,0.846765,1,0.000209,0.002176,2.311779,10.288165,1.543225,1.406250,0.000000,0.000000
878,10.255542,0.003446,1.001155,0.000000,0.000000,1.000000,0.855215,1,0.000210,0.002327,2.071855,10.201415,1.530212,1.406250,0.000000,0.000000
879,10.140614,0.003490,1.001225,0.000000,0.000000,1.000000,0.862889,1,0.000326,0.002516,1.859156,10.091822,1.513773,1.406250,0.000000,0.000000
880,10.059798,0.003307,1.001314,0.000000,0.000000,1.000000,0.869217,1,0.000210,0.002321,1.669094,10.015791,1.502369,1.406250,0.000000,0.000000
881,9.977978,0.003371,1.001381,0.000000,0.000000,1.000000,0.876042,1,0.000208,0.002205,1.497661,9.938300,1.490745,1.406250,0.000000,0.000000
882,10.257591,0.002939,1.001482,0.000000,0.000000,1.000000,0.881760,1,0.000312,0.001981,1.344462,10.181033,1.527155,1.406250,0.000000,0.000000
883,10.197034,0.003227,1.001495,0.000000,0.000000,1.000000,0.887495,1,0.000421,0.002285,1.205458,10.105358,1.515804,1.406250,0.000000,0.000000
884,10.157273,0.002771,1.001617,0.000000,0.000000,1.000000,0.892174,1,0.000207,0.002267,1.084663,10.034385,1.505158,1.406250,0.000000,0.000000
885,10.563667,0.003004,1.001644,0.000000,0.000000,1.000000,0.896949,1,0.000409,0.002038,0.973797,10.412549,1.561882,1.406250,0.000000,0.000000
886,10.354390,0.000000,0.997681,0.000000,0.000000,1.000000,0.901280,0,0.000327,0.002383,0.877023,10.191288,1.528693,1.406250,0.000000,0.000000
887,10.385815,0.000000,0.998057,0.000000,0.000000,1.000000,0.905338,0,0.000202,0.002032,0.790152,10.197825,1.529674,1.406250,0.000000,0.000000
888,10.299248,0.000000,0.998375,0.000000,0.000000,1.000000,0.908586,0,0.000324,0.002073,0.712919,10.100485,1.515073,1.406250,0.000000,0.000000
889,10.304358,0.000000,0.998718,0.000000,0.000000,1.000000,0.912052,0,0.000206,0.002532,0.645855,10.095041,1.514256,1.406250,0.000000,0.000000
890,10.145315,0.000000,0.999012,0.000000,0.000000,1.000000,0.915288,0,0.000454,0.001958,0.588703,9.913884,1.487083,1.406250,0.000000,0.000000
891,10.133418,0.000000,0.999343,0.000000,0.000000,1.000000,0.918223,0,0.000382,0.002332,0.537395,9.892103,1.483815,1.406250,0.000000,0.000000
892,10.426457,0.000000,0.999564,0.000000,0.000000,1.000000,0.920604,0,0.000328,0.002303,0.495415,10.186469,1.527970,1.406250,0.000000,0.000000
893,10.321519,0.000000,0.999806,0.000000,0.000000,1.000000,0.923048,0,0.000542,0.002149,0.459374,10.082755,1.512413,1.406250,0.000000,0.000000
894,10.267126,0.000000,1.000028,0.000000,0.000000,1.000000,0.925363,0,0.000209,0.002436,0.429048,10.039739,1.505961,1.406250,0.000000,0.000000
895,10.562266,0.000000,1.000525,0.000000,0.000000,1.000000,0.927514,0,0.000414,0.002276,0.404179,10.334945,1.550242,1.406250,0.000000,0.000000
896,10.360190,0.000000,1.000634,0.000000,0.000000,1.000000,0.929191,0,0.000202,0.002190,0.384481,10.132871,1.519931,1.406250,0.000000,0.000000
897,10.430062,0.000000,1.000348,0.000000,0.000000,1.000000,0.930580,0,0.000323,0.002383,0.369059,10.202742,1.530411,1.406250,0.000000,0.000000
898,10.401840,0.000000,1.000770,0.000000,0.000000,1.000000,0.932368,0,0.000266,0.002304,0.356384,10.174520,1.526178,1.406250,0.000000,0.000000
899,10.447148,0.000000,1.000712,0.000000,0.000000,1.000000,0.933591,0,0.000240,0.002753,0.344595,10.219828,1.532974,1.406250,0.000000,0.000000
