epoch,aggregation_latency_ms,recovery_latency_ms,aggregation_completeness,loss_exposure_fraction,communication_overhead_KB,system_availability,queue_utilization,recovery_frequency,scheduling_latency_ms,state_refresh_ms,workload_imbalance,processing_overhead_ms,energy_joules,scheduling_comm_kb,recomputation_overhead_ms,reused_microslot_count
0,10.155261,0.002047,1.001253,0.000000,0.000000,1.000000,0.776267,1,0.000357,0.001394,3.969990,10.030149,1.504522,0.937500,0.000000,0.000000
1,10.099079,0.002080,1.001363,0.000000,0.000000,1.000000,0.791327,1,0.000075,0.001498,3.558601,9.986462,1.497969,0.937500,0.000000,0.000000
2,10.365412,0.001692,1.001460,0.000000,0.000000,1.000000,0.805113,1,0.000211,0.001387,3.191352,10.263975,1.539596,0.937500,0.000000,0.000000
3,10.223381,0.002132,1.001598,0.000000,0.000000,1.000000,0.818627,1,0.000168,0.001481,2.862851,10.131935,1.519790,0.937500,0.000000,0.000000
4,10.065367,0.002344,1.001726,0.000000,0.000000,1.000000,0.830092,1,0.000096,0.001239,2.567429,9.982911,1.497437,0.937500,0.000000,0.000000
5,10.476989,0.002303,1.001839,0.000000,0.000000,1.000000,0.841514,1,0.000186,0.001380,2.299827,10.402697,1.560405,0.937500,0.000000,0.000000
6,10.338126,0.002446,1.001999,0.000000,0.000000,1.000000,0.852065,1,0.000187,0.001651,2.059976,10.271166,1.540675,0.937500,0.000000,0.000000
7,10.360148,0.002190,1.002099,0.000000,0.000000,1.000000,0.860837,1,0.000228,0.001611,1.842278,10.299853,1.544978,0.937500,0.000000,0.000000
8,10.124479,0.002026,1.002173,0.000000,0.000000,1.000000,0.870437,1,0.000190,0.001508,1.647213,10.070199,1.510530,0.937500,0.000000,0.000000
9,10.143075,0.002442,1.002294,0.000000,0.000000,1.000000,0.878397,1,0.000188,0.001482,1.474261,10.094102,1.514115,0.937500,0.000000,0.000000
10,10.078607,0.002271,1.002379,0.000000,0.000000,1.000000,0.886453,1,0.000263,0.001364,1.318473,10.008989,1.501348,0.937500,0.000000,0.000000
11,10.076012,0.002841,1.002416,0.000000,0.000000,1.000000,0.893924,1,0.000180,0.001637,1.179711,9.986539,1.497981,0.937500,0.000000,0.000000
12,10.406376,0.000000,0.996465,0.000000,0.000000,1.000000,0.899867,0,0.000204,0.001764,1.057574,10.275932,1.541390,0.937500,0.000000,0.000000
13,10.301218,0.000000,0.997022,0.000000,0.000000,1.000000,0.906471,0,0.000221,0.001458,0.947654,10.133123,1.519968,0.937500,0.000000,0.000000
14,10.269381,0.000000,0.997558,0.000000,0.000000,1.000000,0.912177,0,0.000325,0.001429,0.849252,10.084785,1.512718,0.937500,0.000000,0.000000
15,10.558607,0.000000,0.998062,0.000000,0.000000,1.000000,0.917732,0,0.000190,0.001393,0.762900,10.339844,1.550977,0.937500,0.000000,0.000000
16,10.376897,0.000000,0.998545,0.000000,0.000000,1.000000,0.922887,0,0.000390,0.001950,0.688462,10.142965,1.521445,0.937500,0.000000,0.000000
17,10.457575,0.000000,0.998974,0.000000,0.000000,1.000000,0.927905,0,0.000376,0.001664,0.621144,10.208810,1.531321,0.937500,0.000000,0.000000
18,10.353338,0.000000,1.000404,0.000000,0.000000,1.000000,0.931693,0,0.000218,0.001479,0.565712,10.106571,1.515986,0.937500,0.000000,0.000000
19,10.368415,0.000000,1.000442,0.000000,0.000000,1.000000,0.934429,0,0.000192,0.001703,0.516711,10.141647,1.521247,0.937500,0.000000,0.000000
20,10.232246,0.000000,1.001086,0.000000,0.000000,1.000000,0.937013,0,0.000183,0.001805,0.474236,10.023146,1.503472,0.937500,0.000000,0.000000
21,10.131581,0.000000,1.000275,0.000000,0.000000,1.000000,0.938987,0,0.000194,0.001889,0.438523,9.942151,1.491323,0.937500,0.000000,0.000000
22,10.436190,0.000000,1.000931,0.000000,0.000000,1.000000,0.940995,0,0.000397,0.002171,0.409916,10.226755,1.534013,0.937500,0.000000,0.000000
23,10.338238,0.000000,1.001525,0.000000,0.000000,1.000000,0.943282,0,0.000301,0.001714,0.387102,10.089305,1.513396,0.937500,0.000000,0.000000
24,10.268184,0.000000,1.001064,0.000000,0.000000,1.000000,0.945227,0,0.000192,0.001438,0.366744,10.036922,1.505538,0.937500,0.000000,0.000000
25,10.597547,0.000000,1.001429,0.000000,0.000000,1.000000,0.947428,0,0.000429,0.001680,0.348857,10.330615,1.549592,0.937500,0.000000,0.000000
26,10.426735,0.000000,1.001525,0.000000,0.000000,1.000000,0.949230,0,0.000202,0.001614,0.332885,10.142311,1.521347,0.937500,0.000000,0.000000
27,10.498578,0.000000,1.001342,0.000000,0.000000,1.000000,0.951241,0,0.000174,0.001941,0.316600,10.214322,1.532148,0.937500,0.000000,0.000000
28,10.378368,0.000000,1.001764,0.000000,0.000000,1.000000,0.953108,0,0.000189,0.001733,0.302505,10.094610,1.514192,0.937500,0.000000,0.000000
29,10.366206,0.000000,1.001407,0.000000,0.000000,1.000000,0.954307,0,0.000206,0.001487,0.290105,10.061617,1.509242,0.937500,0.000000,0.000000
30,10.161998,0.002295,1.001253,0.000000,0.000000,1.000000,0.776267,1,0.000215,0.001331,3.969990,10.036876,1.505531,0.937500,0.000000,0.000000
31,10.082917,0.002234,1.001363,0.000000,0.000000,1.000000,0.791327,1,0.000187,0.001732,3.558601,9.970291,1.495544,0.937500,0.000000,0.000000
32,10.392452,0.002005,1.001460,0.000000,0.000000,1.000000,0.805113,1,0.000244,0.001722,3.191352,10.291005,1.543651,0.937500,0.000000,0.000000
33,10.178327,0.001999,1.001598,0.000000,0.000000,1.000000,0.818627,1,0.000175,0.001496,2.862851,10.086881,1.513032,0.937500,0.000000,0.000000
34,10.198938,0.002253,1.001726,0.000000,0.000000,1.000000,0.830092,1,0.000176,0.001274,2.567429,10.116484,1.517473,0.937500,0.000000,0.000000
35,10.380510,0.001944,1.001839,0.000000,0.000000,1.000000,0.841514,1,0.000192,0.001395,2.299827,10.306236,1.545935,0.937500,0.000000,0.000000
36,10.205602,0.001982,1.001999,0.000000,0.000000,1.000000,0.852065,1,0.000229,0.001310,2.059976,10.138659,1.520799,0.937500,0.000000,0.000000
37,10.240436,0.001834,1.002099,0.000000,0.000000,1.000000,0.860837,1,0.000193,0.001734,1.842278,10.180165,1.527025,0.937500,0.000000,0.000000
38,10.112784,0.001717,1.002173,0.000000,0.000000,1.000000,0.870437,1,0.000190,0.001746,1.647213,10.058517,1.508778,0.937500,0.000000,0.000000
39,10.090478,0.001569,1.002294,0.000000,0.000000,1.000000,0.878397,1,0.000170,0.001388,1.474261,10.041550,1.506233,0.937500,0.000000,0.000000
40,10.074934,0.002054,1.002379,0.000000,0.000000,1.000000,0.886453,1,0.000170,0.001553,1.318473,10.005325,1.500799,0.937500,0.000000,0.000000
41,10.066142,0.001738,1.002416,0.000000,0.000000,1.000000,0.893924,1,0.000252,0.001911,1.179711,9.976706,1.496506,0.937500,0.000000,0.000000
42,10.399121,0.000000,0.996465,0.000000,0.000000,1.000000,0.899867,0,0.000184,0.001615,1.057574,10.268700,1.540305,0.937500,0.000000,0.000000
43,10.311118,0.000000,0.997022,0.000000,0.000000,1.000000,0.906471,0,0.000190,0.001854,0.947654,10.143014,1.521452,0.937500,0.000000,0.000000
44,10.307895,0.000000,0.997558,0.000000,0.000000,1.000000,0.912177,0,0.000279,0.002079,0.849252,10.123300,1.518495,0.937500,0.000000,0.000000
45,10.493817,0.000000,0.998062,0.000000,0.000000,1.000000,0.917732,0,0.000404,0.001587,0.762900,10.275061,1.541259,0.937500,0.000000,0.000000
46,10.368317,0.000000,0.998545,0.000000,0.000000,1.000000,0.922887,0,0.000187,0.001661,0.688462,10.134386,1.520158,0.937500,0.000000,0.000000
47,10.451016,0.000000,0.998974,0.000000,0.000000,1.000000,0.927905,0,0.000388,0.001593,0.621144,10.202259,1.530339,0.937500,0.000000,0.000000
48,10.351006,0.000000,1.000404,0.000000,0.000000,1.000000,0.931693,0,0.000326,0.001725,0.565712,10.104245,1.515637,0.937500,0.000000,0.000000
49,10.300860,0.000000,1.000442,0.000000,0.000000,1.000000,0.934429,0,0.000223,0.001505,0.516711,10.074098,1.511115,0.937500,0.000000,0.000000
50,10.219223,0.000000,1.001086,0.000000,0.000000,1.000000,0.937013,0,0.000183,0.001819,0.474236,10.010134,1.501520,0.937500,0.000000,0.000000
51,10.159027,0.000000,1.000275,0.000000,0.000000,1.000000,0.938987,0,0.000182,0.002056,0.438523,9.969601,1.495440,0.937500,0.000000,0.000000
52,10.506109,0.000000,1.000931,0.000000,0.000000,1.000000,0.940995,0,0.000202,0.001812,0.409916,10.296680,1.544502,0.937500,0.000000,0.000000
53,10.389277,0.000000,1.001525,0.000000,0.000000,1.000000,0.943282,0,0.000286,0.001566,0.387102,10.140352,1.521053,0.937500,0.000000,0.000000
54,10.320019,0.000000,1.001064,0.000000,0.000000,1.000000,0.945227,0,0.000204,0.001322,0.366744,10.088754,1.513313,0.937500,0.000000,0.000000
55,10.776762,0.000000,1.001429,0.000000,0.000000,1.000000,0.947428,0,0.000205,0.001895,0.348857,10.509832,1.576475,0.937500,0.000000,0.000000
56,10.587280,0.000000,1.001525,0.000000,0.000000,1.000000,0.949230,0,0.000204,0.001902,0.332885,10.302846,1.545427,0.937500,0.000000,0.000000
57,10.454362,0.000000,1.001342,0.000000,0.000000,1.000000,0.951241,0,0.000189,0.001618,0.316600,10.170100,1.525515,0.937500,0.000000,0.000000
58,10.324583,0.000000,1.001764,0.000000,0.000000,1.000000,0.953108,0,0.000180,0.001945,0.302505,10.040825,1.506124,0.937500,0.000000,0.000000
59,10.358275,0.000000,1.001407,0.000000,0.000000,1.000000,0.954307,0,0.000183,0.001766,0.290105,10.053681,1.508052,0.937500,0.000000,0.000000
60,10.066716,0.001992,1.001253,0.000000,0.000000,1.000000,0.776267,1,0.000192,0.001481,3.969990,9.941602,1.491240,0.937500,0.000000,0.000000
61,10.041887,0.001777,1.001363,0.000000,0.000000,1.000000,0.791327,1,0.000164,0.001531,3.558601,9.929284,1.489393,0.937500,0.000000,0.000000
62,10.343519,0.001958,1.001460,0.000000,0.000000,1.000000,0.805113,1,0.000170,0.001609,3.191352,10.242077,1.536312,0.937500,0.000000,0.000000
63,10.289012,0.001628,1.001598,0.000000,0.000000,1.000000,0.818627,1,0.000175,0.001481,2.862851,10.197574,1.529636,0.937500,0.000000,0.000000
64,10.072142,0.002102,1.001726,0.000000,0.000000,1.000000,0.830092,1,0.000172,0.001670,2.567429,9.989690,1.498454,0.937500,0.000000,0.000000
65,10.384399,0.002099,1.001839,0.000000,0.000000,1.000000,0.841514,1,0.000187,0.001546,2.299827,10.310115,1.546517,0.937500,0.000000,0.000000
66,10.219696,0.002030,1.001999,0.000000,0.000000,1.000000,0.852065,1,0.000171,0.001377,2.059976,10.152749,1.522912,0.937500,0.000000,0.000000
67,10.280243,0.001790,1.002099,0.000000,0.000000,1.000000,0.860837,1,0.000200,0.001518,1.842278,10.219967,1.532995,0.937500,0.000000,0.000000
68,10.137025,0.001954,1.002173,0.000000,0.000000,1.000000,0.870437,1,0.000170,0.001687,1.647213,10.082749,1.512412,0.937500,0.000000,0.000000
69,10.094274,0.002065,1.002294,0.000000,0.000000,1.000000,0.878397,1,0.000216,0.001518,1.474261,10.045329,1.506799,0.937500,0.000000,0.000000
70,10.017786,0.001875,1.002379,0.000000,0.000000,1.000000,0.886453,1,0.000240,0.001791,1.318473,9.948181,1.492227,0.937500,0.000000,0.000000
71,10.036861,0.002029,1.002416,0.000000,0.000000,1.000000,0.893924,1,0.000171,0.001413,1.179711,9.947414,1.492112,0.937500,0.000000,0.000000
72,10.591406,0.000000,0.996465,0.000000,0.000000,1.000000,0.899867,0,0.000197,0.001520,1.057574,10.460981,1.569147,0.937500,0.000000,0.000000
73,10.278678,0.000000,0.997022,0.000000,0.000000,1.000000,0.906471,0,0.000288,0.001580,0.947654,10.110589,1.516588,0.937500,0.000000,0.000000
74,10.251980,0.000000,0.997558,0.000000,0.000000,1.000000,0.912177,0,0.000295,0.001920,0.849252,10.067386,1.510108,0.937500,0.000000,0.000000
75,10.512419,0.000000,0.998062,0.000000,0.000000,1.000000,0.917732,0,0.000207,0.001425,0.762900,10.293656,1.544048,0.937500,0.000000,0.000000
76,10.399518,0.000000,0.998545,0.000000,0.000000,1.000000,0.922887,0,0.000511,0.001583,0.688462,10.165591,1.524839,0.937500,0.000000,0.000000
77,10.460362,0.000000,0.998974,0.000000,0.000000,1.000000,0.927905,0,0.000309,0.001220,0.621144,10.211607,1.531741,0.937500,0.000000,0.000000
78,10.362730,0.000000,1.000404,0.000000,0.000000,1.000000,0.931693,0,0.000198,0.001799,0.565712,10.115976,1.517396,0.937500,0.000000,0.000000
79,10.256785,0.000000,1.000442,0.000000,0.000000,1.000000,0.934429,0,0.000205,0.001502,0.516711,10.030030,1.504505,0.937500,0.000000,0.000000
80,10.145251,0.000000,1.001086,0.000000,0.000000,1.000000,0.937013,0,0.000353,0.001740,0.474236,9.936152,1.490423,0.937500,0.000000,0.000000
81,10.051543,0.000000,1.000275,0.000000,0.000000,1.000000,0.938987,0,0.000205,0.001543,0.438523,9.862112,1.479317,0.937500,0.000000,0.000000
82,10.463487,0.000000,1.000931,0.000000,0.000000,1.000000,0.940995,0,0.000238,0.001768,0.409916,10.254057,1.538109,0.937500,0.000000,0.000000
83,10.327578,0.000000,1.001525,0.000000,0.000000,1.000000,0.943282,0,0.000295,0.001594,0.387102,10.078653,1.511798,0.937500,0.000000,0.000000
84,10.203964,0.000000,1.001064,0.000000,0.000000,1.000000,0.945227,0,0.000284,0.009846,0.366744,9.972702,1.495905,0.937500,0.000000,0.000000
85,10.514098,0.000000,1.001429,0.000000,0.000000,1.000000,0.947428,0,0.000186,0.001812,0.348857,10.247171,1.537076,0.937500,0.000000,0.000000
86,10.372043,0.000000,1.001525,0.000000,0.000000,1.000000,0.949230,0,0.000286,0.001631,0.332885,10.087617,1.513142,0.937500,0.000000,0.000000
87,10.434660,0.000000,1.001342,0.000000,0.000000,1.000000,0.951241,0,0.000287,0.002031,0.316600,10.150402,1.522560,0.937500,0.000000,0.000000
88,10.328129,0.000000,1.001764,0.000000,0.000000,1.000000,0.953108,0,0.000277,0.002183,0.302505,10.044371,1.506656,0.937500,0.000000,0.000000
89,10.356166,0.000000,1.001407,0.000000,0.000000,1.000000,0.954307,0,0.000310,0.001627,0.290105,10.051567,1.507735,0.937500,0.000000,0.000000
90,10.101241,0.002431,1.001253,0.000000,0.000000,1.000000,0.776267,1,0.000320,0.001973,3.969990,9.976114,1.496417,0.937500,0.000000,0.000000
91,10.066522,0.002469,1.001363,0.000000,0.000000,1.000000,0.791327,1,0.000206,0.001570,3.558601,9.953894,1.493084,0.937500,0.000000,0.000000
92,10.389736,0.001951,1.001460,0.000000,0.000000,1.000000,0.805113,1,0.000169,0.001581,3.191352,10.288290,1.543243,0.937500,0.000000,0.000000
93,10.176142,0.002029,1.001598,0.000000,0.000000,1.000000,0.818627,1,0.000204,0.001798,2.862851,10.084694,1.512704,0.937500,0.000000,0.000000
94,10.073294,0.001829,1.001726,0.000000,0.000000,1.000000,0.830092,1,0.000176,0.001279,2.567429,9.990852,1.498628,0.937500,0.000000,0.000000
95,10.393465,0.002002,1.001839,0.000000,0.000000,1.000000,0.841514,1,0.000169,0.001448,2.299827,10.319187,1.547878,0.937500,0.000000,0.000000
96,10.164540,0.002016,1.001999,0.000000,0.000000,1.000000,0.852065,1,0.000176,0.001658,2.059976,10.097593,1.514639,0.937500,0.000000,0.000000
97,10.214041,0.001863,1.002099,0.000000,0.000000,1.000000,0.860837,1,0.000173,0.001522,1.842278,10.153764,1.523065,0.937500,0.000000,0.000000
98,10.126638,0.002056,1.002173,0.000000,0.000000,1.000000,0.870437,1,0.000193,0.001494,1.647213,10.072355,1.510853,0.937500,0.000000,0.000000
99,10.062072,0.001965,1.002294,0.000000,0.000000,1.000000,0.878397,1,0.000180,0.001269,1.474261,10.013127,1.501969,0.937500,0.000000,0.000000
100,10.033943,0.002170,1.002379,0.000000,0.000000,1.000000,0.886453,1,0.000209,0.001541,1.318473,9.964325,1.494649,0.937500,0.000000,0.000000
101,9.999457,0.001997,1.002416,0.000000,0.000000,1.000000,0.893924,1,0.000196,0.001385,1.179711,9.910009,1.486501,0.937500,0.000000,0.000000
102,10.416461,0.000000,0.996465,0.000000,0.000000,1.000000,0.899867,0,0.000305,0.001413,1.057574,10.286029,1.542904,0.937500,0.000000,0.000000
103,10.256968,0.000000,0.997022,0.000000,0.000000,1.000000,0.906471,0,0.000232,0.002019,0.947654,10.088872,1.513331,0.937500,0.000000,0.000000
104,10.233128,0.000000,0.997558,0.000000,0.000000,1.000000,0.912177,0,0.000277,0.001679,0.849252,10.048530,1.507279,0.937500,0.000000,0.000000
105,10.514484,0.000000,0.998062,0.000000,0.000000,1.000000,0.917732,0,0.000313,0.002271,0.762900,10.295725,1.544359,0.937500,0.000000,0.000000
106,10.372208,0.000000,0.998545,0.000000,0.000000,1.000000,0.922887,0,0.000210,0.001837,0.688462,10.138281,1.520742,0.937500,0.000000,0.000000
107,10.422151,0.000000,0.998974,0.000000,0.000000,1.000000,0.927905,0,0.000426,0.001636,0.621144,10.173389,1.526008,0.937500,0.000000,0.000000
108,10.275090,0.000000,1.000404,0.000000,0.000000,1.000000,0.931693,0,0.000374,0.001731,0.565712,10.028324,1.504249,0.937500,0.000000,0.000000
109,10.229874,0.000000,1.000442,0.000000,0.000000,1.000000,0.934429,0,0.000466,0.001592,0.516711,10.003110,1.500466,0.937500,0.000000,0.000000
110,10.110030,0.000000,1.001086,0.000000,0.000000,1.000000,0.937013,0,0.000178,0.001346,0.474236,9.900932,1.485140,0.937500,0.000000,0.000000
111,10.112146,0.000000,1.000275,0.000000,0.000000,1.000000,0.938987,0,0.000195,0.001938,0.438523,9.922714,1.488407,0.937500,0.000000,0.000000
112,10.411040,0.000000,1.000931,0.000000,0.000000,1.000000,0.940995,0,0.000208,0.001570,0.409916,10.201608,1.530241,0.937500,0.000000,0.000000
113,10.283581,0.000000,1.001525,0.000000,0.000000,1.000000,0.943282,0,0.000184,0.001610,0.387102,10.034649,1.505197,0.937500,0.000000,0.000000
114,10.226780,0.000000,1.001064,0.000000,0.000000,1.000000,0.945227,0,0.000344,0.001672,0.366744,9.995522,1.499328,0.937500,0.000000,0.000000
115,10.579885,0.000000,1.001429,0.000000,0.000000,1.000000,0.947428,0,0.000221,0.001422,0.348857,10.312956,1.546943,0.937500,0.000000,0.000000
116,10.416520,0.000000,1.001525,0.000000,0.000000,1.000000,0.949230,0,0.000292,0.001808,0.332885,10.132090,1.519814,0.937500,0.000000,0.000000
117,10.441705,0.000000,1.001342,0.000000,0.000000,1.000000,0.951241,0,0.000191,0.001778,0.316600,10.157446,1.523617,0.937500,0.000000,0.000000
118,10.376913,0.000000,1.001764,0.000000,0.000000,1.000000,0.953108,0,0.000361,0.001341,0.302505,10.093154,1.513973,0.937500,0.000000,0.000000
119,10.409851,0.000000,1.001407,0.000000,0.000000,1.000000,0.954307,0,0.000202,0.001536,0.290105,10.105254,1.515788,0.937500,0.000000,0.000000
120,10.052686,0.002026,1.001253,0.000000,0.000000,1.000000,0.776267,1,0.000381,0.001537,3.969990,9.927336,1.489100,0.937500,0.000000,0.000000
121,10.030632,0.002374,1.001363,0.000000,0.000000,1.000000,0.791327,1,0.000174,0.001373,3.558601,9.918007,1.487701,0.937500,0.000000,0.000000
122,10.311258,0.001836,1.001460,0.000000,0.000000,1.000000,0.805113,1,0.000173,0.001245,3.191352,10.209815,1.531472,0.937500,0.000000,0.000000
123,10.204560,0.001760,1.001598,0.000000,0.000000,1.000000,0.818627,1,0.000172,0.002363,2.862851,10.113120,1.516968,0.937500,0.000000,0.000000
124,10.152814,0.001793,1.001726,0.000000,0.000000,1.000000,0.830092,1,0.000162,0.001701,2.567429,10.070376,1.510556,0.937500,0.000000,0.000000
125,10.332639,0.001786,1.001839,0.000000,0.000000,1.000000,0.841514,1,0.000171,0.001556,2.299827,10.258366,1.538755,0.937500,0.000000,0.000000
126,10.171800,0.001775,1.001999,0.000000,0.000000,1.000000,0.852065,1,0.000193,0.002286,2.059976,10.104859,1.515729,0.937500,0.000000,0.000000
127,10.203273,0.001893,1.002099,0.000000,0.000000,1.000000,0.860837,1,0.000163,0.001823,1.842278,10.142991,1.521449,0.937500,0.000000,0.000000
128,10.067211,0.001934,1.002173,0.000000,0.000000,1.000000,0.870437,1,0.000196,0.001764,1.647213,10.012935,1.501940,0.937500,0.000000,0.000000
129,10.091919,0.001871,1.002294,0.000000,0.000000,1.000000,0.878397,1,0.000182,0.001760,1.474261,10.042980,1.506447,0.937500,0.000000,0.000000
130,10.013309,0.001885,1.002379,0.000000,0.000000,1.000000,0.886453,1,0.000175,0.001502,1.318473,9.943701,1.491555,0.937500,0.000000,0.000000
131,10.089195,0.002020,1.002416,0.000000,0.000000,1.000000,0.893924,1,0.000347,0.001425,1.179711,9.999749,1.499962,0.937500,0.000000,0.000000
132,10.323067,0.000000,0.996465,0.000000,0.000000,1.000000,0.899867,0,0.000381,0.001822,1.057574,10.192640,1.528896,0.937500,0.000000,0.000000
133,10.198994,0.000000,0.997022,0.000000,0.000000,1.000000,0.906471,0,0.000391,0.001802,0.947654,10.051061,1.507659,0.937500,0.000000,0.000000
134,10.222628,0.000000,0.997558,0.000000,0.000000,1.000000,0.912177,0,0.000454,0.001800,0.849252,10.038034,1.505705,0.937500,0.000000,0.000000
135,10.499335,0.000000,0.998062,0.000000,0.000000,1.000000,0.917732,0,0.000198,0.001592,0.762900,10.280581,1.542087,0.937500,0.000000,0.000000
136,10.366927,0.000000,0.998545,0.000000,0.000000,1.000000,0.922887,0,0.000189,0.001936,0.688462,10.133001,1.519950,0.937500,0.000000,0.000000
137,10.424733,0.000000,0.998974,0.000000,0.000000,1.000000,0.927905,0,0.000203,0.001577,0.621144,10.175974,1.526396,0.937500,0.000000,0.000000
138,10.293368,0.000000,1.000404,0.000000,0.000000,1.000000,0.931693,0,0.000200,0.001662,0.565712,10.046612,1.506992,0.937500,0.000000,0.000000
139,10.276541,0.000000,1.000442,0.000000,0.000000,1.000000,0.934429,0,0.000268,0.002030,0.516711,10.049780,1.507467,0.937500,0.000000,0.000000
140,10.198093,0.000000,1.001086,0.000000,0.000000,1.000000,0.937013,0,0.000244,0.001653,0.474236,9.988999,1.498350,0.937500,0.000000,0.000000
141,10.181502,0.000000,1.000275,0.000000,0.000000,1.000000,0.938987,0,0.000359,0.001378,0.438523,9.992074,1.498811,0.937500,0.000000,0.000000
142,10.424663,0.000000,1.000931,0.000000,0.000000,1.000000,0.940995,0,0.000180,0.001558,0.409916,10.215235,1.532285,0.937500,0.000000,0.000000
143,10.293519,0.000000,1.001525,0.000000,0.000000,1.000000,0.943282,0,0.000186,0.001724,0.387102,10.044591,1.506689,0.937500,0.000000,0.000000
144,10.187791,0.000000,1.001064,0.000000,0.000000,1.000000,0.945227,0,0.000424,0.001851,0.366744,9.956536,1.493480,0.937500,0.000000,0.000000
145,10.518989,0.000000,1.001429,0.000000,0.000000,1.000000,0.947428,0,0.000172,0.001484,0.348857,10.252060,1.537809,0.937500,0.000000,0.000000
146,10.376400,0.000000,1.001525,0.000000,0.000000,1.000000,0.949230,0,0.000218,0.001988,0.332885,10.091969,1.513795,0.937500,0.000000,0.000000
147,10.395981,0.000000,1.001342,0.000000,0.000000,1.000000,0.951241,0,0.000418,0.001493,0.316600,10.111724,1.516759,0.937500,0.000000,0.000000
148,10.313322,0.000000,1.001764,0.000000,0.000000,1.000000,0.953108,0,0.000343,0.001670,0.302505,10.029562,1.504434,0.937500,0.000000,0.000000
149,10.341385,0.000000,1.001407,0.000000,0.000000,1.000000,0.954307,0,0.000192,0.001788,0.290105,10.036799,1.505520,0.937500,0.000000,0.000000
150,10.085976,0.002029,1.001253,0.000000,0.000000,1.000000,0.776267,1,0.000191,0.001667,3.969990,9.960864,1.494130,0.937500,0.000000,0.000000
151,10.072654,0.001921,1.001363,0.000000,0.000000,1.000000,0.791327,1,0.000172,0.001618,3.558601,9.960041,1.494006,0.937500,0.000000,0.000000
152,10.505309,0.001927,1.001460,0.000000,0.000000,1.000000,0.805113,1,0.000328,0.002260,3.191352,10.403865,1.560580,0.937500,0.000000,0.000000
153,10.270174,0.002064,1.001598,0.000000,0.000000,1.000000,0.818627,1,0.000187,0.001648,2.862851,10.178725,1.526809,0.937500,0.000000,0.000000
154,10.032343,0.001838,1.001726,0.000000,0.000000,1.000000,0.830092,1,0.000174,0.001496,2.567429,9.949905,1.492486,0.937500,0.000000,0.000000
155,10.315878,0.001867,1.001839,0.000000,0.000000,1.000000,0.841514,1,0.000186,0.001731,2.299827,10.241607,1.536241,0.937500,0.000000,0.000000
156,10.327302,0.001908,1.001999,0.000000,0.000000,1.000000,0.852065,1,0.000243,0.002056,2.059976,10.260362,1.539054,0.937500,0.000000,0.000000
157,10.450845,0.002247,1.002099,0.000000,0.000000,1.000000,0.860837,1,0.000169,0.001625,1.842278,10.390558,1.558584,0.937500,0.000000,0.000000
158,10.175134,0.002258,1.002173,0.000000,0.000000,1.000000,0.870437,1,0.000198,0.001824,1.647213,10.120843,1.518126,0.937500,0.000000,0.000000
159,10.112751,0.001813,1.002294,0.000000,0.000000,1.000000,0.878397,1,0.000309,0.001742,1.474261,10.063810,1.509572,0.937500,0.000000,0.000000
160,10.169656,0.002038,1.002379,0.000000,0.000000,1.000000,0.886453,1,0.000188,0.001365,1.318473,10.100043,1.515006,0.937500,0.000000,0.000000
161,9.993886,0.001851,1.002416,0.000000,0.000000,1.000000,0.893924,1,0.000174,0.001739,1.179711,9.904448,1.485667,0.937500,0.000000,0.000000
162,10.384811,0.000000,0.996465,0.000000,0.000000,1.000000,0.899867,0,0.000188,0.001570,1.057574,10.254384,1.538158,0.937500,0.000000,0.000000
163,10.228562,0.000000,0.997022,0.000000,0.000000,1.000000,0.906471,0,0.000213,0.002154,0.947654,10.060466,1.509070,0.937500,0.000000,0.000000
164,10.136524,0.000000,0.997558,0.000000,0.000000,1.000000,0.912177,0,0.000335,0.001930,0.849252,9.951925,1.492789,0.937500,0.000000,0.000000
165,10.473969,0.000000,0.998062,0.000000,0.000000,1.000000,0.917732,0,0.000324,0.001907,0.762900,10.255211,1.538282,0.937500,0.000000,0.000000
166,10.304129,0.000000,0.998545,0.000000,0.000000,1.000000,0.922887,0,0.000165,0.001559,0.688462,10.070203,1.510531,0.937500,0.000000,0.000000
167,10.361862,0.000000,0.998974,0.000000,0.000000,1.000000,0.927905,0,0.000341,0.001894,0.621144,10.113101,1.516965,0.937500,0.000000,0.000000
168,10.346386,0.000000,1.000404,0.000000,0.000000,1.000000,0.931693,0,0.000306,0.001328,0.565712,10.099623,1.514944,0.937500,0.000000,0.000000
169,10.382944,0.000000,1.000442,0.000000,0.000000,1.000000,0.934429,0,0.000186,0.001809,0.516711,10.156178,1.523427,0.937500,0.000000,0.000000
170,10.201623,0.000000,1.001086,0.000000,0.000000,1.000000,0.937013,0,0.000172,0.001754,0.474236,9.992527,1.498879,0.937500,0.000000,0.000000
171,10.081595,0.000000,1.000275,0.000000,0.000000,1.000000,0.938987,0,0.000172,0.001769,0.438523,9.892168,1.483825,0.937500,0.000000,0.000000
172,10.411146,0.000000,1.000931,0.000000,0.000000,1.000000,0.940995,0,0.000227,0.001581,0.409916,10.201716,1.530257,0.937500,0.000000,0.000000
173,10.294115,0.000000,1.001525,0.000000,0.000000,1.000000,0.943282,0,0.000463,0.001517,0.387102,10.045189,1.506778,0.937500,0.000000,0.000000
174,10.202805,0.000000,1.001064,0.000000,0.000000,1.000000,0.945227,0,0.000162,0.001533,0.366744,9.971272,1.495691,0.937500,0.000000,0.000000
175,10.505347,0.000000,1.001429,0.000000,0.000000,1.000000,0.947428,0,0.000161,0.001635,0.348857,10.238422,1.535763,0.937500,0.000000,0.000000
176,10.367136,0.000000,1.001525,0.000000,0.000000,1.000000,0.949230,0,0.000241,0.001792,0.332885,10.082705,1.512406,0.937500,0.000000,0.000000
177,10.409640,0.000000,1.001342,0.000000,0.000000,1.000000,0.951241,0,0.000212,0.001375,0.316600,10.125383,1.518808,0.937500,0.000000,0.000000
178,10.324718,0.000000,1.001764,0.000000,0.000000,1.000000,0.953108,0,0.000207,0.001725,0.302505,10.040958,1.506144,0.937500,0.000000,0.000000
179,10.351128,0.000000,1.001407,0.000000,0.000000,1.000000,0.954307,0,0.000191,0.001574,0.290105,10.046534,1.506980,0.937500,0.000000,0.000000
180,10.098579,0.002578,1.001253,0.000000,0.000000,1.000000,0.776267,1,0.000188,0.001610,3.969990,9.973437,1.496016,0.937500,0.000000,0.000000
181,10.000878,0.002231,1.001363,0.000000,0.000000,1.000000,0.791327,1,0.000166,0.001557,3.558601,9.888260,1.483239,0.937500,0.000000,0.000000
182,10.291753,0.001756,1.001460,0.000000,0.000000,1.000000,0.805113,1,0.000171,0.001367,3.191352,10.190316,1.528547,0.937500,0.000000,0.000000
183,10.218630,0.002275,1.001598,0.000000,0.000000,1.000000,0.818627,1,0.000173,0.001428,2.862851,10.127175,1.519076,0.937500,0.000000,0.000000
184,10.110056,0.002226,1.001726,0.000000,0.000000,1.000000,0.830092,1,0.000175,0.001270,2.567429,10.027605,1.504141,0.937500,0.000000,0.000000
185,10.342314,0.001987,1.001839,0.000000,0.000000,1.000000,0.841514,1,0.000163,0.001465,2.299827,10.268038,1.540206,0.937500,0.000000,0.000000
186,10.204261,0.002126,1.001999,0.000000,0.000000,1.000000,0.852065,1,0.000175,0.001649,2.059976,10.137305,1.520596,0.937500,0.000000,0.000000
187,10.238115,0.002060,1.002099,0.000000,0.000000,1.000000,0.860837,1,0.000191,0.001797,1.842278,10.177830,1.526674,0.937500,0.000000,0.000000
188,10.134083,0.002132,1.002173,0.000000,0.000000,1.000000,0.870437,1,0.000448,0.001764,1.647213,10.079797,1.511970,0.937500,0.000000,0.000000
189,10.146474,0.002341,1.002294,0.000000,0.000000,1.000000,0.878397,1,0.000448,0.002286,1.474261,10.097515,1.514627,0.937500,0.000000,0.000000
190,9.992949,0.002235,1.002379,0.000000,0.000000,1.000000,0.886453,1,0.000180,0.001451,1.318473,9.923327,1.488499,0.937500,0.000000,0.000000
191,9.965325,0.002123,1.002416,0.000000,0.000000,1.000000,0.893924,1,0.000176,0.001582,1.179711,9.875871,1.481381,0.937500,0.000000,0.000000
192,10.337992,0.000000,0.996465,0.000000,0.000000,1.000000,0.899867,0,0.000173,0.001283,1.057574,10.207570,1.531136,0.937500,0.000000,0.000000
193,10.248722,0.000000,0.997022,0.000000,0.000000,1.000000,0.906471,0,0.000185,0.001230,0.947654,10.100797,1.515120,0.937500,0.000000,0.000000
194,10.150938,0.000000,0.997558,0.000000,0.000000,1.000000,0.912177,0,0.000343,0.001776,0.849252,9.966344,1.494952,0.937500,0.000000,0.000000
195,10.494125,0.000000,0.998062,0.000000,0.000000,1.000000,0.917732,0,0.000286,0.001900,0.762900,10.275358,1.541304,0.937500,0.000000,0.000000
196,10.359793,0.000000,0.998545,0.000000,0.000000,1.000000,0.922887,0,0.000221,0.001605,0.688462,10.125864,1.518880,0.937500,0.000000,0.000000
197,10.386753,0.000000,0.998974,0.000000,0.000000,1.000000,0.927905,0,0.000189,0.001697,0.621144,10.137984,1.520698,0.937500,0.000000,0.000000
198,10.308691,0.000000,1.000404,0.000000,0.000000,1.000000,0.931693,0,0.000178,0.001812,0.565712,10.061931,1.509290,0.937500,0.000000,0.000000
199,10.306757,0.000000,1.000442,0.000000,0.000000,1.000000,0.934429,0,0.000222,0.001734,0.516711,10.079990,1.511998,0.937500,0.000000,0.000000
200,10.213009,0.000000,1.001086,0.000000,0.000000,1.000000,0.937013,0,0.000375,0.001820,0.474236,10.003913,1.500587,0.937500,0.000000,0.000000
201,10.226689,0.000000,1.000275,0.000000,0.000000,1.000000,0.938987,0,0.000213,0.001678,0.438523,10.037256,1.505588,0.937500,0.000000,0.000000
202,10.361691,0.000000,1.000931,0.000000,0.000000,1.000000,0.940995,0,0.000190,0.001882,0.409916,10.152267,1.522840,0.937500,0.000000,0.000000
203,10.297066,0.000000,1.001525,0.000000,0.000000,1.000000,0.943282,0,0.000192,0.001709,0.387102,10.048147,1.507222,0.937500,0.000000,0.000000
204,10.188013,0.000000,1.001064,0.000000,0.000000,1.000000,0.945227,0,0.000354,0.001807,0.366744,9.956739,1.493511,0.937500,0.000000,0.000000
205,10.527001,0.000000,1.001429,0.000000,0.000000,1.000000,0.947428,0,0.000226,0.001738,0.348857,10.260076,1.539011,0.937500,0.000000,0.000000
206,10.383911,0.000000,1.001525,0.000000,0.000000,1.000000,0.949230,0,0.000200,0.001580,0.332885,10.099487,1.514923,0.937500,0.000000,0.000000
207,10.409630,0.000000,1.001342,0.000000,0.000000,1.000000,0.951241,0,0.000180,0.001861,0.316600,10.125373,1.518806,0.937500,0.000000,0.000000
208,10.321195,0.000000,1.001764,0.000000,0.000000,1.000000,0.953108,0,0.000523,0.001606,0.302505,10.037433,1.505615,0.937500,0.000000,0.000000
209,10.362574,0.000000,1.001407,0.000000,0.000000,1.000000,0.954307,0,0.000245,0.001685,0.290105,10.057977,1.508696,0.937500,0.000000,0.000000
210,10.054877,0.002188,1.001253,0.000000,0.000000,1.000000,0.776267,1,0.000196,0.001655,3.969990,9.929755,1.489463,0.937500,0.000000,0.000000
211,10.021436,0.002200,1.001363,0.000000,0.000000,1.000000,0.791327,1,0.000174,0.001803,3.558601,9.908812,1.486322,0.937500,0.000000,0.000000
212,10.300280,0.002293,1.001460,0.000000,0.000000,1.000000,0.805113,1,0.000170,0.001808,3.191352,10.198822,1.529823,0.937500,0.000000,0.000000
213,10.189891,0.002112,1.001598,0.000000,0.000000,1.000000,0.818627,1,0.000233,0.001318,2.862851,10.098436,1.514765,0.937500,0.000000,0.000000
214,10.059059,0.002578,1.001726,0.000000,0.000000,1.000000,0.830092,1,0.000185,0.001488,2.567429,9.976586,1.496488,0.937500,0.000000,0.000000
215,10.364774,0.002138,1.001839,0.000000,0.000000,1.000000,0.841514,1,0.000171,0.001316,2.299827,10.290482,1.543572,0.937500,0.000000,0.000000
216,10.208299,0.001872,1.001999,0.000000,0.000000,1.000000,0.852065,1,0.000172,0.001337,2.059976,10.141358,1.521204,0.937500,0.000000,0.000000
217,10.206244,0.002170,1.002099,0.000000,0.000000,1.000000,0.860837,1,0.000343,0.001483,1.842278,10.145962,1.521894,0.937500,0.000000,0.000000
218,10.211758,0.002370,1.002173,0.000000,0.000000,1.000000,0.870437,1,0.000170,0.001363,1.647213,10.157469,1.523620,0.937500,0.000000,0.000000
219,10.140817,0.002664,1.002294,0.000000,0.000000,1.000000,0.878397,1,0.000178,0.001362,1.474261,10.091854,1.513778,0.937500,0.000000,0.000000
220,10.072905,0.002137,1.002379,0.000000,0.000000,1.000000,0.886453,1,0.000171,0.001390,1.318473,10.003290,1.500493,0.937500,0.000000,0.000000
221,10.056964,0.002236,1.002416,0.000000,0.000000,1.000000,0.893924,1,0.000097,0.001651,1.179711,9.967510,1.495126,0.937500,0.000000,0.000000
222,10.355463,0.000000,0.996465,0.000000,0.000000,1.000000,0.899867,0,0.000190,0.001221,1.057574,10.225038,1.533756,0.937500,0.000000,0.000000
223,10.256814,0.000000,0.997022,0.000000,0.000000,1.000000,0.906471,0,0.000174,0.001531,0.947654,10.108888,1.516333,0.937500,0.000000,0.000000
224,10.224388,0.000000,0.997558,0.000000,0.000000,1.000000,0.912177,0,0.000483,0.001573,0.849252,10.039790,1.505968,0.937500,0.000000,0.000000
225,10.502007,0.000000,0.998062,0.000000,0.000000,1.000000,0.917732,0,0.000191,0.001492,0.762900,10.283241,1.542486,0.937500,0.000000,0.000000
226,10.339111,0.000000,0.998545,0.000000,0.000000,1.000000,0.922887,0,0.000198,0.001414,0.688462,10.105181,1.515777,0.937500,0.000000,0.000000
227,10.386154,0.000000,0.998974,0.000000,0.000000,1.000000,0.927905,0,0.000435,0.001204,0.621144,10.137392,1.520609,0.937500,0.000000,0.000000
228,10.365575,0.000000,1.000404,0.000000,0.000000,1.000000,0.931693,0,0.000437,0.001355,0.565712,10.118810,1.517822,0.937500,0.000000,0.000000
229,10.254905,0.000000,1.000442,0.000000,0.000000,1.000000,0.934429,0,0.000287,0.001504,0.516711,10.028142,1.504221,0.937500,0.000000,0.000000
230,10.143750,0.000000,1.001086,0.000000,0.000000,1.000000,0.937013,0,0.000192,0.001329,0.474236,9.934654,1.490198,0.937500,0.000000,0.000000
231,10.078742,0.000000,1.000275,0.000000,0.000000,1.000000,0.938987,0,0.000251,0.001267,0.438523,9.889319,1.483398,0.937500,0.000000,0.000000
232,10.381283,0.000000,1.000931,0.000000,0.000000,1.000000,0.940995,0,0.000238,0.001741,0.409916,10.171856,1.525778,0.937500,0.000000,0.000000
233,10.284216,0.000000,1.001525,0.000000,0.000000,1.000000,0.943282,0,0.000219,0.001358,0.387102,10.035297,1.505295,0.937500,0.000000,0.000000
234,10.201377,0.000000,1.001064,0.000000,0.000000,1.000000,0.945227,0,0.000360,0.001698,0.366744,9.970115,1.495517,0.937500,0.000000,0.000000
235,10.557444,0.000000,1.001429,0.000000,0.000000,1.000000,0.947428,0,0.000216,0.001583,0.348857,10.290509,1.543576,0.937500,0.000000,0.000000
236,10.384079,0.000000,1.001525,0.000000,0.000000,1.000000,0.949230,0,0.000189,0.001409,0.332885,10.099648,1.514947,0.937500,0.000000,0.000000
237,10.467798,0.000000,1.001342,0.000000,0.000000,1.000000,0.951241,0,0.000366,0.001504,0.316600,10.183537,1.527531,0.937500,0.000000,0.000000
238,10.432959,0.000000,1.001764,0.000000,0.000000,1.000000,0.953108,0,0.000202,0.001961,0.302505,10.149189,1.522378,0.937500,0.000000,0.000000
239,10.350538,0.000000,1.001407,0.000000,0.000000,1.000000,0.954307,0,0.000203,0.001180,0.290105,10.045941,1.506891,0.937500,0.000000,0.000000
240,10.031456,0.002586,1.001253,0.000000,0.000000,1.000000,0.776267,1,0.000091,0.001615,3.969990,9.906321,1.485948,0.937500,0.000000,0.000000
241,9.959064,0.001717,1.001363,0.000000,0.000000,1.000000,0.791327,1,0.000170,0.001821,3.558601,9.846460,1.476969,0.937500,0.000000,0.000000
242,10.312168,0.001768,1.001460,0.000000,0.000000,1.000000,0.805113,1,0.000218,0.001575,3.191352,10.210728,1.531609,0.937500,0.000000,0.000000
243,10.124928,0.002066,1.001598,0.000000,0.000000,1.000000,0.818627,1,0.000354,0.001624,2.862851,10.033479,1.505022,0.937500,0.000000,0.000000
244,10.072892,0.001911,1.001726,0.000000,0.000000,1.000000,0.830092,1,0.000183,0.001361,2.567429,9.990449,1.498567,0.937500,0.000000,0.000000
245,10.300330,0.001921,1.001839,0.000000,0.000000,1.000000,0.841514,1,0.000248,0.001331,2.299827,10.226056,1.533908,0.937500,0.000000,0.000000
246,10.158941,0.001953,1.001999,0.000000,0.000000,1.000000,0.852065,1,0.000195,0.001824,2.059976,10.092000,1.513800,0.937500,0.000000,0.000000
247,10.208328,0.001960,1.002099,0.000000,0.000000,1.000000,0.860837,1,0.000183,0.001817,1.842278,10.148052,1.522208,0.937500,0.000000,0.000000
248,10.172153,0.002088,1.002173,0.000000,0.000000,1.000000,0.870437,1,0.000282,0.001269,1.647213,10.117871,1.517681,0.937500,0.000000,0.000000
249,10.280813,0.001675,1.002294,0.000000,0.000000,1.000000,0.878397,1,0.000347,0.001508,1.474261,10.231882,1.534782,0.937500,0.000000,0.000000
250,10.159777,0.001939,1.002379,0.000000,0.000000,1.000000,0.886453,1,0.000371,0.001361,1.318473,10.090157,1.513524,0.937500,0.000000,0.000000
251,9.978755,0.001932,1.002416,0.000000,0.000000,1.000000,0.893924,1,0.000191,0.001730,1.179711,9.889314,1.483397,0.937500,0.000000,0.000000
252,10.300339,0.000000,0.996465,0.000000,0.000000,1.000000,0.899867,0,0.000171,0.001696,1.057574,10.169919,1.525488,0.937500,0.000000,0.000000
253,10.221530,0.000000,0.997022,0.000000,0.000000,1.000000,0.906471,0,0.000189,0.001435,0.947654,10.073612,1.511042,0.937500,0.000000,0.000000
254,10.144403,0.000000,0.997558,0.000000,0.000000,1.000000,0.912177,0,0.000329,0.001763,0.849252,9.959816,1.493972,0.937500,0.000000,0.000000
255,10.459361,0.000000,0.998062,0.000000,0.000000,1.000000,0.917732,0,0.000271,0.001678,0.762900,10.240601,1.536090,0.937500,0.000000,0.000000
256,10.349247,0.000000,0.998545,0.000000,0.000000,1.000000,0.922887,0,0.000325,0.001954,0.688462,10.115320,1.517298,0.937500,0.000000,0.000000
257,10.441195,0.000000,0.998974,0.000000,0.000000,1.000000,0.927905,0,0.000375,0.001432,0.621144,10.192425,1.528864,0.937500,0.000000,0.000000
258,10.291808,0.000000,1.000404,0.000000,0.000000,1.000000,0.931693,0,0.000396,0.001636,0.565712,10.045050,1.506757,0.937500,0.000000,0.000000
259,10.241036,0.000000,1.000442,0.000000,0.000000,1.000000,0.934429,0,0.000178,0.001937,0.516711,10.014274,1.502141,0.937500,0.000000,0.000000
260,10.161070,0.000000,1.001086,0.000000,0.000000,1.000000,0.937013,0,0.000360,0.001987,0.474236,9.951973,1.492796,0.937500,0.000000,0.000000
261,10.069100,0.000000,1.000275,0.000000,0.000000,1.000000,0.938987,0,0.000251,0.001631,0.438523,9.879668,1.481950,0.937500,0.000000,0.000000
262,10.398240,0.000000,1.000931,0.000000,0.000000,1.000000,0.940995,0,0.000196,0.001459,0.409916,10.188814,1.528322,0.937500,0.000000,0.000000
263,10.338099,0.000000,1.001525,0.000000,0.000000,1.000000,0.943282,0,0.000195,0.001750,0.387102,10.089165,1.513375,0.937500,0.000000,0.000000
264,10.260340,0.000000,1.001064,0.000000,0.000000,1.000000,0.945227,0,0.000244,0.001892,0.366744,10.029081,1.504362,0.937500,0.000000,0.000000
265,10.593580,0.000000,1.001429,0.000000,0.000000,1.000000,0.947428,0,0.000326,0.001919,0.348857,10.326653,1.548998,0.937500,0.000000,0.000000
266,10.560252,0.000000,1.001525,0.000000,0.000000,1.000000,0.949230,0,0.000190,0.001401,0.332885,10.275823,1.541373,0.937500,0.000000,0.000000
267,10.536448,0.000000,1.001342,0.000000,0.000000,1.000000,0.951241,0,0.000209,0.001871,0.316600,10.252189,1.537828,0.937500,0.000000,0.000000
268,10.298642,0.000000,1.001764,0.000000,0.000000,1.000000,0.953108,0,0.000280,0.001747,0.302505,10.014882,1.502232,0.937500,0.000000,0.000000
269,10.351614,0.000000,1.001407,0.000000,0.000000,1.000000,0.954307,0,0.000195,0.001450,0.290105,10.047025,1.507054,0.937500,0.000000,0.000000
270,10.093640,0.002158,1.001253,0.000000,0.000000,1.000000,0.776267,1,0.000203,0.001960,3.969990,9.968519,1.495278,0.937500,0.000000,0.000000
271,9.983928,0.002371,1.001363,0.000000,0.000000,1.000000,0.791327,1,0.000173,0.001719,3.558601,9.871304,1.480696,0.937500,0.000000,0.000000
272,10.290181,0.001810,1.001460,0.000000,0.000000,1.000000,0.805113,1,0.000176,0.001588,3.191352,10.188739,1.528311,0.937500,0.000000,0.000000
273,10.169329,0.002097,1.001598,0.000000,0.000000,1.000000,0.818627,1,0.000417,0.001860,2.862851,10.077877,1.511682,0.937500,0.000000,0.000000
274,10.039436,0.002049,1.001726,0.000000,0.000000,1.000000,0.830092,1,0.000170,0.001494,2.567429,9.956987,1.493548,0.937500,0.000000,0.000000
275,10.351646,0.001997,1.001839,0.000000,0.000000,1.000000,0.841514,1,0.000190,0.001954,2.299827,10.277369,1.541605,0.937500,0.000000,0.000000
276,10.190113,0.002052,1.001999,0.000000,0.000000,1.000000,0.852065,1,0.000229,0.001523,2.059976,10.123163,1.518475,0.937500,0.000000,0.000000
277,10.351670,0.002025,1.002099,0.000000,0.000000,1.000000,0.860837,1,0.000342,0.001490,1.842278,10.291390,1.543709,0.937500,0.000000,0.000000
278,10.136251,0.001769,1.002173,0.000000,0.000000,1.000000,0.870437,1,0.000201,0.001858,1.647213,10.081980,1.512297,0.937500,0.000000,0.000000
279,10.175235,0.001902,1.002294,0.000000,0.000000,1.000000,0.878397,1,0.000173,0.001502,1.474261,10.126296,1.518944,0.937500,0.000000,0.000000
280,10.051898,0.001839,1.002379,0.000000,0.000000,1.000000,0.886453,1,0.000189,0.001656,1.318473,9.982289,1.497343,0.937500,0.000000,0.000000
281,10.072385,0.001985,1.002416,0.000000,0.000000,1.000000,0.893924,1,0.000254,0.001982,1.179711,9.982942,1.497441,0.937500,0.000000,0.000000
282,10.335322,0.000000,0.996465,0.000000,0.000000,1.000000,0.899867,0,0.000172,0.001591,1.057574,10.204898,1.530735,0.937500,0.000000,0.000000
283,10.215417,0.000000,0.997022,0.000000,0.000000,1.000000,0.906471,0,0.000210,0.001596,0.947654,10.067487,1.510123,0.937500,0.000000,0.000000
284,10.163553,0.000000,0.997558,0.000000,0.000000,1.000000,0.912177,0,0.000205,0.001790,0.849252,9.978953,1.496843,0.937500,0.000000,0.000000
285,10.487456,0.000000,0.998062,0.000000,0.000000,1.000000,0.917732,0,0.000284,0.001325,0.762900,10.268694,1.540304,0.937500,0.000000,0.000000
286,10.354917,0.000000,0.998545,0.000000,0.000000,1.000000,0.922887,0,0.000209,0.001680,0.688462,10.120981,1.518147,0.937500,0.000000,0.000000
287,10.397831,0.000000,0.998974,0.000000,0.000000,1.000000,0.927905,0,0.000192,0.001576,0.621144,10.149071,1.522361,0.937500,0.000000,0.000000
288,10.289107,0.000000,1.000404,0.000000,0.000000,1.000000,0.931693,0,0.000206,0.001677,0.565712,10.042344,1.506352,0.937500,0.000000,0.000000
289,10.272938,0.000000,1.000442,0.000000,0.000000,1.000000,0.934429,0,0.000332,0.001491,0.516711,10.046177,1.506927,0.937500,0.000000,0.000000
290,10.109190,0.000000,1.001086,0.000000,0.000000,1.000000,0.937013,0,0.000183,0.001677,0.474236,9.900100,1.485015,0.937500,0.000000,0.000000
291,10.064039,0.000000,1.000275,0.000000,0.000000,1.000000,0.938987,0,0.000275,0.001682,0.438523,9.874613,1.481192,0.937500,0.000000,0.000000
292,10.428695,0.000000,1.000931,0.000000,0.000000,1.000000,0.940995,0,0.000187,0.001515,0.409916,10.219264,1.532890,0.937500,0.000000,0.000000
293,10.280869,0.000000,1.001525,0.000000,0.000000,1.000000,0.943282,0,0.000175,0.001665,0.387102,10.031943,1.504791,0.937500,0.000000,0.000000
294,10.183154,0.000000,1.001064,0.000000,0.000000,1.000000,0.945227,0,0.000197,0.001547,0.366744,9.951893,1.492784,0.937500,0.000000,0.000000
295,10.494819,0.000000,1.001429,0.000000,0.000000,1.000000,0.947428,0,0.000187,0.001510,0.348857,10.227887,1.534183,0.937500,0.000000,0.000000
296,10.419544,0.000000,1.001525,0.000000,0.000000,1.000000,0.949230,0,0.000266,0.001848,0.332885,10.135115,1.520267,0.937500,0.000000,0.000000
297,10.506595,0.000000,1.001342,0.000000,0.000000,1.000000,0.951241,0,0.000204,0.001436,0.316600,10.222331,1.533350,0.937500,0.000000,0.000000
298,10.451162,0.000000,1.001764,0.000000,0.000000,1.000000,0.953108,0,0.000191,0.001505,0.302505,10.167394,1.525109,0.937500,0.000000,0.000000
299,10.325521,0.000000,1.001407,0.000000,0.000000,1.000000,0.954307,0,0.000243,0.001411,0.290105,10.020928,1.503139,0.937500,0.000000,0.000000
300,10.054047,0.001890,1.001253,0.000000,0.000000,1.000000,0.776267,1,0.000191,0.001624,3.969990,9.928938,1.489341,0.937500,0.000000,0.000000
301,9.980461,0.002026,1.001363,0.000000,0.000000,1.000000,0.791327,1,0.000176,0.001831,3.558601,9.867852,1.480178,0.937500,0.000000,0.000000
302,10.289879,0.001945,1.001460,0.000000,0.000000,1.000000,0.805113,1,0.000172,0.001593,3.191352,10.188438,1.528266,0.937500,0.000000,0.000000
303,10.145824,0.001729,1.001598,0.000000,0.000000,1.000000,0.818627,1,0.000374,0.001547,2.862851,10.054390,1.508158,0.937500,0.000000,0.000000
304,10.058784,0.001958,1.001726,0.000000,0.000000,1.000000,0.830092,1,0.000174,0.001723,2.567429,9.976339,1.496451,0.937500,0.000000,0.000000
305,10.357408,0.002292,1.001839,0.000000,0.000000,1.000000,0.841514,1,0.000165,0.001255,2.299827,10.283121,1.542468,0.937500,0.000000,0.000000
306,10.277739,0.001985,1.001999,0.000000,0.000000,1.000000,0.852065,1,0.000195,0.001447,2.059976,10.210792,1.531619,0.937500,0.000000,0.000000
307,10.296270,0.002266,1.002099,0.000000,0.000000,1.000000,0.860837,1,0.000171,0.001479,1.842278,10.235982,1.535397,0.937500,0.000000,0.000000
308,10.203911,0.002162,1.002173,0.000000,0.000000,1.000000,0.870437,1,0.000194,0.001358,1.647213,10.149623,1.522443,0.937500,0.000000,0.000000
309,10.131008,0.002151,1.002294,0.000000,0.000000,1.000000,0.878397,1,0.000331,0.001396,1.474261,10.082056,1.512308,0.937500,0.000000,0.000000
310,10.189093,0.001938,1.002379,0.000000,0.000000,1.000000,0.886453,1,0.000177,0.001321,1.318473,10.119476,1.517921,0.937500,0.000000,0.000000
311,10.075944,0.002084,1.002416,0.000000,0.000000,1.000000,0.893924,1,0.000135,0.001488,1.179711,9.986493,1.497974,0.937500,0.000000,0.000000
312,10.410495,0.000000,0.996465,0.000000,0.000000,1.000000,0.899867,0,0.000079,0.001876,1.057574,10.280050,1.542007,0.937500,0.000000,0.000000
313,10.247276,0.000000,0.997022,0.000000,0.000000,1.000000,0.906471,0,0.000236,0.001434,0.947654,10.079188,1.511878,0.937500,0.000000,0.000000
314,10.197502,0.000000,0.997558,0.000000,0.000000,1.000000,0.912177,0,0.000223,0.001534,0.849252,10.012912,1.501937,0.937500,0.000000,0.000000
315,10.531806,0.000000,0.998062,0.000000,0.000000,1.000000,0.917732,0,0.000286,0.001407,0.762900,10.313048,1.546957,0.937500,0.000000,0.000000
316,10.402695,0.000000,0.998545,0.000000,0.000000,1.000000,0.922887,0,0.000188,0.001581,0.688462,10.168768,1.525315,0.937500,0.000000,0.000000
317,10.410227,0.000000,0.998974,0.000000,0.000000,1.000000,0.927905,0,0.000254,0.001818,0.621144,10.161466,1.524220,0.937500,0.000000,0.000000
318,10.352446,0.000000,1.000404,0.000000,0.000000,1.000000,0.931693,0,0.000226,0.001610,0.565712,10.105686,1.515853,0.937500,0.000000,0.000000
319,10.248546,0.000000,1.000442,0.000000,0.000000,1.000000,0.934429,0,0.000208,0.001687,0.516711,10.021788,1.503268,0.937500,0.000000,0.000000
320,10.149626,0.000000,1.001086,0.000000,0.000000,1.000000,0.937013,0,0.000211,0.001489,0.474236,9.940534,1.491080,0.937500,0.000000,0.000000
321,10.127807,0.000000,1.000275,0.000000,0.000000,1.000000,0.938987,0,0.000245,0.001670,0.438523,9.938384,1.490758,0.937500,0.000000,0.000000
322,10.364746,0.000000,1.000931,0.000000,0.000000,1.000000,0.940995,0,0.000202,0.001551,0.409916,10.155319,1.523298,0.937500,0.000000,0.000000
323,10.312375,0.000000,1.001525,0.000000,0.000000,1.000000,0.943282,0,0.000244,0.001446,0.387102,10.063453,1.509518,0.937500,0.000000,0.000000
324,10.216792,0.000000,1.001064,0.000000,0.000000,1.000000,0.945227,0,0.000265,0.001550,0.366744,9.985526,1.497829,0.937500,0.000000,0.000000
325,10.578693,0.000000,1.001429,0.000000,0.000000,1.000000,0.947428,0,0.000194,0.001257,0.348857,10.311770,1.546765,0.937500,0.000000,0.000000
326,10.385206,0.000000,1.001525,0.000000,0.000000,1.000000,0.949230,0,0.000368,0.001165,0.332885,10.100775,1.515116,0.937500,0.000000,0.000000
327,10.411906,0.000000,1.001342,0.000000,0.000000,1.000000,0.951241,0,0.000191,0.001489,0.316600,10.127642,1.519146,0.937500,0.000000,0.000000
328,10.334170,0.000000,1.001764,0.000000,0.000000,1.000000,0.953108,0,0.000187,0.001311,0.302505,10.050412,1.507562,0.937500,0.000000,0.000000
329,10.327010,0.000000,1.001407,0.000000,0.000000,1.000000,0.954307,0,0.000226,0.001417,0.290105,10.022421,1.503363,0.937500,0.000000,0.000000
330,10.062375,0.002113,1.001253,0.000000,0.000000,1.000000,0.776267,1,0.000189,0.001437,3.969990,9.937259,1.490589,0.937500,0.000000,0.000000
331,10.019424,0.001933,1.001363,0.000000,0.000000,1.000000,0.791327,1,0.000287,0.001544,3.558601,9.906817,1.486023,0.937500,0.000000,0.000000
332,10.307131,0.002373,1.001460,0.000000,0.000000,1.000000,0.805113,1,0.000180,0.001303,3.191352,10.205664,1.530850,0.937500,0.000000,0.000000
333,10.184159,0.002486,1.001598,0.000000,0.000000,1.000000,0.818627,1,0.000167,0.001430,2.862851,10.092699,1.513905,0.937500,0.000000,0.000000
334,10.145989,0.002457,1.001726,0.000000,0.000000,1.000000,0.830092,1,0.000178,0.001452,2.567429,10.063532,1.509530,0.937500,0.000000,0.000000
335,10.410527,0.002416,1.001839,0.000000,0.000000,1.000000,0.841514,1,0.000174,0.001327,2.299827,10.336239,1.550436,0.937500,0.000000,0.000000
336,10.154551,0.001691,1.001999,0.000000,0.000000,1.000000,0.852065,1,0.000240,0.001496,2.059976,10.087618,1.513143,0.937500,0.000000,0.000000
337,10.230239,0.002513,1.002099,0.000000,0.000000,1.000000,0.860837,1,0.000173,0.001384,1.842278,10.169947,1.525492,0.937500,0.000000,0.000000
338,10.120931,0.001991,1.002173,0.000000,0.000000,1.000000,0.870437,1,0.000168,0.001583,1.647213,10.066653,1.509998,0.937500,0.000000,0.000000
339,10.075997,0.002076,1.002294,0.000000,0.000000,1.000000,0.878397,1,0.000181,0.001584,1.474261,10.027052,1.504058,0.937500,0.000000,0.000000
340,9.973676,0.001992,1.002379,0.000000,0.000000,1.000000,0.886453,1,0.000204,0.001468,1.318473,9.904063,1.485609,0.937500,0.000000,0.000000
341,9.972859,0.002225,1.002416,0.000000,0.000000,1.000000,0.893924,1,0.000176,0.001274,1.179711,9.883406,1.482511,0.937500,0.000000,0.000000
342,10.305986,0.000000,0.996465,0.000000,0.000000,1.000000,0.899867,0,0.000174,0.001222,1.057574,10.175552,1.526333,0.937500,0.000000,0.000000
343,10.183763,0.000000,0.997022,0.000000,0.000000,1.000000,0.906471,0,0.000383,0.001327,0.947654,10.035842,1.505376,0.937500,0.000000,0.000000
344,10.200892,0.000000,0.997558,0.000000,0.000000,1.000000,0.912177,0,0.000270,0.001742,0.849252,10.016301,1.502445,0.937500,0.000000,0.000000
345,10.505821,0.000000,0.998062,0.000000,0.000000,1.000000,0.917732,0,0.000203,0.001524,0.762900,10.287056,1.543058,0.937500,0.000000,0.000000
346,10.602313,0.000000,0.998545,0.000000,0.000000,1.000000,0.922887,0,0.000423,0.001728,0.688462,10.368383,1.555258,0.937500,0.000000,0.000000
347,10.530391,0.000000,0.998974,0.000000,0.000000,1.000000,0.927905,0,0.000190,0.001290,0.621144,10.281628,1.542244,0.937500,0.000000,0.000000
348,10.295760,0.000000,1.000404,0.000000,0.000000,1.000000,0.931693,0,0.000189,0.001277,0.565712,10.049005,1.507351,0.937500,0.000000,0.000000
349,10.273721,0.000000,1.000442,0.000000,0.000000,1.000000,0.934429,0,0.000205,0.001510,0.516711,10.046964,1.507045,0.937500,0.000000,0.000000
350,10.421058,0.000000,1.001086,0.000000,0.000000,1.000000,0.937013,0,0.000384,0.001223,0.474236,10.211963,1.531794,0.937500,0.000000,0.000000
351,10.553876,0.000000,1.000275,0.000000,0.000000,1.000000,0.938987,0,0.000324,0.001213,0.438523,10.364444,1.554667,0.937500,0.000000,0.000000
352,10.819521,0.000000,1.000931,0.000000,0.000000,1.000000,0.940995,0,0.000404,0.001927,0.409916,10.610080,1.591512,0.937500,0.000000,0.000000
353,10.669338,0.000000,1.001525,0.000000,0.000000,1.000000,0.943282,0,0.000325,0.001811,0.387102,10.420404,1.563061,0.937500,0.000000,0.000000
354,10.461320,0.000000,1.001064,0.000000,0.000000,1.000000,0.945227,0,0.000195,0.001559,0.366744,10.230058,1.534509,0.937500,0.000000,0.000000
355,10.724859,0.000000,1.001429,0.000000,0.000000,1.000000,0.947428,0,0.000207,0.001204,0.348857,10.457926,1.568689,0.937500,0.000000,0.000000
356,10.631128,0.000000,1.001525,0.000000,0.000000,1.000000,0.949230,0,0.000333,0.001701,0.332885,10.346700,1.552005,0.937500,0.000000,0.000000
357,10.656432,0.000000,1.001342,0.000000,0.000000,1.000000,0.951241,0,0.000423,0.001407,0.316600,10.372168,1.555825,0.937500,0.000000,0.000000
358,10.510732,0.000000,1.001764,0.000000,0.000000,1.000000,0.953108,0,0.000434,0.001525,0.302505,10.226971,1.534046,0.937500,0.000000,0.000000
359,10.436003,0.000000,1.001407,0.000000,0.000000,1.000000,0.954307,0,0.000191,0.002064,0.290105,10.131414,1.519712,0.937500,0.000000,0.000000
360,10.169976,0.002308,1.001253,0.000000,0.000000,1.000000,0.776267,1,0.000389,0.002011,3.969990,10.044849,1.506727,0.937500,0.000000,0.000000
361,10.197483,0.002655,1.001363,0.000000,0.000000,1.000000,0.791327,1,0.000168,0.001732,3.558601,10.084851,1.512728,0.937500,0.000000,0.000000
362,10.566644,0.002063,1.001460,0.000000,0.000000,1.000000,0.805113,1,0.000178,0.001649,3.191352,10.465194,1.569779,0.937500,0.000000,0.000000
363,10.355351,0.002049,1.001598,0.000000,0.000000,1.000000,0.818627,1,0.000272,0.001608,2.862851,10.263901,1.539585,0.937500,0.000000,0.000000
364,10.234146,0.001919,1.001726,0.000000,0.000000,1.000000,0.830092,1,0.000225,0.001837,2.567429,10.151700,1.522755,0.937500,0.000000,0.000000
365,10.449405,0.002082,1.001839,0.000000,0.000000,1.000000,0.841514,1,0.000171,0.001740,2.299827,10.375121,1.556268,0.937500,0.000000,0.000000
366,10.370413,0.002268,1.001999,0.000000,0.000000,1.000000,0.852065,1,0.000193,0.001556,2.059976,10.303458,1.545519,0.937500,0.000000,0.000000
367,10.434902,0.002434,1.002099,0.000000,0.000000,1.000000,0.860837,1,0.000192,0.001546,1.842278,10.374600,1.556190,0.937500,0.000000,0.000000
368,10.274129,0.002131,1.002173,0.000000,0.000000,1.000000,0.870437,1,0.000188,0.001614,1.647213,10.219846,1.532977,0.937500,0.000000,0.000000
369,10.197489,0.002067,1.002294,0.000000,0.000000,1.000000,0.878397,1,0.000185,0.002100,1.474261,10.148540,1.522281,0.937500,0.000000,0.000000
370,10.109430,0.001979,1.002379,0.000000,0.000000,1.000000,0.886453,1,0.000245,0.001738,1.318473,10.039818,1.505973,0.937500,0.000000,0.000000
371,10.058810,0.002132,1.002416,0.000000,0.000000,1.000000,0.893924,1,0.000285,0.001571,1.179711,9.969349,1.495402,0.937500,0.000000,0.000000
372,10.407645,0.000000,0.996465,0.000000,0.000000,1.000000,0.899867,0,0.000193,0.001526,1.057574,10.277217,1.541583,0.937500,0.000000,0.000000
373,10.394302,0.000000,0.997022,0.000000,0.000000,1.000000,0.906471,0,0.000191,0.001282,0.947654,10.226211,1.533932,0.937500,0.000000,0.000000
374,10.257219,0.000000,0.997558,0.000000,0.000000,1.000000,0.912177,0,0.000202,0.001553,0.849252,10.072624,1.510894,0.937500,0.000000,0.000000
375,10.472350,0.000000,0.998062,0.000000,0.000000,1.000000,0.917732,0,0.000174,0.001580,0.762900,10.253580,1.538037,0.937500,0.000000,0.000000
376,10.391295,0.000000,0.998545,0.000000,0.000000,1.000000,0.922887,0,0.000355,0.001454,0.688462,10.157360,1.523604,0.937500,0.000000,0.000000
377,10.486873,0.000000,0.998974,0.000000,0.000000,1.000000,0.927905,0,0.000107,0.001560,0.621144,10.238104,1.535716,0.937500,0.000000,0.000000
378,10.334378,0.000000,1.000404,0.000000,0.000000,1.000000,0.931693,0,0.000208,0.001493,0.565712,10.087611,1.513142,0.937500,0.000000,0.000000
379,10.355151,0.000000,1.000442,0.000000,0.000000,1.000000,0.934429,0,0.000184,0.001429,0.516711,10.128387,1.519258,0.937500,0.000000,0.000000
380,10.171424,0.000000,1.001086,0.000000,0.000000,1.000000,0.937013,0,0.000187,0.001653,0.474236,9.962328,1.494349,0.937500,0.000000,0.000000
381,10.123361,0.000000,1.000275,0.000000,0.000000,1.000000,0.938987,0,0.000187,0.001266,0.438523,9.933931,1.490090,0.937500,0.000000,0.000000
382,10.444501,0.000000,1.000931,0.000000,0.000000,1.000000,0.940995,0,0.000195,0.001722,0.409916,10.235069,1.535260,0.937500,0.000000,0.000000
383,10.480256,0.000000,1.001525,0.000000,0.000000,1.000000,0.943282,0,0.000192,0.001611,0.387102,10.231331,1.534700,0.937500,0.000000,0.000000
384,10.321110,0.000000,1.001064,0.000000,0.000000,1.000000,0.945227,0,0.000234,0.001363,0.366744,10.089847,1.513477,0.937500,0.000000,0.000000
385,10.652563,0.000000,1.001429,0.000000,0.000000,1.000000,0.947428,0,0.000271,0.001691,0.348857,10.385630,1.557845,0.937500,0.000000,0.000000
386,10.554625,0.000000,1.001525,0.000000,0.000000,1.000000,0.949230,0,0.000191,0.001254,0.332885,10.270194,1.540529,0.937500,0.000000,0.000000
387,10.546489,0.000000,1.001342,0.000000,0.000000,1.000000,0.951241,0,0.000191,0.001838,0.316600,10.262220,1.539333,0.937500,0.000000,0.000000
388,10.398623,0.000000,1.001764,0.000000,0.000000,1.000000,0.953108,0,0.000189,0.001728,0.302505,10.114865,1.517230,0.937500,0.000000,0.000000
389,10.377442,0.000000,1.001407,0.000000,0.000000,1.000000,0.954307,0,0.000190,0.001475,0.290105,10.072849,1.510927,0.937500,0.000000,0.000000
390,10.153817,0.002185,1.001253,0.000000,0.000000,1.000000,0.776267,1,0.000298,0.001714,3.969990,10.028698,1.504305,0.937500,0.000000,0.000000
391,10.063680,0.002421,1.001363,0.000000,0.000000,1.000000,0.791327,1,0.000202,0.001627,3.558601,9.951051,1.492658,0.937500,0.000000,0.000000
392,10.420880,0.002243,1.001460,0.000000,0.000000,1.000000,0.805113,1,0.000247,0.001454,3.191352,10.319420,1.547913,0.937500,0.000000,0.000000
393,10.238555,0.002195,1.001598,0.000000,0.000000,1.000000,0.818627,1,0.000229,0.001156,2.862851,10.147102,1.522065,0.937500,0.000000,0.000000
394,10.273710,0.002035,1.001726,0.000000,0.000000,1.000000,0.830092,1,0.000210,0.001535,2.567429,10.191263,1.528690,0.937500,0.000000,0.000000
395,10.440351,0.001779,1.001839,0.000000,0.000000,1.000000,0.841514,1,0.000301,0.001618,2.299827,10.366072,1.554911,0.937500,0.000000,0.000000
396,10.225017,0.002195,1.001999,0.000000,0.000000,1.000000,0.852065,1,0.000173,0.001502,2.059976,10.158061,1.523709,0.937500,0.000000,0.000000
397,10.284768,0.002219,1.002099,0.000000,0.000000,1.000000,0.860837,1,0.000171,0.001707,1.842278,10.224480,1.533672,0.937500,0.000000,0.000000
398,10.242360,0.002058,1.002173,0.000000,0.000000,1.000000,0.870437,1,0.000172,0.001493,1.647213,10.188076,1.528211,0.937500,0.000000,0.000000
399,10.206589,0.002182,1.002294,0.000000,0.000000,1.000000,0.878397,1,0.000211,0.001657,1.474261,10.157637,1.523646,0.937500,0.000000,0.000000
400,10.145778,0.001923,1.002379,0.000000,0.000000,1.000000,0.886453,1,0.000165,0.001660,1.318473,10.076166,1.511425,0.937500,0.000000,0.000000
401,10.060324,0.002150,1.002416,0.000000,0.000000,1.000000,0.893924,1,0.000269,0.001896,1.179711,9.970867,1.495630,0.937500,0.000000,0.000000
402,10.455902,0.000000,0.996465,0.000000,0.000000,1.000000,0.899867,0,0.000162,0.001431,1.057574,10.325464,1.548820,0.937500,0.000000,0.000000
403,10.271208,0.000000,0.997022,0.000000,0.000000,1.000000,0.906471,0,0.000179,0.001800,0.947654,10.103111,1.515467,0.937500,0.000000,0.000000
404,10.149142,0.000000,0.997558,0.000000,0.000000,1.000000,0.912177,0,0.000174,0.001463,0.849252,9.964547,1.494682,0.937500,0.000000,0.000000
405,10.533441,0.000000,0.998062,0.000000,0.000000,1.000000,0.917732,0,0.000183,0.001607,0.762900,10.314681,1.547202,0.937500,0.000000,0.000000
406,10.429801,0.000000,0.998545,0.000000,0.000000,1.000000,0.922887,0,0.000221,0.001490,0.688462,10.195881,1.529382,0.937500,0.000000,0.000000
407,10.511004,0.000000,0.998974,0.000000,0.000000,1.000000,0.927905,0,0.000174,0.001321,0.621144,10.262239,1.539336,0.937500,0.000000,0.000000
408,10.382458,0.000000,1.000404,0.000000,0.000000,1.000000,0.931693,0,0.000459,0.001258,0.565712,10.135695,1.520354,0.937500,0.000000,0.000000
409,10.348661,0.000000,1.000442,0.000000,0.000000,1.000000,0.934429,0,0.000192,0.001537,0.516711,10.121895,1.518284,0.937500,0.000000,0.000000
410,10.184887,0.000000,1.001086,0.000000,0.000000,1.000000,0.937013,0,0.000161,0.001680,0.474236,9.975788,1.496368,0.937500,0.000000,0.000000
411,10.152316,0.000000,1.000275,0.000000,0.000000,1.000000,0.938987,0,0.000402,0.001596,0.438523,9.962886,1.494433,0.937500,0.000000,0.000000
412,10.504543,0.000000,1.000931,0.000000,0.000000,1.000000,0.940995,0,0.000353,0.001233,0.409916,10.295108,1.544266,0.937500,0.000000,0.000000
413,10.341914,0.000000,1.001525,0.000000,0.000000,1.000000,0.943282,0,0.000280,0.001562,0.387102,10.092989,1.513948,0.937500,0.000000,0.000000
414,10.261344,0.000000,1.001064,0.000000,0.000000,1.000000,0.945227,0,0.000309,0.001446,0.366744,10.030082,1.504512,0.937500,0.000000,0.000000
415,10.557054,0.000000,1.001429,0.000000,0.000000,1.000000,0.947428,0,0.000209,0.001583,0.348857,10.290119,1.543518,0.937500,0.000000,0.000000
416,10.480041,0.000000,1.001525,0.000000,0.000000,1.000000,0.949230,0,0.000225,0.001710,0.332885,10.195609,1.529341,0.937500,0.000000,0.000000
417,10.488291,0.000000,1.001342,0.000000,0.000000,1.000000,0.951241,0,0.000274,0.001574,0.316600,10.204030,1.530604,0.937500,0.000000,0.000000
418,10.393887,0.000000,1.001764,0.000000,0.000000,1.000000,0.953108,0,0.000179,0.001806,0.302505,10.110123,1.516518,0.937500,0.000000,0.000000
419,10.397886,0.000000,1.001407,0.000000,0.000000,1.000000,0.954307,0,0.000161,0.001518,0.290105,10.093288,1.513993,0.937500,0.000000,0.000000
420,10.124733,0.002408,1.001253,0.000000,0.000000,1.000000,0.776267,1,0.000170,0.001924,3.969990,9.999606,1.499941,0.937500,0.000000,0.000000
421,10.077487,0.002355,1.001363,0.000000,0.000000,1.000000,0.791327,1,0.000168,0.001582,3.558601,9.964862,1.494729,0.937500,0.000000,0.000000
422,10.315089,0.001810,1.001460,0.000000,0.000000,1.000000,0.805113,1,0.000318,0.001543,3.191352,10.213651,1.532048,0.937500,0.000000,0.000000
423,10.152790,0.002006,1.001598,0.000000,0.000000,1.000000,0.818627,1,0.000178,0.001547,2.862851,10.061344,1.509202,0.937500,0.000000,0.000000
424,10.072221,0.002119,1.001726,0.000000,0.000000,1.000000,0.830092,1,0.000173,0.002149,2.567429,9.989768,1.498465,0.937500,0.000000,0.000000
425,10.369635,0.002050,1.001839,0.000000,0.000000,1.000000,0.841514,1,0.000171,0.001542,2.299827,10.295351,1.544303,0.937500,0.000000,0.000000
426,10.212006,0.002073,1.001999,0.000000,0.000000,1.000000,0.852065,1,0.000170,0.001471,2.059976,10.145053,1.521758,0.937500,0.000000,0.000000
427,10.295726,0.002001,1.002099,0.000000,0.000000,1.000000,0.860837,1,0.000176,0.001947,1.842278,10.235447,1.535317,0.937500,0.000000,0.000000
428,10.185234,0.001948,1.002173,0.000000,0.000000,1.000000,0.870437,1,0.000173,0.001833,1.647213,10.130957,1.519644,0.937500,0.000000,0.000000
429,10.167709,0.001957,1.002294,0.000000,0.000000,1.000000,0.878397,1,0.000216,0.002099,1.474261,10.118763,1.517814,0.937500,0.000000,0.000000
430,10.138962,0.002104,1.002379,0.000000,0.000000,1.000000,0.886453,1,0.000179,0.001728,1.318473,10.069341,1.510401,0.937500,0.000000,0.000000
431,10.132048,0.001924,1.002416,0.000000,0.000000,1.000000,0.893924,1,0.000175,0.001441,1.179711,10.042599,1.506390,0.937500,0.000000,0.000000
432,10.335132,0.000000,0.996465,0.000000,0.000000,1.000000,0.899867,0,0.000174,0.001615,1.057574,10.204706,1.530706,0.937500,0.000000,0.000000
433,10.225425,0.000000,0.997022,0.000000,0.000000,1.000000,0.906471,0,0.000173,0.001477,0.947654,10.057329,1.508599,0.937500,0.000000,0.000000
434,10.249759,0.000000,0.997558,0.000000,0.000000,1.000000,0.912177,0,0.000178,0.001788,0.849252,10.065166,1.509775,0.937500,0.000000,0.000000
435,10.533912,0.000000,0.998062,0.000000,0.000000,1.000000,0.917732,0,0.000267,0.001434,0.762900,10.315153,1.547273,0.937500,0.000000,0.000000
436,10.446978,0.000000,0.998545,0.000000,0.000000,1.000000,0.922887,0,0.000261,0.002098,0.688462,10.213051,1.531958,0.937500,0.000000,0.000000
437,10.429004,0.000000,0.998974,0.000000,0.000000,1.000000,0.927905,0,0.000385,0.001392,0.621144,10.180244,1.527037,0.937500,0.000000,0.000000
438,10.298741,0.000000,1.000404,0.000000,0.000000,1.000000,0.931693,0,0.000326,0.001589,0.565712,10.051978,1.507797,0.937500,0.000000,0.000000
439,10.256263,0.000000,1.000442,0.000000,0.000000,1.000000,0.934429,0,0.000190,0.001514,0.516711,10.029503,1.504426,0.937500,0.000000,0.000000
440,10.162631,0.000000,1.001086,0.000000,0.000000,1.000000,0.937013,0,0.000231,0.001484,0.474236,9.953531,1.493030,0.937500,0.000000,0.000000
441,10.170660,0.000000,1.000275,0.000000,0.000000,1.000000,0.938987,0,0.000215,0.001644,0.438523,9.981231,1.497185,0.937500,0.000000,0.000000
442,10.555988,0.000000,1.000931,0.000000,0.000000,1.000000,0.940995,0,0.000358,0.001427,0.409916,10.346558,1.551984,0.937500,0.000000,0.000000
443,10.543248,0.000000,1.001525,0.000000,0.000000,1.000000,0.943282,0,0.000210,0.002086,0.387102,10.294314,1.544147,0.937500,0.000000,0.000000
444,10.225601,0.000000,1.001064,0.000000,0.000000,1.000000,0.945227,0,0.000239,0.001464,0.366744,9.994340,1.499151,0.937500,0.000000,0.000000
445,10.522831,0.000000,1.001429,0.000000,0.000000,1.000000,0.947428,0,0.000463,0.001602,0.348857,10.255903,1.538385,0.937500,0.000000,0.000000
446,10.391948,0.000000,1.001525,0.000000,0.000000,1.000000,0.949230,0,0.000191,0.001511,0.332885,10.107524,1.516129,0.937500,0.000000,0.000000
447,10.475559,0.000000,1.001342,0.000000,0.000000,1.000000,0.951241,0,0.000180,0.001541,0.316600,10.191295,1.528694,0.937500,0.000000,0.000000
448,10.331361,0.000000,1.001764,0.000000,0.000000,1.000000,0.953108,0,0.000482,0.001525,0.302505,10.047604,1.507141,0.937500,0.000000,0.000000
449,10.341645,0.000000,1.001407,0.000000,0.000000,1.000000,0.954307,0,0.000398,0.001512,0.290105,10.036818,1.505523,0.937500,0.000000,0.000000
450,10.131916,0.002313,1.001253,0.000000,0.000000,1.000000,0.776267,1,0.000420,0.001350,3.969990,10.006788,1.501018,0.937500,0.000000,0.000000
451,10.021858,0.002368,1.001363,0.000000,0.000000,1.000000,0.791327,1,0.000167,0.001237,3.558601,9.909237,1.486386,0.937500,0.000000,0.000000
452,10.296739,0.002088,1.001460,0.000000,0.000000,1.000000,0.805113,1,0.000176,0.001312,3.191352,10.195285,1.529293,0.937500,0.000000,0.000000
453,10.202255,0.002218,1.001598,0.000000,0.000000,1.000000,0.818627,1,0.000325,0.001296,2.862851,10.110798,1.516620,0.937500,0.000000,0.000000
454,10.072866,0.002366,1.001726,0.000000,0.000000,1.000000,0.830092,1,0.000182,0.001190,2.567429,9.990411,1.498562,0.937500,0.000000,0.000000
455,10.320625,0.002607,1.001839,0.000000,0.000000,1.000000,0.841514,1,0.000188,0.001362,2.299827,10.246327,1.536949,0.937500,0.000000,0.000000
456,10.183597,0.002053,1.001999,0.000000,0.000000,1.000000,0.852065,1,0.000247,0.001229,2.059976,10.116652,1.517498,0.937500,0.000000,0.000000
457,10.178180,0.002129,1.002099,0.000000,0.000000,1.000000,0.860837,1,0.000171,0.001311,1.842278,10.117898,1.517685,0.937500,0.000000,0.000000
458,10.144669,0.002002,1.002173,0.000000,0.000000,1.000000,0.870437,1,0.000274,0.001381,1.647213,10.090388,1.513558,0.937500,0.000000,0.000000
459,10.271528,0.002012,1.002294,0.000000,0.000000,1.000000,0.878397,1,0.000185,0.002077,1.474261,10.222582,1.533387,0.937500,0.000000,0.000000
460,10.098372,0.001885,1.002379,0.000000,0.000000,1.000000,0.886453,1,0.000185,0.001715,1.318473,10.028755,1.504313,0.937500,0.000000,0.000000
461,10.006784,0.001905,1.002416,0.000000,0.000000,1.000000,0.893924,1,0.000190,0.001362,1.179711,9.917337,1.487600,0.937500,0.000000,0.000000
462,10.350125,0.000000,0.996465,0.000000,0.000000,1.000000,0.899867,0,0.000289,0.001546,1.057574,10.219693,1.532954,0.937500,0.000000,0.000000
463,10.288300,0.000000,0.997022,0.000000,0.000000,1.000000,0.906471,0,0.000177,0.001659,0.947654,10.120192,1.518029,0.937500,0.000000,0.000000
464,10.181721,0.000000,0.997558,0.000000,0.000000,1.000000,0.912177,0,0.000271,0.001670,0.849252,9.997115,1.499567,0.937500,0.000000,0.000000
465,10.473792,0.000000,0.998062,0.000000,0.000000,1.000000,0.917732,0,0.000187,0.001504,0.762900,10.255016,1.538252,0.937500,0.000000,0.000000
466,10.349926,0.000000,0.998545,0.000000,0.000000,1.000000,0.922887,0,0.000199,0.001695,0.688462,10.115980,1.517397,0.937500,0.000000,0.000000
467,10.433640,0.000000,0.998974,0.000000,0.000000,1.000000,0.927905,0,0.000203,0.001694,0.621144,10.184865,1.527730,0.937500,0.000000,0.000000
468,10.283538,0.000000,1.000404,0.000000,0.000000,1.000000,0.931693,0,0.000264,0.002051,0.565712,10.036772,1.505516,0.937500,0.000000,0.000000
469,10.278010,0.000000,1.000442,0.000000,0.000000,1.000000,0.934429,0,0.000382,0.001280,0.516711,10.051242,1.507686,0.937500,0.000000,0.000000
470,10.248370,0.000000,1.001086,0.000000,0.000000,1.000000,0.937013,0,0.000209,0.001545,0.474236,10.039270,1.505891,0.937500,0.000000,0.000000
471,10.058260,0.000000,1.000275,0.000000,0.000000,1.000000,0.938987,0,0.000186,0.001974,0.438523,9.868834,1.480325,0.937500,0.000000,0.000000
472,10.398963,0.000000,1.000931,0.000000,0.000000,1.000000,0.940995,0,0.000190,0.001436,0.409916,10.189532,1.528430,0.937500,0.000000,0.000000
473,10.306237,0.000000,1.001525,0.000000,0.000000,1.000000,0.943282,0,0.000263,0.001195,0.387102,10.057307,1.508596,0.937500,0.000000,0.000000
474,10.183194,0.000000,1.001064,0.000000,0.000000,1.000000,0.945227,0,0.000202,0.001344,0.366744,9.951938,1.492791,0.937500,0.000000,0.000000
475,10.487742,0.000000,1.001429,0.000000,0.000000,1.000000,0.947428,0,0.000259,0.001535,0.348857,10.220810,1.533121,0.937500,0.000000,0.000000
476,10.368677,0.000000,1.001525,0.000000,0.000000,1.000000,0.949230,0,0.000204,0.001357,0.332885,10.084238,1.512636,0.937500,0.000000,0.000000
477,10.412837,0.000000,1.001342,0.000000,0.000000,1.000000,0.951241,0,0.000271,0.001198,0.316600,10.128568,1.519285,0.937500,0.000000,0.000000
478,10.301675,0.000000,1.001764,0.000000,0.000000,1.000000,0.953108,0,0.000197,0.001294,0.302505,10.017910,1.502687,0.937500,0.000000,0.000000
479,10.416281,0.000000,1.001407,0.000000,0.000000,1.000000,0.954307,0,0.000192,0.001206,0.290105,10.111678,1.516752,0.937500,0.000000,0.000000
480,10.132416,0.002190,1.001253,0.000000,0.000000,1.000000,0.776267,1,0.000246,0.001311,3.969990,10.007287,1.501093,0.937500,0.000000,0.000000
481,9.984992,0.002264,1.001363,0.000000,0.000000,1.000000,0.791327,1,0.000248,0.001533,3.558601,9.872371,1.480856,0.937500,0.000000,0.000000
482,10.309279,0.001963,1.001460,0.000000,0.000000,1.000000,0.805113,1,0.000175,0.001555,3.191352,10.207835,1.531175,0.937500,0.000000,0.000000
483,10.120576,0.001722,1.001598,0.000000,0.000000,1.000000,0.818627,1,0.000162,0.001530,2.862851,10.029134,1.504370,0.937500,0.000000,0.000000
484,10.035808,0.001748,1.001726,0.000000,0.000000,1.000000,0.830092,1,0.000160,0.001927,2.567429,9.953366,1.493005,0.937500,0.000000,0.000000
485,10.295045,0.002240,1.001839,0.000000,0.000000,1.000000,0.841514,1,0.000179,0.001360,2.299827,10.220756,1.533113,0.937500,0.000000,0.000000
486,10.157602,0.002175,1.001999,0.000000,0.000000,1.000000,0.852065,1,0.000170,0.001757,2.059976,10.090651,1.513598,0.937500,0.000000,0.000000
487,10.186248,0.001686,1.002099,0.000000,0.000000,1.000000,0.860837,1,0.000188,0.001938,1.842278,10.125976,1.518896,0.937500,0.000000,0.000000
488,10.136016,0.002108,1.002173,0.000000,0.000000,1.000000,0.870437,1,0.000244,0.001496,1.647213,10.081727,1.512259,0.937500,0.000000,0.000000
489,10.085375,0.002112,1.002294,0.000000,0.000000,1.000000,0.878397,1,0.000185,0.002303,1.474261,10.036427,1.505464,0.937500,0.000000,0.000000
490,10.030157,0.001892,1.002379,0.000000,0.000000,1.000000,0.886453,1,0.000164,0.001979,1.318473,9.960545,1.494082,0.937500,0.000000,0.000000
491,10.148618,0.002222,1.002416,0.000000,0.000000,1.000000,0.893924,1,0.000205,0.001782,1.179711,10.059164,1.508875,0.937500,0.000000,0.000000
492,10.297483,0.000000,0.996465,0.000000,0.000000,1.000000,0.899867,0,0.000174,0.001839,1.057574,10.167057,1.525059,0.937500,0.000000,0.000000
493,10.172419,0.000000,0.997022,0.000000,0.000000,1.000000,0.906471,0,0.000422,0.001675,0.947654,10.004328,1.500649,0.937500,0.000000,0.000000
494,10.111210,0.000000,0.997558,0.000000,0.000000,1.000000,0.912177,0,0.000223,0.002937,0.849252,9.926604,1.488991,0.937500,0.000000,0.000000
495,10.455914,0.000000,0.998062,0.000000,0.000000,1.000000,0.917732,0,0.000176,0.001593,0.762900,10.237158,1.535574,0.937500,0.000000,0.000000
496,10.290037,0.000000,0.998545,0.000000,0.000000,1.000000,0.922887,0,0.000303,0.001621,0.688462,10.056109,1.508416,0.937500,0.000000,0.000000
497,10.354822,0.000000,0.998974,0.000000,0.000000,1.000000,0.927905,0,0.000178,0.001423,0.621144,10.106058,1.515909,0.937500,0.000000,0.000000
498,10.249778,0.000000,1.000404,0.000000,0.000000,1.000000,0.931693,0,0.000172,0.001524,0.565712,10.003018,1.500453,0.937500,0.000000,0.000000
499,10.233480,0.000000,1.000442,0.000000,0.000000,1.000000,0.934429,0,0.000319,0.002025,0.516711,10.006720,1.501008,0.937500,0.000000,0.000000
500,10.111692,0.000000,1.001086,0.000000,0.000000,1.000000,0.937013,0,0.000397,0.001710,0.474236,9.902590,1.485389,0.937500,0.000000,0.000000
501,10.097783,0.000000,1.000275,0.000000,0.000000,1.000000,0.938987,0,0.000123,0.001253,0.438523,9.908351,1.486253,0.937500,0.000000,0.000000
502,10.376963,0.000000,1.000931,0.000000,0.000000,1.000000,0.940995,0,0.000457,0.001485,0.409916,10.167535,1.525130,0.937500,0.000000,0.000000
503,10.276753,0.000000,1.001525,0.000000,0.000000,1.000000,0.943282,0,0.000466,0.001417,0.387102,10.027829,1.504174,0.937500,0.000000,0.000000
504,10.155872,0.000000,1.001064,0.000000,0.000000,1.000000,0.945227,0,0.000438,0.001616,0.366744,9.924613,1.488692,0.937500,0.000000,0.000000
505,10.492832,0.000000,1.001429,0.000000,0.000000,1.000000,0.947428,0,0.000275,0.001562,0.348857,10.225901,1.533885,0.937500,0.000000,0.000000
506,10.375174,0.000000,1.001525,0.000000,0.000000,1.000000,0.949230,0,0.000224,0.001608,0.332885,10.090738,1.513611,0.937500,0.000000,0.000000
507,10.387245,0.000000,1.001342,0.000000,0.000000,1.000000,0.951241,0,0.000237,0.001497,0.316600,10.102980,1.515447,0.937500,0.000000,0.000000
508,10.330715,0.000000,1.001764,0.000000,0.000000,1.000000,0.953108,0,0.000226,0.001695,0.302505,10.046953,1.507043,0.937500,0.000000,0.000000
509,10.407225,0.000000,1.001407,0.000000,0.000000,1.000000,0.954307,0,0.000194,0.001968,0.290105,10.102625,1.515394,0.937500,0.000000,0.000000
510,10.022415,0.002342,1.001253,0.000000,0.000000,1.000000,0.776267,1,0.000206,0.002085,3.969990,9.897288,1.484593,0.937500,0.000000,0.000000
511,9.984452,0.002335,1.001363,0.000000,0.000000,1.000000,0.791327,1,0.000169,0.001483,3.558601,9.871830,1.480774,0.937500,0.000000,0.000000
512,10.285031,0.001903,1.001460,0.000000,0.000000,1.000000,0.805113,1,0.000159,0.001473,3.191352,10.183579,1.527537,0.937500,0.000000,0.000000
513,10.107862,0.001608,1.001598,0.000000,0.000000,1.000000,0.818627,1,0.000165,0.001859,2.862851,10.016428,1.502464,0.937500,0.000000,0.000000
514,10.035265,0.001624,1.001726,0.000000,0.000000,1.000000,0.830092,1,0.000175,0.002006,2.567429,9.952836,1.492925,0.937500,0.000000,0.000000
515,10.318835,0.001754,1.001839,0.000000,0.000000,1.000000,0.841514,1,0.000170,0.001594,2.299827,10.244568,1.536685,0.937500,0.000000,0.000000
516,10.139806,0.001775,1.001999,0.000000,0.000000,1.000000,0.852065,1,0.000169,0.001787,2.059976,10.072867,1.510930,0.937500,0.000000,0.000000
517,10.165492,0.001618,1.002099,0.000000,0.000000,1.000000,0.860837,1,0.000180,0.001726,1.842278,10.105229,1.515784,0.937500,0.000000,0.000000
518,10.085344,0.001749,1.002173,0.000000,0.000000,1.000000,0.870437,1,0.000173,0.001601,1.647213,10.031077,1.504662,0.937500,0.000000,0.000000
519,10.074312,0.001795,1.002294,0.000000,0.000000,1.000000,0.878397,1,0.000455,0.001971,1.474261,10.025374,1.503806,0.937500,0.000000,0.000000
520,9.947903,0.001713,1.002379,0.000000,0.000000,1.000000,0.886453,1,0.000175,0.001730,1.318473,9.878300,1.481745,0.937500,0.000000,0.000000
521,9.971400,0.001881,1.002416,0.000000,0.000000,1.000000,0.893924,1,0.000227,0.001477,1.179711,9.881960,1.482294,0.937500,0.000000,0.000000
522,10.272807,0.000000,0.996465,0.000000,0.000000,1.000000,0.899867,0,0.000170,0.001283,1.057574,10.142373,1.521356,0.937500,0.000000,0.000000
523,10.168794,0.000000,0.997022,0.000000,0.000000,1.000000,0.906471,0,0.000174,0.002011,0.947654,10.020864,1.503130,0.937500,0.000000,0.000000
524,10.112261,0.000000,0.997558,0.000000,0.000000,1.000000,0.912177,0,0.000202,0.001802,0.849252,9.927667,1.489150,0.937500,0.000000,0.000000
525,10.436122,0.000000,0.998062,0.000000,0.000000,1.000000,0.917732,0,0.000232,0.001676,0.762900,10.217355,1.532603,0.937500,0.000000,0.000000
526,10.284498,0.000000,0.998545,0.000000,0.000000,1.000000,0.922887,0,0.000423,0.001259,0.688462,10.050573,1.507586,0.937500,0.000000,0.000000
527,10.375485,0.000000,0.998974,0.000000,0.000000,1.000000,0.927905,0,0.000378,0.001415,0.621144,10.126721,1.519008,0.937500,0.000000,0.000000
528,10.327694,0.000000,1.000404,0.000000,0.000000,1.000000,0.931693,0,0.000262,0.001366,0.565712,10.080926,1.512139,0.937500,0.000000,0.000000
529,10.267076,0.000000,1.000442,0.000000,0.000000,1.000000,0.934429,0,0.000175,0.001602,0.516711,10.040313,1.506047,0.937500,0.000000,0.000000
530,10.125953,0.000000,1.001086,0.000000,0.000000,1.000000,0.937013,0,0.000184,0.001660,0.474236,9.916861,1.487529,0.937500,0.000000,0.000000
531,10.086328,0.000000,1.000275,0.000000,0.000000,1.000000,0.938987,0,0.000297,0.001965,0.438523,9.896899,1.484535,0.937500,0.000000,0.000000
532,10.378587,0.000000,1.000931,0.000000,0.000000,1.000000,0.940995,0,0.000225,0.001336,0.409916,10.169162,1.525374,0.937500,0.000000,0.000000
533,10.295712,0.000000,1.001525,0.000000,0.000000,1.000000,0.943282,0,0.000266,0.001962,0.387102,10.046783,1.507017,0.937500,0.000000,0.000000
534,10.214624,0.000000,1.001064,0.000000,0.000000,1.000000,0.945227,0,0.000190,0.001467,0.366744,9.983365,1.497505,0.937500,0.000000,0.000000
535,10.492153,0.000000,1.001429,0.000000,0.000000,1.000000,0.947428,0,0.000207,0.001688,0.348857,10.225233,1.533785,0.937500,0.000000,0.000000
536,10.365930,0.000000,1.001525,0.000000,0.000000,1.000000,0.949230,0,0.000190,0.001792,0.332885,10.081504,1.512226,0.937500,0.000000,0.000000
537,10.390972,0.000000,1.001342,0.000000,0.000000,1.000000,0.951241,0,0.000173,0.001672,0.316600,10.106714,1.516007,0.937500,0.000000,0.000000
538,10.331574,0.000000,1.001764,0.000000,0.000000,1.000000,0.953108,0,0.000189,0.001869,0.302505,10.047811,1.507172,0.937500,0.000000,0.000000
539,10.531829,0.000000,1.001407,0.000000,0.000000,1.000000,0.954307,0,0.000322,0.001828,0.290105,10.227240,1.534086,0.937500,0.000000,0.000000
540,10.159801,0.001890,1.001253,0.000000,0.000000,1.000000,0.776267,1,0.000187,0.002034,3.969990,10.034687,1.505203,0.937500,0.000000,0.000000
541,9.996170,0.001840,1.001363,0.000000,0.000000,1.000000,0.791327,1,0.000355,0.001779,3.558601,9.883563,1.482534,0.937500,0.000000,0.000000
542,10.240705,0.001560,1.001460,0.000000,0.000000,1.000000,0.805113,1,0.000206,0.001890,3.191352,10.139277,1.520892,0.937500,0.000000,0.000000
543,10.137176,0.001567,1.001598,0.000000,0.000000,1.000000,0.818627,1,0.000160,0.001730,2.862851,10.045746,1.506862,0.937500,0.000000,0.000000
544,10.286011,0.002072,1.001726,0.000000,0.000000,1.000000,0.830092,1,0.000174,0.001807,2.567429,10.203564,1.530535,0.937500,0.000000,0.000000
545,10.534195,0.002026,1.001839,0.000000,0.000000,1.000000,0.841514,1,0.000192,0.001416,2.299827,10.459912,1.568987,0.937500,0.000000,0.000000
546,10.236407,0.001951,1.001999,0.000000,0.000000,1.000000,0.852065,1,0.000184,0.001680,2.059976,10.169465,1.525420,0.937500,0.000000,0.000000
547,10.279220,0.001756,1.002099,0.000000,0.000000,1.000000,0.860837,1,0.000170,0.001652,1.842278,10.218947,1.532842,0.937500,0.000000,0.000000
548,10.160432,0.001830,1.002173,0.000000,0.000000,1.000000,0.870437,1,0.000173,0.001636,1.647213,10.106163,1.515924,0.937500,0.000000,0.000000
549,10.129770,0.001729,1.002294,0.000000,0.000000,1.000000,0.878397,1,0.000376,0.001290,1.474261,10.080833,1.512125,0.937500,0.000000,0.000000
550,10.011124,0.001747,1.002379,0.000000,0.000000,1.000000,0.886453,1,0.000187,0.001686,1.318473,9.941523,1.491228,0.937500,0.000000,0.000000
551,9.988191,0.001785,1.002416,0.000000,0.000000,1.000000,0.893924,1,0.000170,0.001699,1.179711,9.898757,1.484814,0.937500,0.000000,0.000000
552,10.301523,0.000000,0.996465,0.000000,0.000000,1.000000,0.899867,0,0.000299,0.001767,1.057574,10.171099,1.525665,0.937500,0.000000,0.000000
553,10.168124,0.000000,0.997022,0.000000,0.000000,1.000000,0.906471,0,0.000229,0.001789,0.947654,10.020201,1.503030,0.937500,0.000000,0.000000
554,10.113696,0.000000,0.997558,0.000000,0.000000,1.000000,0.912177,0,0.000171,0.001390,0.849252,9.929105,1.489366,0.937500,0.000000,0.000000
555,10.453240,0.000000,0.998062,0.000000,0.000000,1.000000,0.917732,0,0.000281,0.001611,0.762900,10.234482,1.535172,0.937500,0.000000,0.000000
556,10.422345,0.000000,0.998545,0.000000,0.000000,1.000000,0.922887,0,0.000212,0.001741,0.688462,10.188417,1.528262,0.937500,0.000000,0.000000
557,10.374246,0.000000,0.998974,0.000000,0.000000,1.000000,0.927905,0,0.000222,0.001715,0.621144,10.125486,1.518823,0.937500,0.000000,0.000000
558,10.259647,0.000000,1.000404,0.000000,0.000000,1.000000,0.931693,0,0.000532,0.001522,0.565712,10.012889,1.501933,0.937500,0.000000,0.000000
559,10.244422,0.000000,1.000442,0.000000,0.000000,1.000000,0.934429,0,0.000380,0.001617,0.516711,10.017658,1.502649,0.937500,0.000000,0.000000
560,10.138766,0.000000,1.001086,0.000000,0.000000,1.000000,0.937013,0,0.000234,0.001800,0.474236,9.929665,1.489450,0.937500,0.000000,0.000000
561,10.045295,0.000000,1.000275,0.000000,0.000000,1.000000,0.938987,0,0.000206,0.001505,0.438523,9.855866,1.478380,0.937500,0.000000,0.000000
562,10.350866,0.000000,1.000931,0.000000,0.000000,1.000000,0.940995,0,0.000322,0.001318,0.409916,10.141432,1.521215,0.937500,0.000000,0.000000
563,10.271628,0.000000,1.001525,0.000000,0.000000,1.000000,0.943282,0,0.000204,0.001797,0.387102,10.022695,1.503404,0.937500,0.000000,0.000000
564,10.150166,0.000000,1.001064,0.000000,0.000000,1.000000,0.945227,0,0.000210,0.001451,0.366744,9.918909,1.487836,0.937500,0.000000,0.000000
565,10.464790,0.000000,1.001429,0.000000,0.000000,1.000000,0.947428,0,0.000174,0.001538,0.348857,10.197867,1.529680,0.937500,0.000000,0.000000
566,10.358158,0.000000,1.001525,0.000000,0.000000,1.000000,0.949230,0,0.000190,0.001825,0.332885,10.073733,1.511060,0.937500,0.000000,0.000000
567,10.414685,0.000000,1.001342,0.000000,0.000000,1.000000,0.951241,0,0.000177,0.001533,0.316600,10.130425,1.519564,0.937500,0.000000,0.000000
568,10.296092,0.000000,1.001764,0.000000,0.000000,1.000000,0.953108,0,0.000264,0.001936,0.302505,10.012330,1.501850,0.937500,0.000000,0.000000
569,10.300315,0.000000,1.001407,0.000000,0.000000,1.000000,0.954307,0,0.000168,0.001416,0.290105,9.995722,1.499358,0.937500,0.000000,0.000000
570,10.017242,0.001660,1.001253,0.000000,0.000000,1.000000,0.776267,1,0.000179,0.001604,3.969990,9.892144,1.483822,0.937500,0.000000,0.000000
571,9.968467,0.001839,1.001363,0.000000,0.000000,1.000000,0.791327,1,0.000169,0.001614,3.558601,9.855864,1.478380,0.937500,0.000000,0.000000
572,10.279900,0.002623,1.001460,0.000000,0.000000,1.000000,0.805113,1,0.000173,0.001884,3.191352,10.178431,1.526765,0.937500,0.000000,0.000000
573,10.152371,0.001787,1.001598,0.000000,0.000000,1.000000,0.818627,1,0.000173,0.001798,2.862851,10.060934,1.509140,0.937500,0.000000,0.000000
574,10.064200,0.002036,1.001726,0.000000,0.000000,1.000000,0.830092,1,0.000171,0.001660,2.567429,9.981752,1.497263,0.937500,0.000000,0.000000
575,10.285822,0.001940,1.001839,0.000000,0.000000,1.000000,0.841514,1,0.000169,0.002126,2.299827,10.211549,1.531732,0.937500,0.000000,0.000000
576,10.158020,0.001893,1.001999,0.000000,0.000000,1.000000,0.852065,1,0.000172,0.001842,2.059976,10.091082,1.513662,0.937500,0.000000,0.000000
577,10.224867,0.001731,1.002099,0.000000,0.000000,1.000000,0.860837,1,0.000207,0.001324,1.842278,10.164596,1.524689,0.937500,0.000000,0.000000
578,10.074412,0.001882,1.002173,0.000000,0.000000,1.000000,0.870437,1,0.000385,0.001557,1.647213,10.020137,1.503021,0.937500,0.000000,0.000000
579,10.052606,0.001828,1.002294,0.000000,0.000000,1.000000,0.878397,1,0.000384,0.001906,1.474261,10.003670,1.500550,0.937500,0.000000,0.000000
580,10.029109,0.001895,1.002379,0.000000,0.000000,1.000000,0.886453,1,0.000175,0.002081,1.318473,9.959501,1.493925,0.937500,0.000000,0.000000
581,9.992144,0.002084,1.002416,0.000000,0.000000,1.000000,0.893924,1,0.000175,0.001934,1.179711,9.902695,1.485404,0.937500,0.000000,0.000000
582,10.305632,0.000000,0.996465,0.000000,0.000000,1.000000,0.899867,0,0.000209,0.001755,1.057574,10.175209,1.526281,0.937500,0.000000,0.000000
583,10.237876,0.000000,0.997022,0.000000,0.000000,1.000000,0.906471,0,0.000215,0.001479,0.947654,10.089951,1.513493,0.937500,0.000000,0.000000
584,10.164185,0.000000,0.997558,0.000000,0.000000,1.000000,0.912177,0,0.000182,0.001519,0.849252,9.979593,1.496939,0.937500,0.000000,0.000000
585,10.481713,0.000000,0.998062,0.000000,0.000000,1.000000,0.917732,0,0.000458,0.002517,0.762900,10.262953,1.539443,0.937500,0.000000,0.000000
586,10.341329,0.000000,0.998545,0.000000,0.000000,1.000000,0.922887,0,0.000286,0.001789,0.688462,10.107401,1.516110,0.937500,0.000000,0.000000
587,10.455761,0.000000,0.998974,0.000000,0.000000,1.000000,0.927905,0,0.000212,0.002287,0.621144,10.206995,1.531049,0.937500,0.000000,0.000000
588,10.420305,0.000000,1.000404,0.000000,0.000000,1.000000,0.931693,0,0.000194,0.001719,0.565712,10.173531,1.526030,0.937500,0.000000,0.000000
589,10.267078,0.000000,1.000442,0.000000,0.000000,1.000000,0.934429,0,0.000233,0.002051,0.516711,10.040317,1.506048,0.937500,0.000000,0.000000
590,10.136695,0.000000,1.001086,0.000000,0.000000,1.000000,0.937013,0,0.000178,0.001961,0.474236,9.927601,1.489140,0.937500,0.000000,0.000000
591,10.090233,0.000000,1.000275,0.000000,0.000000,1.000000,0.938987,0,0.000183,0.001891,0.438523,9.900800,1.485120,0.937500,0.000000,0.000000
592,10.408756,0.000000,1.000931,0.000000,0.000000,1.000000,0.940995,0,0.000197,0.002157,0.409916,10.199327,1.529899,0.937500,0.000000,0.000000
593,10.331030,0.000000,1.001525,0.000000,0.000000,1.000000,0.943282,0,0.000317,0.001375,0.387102,10.082098,1.512315,0.937500,0.000000,0.000000
594,10.215574,0.000000,1.001064,0.000000,0.000000,1.000000,0.945227,0,0.000401,0.002030,0.366744,9.984312,1.497647,0.937500,0.000000,0.000000
595,10.561234,0.000000,1.001429,0.000000,0.000000,1.000000,0.947428,0,0.000190,0.001846,0.348857,10.294305,1.544146,0.937500,0.000000,0.000000
596,10.415604,0.000000,1.001525,0.000000,0.000000,1.000000,0.949230,0,0.000288,0.001580,0.332885,10.131165,1.519675,0.937500,0.000000,0.000000
597,10.426309,0.000000,1.001342,0.000000,0.000000,1.000000,0.951241,0,0.000220,0.001454,0.316600,10.142051,1.521308,0.937500,0.000000,0.000000
598,10.303654,0.000000,1.001764,0.000000,0.000000,1.000000,0.953108,0,0.000430,0.011845,0.302505,10.019891,1.502984,0.937500,0.000000,0.000000
599,10.293246,0.000000,1.001407,0.000000,0.000000,1.000000,0.954307,0,0.000231,0.002060,0.290105,9.988657,1.498299,0.937500,0.000000,0.000000
600,10.020584,0.001886,1.001253,0.000000,0.000000,1.000000,0.776267,1,0.000396,0.001780,3.969990,9.895472,1.484321,0.937500,0.000000,0.000000
601,9.963269,0.001870,1.001363,0.000000,0.000000,1.000000,0.791327,1,0.000168,0.001839,3.558601,9.850665,1.477600,0.937500,0.000000,0.000000
602,10.278991,0.002218,1.001460,0.000000,0.000000,1.000000,0.805113,1,0.000172,0.001973,3.191352,10.177541,1.526631,0.937500,0.000000,0.000000
603,10.120185,0.001730,1.001598,0.000000,0.000000,1.000000,0.818627,1,0.000171,0.001315,2.862851,10.028745,1.504312,0.937500,0.000000,0.000000
604,10.049530,0.001908,1.001726,0.000000,0.000000,1.000000,0.830092,1,0.000176,0.001757,2.567429,9.967091,1.495064,0.937500,0.000000,0.000000
605,10.340361,0.001833,1.001839,0.000000,0.000000,1.000000,0.841514,1,0.000175,0.001736,2.299827,10.266091,1.539914,0.937500,0.000000,0.000000
606,10.245007,0.001758,1.001999,0.000000,0.000000,1.000000,0.852065,1,0.000171,0.001656,2.059976,10.178072,1.526711,0.937500,0.000000,0.000000
607,10.197024,0.001873,1.002099,0.000000,0.000000,1.000000,0.860837,1,0.000170,0.001616,1.842278,10.136747,1.520512,0.937500,0.000000,0.000000
608,10.095865,0.001691,1.002173,0.000000,0.000000,1.000000,0.870437,1,0.000184,0.002021,1.647213,10.041595,1.506239,0.937500,0.000000,0.000000
609,10.122545,0.001953,1.002294,0.000000,0.000000,1.000000,0.878397,1,0.000208,0.002179,1.474261,10.073598,1.511040,0.937500,0.000000,0.000000
610,10.136064,0.002209,1.002379,0.000000,0.000000,1.000000,0.886453,1,0.000447,0.001500,1.318473,10.066439,1.509966,0.937500,0.000000,0.000000
611,10.093843,0.002168,1.002416,0.000000,0.000000,1.000000,0.893924,1,0.000182,0.001276,1.179711,10.004387,1.500658,0.937500,0.000000,0.000000
612,10.429266,0.000000,0.996465,0.000000,0.000000,1.000000,0.899867,0,0.000272,0.001125,1.057574,10.298829,1.544824,0.937500,0.000000,0.000000
613,10.247005,0.000000,0.997022,0.000000,0.000000,1.000000,0.906471,0,0.000240,0.001359,0.947654,10.078912,1.511837,0.937500,0.000000,0.000000
614,10.189463,0.000000,0.997558,0.000000,0.000000,1.000000,0.912177,0,0.000226,0.001684,0.849252,10.004872,1.500731,0.937500,0.000000,0.000000
615,10.540218,0.000000,0.998062,0.000000,0.000000,1.000000,0.917732,0,0.000206,0.001583,0.762900,10.321463,1.548219,0.937500,0.000000,0.000000
616,10.436759,0.000000,0.998545,0.000000,0.000000,1.000000,0.922887,0,0.000375,0.001443,0.688462,10.202835,1.530425,0.937500,0.000000,0.000000
617,10.442497,0.000000,0.998974,0.000000,0.000000,1.000000,0.927905,0,0.000189,0.002118,0.621144,10.193734,1.529060,0.937500,0.000000,0.000000
618,10.323981,0.000000,1.000404,0.000000,0.000000,1.000000,0.931693,0,0.000457,0.001746,0.565712,10.077216,1.511582,0.937500,0.000000,0.000000
619,10.252737,0.000000,1.000442,0.000000,0.000000,1.000000,0.934429,0,0.000172,0.001717,0.516711,10.025974,1.503896,0.937500,0.000000,0.000000
620,10.103286,0.000000,1.001086,0.000000,0.000000,1.000000,0.937013,0,0.000209,0.001729,0.474236,9.894189,1.484128,0.937500,0.000000,0.000000
621,10.103996,0.000000,1.000275,0.000000,0.000000,1.000000,0.938987,0,0.000174,0.001807,0.438523,9.914567,1.487185,0.937500,0.000000,0.000000
622,10.384853,0.000000,1.000931,0.000000,0.000000,1.000000,0.940995,0,0.000332,0.001506,0.409916,10.175423,1.526313,0.937500,0.000000,0.000000
623,10.281401,0.000000,1.001525,0.000000,0.000000,1.000000,0.943282,0,0.000260,0.001439,0.387102,10.032472,1.504871,0.937500,0.000000,0.000000
624,10.184736,0.000000,1.001064,0.000000,0.000000,1.000000,0.945227,0,0.000257,0.001488,0.366744,9.953474,1.493021,0.937500,0.000000,0.000000
625,10.590092,0.000000,1.001429,0.000000,0.000000,1.000000,0.947428,0,0.000204,0.002252,0.348857,10.323164,1.548475,0.937500,0.000000,0.000000
626,10.378817,0.000000,1.001525,0.000000,0.000000,1.000000,0.949230,0,0.000343,0.001749,0.332885,10.094393,1.514159,0.937500,0.000000,0.000000
627,10.393052,0.000000,1.001342,0.000000,0.000000,1.000000,0.951241,0,0.000196,0.001408,0.316600,10.108786,1.516318,0.937500,0.000000,0.000000
628,10.308263,0.000000,1.001764,0.000000,0.000000,1.000000,0.953108,0,0.000225,0.001456,0.302505,10.024505,1.503676,0.937500,0.000000,0.000000
629,10.313297,0.000000,1.001407,0.000000,0.000000,1.000000,0.954307,0,0.000191,0.001264,0.290105,10.008700,1.501305,0.937500,0.000000,0.000000
630,10.056858,0.002248,1.001253,0.000000,0.000000,1.000000,0.776267,1,0.000190,0.001707,3.969990,9.931733,1.489760,0.937500,0.000000,0.000000
631,9.983799,0.002004,1.001363,0.000000,0.000000,1.000000,0.791327,1,0.000250,0.001717,3.558601,9.871189,1.480678,0.937500,0.000000,0.000000
632,10.244018,0.001883,1.001460,0.000000,0.000000,1.000000,0.805113,1,0.000168,0.001478,3.191352,10.142581,1.521387,0.937500,0.000000,0.000000
633,10.115267,0.001992,1.001598,0.000000,0.000000,1.000000,0.818627,1,0.000311,0.001372,2.862851,10.023824,1.503574,0.937500,0.000000,0.000000
634,10.016069,0.001784,1.001726,0.000000,0.000000,1.000000,0.830092,1,0.000170,0.001486,2.567429,9.933630,1.490045,0.937500,0.000000,0.000000
635,10.326297,0.002214,1.001839,0.000000,0.000000,1.000000,0.841514,1,0.000174,0.002009,2.299827,10.252013,1.537802,0.937500,0.000000,0.000000
636,10.293682,0.001994,1.001999,0.000000,0.000000,1.000000,0.852065,1,0.000372,0.002024,2.059976,10.226741,1.534011,0.937500,0.000000,0.000000
637,10.441652,0.001601,1.002099,0.000000,0.000000,1.000000,0.860837,1,0.000294,0.001923,1.842278,10.381387,1.557208,0.937500,0.000000,0.000000
638,10.088731,0.001970,1.002173,0.000000,0.000000,1.000000,0.870437,1,0.000209,0.001920,1.647213,10.034454,1.505168,0.937500,0.000000,0.000000
639,10.036133,0.001883,1.002294,0.000000,0.000000,1.000000,0.878397,1,0.000187,0.001701,1.474261,9.987191,1.498079,0.937500,0.000000,0.000000
640,9.941863,0.001992,1.002379,0.000000,0.000000,1.000000,0.886453,1,0.000169,0.001606,1.318473,9.872255,1.480838,0.937500,0.000000,0.000000
641,9.985029,0.002222,1.002416,0.000000,0.000000,1.000000,0.893924,1,0.000168,0.001742,1.179711,9.895577,1.484337,0.937500,0.000000,0.000000
642,10.326889,0.000000,0.996465,0.000000,0.000000,1.000000,0.899867,0,0.000174,0.001556,1.057574,10.196465,1.529470,0.937500,0.000000,0.000000
643,10.192587,0.000000,0.997022,0.000000,0.000000,1.000000,0.906471,0,0.000174,0.001455,0.947654,10.044665,1.506700,0.937500,0.000000,0.000000
644,10.132924,0.000000,0.997558,0.000000,0.000000,1.000000,0.912177,0,0.000187,0.001757,0.849252,9.948334,1.492250,0.937500,0.000000,0.000000
645,10.507760,0.000000,0.998062,0.000000,0.000000,1.000000,0.917732,0,0.000313,0.001556,0.762900,10.289002,1.543350,0.937500,0.000000,0.000000
646,10.312491,0.000000,0.998545,0.000000,0.000000,1.000000,0.922887,0,0.000203,0.001954,0.688462,10.078567,1.511785,0.937500,0.000000,0.000000
647,10.358275,0.000000,0.998974,0.000000,0.000000,1.000000,0.927905,0,0.000193,0.001441,0.621144,10.109519,1.516428,0.937500,0.000000,0.000000
648,10.277016,0.000000,1.000404,0.000000,0.000000,1.000000,0.931693,0,0.000189,0.001482,0.565712,10.030254,1.504538,0.937500,0.000000,0.000000
649,10.220043,0.000000,1.000442,0.000000,0.000000,1.000000,0.934429,0,0.000176,0.001499,0.516711,9.993277,1.498991,0.937500,0.000000,0.000000
650,10.117358,0.000000,1.001086,0.000000,0.000000,1.000000,0.937013,0,0.000173,0.001940,0.474236,9.908255,1.486238,0.937500,0.000000,0.000000
651,10.040303,0.000000,1.000275,0.000000,0.000000,1.000000,0.938987,0,0.000172,0.002117,0.438523,9.850871,1.477631,0.937500,0.000000,0.000000
652,10.348831,0.000000,1.000931,0.000000,0.000000,1.000000,0.940995,0,0.000171,0.001399,0.409916,10.139412,1.520912,0.937500,0.000000,0.000000
653,10.330257,0.000000,1.001525,0.000000,0.000000,1.000000,0.943282,0,0.000298,0.001801,0.387102,10.081331,1.512200,0.937500,0.000000,0.000000
654,10.305348,0.000000,1.001064,0.000000,0.000000,1.000000,0.945227,0,0.000189,0.001397,0.366744,10.074084,1.511113,0.937500,0.000000,0.000000
655,10.535345,0.000000,1.001429,0.000000,0.000000,1.000000,0.947428,0,0.000167,0.001517,0.348857,10.268419,1.540263,0.937500,0.000000,0.000000
656,10.359776,0.000000,1.001525,0.000000,0.000000,1.000000,0.949230,0,0.000214,0.002041,0.332885,10.075347,1.511302,0.937500,0.000000,0.000000
657,10.450627,0.000000,1.001342,0.000000,0.000000,1.000000,0.951241,0,0.000196,0.001552,0.316600,10.166366,1.524955,0.937500,0.000000,0.000000
658,10.314277,0.000000,1.001764,0.000000,0.000000,1.000000,0.953108,0,0.000257,0.001742,0.302505,10.030518,1.504578,0.937500,0.000000,0.000000
659,10.289939,0.000000,1.001407,0.000000,0.000000,1.000000,0.954307,0,0.000188,0.002142,0.290105,9.985346,1.497802,0.937500,0.000000,0.000000
660,10.011582,0.002062,1.001253,0.000000,0.000000,1.000000,0.776267,1,0.000181,0.001578,3.969990,9.886462,1.482969,0.937500,0.000000,0.000000
661,9.984006,0.002102,1.001363,0.000000,0.000000,1.000000,0.791327,1,0.000173,0.001385,3.558601,9.871390,1.480708,0.937500,0.000000,0.000000
662,10.267448,0.001893,1.001460,0.000000,0.000000,1.000000,0.805113,1,0.000184,0.001691,3.191352,10.166000,1.524900,0.937500,0.000000,0.000000
663,10.111326,0.001853,1.001598,0.000000,0.000000,1.000000,0.818627,1,0.000170,0.001764,2.862851,10.019886,1.502983,0.937500,0.000000,0.000000
664,10.050252,0.001673,1.001726,0.000000,0.000000,1.000000,0.830092,1,0.000185,0.001940,2.567429,9.967821,1.495173,0.937500,0.000000,0.000000
665,10.363105,0.001914,1.001839,0.000000,0.000000,1.000000,0.841514,1,0.000443,0.001771,2.299827,10.288835,1.543325,0.937500,0.000000,0.000000
666,10.175110,0.001794,1.001999,0.000000,0.000000,1.000000,0.852065,1,0.000172,0.001954,2.059976,10.108175,1.516226,0.937500,0.000000,0.000000
667,10.217921,0.002222,1.002099,0.000000,0.000000,1.000000,0.860837,1,0.000174,0.001659,1.842278,10.157638,1.523646,0.937500,0.000000,0.000000
668,10.057465,0.002248,1.002173,0.000000,0.000000,1.000000,0.870437,1,0.000183,0.001996,1.647213,10.003182,1.500477,0.937500,0.000000,0.000000
669,10.052855,0.001865,1.002294,0.000000,0.000000,1.000000,0.878397,1,0.000466,0.001755,1.474261,10.003918,1.500588,0.937500,0.000000,0.000000
670,9.999844,0.001650,1.002379,0.000000,0.000000,1.000000,0.886453,1,0.000238,0.001428,1.318473,9.930246,1.489537,0.937500,0.000000,0.000000
671,9.970031,0.001919,1.002416,0.000000,0.000000,1.000000,0.893924,1,0.000314,0.001632,1.179711,9.880589,1.482088,0.937500,0.000000,0.000000
672,10.319635,0.000000,0.996465,0.000000,0.000000,1.000000,0.899867,0,0.000329,0.001620,1.057574,10.189214,1.528382,0.937500,0.000000,0.000000
673,10.190994,0.000000,0.997022,0.000000,0.000000,1.000000,0.906471,0,0.000242,0.001484,0.947654,10.043069,1.506460,0.937500,0.000000,0.000000
674,10.206643,0.000000,0.997558,0.000000,0.000000,1.000000,0.912177,0,0.000165,0.001800,0.849252,10.022046,1.503307,0.937500,0.000000,0.000000
675,10.478661,0.000000,0.998062,0.000000,0.000000,1.000000,0.917732,0,0.000319,0.001913,0.762900,10.259902,1.538985,0.937500,0.000000,0.000000
676,10.310655,0.000000,0.998545,0.000000,0.000000,1.000000,0.922887,0,0.000260,0.002085,0.688462,10.076730,1.511509,0.937500,0.000000,0.000000
677,10.379315,0.000000,0.998974,0.000000,0.000000,1.000000,0.927905,0,0.000172,0.001439,0.621144,10.130549,1.519582,0.937500,0.000000,0.000000
678,10.252781,0.000000,1.000404,0.000000,0.000000,1.000000,0.931693,0,0.000185,0.001801,0.565712,10.006019,1.500903,0.937500,0.000000,0.000000
679,10.224563,0.000000,1.000442,0.000000,0.000000,1.000000,0.934429,0,0.000257,0.001731,0.516711,9.997803,1.499670,0.937500,0.000000,0.000000
680,10.142335,0.000000,1.001086,0.000000,0.000000,1.000000,0.937013,0,0.000190,0.001871,0.474236,9.933235,1.489985,0.937500,0.000000,0.000000
681,10.037848,0.000000,1.000275,0.000000,0.000000,1.000000,0.938987,0,0.000163,0.001761,0.438523,9.848424,1.477264,0.937500,0.000000,0.000000
682,10.359059,0.000000,1.000931,0.000000,0.000000,1.000000,0.940995,0,0.000195,0.001799,0.409916,10.149627,1.522444,0.937500,0.000000,0.000000
683,10.265107,0.000000,1.001525,0.000000,0.000000,1.000000,0.943282,0,0.000194,0.002353,0.387102,10.016177,1.502427,0.937500,0.000000,0.000000
684,10.201035,0.000000,1.001064,0.000000,0.000000,1.000000,0.945227,0,0.000173,0.001787,0.366744,9.969777,1.495466,0.937500,0.000000,0.000000
685,10.666285,0.000000,1.001429,0.000000,0.000000,1.000000,0.947428,0,0.000205,0.001447,0.348857,10.399354,1.559903,0.937500,0.000000,0.000000
686,10.389260,0.000000,1.001525,0.000000,0.000000,1.000000,0.949230,0,0.000353,0.002145,0.332885,10.104830,1.515725,0.937500,0.000000,0.000000
687,10.389930,0.000000,1.001342,0.000000,0.000000,1.000000,0.951241,0,0.000263,0.001271,0.316600,10.105668,1.515850,0.937500,0.000000,0.000000
688,10.293205,0.000000,1.001764,0.000000,0.000000,1.000000,0.953108,0,0.000506,0.001833,0.302505,10.009443,1.501417,0.937500,0.000000,0.000000
689,10.303764,0.000000,1.001407,0.000000,0.000000,1.000000,0.954307,0,0.000190,0.001858,0.290105,9.999171,1.499876,0.937500,0.000000,0.000000
690,10.081926,0.002232,1.001253,0.000000,0.000000,1.000000,0.776267,1,0.000193,0.001659,3.969990,9.956799,1.493520,0.937500,0.000000,0.000000
691,10.028875,0.001958,1.001363,0.000000,0.000000,1.000000,0.791327,1,0.000171,0.001687,3.558601,9.916264,1.487440,0.937500,0.000000,0.000000
692,10.325360,0.001884,1.001460,0.000000,0.000000,1.000000,0.805113,1,0.000171,0.001513,3.191352,10.223917,1.533588,0.937500,0.000000,0.000000
693,10.159299,0.001766,1.001598,0.000000,0.000000,1.000000,0.818627,1,0.000172,0.001534,2.862851,10.067858,1.510179,0.937500,0.000000,0.000000
694,10.098388,0.002426,1.001726,0.000000,0.000000,1.000000,0.830092,1,0.000357,0.001673,2.567429,10.015928,1.502389,0.937500,0.000000,0.000000
695,10.296087,0.001897,1.001839,0.000000,0.000000,1.000000,0.841514,1,0.000187,0.001530,2.299827,10.221813,1.533272,0.937500,0.000000,0.000000
696,10.180311,0.002004,1.001999,0.000000,0.000000,1.000000,0.852065,1,0.000114,0.001355,2.059976,10.113365,1.517005,0.937500,0.000000,0.000000
697,10.182991,0.001780,1.002099,0.000000,0.000000,1.000000,0.860837,1,0.000165,0.001955,1.842278,10.122721,1.518408,0.937500,0.000000,0.000000
698,10.066762,0.001937,1.002173,0.000000,0.000000,1.000000,0.870437,1,0.000189,0.001635,1.647213,10.012489,1.501873,0.937500,0.000000,0.000000
699,10.047556,0.001798,1.002294,0.000000,0.000000,1.000000,0.878397,1,0.000167,0.001436,1.474261,9.998620,1.499793,0.937500,0.000000,0.000000
700,9.993705,0.001628,1.002379,0.000000,0.000000,1.000000,0.886453,1,0.000175,0.001751,1.318473,9.924107,1.488616,0.937500,0.000000,0.000000
701,9.969295,0.001774,1.002416,0.000000,0.000000,1.000000,0.893924,1,0.000172,0.001620,1.179711,9.879856,1.481978,0.937500,0.000000,0.000000
702,10.286993,0.000000,0.996465,0.000000,0.000000,1.000000,0.899867,0,0.000168,0.002124,1.057574,10.156569,1.523485,0.937500,0.000000,0.000000
703,10.179966,0.000000,0.997022,0.000000,0.000000,1.000000,0.906471,0,0.000174,0.001444,0.947654,10.032041,1.504806,0.937500,0.000000,0.000000
704,10.133989,0.000000,0.997558,0.000000,0.000000,1.000000,0.912177,0,0.000212,0.001387,0.849252,9.949395,1.492409,0.937500,0.000000,0.000000
705,10.436029,0.000000,0.998062,0.000000,0.000000,1.000000,0.917732,0,0.000174,0.001426,0.762900,10.217270,1.532590,0.937500,0.000000,0.000000
706,10.339753,0.000000,0.998545,0.000000,0.000000,1.000000,0.922887,0,0.000196,0.002242,0.688462,10.105825,1.515874,0.937500,0.000000,0.000000
707,10.385287,0.000000,0.998974,0.000000,0.000000,1.000000,0.927905,0,0.000171,0.001600,0.621144,10.136532,1.520480,0.937500,0.000000,0.000000
708,10.278695,0.000000,1.000404,0.000000,0.000000,1.000000,0.931693,0,0.000222,0.001869,0.565712,10.031938,1.504791,0.937500,0.000000,0.000000
709,10.220370,0.000000,1.000442,0.000000,0.000000,1.000000,0.934429,0,0.000290,0.001868,0.516711,9.993614,1.499042,0.937500,0.000000,0.000000
710,10.160521,0.000000,1.001086,0.000000,0.000000,1.000000,0.937013,0,0.000298,0.001573,0.474236,9.951427,1.492714,0.937500,0.000000,0.000000
711,10.116450,0.000000,1.000275,0.000000,0.000000,1.000000,0.938987,0,0.000389,0.001553,0.438523,9.927024,1.489054,0.937500,0.000000,0.000000
712,10.444570,0.000000,1.000931,0.000000,0.000000,1.000000,0.940995,0,0.000445,0.001279,0.409916,10.235146,1.535272,0.937500,0.000000,0.000000
713,10.403505,0.000000,1.001525,0.000000,0.000000,1.000000,0.943282,0,0.000188,0.001235,0.387102,10.154578,1.523187,0.937500,0.000000,0.000000
714,10.230256,0.000000,1.001064,0.000000,0.000000,1.000000,0.945227,0,0.000170,0.001728,0.366744,9.999002,1.499850,0.937500,0.000000,0.000000
715,10.494336,0.000000,1.001429,0.000000,0.000000,1.000000,0.947428,0,0.000176,0.001629,0.348857,10.227408,1.534111,0.937500,0.000000,0.000000
716,10.375709,0.000000,1.001525,0.000000,0.000000,1.000000,0.949230,0,0.000188,0.001743,0.332885,10.091282,1.513692,0.937500,0.000000,0.000000
717,10.380988,0.000000,1.001342,0.000000,0.000000,1.000000,0.951241,0,0.000175,0.001405,0.316600,10.096722,1.514508,0.937500,0.000000,0.000000
718,10.293722,0.000000,1.001764,0.000000,0.000000,1.000000,0.953108,0,0.000187,0.001670,0.302505,10.009961,1.501494,0.937500,0.000000,0.000000
719,10.328934,0.000000,1.001407,0.000000,0.000000,1.000000,0.954307,0,0.000306,0.001773,0.290105,10.024339,1.503651,0.937500,0.000000,0.000000
720,10.021254,0.002093,1.001253,0.000000,0.000000,1.000000,0.776267,1,0.000357,0.001843,3.969990,9.896130,1.484419,0.937500,0.000000,0.000000
721,9.991433,0.001967,1.001363,0.000000,0.000000,1.000000,0.791327,1,0.000176,0.001947,3.558601,9.878816,1.481822,0.937500,0.000000,0.000000
722,10.326183,0.001844,1.001460,0.000000,0.000000,1.000000,0.805113,1,0.000377,0.001469,3.191352,10.224738,1.533711,0.937500,0.000000,0.000000
723,10.138901,0.002003,1.001598,0.000000,0.000000,1.000000,0.818627,1,0.000321,0.001366,2.862851,10.047454,1.507118,0.937500,0.000000,0.000000
724,10.011571,0.001969,1.001726,0.000000,0.000000,1.000000,0.830092,1,0.000443,0.001680,2.567429,9.929124,1.489369,0.937500,0.000000,0.000000
725,10.304890,0.001908,1.001839,0.000000,0.000000,1.000000,0.841514,1,0.000168,0.001946,2.299827,10.230612,1.534592,0.937500,0.000000,0.000000
726,10.142806,0.002023,1.001999,0.000000,0.000000,1.000000,0.852065,1,0.000261,0.001367,2.059976,10.075850,1.511377,0.937500,0.000000,0.000000
727,10.174498,0.001862,1.002099,0.000000,0.000000,1.000000,0.860837,1,0.000170,0.001809,1.842278,10.114223,1.517133,0.937500,0.000000,0.000000
728,10.057380,0.001705,1.002173,0.000000,0.000000,1.000000,0.870437,1,0.000208,0.001911,1.647213,10.003106,1.500466,0.937500,0.000000,0.000000
729,10.041097,0.002012,1.002294,0.000000,0.000000,1.000000,0.878397,1,0.000259,0.001497,1.474261,9.992154,1.498823,0.937500,0.000000,0.000000
730,9.970095,0.001845,1.002379,0.000000,0.000000,1.000000,0.886453,1,0.000202,0.001625,1.318473,9.900490,1.485074,0.937500,0.000000,0.000000
731,9.979808,0.001814,1.002416,0.000000,0.000000,1.000000,0.893924,1,0.000329,0.001665,1.179711,9.890367,1.483555,0.937500,0.000000,0.000000
732,10.323482,0.000000,0.996465,0.000000,0.000000,1.000000,0.899867,0,0.000190,0.001858,1.057574,10.193052,1.528958,0.937500,0.000000,0.000000
733,10.211298,0.000000,0.997022,0.000000,0.000000,1.000000,0.906471,0,0.000196,0.001374,0.947654,10.063373,1.509506,0.937500,0.000000,0.000000
734,10.392554,0.000000,0.997558,0.000000,0.000000,1.000000,0.912177,0,0.000206,0.002456,0.849252,10.207960,1.531194,0.937500,0.000000,0.000000
735,10.568059,0.000000,0.998062,0.000000,0.000000,1.000000,0.917732,0,0.000186,0.002019,0.762900,10.349297,1.552395,0.937500,0.000000,0.000000
736,10.454179,0.000000,0.998545,0.000000,0.000000,1.000000,0.922887,0,0.000178,0.001656,0.688462,10.220247,1.533037,0.937500,0.000000,0.000000
737,10.469745,0.000000,0.998974,0.000000,0.000000,1.000000,0.927905,0,0.000236,0.001713,0.621144,10.220986,1.533148,0.937500,0.000000,0.000000
738,10.472101,0.000000,1.000404,0.000000,0.000000,1.000000,0.931693,0,0.000197,0.002396,0.565712,10.225343,1.533801,0.937500,0.000000,0.000000
739,10.556746,0.000000,1.000442,0.000000,0.000000,1.000000,0.934429,0,0.000193,0.001542,0.516711,10.329982,1.549497,0.937500,0.000000,0.000000
740,10.424646,0.000000,1.001086,0.000000,0.000000,1.000000,0.937013,0,0.000301,0.001325,0.474236,10.215546,1.532332,0.937500,0.000000,0.000000
741,10.492083,0.000000,1.000275,0.000000,0.000000,1.000000,0.938987,0,0.000212,0.001770,0.438523,10.302651,1.545398,0.937500,0.000000,0.000000
742,10.667859,0.000000,1.000931,0.000000,0.000000,1.000000,0.940995,0,0.000347,0.001892,0.409916,10.458431,1.568765,0.937500,0.000000,0.000000
743,10.549256,0.000000,1.001525,0.000000,0.000000,1.000000,0.943282,0,0.000199,0.001902,0.387102,10.300328,1.545049,0.937500,0.000000,0.000000
744,10.454726,0.000000,1.001064,0.000000,0.000000,1.000000,0.945227,0,0.000286,0.001805,0.366744,10.223464,1.533520,0.937500,0.000000,0.000000
745,10.813489,0.000000,1.001429,0.000000,0.000000,1.000000,0.947428,0,0.000228,0.001950,0.348857,10.546558,1.581984,0.937500,0.000000,0.000000
746,10.640224,0.000000,1.001525,0.000000,0.000000,1.000000,0.949230,0,0.000230,0.001704,0.332885,10.355777,1.553367,0.937500,0.000000,0.000000
747,10.738755,0.000000,1.001342,0.000000,0.000000,1.000000,0.951241,0,0.000209,0.001978,0.316600,10.454496,1.568174,0.937500,0.000000,0.000000
748,10.571608,0.000000,1.001764,0.000000,0.000000,1.000000,0.953108,0,0.000223,0.001906,0.302505,10.287846,1.543177,0.937500,0.000000,0.000000
749,10.580936,0.000000,1.001407,0.000000,0.000000,1.000000,0.954307,0,0.000201,0.002063,0.290105,10.276338,1.541451,0.937500,0.000000,0.000000
750,10.384839,0.002175,1.001253,0.000000,0.000000,1.000000,0.776267,1,0.000202,0.001961,3.969990,10.259717,1.538957,0.937500,0.000000,0.000000
751,10.240151,0.001967,1.001363,0.000000,0.000000,1.000000,0.791327,1,0.000278,0.001482,3.558601,10.127533,1.519130,0.937500,0.000000,0.000000
752,10.614390,0.002191,1.001460,0.000000,0.000000,1.000000,0.805113,1,0.000174,0.001822,3.191352,10.512939,1.576941,0.937500,0.000000,0.000000
753,10.388162,0.001867,1.001598,0.000000,0.000000,1.000000,0.818627,1,0.000208,0.001557,2.862851,10.296723,1.544508,0.937500,0.000000,0.000000
754,10.323393,0.002160,1.001726,0.000000,0.000000,1.000000,0.830092,1,0.000179,0.001685,2.567429,10.240941,1.536141,0.937500,0.000000,0.000000
755,10.556694,0.001947,1.001839,0.000000,0.000000,1.000000,0.841514,1,0.000171,0.001612,2.299827,10.482415,1.572362,0.937500,0.000000,0.000000
756,10.410445,0.001660,1.001999,0.000000,0.000000,1.000000,0.852065,1,0.000286,0.001607,2.059976,10.343512,1.551527,0.937500,0.000000,0.000000
757,10.349832,0.001936,1.002099,0.000000,0.000000,1.000000,0.860837,1,0.000240,0.001418,1.842278,10.289549,1.543432,0.937500,0.000000,0.000000
758,10.225335,0.002155,1.002173,0.000000,0.000000,1.000000,0.870437,1,0.000377,0.001486,1.647213,10.171048,1.525657,0.937500,0.000000,0.000000
759,10.161139,0.001911,1.002294,0.000000,0.000000,1.000000,0.878397,1,0.000169,0.002074,1.474261,10.112190,1.516828,0.937500,0.000000,0.000000
760,10.123500,0.001939,1.002379,0.000000,0.000000,1.000000,0.886453,1,0.000164,0.001650,1.318473,10.053887,1.508083,0.937500,0.000000,0.000000
761,10.062967,0.001931,1.002416,0.000000,0.000000,1.000000,0.893924,1,0.000343,0.001582,1.179711,9.973521,1.496028,0.937500,0.000000,0.000000
762,10.399288,0.000000,0.996465,0.000000,0.000000,1.000000,0.899867,0,0.000295,0.001759,1.057574,10.268857,1.540329,0.937500,0.000000,0.000000
763,10.261570,0.000000,0.997022,0.000000,0.000000,1.000000,0.906471,0,0.000165,0.001489,0.947654,10.093472,1.514021,0.937500,0.000000,0.000000
764,10.201809,0.000000,0.997558,0.000000,0.000000,1.000000,0.912177,0,0.000165,0.001950,0.849252,10.017217,1.502583,0.937500,0.000000,0.000000
765,10.568898,0.000000,0.998062,0.000000,0.000000,1.000000,0.917732,0,0.000192,0.001414,0.762900,10.350129,1.552519,0.937500,0.000000,0.000000
766,10.372319,0.000000,0.998545,0.000000,0.000000,1.000000,0.922887,0,0.000173,0.001857,0.688462,10.138389,1.520758,0.937500,0.000000,0.000000
767,10.567133,0.000000,0.998974,0.000000,0.000000,1.000000,0.927905,0,0.000174,0.001764,0.621144,10.318372,1.547756,0.937500,0.000000,0.000000
768,10.469588,0.000000,1.000404,0.000000,0.000000,1.000000,0.931693,0,0.000237,0.001668,0.565712,10.222825,1.533424,0.937500,0.000000,0.000000
769,10.469657,0.000000,1.000442,0.000000,0.000000,1.000000,0.934429,0,0.000250,0.001882,0.516711,10.242886,1.536433,0.937500,0.000000,0.000000
770,10.317378,0.000000,1.001086,0.000000,0.000000,1.000000,0.937013,0,0.000292,0.001600,0.474236,10.108285,1.516243,0.937500,0.000000,0.000000
771,10.328573,0.000000,1.000275,0.000000,0.000000,1.000000,0.938987,0,0.000177,0.001606,0.438523,10.139135,1.520870,0.937500,0.000000,0.000000
772,10.581198,0.000000,1.000931,0.000000,0.000000,1.000000,0.940995,0,0.000175,0.001632,0.409916,10.371765,1.555765,0.937500,0.000000,0.000000
773,10.486594,0.000000,1.001525,0.000000,0.000000,1.000000,0.943282,0,0.000305,0.001726,0.387102,10.237665,1.535650,0.937500,0.000000,0.000000
774,10.428272,0.000000,1.001064,0.000000,0.000000,1.000000,0.945227,0,0.000254,0.001361,0.366744,10.197006,1.529551,0.937500,0.000000,0.000000
775,10.767636,0.000000,1.001429,0.000000,0.000000,1.000000,0.947428,0,0.000274,0.001278,0.348857,10.500706,1.575106,0.937500,0.000000,0.000000
776,10.557256,0.000000,1.001525,0.000000,0.000000,1.000000,0.949230,0,0.000315,0.001825,0.332885,10.272827,1.540924,0.937500,0.000000,0.000000
777,10.669497,0.000000,1.001342,0.000000,0.000000,1.000000,0.951241,0,0.000322,0.001541,0.316600,10.385235,1.557785,0.937500,0.000000,0.000000
778,10.602020,0.000000,1.001764,0.000000,0.000000,1.000000,0.953108,0,0.000222,0.002031,0.302505,10.318255,1.547738,0.937500,0.000000,0.000000
779,10.545233,0.000000,1.001407,0.000000,0.000000,1.000000,0.954307,0,0.000345,0.001683,0.290105,10.240637,1.536096,0.937500,0.000000,0.000000
780,10.387753,0.002434,1.001253,0.000000,0.000000,1.000000,0.776267,1,0.000229,0.001871,3.969990,10.262623,1.539393,0.937500,0.000000,0.000000
781,10.356574,0.001971,1.001363,0.000000,0.000000,1.000000,0.791327,1,0.000211,0.001634,3.558601,10.243961,1.536594,0.937500,0.000000,0.000000
782,10.618844,0.002298,1.001460,0.000000,0.000000,1.000000,0.805113,1,0.000222,0.001889,3.191352,10.517384,1.577608,0.937500,0.000000,0.000000
783,10.362640,0.002075,1.001598,0.000000,0.000000,1.000000,0.818627,1,0.000190,0.001618,2.862851,10.271190,1.540679,0.937500,0.000000,0.000000
784,10.260286,0.001970,1.001726,0.000000,0.000000,1.000000,0.830092,1,0.000173,0.001654,2.567429,10.177842,1.526676,0.937500,0.000000,0.000000
785,10.479249,0.001911,1.001839,0.000000,0.000000,1.000000,0.841514,1,0.000175,0.001890,2.299827,10.404974,1.560746,0.937500,0.000000,0.000000
786,10.459195,0.002083,1.001999,0.000000,0.000000,1.000000,0.852065,1,0.000189,0.001691,2.059976,10.392244,1.558837,0.937500,0.000000,0.000000
787,10.425756,0.001967,1.002099,0.000000,0.000000,1.000000,0.860837,1,0.000176,0.001593,1.842278,10.365474,1.554821,0.937500,0.000000,0.000000
788,10.268273,0.002049,1.002173,0.000000,0.000000,1.000000,0.870437,1,0.000169,0.001950,1.647213,10.213991,1.532099,0.937500,0.000000,0.000000
789,10.260431,0.002203,1.002294,0.000000,0.000000,1.000000,0.878397,1,0.000176,0.001689,1.474261,10.211477,1.531722,0.937500,0.000000,0.000000
790,10.213239,0.002147,1.002379,0.000000,0.000000,1.000000,0.886453,1,0.000214,0.002214,1.318473,10.143623,1.521544,0.937500,0.000000,0.000000
791,10.144868,0.001854,1.002416,0.000000,0.000000,1.000000,0.893924,1,0.000165,0.002405,1.179711,10.055428,1.508314,0.937500,0.000000,0.000000
792,10.513516,0.000000,0.996465,0.000000,0.000000,1.000000,0.899867,0,0.000180,0.001928,1.057574,10.383085,1.557463,0.937500,0.000000,0.000000
793,10.372293,0.000000,0.997022,0.000000,0.000000,1.000000,0.906471,0,0.000179,0.001559,0.947654,10.204201,1.530630,0.937500,0.000000,0.000000
794,10.376966,0.000000,0.997558,0.000000,0.000000,1.000000,0.912177,0,0.000196,0.001565,0.849252,10.192372,1.528856,0.937500,0.000000,0.000000
795,10.657626,0.000000,0.998062,0.000000,0.000000,1.000000,0.917732,0,0.000237,0.001623,0.762900,10.438865,1.565830,0.937500,0.000000,0.000000
796,10.494939,0.000000,0.998545,0.000000,0.000000,1.000000,0.922887,0,0.000190,0.001775,0.688462,10.261017,1.539153,0.937500,0.000000,0.000000
797,10.629577,0.000000,0.998974,0.000000,0.000000,1.000000,0.927905,0,0.000194,0.001788,0.621144,10.380816,1.557122,0.937500,0.000000,0.000000
798,10.474849,0.000000,1.000404,0.000000,0.000000,1.000000,0.931693,0,0.000219,0.001812,0.565712,10.228087,1.534213,0.937500,0.000000,0.000000
799,10.483422,0.000000,1.000442,0.000000,0.000000,1.000000,0.934429,0,0.000203,0.002225,0.516711,10.256661,1.538499,0.937500,0.000000,0.000000
800,10.368658,0.000000,1.001086,0.000000,0.000000,1.000000,0.937013,0,0.000435,0.001663,0.474236,10.159564,1.523935,0.937500,0.000000,0.000000
801,10.285953,0.000000,1.000275,0.000000,0.000000,1.000000,0.938987,0,0.000220,0.002030,0.438523,10.096524,1.514479,0.937500,0.000000,0.000000
802,10.615267,0.000000,1.000931,0.000000,0.000000,1.000000,0.940995,0,0.000535,0.002253,0.409916,10.405838,1.560876,0.937500,0.000000,0.000000
803,10.554482,0.000000,1.001525,0.000000,0.000000,1.000000,0.943282,0,0.000536,0.001445,0.387102,10.305555,1.545833,0.937500,0.000000,0.000000
804,10.409798,0.000000,1.001064,0.000000,0.000000,1.000000,0.945227,0,0.000190,0.001463,0.366744,10.178534,1.526780,0.937500,0.000000,0.000000
805,10.779769,0.000000,1.001429,0.000000,0.000000,1.000000,0.947428,0,0.000188,0.001459,0.348857,10.512839,1.576926,0.937500,0.000000,0.000000
806,10.633101,0.000000,1.001525,0.000000,0.000000,1.000000,0.949230,0,0.000469,0.001718,0.332885,10.348677,1.552302,0.937500,0.000000,0.000000
807,10.690429,0.000000,1.001342,0.000000,0.000000,1.000000,0.951241,0,0.000202,0.001588,0.316600,10.406171,1.560926,0.937500,0.000000,0.000000
808,10.552401,0.000000,1.001764,0.000000,0.000000,1.000000,0.953108,0,0.000200,0.001998,0.302505,10.268636,1.540295,0.937500,0.000000,0.000000
809,10.550776,0.000000,1.001407,0.000000,0.000000,1.000000,0.954307,0,0.000189,0.002007,0.290105,10.246182,1.536927,0.937500,0.000000,0.000000
810,10.336841,0.002349,1.001253,0.000000,0.000000,1.000000,0.776267,1,0.000239,0.001966,3.969990,10.211705,1.531756,0.937500,0.000000,0.000000
811,10.182823,0.002480,1.001363,0.000000,0.000000,1.000000,0.791327,1,0.000239,0.001707,3.558601,10.070188,1.510528,0.937500,0.000000,0.000000
812,10.442585,0.002204,1.001460,0.000000,0.000000,1.000000,0.805113,1,0.000336,0.001806,3.191352,10.341124,1.551169,0.937500,0.000000,0.000000
813,10.380138,0.001761,1.001598,0.000000,0.000000,1.000000,0.818627,1,0.000176,0.001286,2.862851,10.288693,1.543304,0.937500,0.000000,0.000000
814,10.248206,0.002157,1.001726,0.000000,0.000000,1.000000,0.830092,1,0.000174,0.001555,2.567429,10.165753,1.524863,0.937500,0.000000,0.000000
815,10.486527,0.001908,1.001839,0.000000,0.000000,1.000000,0.841514,1,0.000195,0.001564,2.299827,10.412253,1.561838,0.937500,0.000000,0.000000
816,10.372975,0.002180,1.001999,0.000000,0.000000,1.000000,0.852065,1,0.000334,0.001710,2.059976,10.306019,1.545903,0.937500,0.000000,0.000000
817,10.388826,0.002070,1.002099,0.000000,0.000000,1.000000,0.860837,1,0.000305,0.001686,1.842278,10.328535,1.549280,0.937500,0.000000,0.000000
818,10.311541,0.002068,1.002173,0.000000,0.000000,1.000000,0.870437,1,0.000223,0.001675,1.647213,10.257253,1.538588,0.937500,0.000000,0.000000
819,10.299094,0.001903,1.002294,0.000000,0.000000,1.000000,0.878397,1,0.000202,0.002172,1.474261,10.250151,1.537523,0.937500,0.000000,0.000000
820,10.137152,0.002153,1.002379,0.000000,0.000000,1.000000,0.886453,1,0.000193,0.001591,1.318473,10.067534,1.510130,0.937500,0.000000,0.000000
821,10.220656,0.001957,1.002416,0.000000,0.000000,1.000000,0.893924,1,0.000173,0.002001,1.179711,10.131210,1.519682,0.937500,0.000000,0.000000
822,10.521940,0.000000,0.996465,0.000000,0.000000,1.000000,0.899867,0,0.000185,0.001241,1.057574,10.391504,1.558726,0.937500,0.000000,0.000000
823,10.366606,0.000000,0.997022,0.000000,0.000000,1.000000,0.906471,0,0.000372,0.001330,0.947654,10.198510,1.529776,0.937500,0.000000,0.000000
824,10.307138,0.000000,0.997558,0.000000,0.000000,1.000000,0.912177,0,0.000329,0.001425,0.849252,10.122543,1.518381,0.937500,0.000000,0.000000
825,10.649272,0.000000,0.998062,0.000000,0.000000,1.000000,0.917732,0,0.000188,0.001489,0.762900,10.430508,1.564576,0.937500,0.000000,0.000000
826,10.465363,0.000000,0.998545,0.000000,0.000000,1.000000,0.922887,0,0.000260,0.001302,0.688462,10.231428,1.534714,0.937500,0.000000,0.000000
827,10.586923,0.000000,0.998974,0.000000,0.000000,1.000000,0.927905,0,0.000193,0.001555,0.621144,10.338159,1.550724,0.937500,0.000000,0.000000
828,10.547771,0.000000,1.000404,0.000000,0.000000,1.000000,0.931693,0,0.000254,0.001526,0.565712,10.300991,1.545149,0.937500,0.000000,0.000000
829,10.486787,0.000000,1.000442,0.000000,0.000000,1.000000,0.934429,0,0.000186,0.001233,0.516711,10.260018,1.539003,0.937500,0.000000,0.000000
830,10.301684,0.000000,1.001086,0.000000,0.000000,1.000000,0.937013,0,0.000291,0.001270,0.474236,10.092594,1.513889,0.937500,0.000000,0.000000
831,10.251660,0.000000,1.000275,0.000000,0.000000,1.000000,0.938987,0,0.000191,0.001307,0.438523,10.062226,1.509334,0.937500,0.000000,0.000000
832,10.538947,0.000000,1.000931,0.000000,0.000000,1.000000,0.940995,0,0.000208,0.001337,0.409916,10.329515,1.549427,0.937500,0.000000,0.000000
833,10.476634,0.000000,1.001525,0.000000,0.000000,1.000000,0.943282,0,0.000194,0.001477,0.387102,10.227706,1.534156,0.937500,0.000000,0.000000
834,10.328987,0.000000,1.001064,0.000000,0.000000,1.000000,0.945227,0,0.000200,0.001643,0.366744,10.097727,1.514659,0.937500,0.000000,0.000000
835,10.548882,0.000000,1.001429,0.000000,0.000000,1.000000,0.947428,0,0.000393,0.001806,0.348857,10.281955,1.542293,0.937500,0.000000,0.000000
836,10.382061,0.000000,1.001525,0.000000,0.000000,1.000000,0.949230,0,0.000181,0.002089,0.332885,10.097631,1.514645,0.937500,0.000000,0.000000
837,10.487722,0.000000,1.001342,0.000000,0.000000,1.000000,0.951241,0,0.000196,0.001707,0.316600,10.203458,1.530519,0.937500,0.000000,0.000000
838,10.361430,0.000000,1.001764,0.000000,0.000000,1.000000,0.953108,0,0.000205,0.001547,0.302505,10.077671,1.511651,0.937500,0.000000,0.000000
839,10.323911,0.000000,1.001407,0.000000,0.000000,1.000000,0.954307,0,0.000225,0.001576,0.290105,10.019314,1.502897,0.937500,0.000000,0.000000
840,10.072833,0.002055,1.001253,0.000000,0.000000,1.000000,0.776267,1,0.000192,0.001992,3.969990,9.947715,1.492157,0.937500,0.000000,0.000000
841,9.995050,0.002356,1.001363,0.000000,0.000000,1.000000,0.791327,1,0.000222,0.001479,3.558601,9.882426,1.482364,0.937500,0.000000,0.000000
842,10.310064,0.002000,1.001460,0.000000,0.000000,1.000000,0.805113,1,0.000191,0.001725,3.191352,10.208618,1.531293,0.937500,0.000000,0.000000
843,10.131619,0.001856,1.001598,0.000000,0.000000,1.000000,0.818627,1,0.000195,0.001835,2.862851,10.040182,1.506027,0.937500,0.000000,0.000000
844,10.042553,0.001814,1.001726,0.000000,0.000000,1.000000,0.830092,1,0.000239,0.001886,2.567429,9.960118,1.494018,0.937500,0.000000,0.000000
845,10.338967,0.001611,1.001839,0.000000,0.000000,1.000000,0.841514,1,0.000176,0.001662,2.299827,10.264707,1.539706,0.937500,0.000000,0.000000
846,10.319263,0.001997,1.001999,0.000000,0.000000,1.000000,0.852065,1,0.000196,0.001610,2.059976,10.252320,1.537848,0.937500,0.000000,0.000000
847,10.330549,0.002077,1.002099,0.000000,0.000000,1.000000,0.860837,1,0.000247,0.001509,1.842278,10.270264,1.540540,0.937500,0.000000,0.000000
848,10.086961,0.001976,1.002173,0.000000,0.000000,1.000000,0.870437,1,0.000183,0.002112,1.647213,10.032670,1.504900,0.937500,0.000000,0.000000
849,10.086155,0.002324,1.002294,0.000000,0.000000,1.000000,0.878397,1,0.000167,0.001573,1.474261,10.037194,1.505579,0.937500,0.000000,0.000000
850,10.012345,0.002652,1.002379,0.000000,0.000000,1.000000,0.886453,1,0.000169,0.001434,1.318473,9.942705,1.491406,0.937500,0.000000,0.000000
851,9.961842,0.001846,1.002416,0.000000,0.000000,1.000000,0.893924,1,0.000195,0.001825,1.179711,9.872403,1.480860,0.937500,0.000000,0.000000
852,10.338934,0.000000,0.996465,0.000000,0.000000,1.000000,0.899867,0,0.000119,0.001597,1.057574,10.208513,1.531277,0.937500,0.000000,0.000000
853,10.197525,0.000000,0.997022,0.000000,0.000000,1.000000,0.906471,0,0.000388,0.001722,0.947654,10.049600,1.507440,0.937500,0.000000,0.000000
854,10.166416,0.000000,0.997558,0.000000,0.000000,1.000000,0.912177,0,0.000265,0.001473,0.849252,9.981820,1.497273,0.937500,0.000000,0.000000
855,10.484867,0.000000,0.998062,0.000000,0.000000,1.000000,0.917732,0,0.000185,0.001315,0.762900,10.266107,1.539916,0.937500,0.000000,0.000000
856,10.349912,0.000000,0.998545,0.000000,0.000000,1.000000,0.922887,0,0.000187,0.001413,0.688462,10.115989,1.517398,0.937500,0.000000,0.000000
857,10.458456,0.000000,0.998974,0.000000,0.000000,1.000000,0.927905,0,0.000191,0.001316,0.621144,10.209687,1.531453,0.937500,0.000000,0.000000
858,10.302576,0.000000,1.000404,0.000000,0.000000,1.000000,0.931693,0,0.000263,0.001480,0.565712,10.055819,1.508373,0.937500,0.000000,0.000000
859,10.214868,0.000000,1.000442,0.000000,0.000000,1.000000,0.934429,0,0.000216,0.002097,0.516711,9.988105,1.498216,0.937500,0.000000,0.000000
860,10.174307,0.000000,1.001086,0.000000,0.000000,1.000000,0.937013,0,0.000332,0.001547,0.474236,9.965212,1.494782,0.937500,0.000000,0.000000
861,10.035817,0.000000,1.000275,0.000000,0.000000,1.000000,0.938987,0,0.000127,0.001336,0.438523,9.846390,1.476959,0.937500,0.000000,0.000000
862,10.373089,0.000000,1.000931,0.000000,0.000000,1.000000,0.940995,0,0.000286,0.001650,0.409916,10.163647,1.524547,0.937500,0.000000,0.000000
863,10.287155,0.000000,1.001525,0.000000,0.000000,1.000000,0.943282,0,0.000181,0.001460,0.387102,10.038229,1.505734,0.937500,0.000000,0.000000
864,10.170700,0.000000,1.001064,0.000000,0.000000,1.000000,0.945227,0,0.000267,0.001313,0.366744,9.939440,1.490916,0.937500,0.000000,0.000000
865,10.458841,0.000000,1.001429,0.000000,0.000000,1.000000,0.947428,0,0.000195,0.001985,0.348857,10.191910,1.528787,0.937500,0.000000,0.000000
866,10.399575,0.000000,1.001525,0.000000,0.000000,1.000000,0.949230,0,0.000185,0.001542,0.332885,10.115144,1.517272,0.937500,0.000000,0.000000
867,10.478307,0.000000,1.001342,0.000000,0.000000,1.000000,0.951241,0,0.000191,0.001421,0.316600,10.194051,1.529108,0.937500,0.000000,0.000000
868,10.313615,0.000000,1.001764,0.000000,0.000000,1.000000,0.953108,0,0.000180,0.001558,0.302505,10.029858,1.504479,0.937500,0.000000,0.000000
869,10.345866,0.000000,1.001407,0.000000,0.000000,1.000000,0.954307,0,0.000195,0.001451,0.290105,10.041272,1.506191,0.937500,0.000000,0.000000
870,10.021302,0.002369,1.001253,0.000000,0.000000,1.000000,0.776267,1,0.000204,0.001732,3.969990,9.896178,1.484427,0.937500,0.000000,0.000000
871,10.001895,0.001856,1.001363,0.000000,0.000000,1.000000,0.791327,1,0.000224,0.002022,3.558601,9.889287,1.483393,0.937500,0.000000,0.000000
872,10.299470,0.002372,1.001460,0.000000,0.000000,1.000000,0.805113,1,0.000241,0.001992,3.191352,10.198009,1.529701,0.937500,0.000000,0.000000
873,10.114090,0.001775,1.001598,0.000000,0.000000,1.000000,0.818627,1,0.000178,0.001628,2.862851,10.022651,1.503398,0.937500,0.000000,0.000000
874,10.035177,0.001859,1.001726,0.000000,0.000000,1.000000,0.830092,1,0.000266,0.001464,2.567429,9.952730,1.492910,0.937500,0.000000,0.000000
875,10.277153,0.001727,1.001839,0.000000,0.000000,1.000000,0.841514,1,0.000186,0.001784,2.299827,10.202868,1.530430,0.937500,0.000000,0.000000
876,10.173892,0.002121,1.001999,0.000000,0.000000,1.000000,0.852065,1,0.000351,0.001952,2.059976,10.106944,1.516042,0.937500,0.000000,0.000000
877,10.269027,0.001737,1.002099,0.000000,0.000000,1.000000,0.860837,1,0.000174,0.001294,1.842278,10.208752,1.531313,0.937500,0.000000,0.000000
878,10.195686,0.002287,1.002173,0.000000,0.000000,1.000000,0.870437,1,0.000308,0.001665,1.647213,10.141397,1.521210,0.937500,0.000000,0.000000
879,10.061484,0.001990,1.002294,0.000000,0.000000,1.000000,0.878397,1,0.000186,0.001664,1.474261,10.012540,1.501881,0.937500,0.000000,0.000000
880,10.028871,0.001759,1.002379,0.000000,0.000000,1.000000,0.886453,1,0.000200,0.001733,1.318473,9.959271,1.493891,0.937500,0.000000,0.000000
881,10.007587,0.002225,1.002416,0.000000,0.000000,1.000000,0.893924,1,0.000320,0.001279,1.179711,9.918136,1.487720,0.937500,0.000000,0.000000
882,10.377846,0.000000,0.996465,0.000000,0.000000,1.000000,0.899867,0,0.000203,0.001343,1.057574,10.247422,1.537113,0.937500,0.000000,0.000000
883,10.156470,0.000000,0.997022,0.000000,0.000000,1.000000,0.906471,0,0.000201,0.001928,0.947654,10.008547,1.501282,0.937500,0.000000,0.000000
884,10.111640,0.000000,0.997558,0.000000,0.000000,1.000000,0.912177,0,0.000187,0.001671,0.849252,9.927051,1.489058,0.937500,0.000000,0.000000
885,10.431686,0.000000,0.998062,0.000000,0.000000,1.000000,0.917732,0,0.000389,0.002111,0.762900,10.212929,1.531939,0.937500,0.000000,0.000000
886,10.366099,0.000000,0.998545,0.000000,0.000000,1.000000,0.922887,0,0.000142,0.001463,0.688462,10.132176,1.519826,0.937500,0.000000,0.000000
887,10.360120,0.000000,0.998974,0.000000,0.000000,1.000000,0.927905,0,0.000209,0.001562,0.621144,10.111363,1.516704,0.937500,0.000000,0.000000
888,10.294404,0.000000,1.000404,0.000000,0.000000,1.000000,0.931693,0,0.000133,0.001333,0.565712,10.047645,1.507147,0.937500,0.000000,0.000000
889,10.235428,0.000000,1.000442,0.000000,0.000000,1.000000,0.934429,0,0.000202,0.001907,0.516711,10.008676,1.501301,0.937500,0.000000,0.000000
890,10.100788,0.000000,1.001086,0.000000,0.000000,1.000000,0.937013,0,0.000385,0.001379,0.474236,9.891692,1.483754,0.937500,0.000000,0.000000
891,10.039196,0.000000,1.000275,0.000000,0.000000,1.000000,0.938987,0,0.000169,0.001623,0.438523,9.849769,1.477465,0.937500,0.000000,0.000000
892,10.371204,0.000000,1.000931,0.000000,0.000000,1.000000,0.940995,0,0.000171,0.001397,0.409916,10.161773,1.524266,0.937500,0.000000,0.000000
893,10.274811,0.000000,1.001525,0.000000,0.000000,1.000000,0.943282,0,0.000172,0.001620,0.387102,10.025888,1.503883,0.937500,0.000000,0.000000
894,10.199166,0.000000,1.001064,0.000000,0.000000,1.000000,0.945227,0,0.000218,0.001555,0.366744,9.967912,1.495187,0.937500,0.000000,0.000000
895,10.520391,0.000000,1.001429,0.000000,0.000000,1.000000,0.947428,0,0.000207,0.001738,0.348857,10.253468,1.538020,0.937500,0.000000,0.000000
896,10.407097,0.000000,1.001525,0.000000,0.000000,1.000000,0.949230,0,0.000174,0.001417,0.332885,10.122671,1.518401,0.937500,0.000000,0.000000
897,10.400218,0.000000,1.001342,0.000000,0.000000,1.000000,0.951241,0,0.000191,0.001756,0.316600,10.115964,1.517395,0.937500,0.000000,0.000000
898,10.296152,0.000000,1.001764,0.000000,0.000000,1.000000,0.953108,0,0.000170,0.002200,0.302505,10.012393,1.501859,0.937500,0.000000,0.000000
899,10.314605,0.000000,1.001407,0.000000,0.000000,1.000000,0.954307,0,0.000191,0.001333,0.290105,10.010017,1.501502,0.937500,0.000000,0.000000
